id	ind	cr	ac	ind_ns	cr_ns	ac_ns
0	13760933674260616398303263223984	13760933674260616398303263223984	13760933674260616398303263223984	191	7924	73422
1	13760933674260616398303263223984	13760933674260616398303263223984	13760933674260616398303263223984	130	6590	46481
2	10355450088206221431046395052392	10355450088206221431046395052392	990370226556635271090007580514	100	6371	44676
3	10355450088206221431046395052392	10355450088206221431046395052392	990370226556635271090007580514	101	6254	43442
4	6949966502151826463789526880800	6949966502151826463789526880800	990370226556635271090007580514	103	6218	42876
5	6949966502151826463789526880800	6949966502151826463789526880800	990370226556635271090007580514	102	6117	42705
6	3544482916097431496532658709208	3544482916097431496532658709208	990370226556635271090007580514	102	6129	42448
7	3544482916097431496532658709208	3544482916097431496532658709208	990370226556635271090007580514	102	6072	42435
8	138999330043036529275790537616	138999330043036529275790537616	18603445687578121342466915388	103	6143	44647
9	138999330043036529275790537616	138999330043036529275790537616	18603445687578121342466915388	104	6146	42502
10	138999330043036529275790537616	138999330043036529275790537616	18603445687578121342466915388	102	5997	42315
11	138999330043036529275790537616	138999330043036529275790537616	18603445687578121342466915388	102	6174	42272
12	104600505941476984151983788408	104600505941476984151983788408	18603445687578121342466915388	102	5905	42487
13	104600505941476984151983788408	104600505941476984151983788408	18603445687578121342466915388	103	20545	42165
14	70201681839917439028177039200	70201681839917439028177039200	18603445687578121342466915388	135	5848	41909
15	70201681839917439028177039200	70201681839917439028177039200	18603445687578121342466915388	103	5916	41876
16	35802857738357893904370289992	35802857738357893904370289992	18603445687578121342466915388	101	5807	41473
17	35802857738357893904370289992	35802857738357893904370289992	18603445687578121342466915388	102	5768	41500
18	1404033636798348780563540784	1404033636798348780563540784	274779310232000077004228310	102	5732	41301
19	1404033636798348780563540784	1404033636798348780563540784	274779310232000077004228310	102	5749	41169
20	1404033636798348780563540784	1404033636798348780563540784	274779310232000077004228310	102	5725	41176
21	1404033636798348780563540784	1404033636798348780563540784	274779310232000077004228310	102	5614	41325
22	1056570767085626102545290792	1056570767085626102545290792	274779310232000077004228310	102	5640	41399
23	1056570767085626102545290792	1056570767085626102545290792	274779310232000077004228310	103	5574	41406
24	709107897372903424527040800	709107897372903424527040800	274779310232000077004228310	102	5594	40926
25	709107897372903424527040800	709107897372903424527040800	274779310232000077004228310	102	5468	40819
26	361645027660180746508790808	361645027660180746508790808	274779310232000077004228310	102	5424	40491
27	361645027660180746508790808	361645027660180746508790808	274779310232000077004228310	102	5434	40479
28	14182157947458068490540816	14182157947458068490540816	3652980077375563096048392	102	6043	41587
29	14182157947458068490540816	14182157947458068490540816	3652980077375563096048392	103	5371	40216
30	14182157947458068490540816	14182157947458068490540816	3652980077375563096048392	101	5363	40071
31	14182157947458068490540816	14182157947458068490540816	3652980077375563096048392	103	5509	40233
32	10672431990763900025710008	10672431990763900025710008	3652980077375563096048392	102	5232	40280
33	10672431990763900025710008	10672431990763900025710008	3652980077375563096048392	102	5119	40494
34	7162706034069731560879200	7162706034069731560879200	3652980077375563096048392	103	5340	39804
35	7162706034069731560879200	7162706034069731560879200	3652980077375563096048392	102	5137	39944
36	3652980077375563096048392	3652980077375563096048392	3652980077375563096048392	136	5155	39869
37	3652980077375563096048392	3652980077375563096048392	3652980077375563096048392	119	4998	39364
38	143254120681394631217584	143254120681394631217584	45761732995445507194506	104	4928	39334
39	143254120681394631217584	143254120681394631217584	45761732995445507194506	102	4906	38969
40	13760933674260616398303263223984	13760933674260616398303263223984	13760933674260616398303263223984	101	6452	49726
41	13760933674260616398303263223984	13760933674260616398303263223984	13760933674260616398303263223984	112	6242	45556
42	10355450088206221431046395052392	10355450088206221431046395052392	990370226556635271090007580514	103	6123	44572
43	10355450088206221431046395052392	10355450088206221431046395052392	990370226556635271090007580514	103	6050	43790
44	6949966502151826463789526880800	6949966502151826463789526880800	990370226556635271090007580514	102	5927	42927
45	6949966502151826463789526880800	6949966502151826463789526880800	990370226556635271090007580514	102	5868	43094
46	3544482916097431496532658709208	3544482916097431496532658709208	990370226556635271090007580514	103	5865	42256
47	3544482916097431496532658709208	3544482916097431496532658709208	990370226556635271090007580514	103	5788	44244
48	138999330043036529275790537616	138999330043036529275790537616	18603445687578121342466915388	102	5802	42094
49	138999330043036529275790537616	138999330043036529275790537616	18603445687578121342466915388	102	5845	42005
50	138999330043036529275790537616	138999330043036529275790537616	18603445687578121342466915388	103	5704	48905
51	138999330043036529275790537616	138999330043036529275790537616	18603445687578121342466915388	134	5825	42439
52	104600505941476984151983788408	104600505941476984151983788408	18603445687578121342466915388	114	5740	42543
53	104600505941476984151983788408	104600505941476984151983788408	18603445687578121342466915388	102	5715	42492
54	70201681839917439028177039200	70201681839917439028177039200	18603445687578121342466915388	103	5578	42076
55	70201681839917439028177039200	70201681839917439028177039200	18603445687578121342466915388	103	5486	42040
56	35802857738357893904370289992	35802857738357893904370289992	18603445687578121342466915388	102	5300	41782
57	35802857738357893904370289992	35802857738357893904370289992	18603445687578121342466915388	101	5456	41685
58	1404033636798348780563540784	1404033636798348780563540784	274779310232000077004228310	102	5412	41472
59	1404033636798348780563540784	1404033636798348780563540784	274779310232000077004228310	103	5516	41339
60	1404033636798348780563540784	1404033636798348780563540784	274779310232000077004228310	102	5370	41213
61	1404033636798348780563540784	1404033636798348780563540784	274779310232000077004228310	102	5490	41433
62	1056570767085626102545290792	1056570767085626102545290792	274779310232000077004228310	103	5382	41697
63	1056570767085626102545290792	1056570767085626102545290792	274779310232000077004228310	103	5309	41596
64	709107897372903424527040800	709107897372903424527040800	274779310232000077004228310	102	5181	41319
65	709107897372903424527040800	709107897372903424527040800	274779310232000077004228310	103	5117	41380
66	361645027660180746508790808	361645027660180746508790808	274779310232000077004228310	103	5108	40822
67	361645027660180746508790808	361645027660180746508790808	274779310232000077004228310	103	5151	43370
68	14182157947458068490540816	14182157947458068490540816	3652980077375563096048392	101	5196	40473
69	14182157947458068490540816	14182157947458068490540816	3652980077375563096048392	102	5227	40470
70	14182157947458068490540816	14182157947458068490540816	3652980077375563096048392	101	5076	40486
71	14182157947458068490540816	14182157947458068490540816	3652980077375563096048392	101	5117	40281
72	10672431990763900025710008	10672431990763900025710008	3652980077375563096048392	103	4910	40640
73	10672431990763900025710008	10672431990763900025710008	3652980077375563096048392	102	4907	40441
74	7162706034069731560879200	7162706034069731560879200	3652980077375563096048392	102	4760	71340
75	7162706034069731560879200	7162706034069731560879200	3652980077375563096048392	127	4901	39969
76	3652980077375563096048392	3652980077375563096048392	3652980077375563096048392	114	4775	39727
77	3652980077375563096048392	3652980077375563096048392	3652980077375563096048392	135	4648	40031
78	143254120681394631217584	143254120681394631217584	45761732995445507194506	124	4822	40096
79	143254120681394631217584	143254120681394631217584	45761732995445507194506	108	4763	39789
80	13760933674260616398303263223984	13760933674260616398303263223984	6038137066308213976000134339294	105	6886	50065
81	13760933674260616398303263223984	13760933674260616398303263223984	6038137066308213976000134339294	127	6561	46698
82	10355450088206221431046395052392	10355450088206221431046395052392	6038137066308213976000134339294	102	6503	44330
83	10355450088206221431046395052392	9504079191692622689232178009494	3449013956329071241319827686804	102	6531	43387
84	6949966502151826463789526880800	6949966502151826463789526880800	3449013956329071241319827686804	102	6299	42991
85	6949966502151826463789526880800	3544482916097431496532658709208	912362180011661509248561834204	102	6406	42961
86	3544482916097431496532658709208	3544482916097431496532658709208	3449013956329071241319827686804	103	6306	51701
87	3544482916097431496532658709208	1841741123070234012904224623412	912362180011661509248561834204	122	6300	42371
88	138999330043036529275790537616	138999330043036529275790537616	95650704751906854566665228008	109	6125	42229
89	138999330043036529275790537616	138999330043036529275790537616	95650704751906854566665228008	103	6245	42090
90	138999330043036529275790537616	138999330043036529275790537616	95650704751906854566665228008	102	6077	42041
91	138999330043036529275790537616	138999330043036529275790537616	95650704751906854566665228008	102	6132	42134
92	104600505941476984151983788408	104600505941476984151983788408	78540790713022783300615039008	102	6081	42570
93	104600505941476984151983788408	96000799916087097871032101106	52652174624957423161906791498	102	6065	42591
94	70201681839917439028177039200	70201681839917439028177039200	52652174624957423161906791498	103	6014	42031
95	70201681839917439028177039200	35802857738357893904370289992	17815485621467275263260392698	117	6015	42119
96	35802857738357893904370289992	35802857738357893904370289992	35452762574177650600003416894	101	5887	42059
97	35802857738357893904370289992	18603445687578121342466915388	17551316341804063067088542208	109	5782	41527
98	1404033636798348780563540784	1404033636798348780563540784	1143436484513806772049853290	103	5814	41273
99	1404033636798348780563540784	1404033636798348780563540784	1143436484513806772049853290	109	5756	41159
100	1404033636798348780563540784	1404033636798348780563540784	1143436484513806772049853290	102	5680	41062
101	1404033636798348780563540784	1404033636798348780563540784	1143436484513806772049853290	102	5615	41194
102	1056570767085626102545290792	1056570767085626102545290792	880207037761744137187542690	102	5746	42115
103	1056570767085626102545290792	969705049657445433040728294	618705865155023327705641200	103	5689	41749
104	709107897372903424527040800	709107897372903424527040800	618705865155023327705641200	103	5633	41246
105	709107897372903424527040800	361645027660180746508790808	266820117645021833779920000	103	5609	43588
106	361645027660180746508790808	361645027660180746508790808	361645027660180746508790808	102	5677	40879
107	361645027660180746508790808	187913592803819407499665812	179103557560672881011156094	104	5451	40638
108	14182157947458068490540816	14182157947458068490540816	12427294969110984258125412	103	5410	40371
109	14182157947458068490540816	14182157947458068490540816	12427294969110984258125412	102	5323	40201
110	14182157947458068490540816	14182157947458068490540816	12427294969110984258125412	103	5349	40092
111	14182157947458068490540816	14182157947458068490540816	12427294969110984258125412	102	5267	40019
112	10672431990763900025710008	10672431990763900025710008	9768411668585099057496012	102	5326	41165
113	10672431990763900025710008	9795000501590357909502306	7126985682658626234446502	102	5269	40717
114	7162706034069731560879200	7162706034069731560879200	7126985682658626234446502	114	5148	43039
115	7162706034069731560879200	3652980077375563096048392	2730873054896174354512698	116	5201	40496
116	3652980077375563096048392	3652980077375563096048392	3617438775344964563231898	99	5157	40323
117	3652980077375563096048392	1898117099028478863632988	1827213544347788591616204	97	4913	39863
118	143254120681394631217584	143254120681394631217584	134391176346308347215486	103	5008	39497
119	143254120681394631217584	143254120681394631217584	134391176346308347215486	116	4867	41289
120	13760933674260616398303263223984	13760933674260616398303263223984	6037961571147434932490608796796	118	9377	46767
121	13760933674260616398303263223984	13760933674260616398303263223984	6037961571147434932490608796796	116	6393	44928
122	10355450088206221431046395052392	10355450088206221431046395052392	3466564367564353435987066148502	101	6431	43946
123	10355450088206221431046395052392	8652708295179023947417960966596	3466564367564353435987066148502	103	6329	43481
124	6949966502151826463789526880800	6949966502151826463789526880800	3466564367564353435987066148502	103	6228	49893
125	6949966502151826463789526880800	3544482916097431496532658709208	912360407333269801738364606502	128	6424	45754
126	3544482916097431496532658709208	3544482916097431496532658709208	1755043872487974663485974004196	122	6112	42985
127	3544482916097431496532658709208	1841741123070234012904224623412	886386698206167968440349024196	102	6122	42861
128	138999330043036529275790537616	138999330043036529275790537616	87226485024351676708955081106	116	6058	42575
129	138999330043036529275790537616	138999330043036529275790537616	87226485024351676708955081106	117	6053	42690
130	138999330043036529275790537616	138999330043036529275790537616	87226485024351676708955081106	116	5999	42665
131	138999330043036529275790537616	138999330043036529275790537616	87226485024351676708955081106	103	5953	42471
132	104600505941476984151983788408	104600505941476984151983788408	61515110097099372077720789400	102	5993	42835
133	104600505941476984151983788408	87401093890697211590080413804	52302079460777179857539918400	102	5932	42856
134	70201681839917439028177039200	70201681839917439028177039200	52302079460777179857539918400	102	5966	42213
135	70201681839917439028177039200	35802857738357893904370289992	17815467715624934783359410600	102	5933	42553
136	35802857738357893904370289992	35802857738357893904370289992	26327421909106802073739303506	102	5778	42168
137	35802857738357893904370289992	18603445687578121342466915388	9480781631696468873971435596	102	5783	41955
138	1404033636798348780563540784	1404033636798348780563540784	1056570767085626102545290792	114	5673	41939
139	1404033636798348780563540784	1404033636798348780563540784	1056570767085626102545290792	101	5663	41896
140	1404033636798348780563540784	1404033636798348780563540784	1056570767085626102545290792	101	5667	41776
141	1404033636798348780563540784	1404033636798348780563540784	1056570767085626102545290792	99	5624	41774
142	1056570767085626102545290792	1056570767085626102545290792	795973614801084094031603298	102	5692	41983
143	1056570767085626102545290792	882839332229264763536165796	615169550365323900388804098	101	5676	41918
144	709107897372903424527040800	709107897372903424527040800	615169550365323900388804098	101	5510	41910
145	709107897372903424527040800	361645027660180746508790808	266819936777927485498091898	102	6084	42666
146	361645027660180746508790808	361645027660180746508790808	352799272065623114693848392	102	5608	41525
147	361645027660180746508790808	187913592803819407499665812	179067837209261775684723396	102	5517	41087
148	14182157947458068490540816	14182157947458068490540816	11549863479937442141917710	102	5368	40953
149	14182157947458068490540816	14182157947458068490540816	11549863479937442141917710	100	5336	40795
150	14182157947458068490540816	14182157947458068490540816	11549863479937442141917710	117	5247	40568
151	14182157947458068490540816	14182157947458068490540816	11549863479937442141917710	85	5253	40824
152	10672431990763900025710008	10672431990763900025710008	8917569012416815793294604	90	5232	41118
153	10672431990763900025710008	8917569012416815793294604	6276411600561103160669400	102	5183	40888
154	7162706034069731560879200	7162706034069731560879200	6276411600561103160669400	102	5126	40554
155	7162706034069731560879200	3652980077375563096048392	2722190968521195942850200	103	5129	40442
156	3652980077375563096048392	3652980077375563096048392	3590939467029959108033706	118	5057	45597
157	3652980077375563096048392	1898117099028478863632988	1836076488682874875618302	128	5023	40248
158	143254120681394631217584	143254120681394631217584	125528232011222063213388	109	4991	39857
159	143254120681394631217584	143254120681394631217584	125528232011222063213388	103	5016	39627
160	13760933674260616398303263223984	13760933674260616398303263223984	4343906349863055515812630960800	103	6744	47027
161	13760933674260616398303263223984	13760933674260616398303263223984	4343906349863055515812630960800	103	6610	44595
162	10355450088206221431046395052392	10355450088206221431046395052392	4343906349863055515812630960800	102	6426	43559
163	10355450088206221431046395052392	8652708295179023947417960966596	4343906349863055515812630960800	102	6481	42685
164	6949966502151826463789526880800	6949966502151826463789526880800	4343906349863055515812630960800	102	6278	44696
165	6949966502151826463789526880800	2693112019583832754718441666310	895248738431407383388082002098	103	6441	41971
166	3544482916097431496532658709208	3544482916097431496532658709208	2623876515252202706528875712298	102	6222	41746
167	3544482916097431496532658709208	2693112019583832754718441666310	895248738431407383388082002098	103	6140	41365
168	138999330043036529275790537616	138999330043036529275790537616	61340501230753837196595456702	101	6136	41469
169	138999330043036529275790537616	138999330043036529275790537616	61340501230753837196595456702	102	6129	41198
170	138999330043036529275790537616	138999330043036529275790537616	61340501230753837196595456702	102	6113	41202
171	138999330043036529275790537616	138999330043036529275790537616	61340501230753837196595456702	102	6099	41366
172	104600505941476984151983788408	104600505941476984151983788408	61340501230753837196595456702	102	6078	42046
173	104600505941476984151983788408	87401093890697211590080413804	61164119686016594805272896302	103	6099	41636
174	70201681839917439028177039200	70201681839917439028177039200	61164119686016594805272896302	102	5911	40971
175	70201681839917439028177039200	27203151712968007623418602690	17642622575202082072750495404	102	5886	41060
176	35802857738357893904370289992	35802857738357893904370289992	35103509209755570185283765204	102	5812	40837
177	35802857738357893904370289992	27203151712968007623418602690	17642622575202082072750495404	103	5745	40577
178	1404033636798348780563540784	1404033636798348780563540784	881961900740091221419958094	102	5606	40214
179	1404033636798348780563540784	1404033636798348780563540784	881961900740091221419958094	103	5610	40232
180	1404033636798348780563540784	1404033636798348780563540784	881961900740091221419958094	116	5675	40058
181	1404033636798348780563540784	1404033636798348780563540784	881961900740091221419958094	103	5531	40164
182	1056570767085626102545290792	1056570767085626102545290792	794209888878401923515185796	103	5666	41314
183	1056570767085626102545290792	882839332229264763536165796	704685108196025061477015996	102	5703	40822
184	709107897372903424527040800	709107897372903424527040800	704685108196025061477015996	102	5537	41737
185	709107897372903424527040800	274779310232000077004228310	179990031043562016204982098	102	6083	40268
186	361645027660180746508790808	361645027660180746508790808	356362623311779067846732298	107	5496	39670
187	361645027660180746508790808	274779310232000077004228310	179990031043562016204982098	103	5557	39625
188	14182157947458068490540816	14182157947458068490540816	10672431990763900025710008	102	5288	39205
189	14182157947458068490540816	14182157947458068490540816	10672431990763900025710008	103	5315	44206
190	14182157947458068490540816	14182157947458068490540816	10672431990763900025710008	137	5295	39121
191	14182157947458068490540816	14182157947458068490540816	10672431990763900025710008	116	5181	39065
192	10672431990763900025710008	10672431990763900025710008	8899753599056389828482306	103	5265	40597
193	10672431990763900025710008	8917569012416815793294604	7995462885092987181632106	125	5259	39838
194	7162706034069731560879200	7162706034069731560879200	7144890620709305596066902	117	5143	41801
195	7162706034069731560879200	2775548588202020979840690	2695330830215029408716204	115	5062	38620
196	3652980077375563096048392	3652980077375563096048392	3617528300035217960040000	103	5051	38560
197	3652980077375563096048392	2775548588202020979840690	2695330830215029408716204	102	5001	38071
198	143254120681394631217584	143254120681394631217584	116665287676135779211290	102	5034	37894
199	143254120681394631217584	143254120681394631217584	116665287676135779211290	103	4783	37614
200	13760933674260616398303263223984	13760933674260616398303263223984	4343907236157489024441031170600	101	6617	74468
201	13760933674260616398303263223984	13760933674260616398303263223984	4343907236157489024441031170600	116	6514	44468
202	10355450088206221431046395052392	10355450088206221431046395052392	4343907236157489024441031170600	100	6395	43249
203	10355450088206221431046395052392	7801337398665425205603743923698	2624052010502506440291798062898	102	6281	42443
204	6949966502151826463789526880800	6949966502151826463789526880800	2624052010502506440291798062898	101	6268	44729
205	6949966502151826463789526880800	2693112019583832754718441666310	895248747383876408727762812298	102	6232	41678
206	3544482916097431496532658709208	3544482916097431496532658709208	2589041598747150595833093563298	101	6080	43071
207	3544482916097431496532658709208	1841741123070234012904224623412	895248747383876408727762812298	124	6570	41463
208	138999330043036529275790537616	138999330043036529275790537616	61339614936320328568195246902	91	6175	41346
209	138999330043036529275790537616	138999330043036529275790537616	61339614936320328568195246902	115	6057	41240
210	138999330043036529275790537616	138999330043036529275790537616	61339614936320328568195246902	103	15438	41625
211	138999330043036529275790537616	138999330043036529275790537616	61339614936320328568195246902	128	6057	41032
212	104600505941476984151983788408	104600505941476984151983788408	61339614936320328568195246902	117	5999	41579
213	104600505941476984151983788408	78801387865307325309128726502	52478425374687701396932854204	108	5950	41315
214	70201681839917439028177039200	70201681839917439028177039200	52478425374687701396932854204	102	5854	40967
215	70201681839917439028177039200	27203151712968007623418602690	17642622665631062126686665204	102	5834	40787
216	35802857738357893904370289992	35802857738357893904370289992	26592441581089861884573229800	101	5794	40425
217	35802857738357893904370289992	18603445687578121342466915388	9219298095453727983660730200	102	5728	40455
218	1404033636798348780563540784	1404033636798348780563540784	881075606306582593019748294	103	5782	40310
219	1404033636798348780563540784	1404033636798348780563540784	881075606306582593019748294	102	5693	40131
220	1404033636798348780563540784	1404033636798348780563540784	881075606306582593019748294	100	5675	40187
221	1404033636798348780563540784	1404033636798348780563540784	881075606306582593019748294	102	5722	45819
222	1056570767085626102545290792	1056570767085626102545290792	706457787492022372213605396	137	5716	41076
223	1056570767085626102545290792	795973614801084094031603298	616950822223005936140247894	116	5655	43449
224	709107897372903424527040800	709107897372903424527040800	616950822223005936140247894	115	5553	40128
225	709107897372903424527040800	274779310232000077004228310	179989940614581962268812298	117	5552	39808
226	361645027660180746508790808	361645027660180746508790808	352817264710650205964064996	103	5396	39663
227	361645027660180746508790808	187913592803819407499665812	179085829854288866954940000	103	5335	39318
228	14182157947458068490540816	14182157947458068490540816	10672431990763900025710008	126	5461	39144
229	14182157947458068490540816	14182157947458068490540816	10672431990763900025710008	101	5347	39055
230	14182157947458068490540816	14182157947458068490540816	10672431990763900025710008	102	5208	39141
231	14182157947458068490540816	14182157947458068490540816	10672431990763900025710008	103	5375	38910
232	10672431990763900025710008	10672431990763900025710008	8013368736567707492102706	102	5285	40038
233	10672431990763900025710008	8040137523243273677086902	7109257976274612178230408	116	5289	39845
234	7162706034069731560879200	7162706034069731560879200	7109257976274612178230408	104	5058	38765
235	7162706034069731560879200	2775548588202020979840690	1844759479347653826642498	115	5105	38698
236	3652980077375563096048392	3652980077375563096048392	3599622457694738059057902	113	4991	38532
237	3652980077375563096048392	1898117099028478863632988	1844759479347653826642498	114	4970	38287
238	143254120681394631217584	143254120681394631217584	116665287676135779211290	114	5008	37942
239	143254120681394631217584	143254120681394631217584	116665287676135779211290	114	4775	37755
240	13760933674260616398303263223984	13760933674260616398303263223984	4317932622920540322088650566196	123	6574	45302
241	13760933674260616398303263223984	13760933674260616398303263223984	4317932622920540322088650566196	114	6460	43354
242	10355450088206221431046395052392	10355450088206221431046395052392	3475162309863820640097501418302	115	6278	43100
243	10355450088206221431046395052392	8652708295179023947417960966596	3475162309863820640097501418302	114	6314	43022
244	6949966502151826463789526880800	6949966502151826463789526880800	3475162309863820640097501418302	125	6685	42963
245	6949966502151826463789526880800	2693112019583832754718441666310	894986377553200159209051897102	114	6159	42149
246	3544482916097431496532658709208	3544482916097431496532658709208	2615101322928978111824682484596	111	6118	41845
247	3544482916097431496532658709208	1841741123070234012904224623412	886473546108182788683888774396	114	6096	41404
248	138999330043036529275790537616	138999330043036529275790537616	69853341538715542808042581506	113	6080	41503
249	138999330043036529275790537616	138999330043036529275790537616	69853341538715542808042581506	115	5940	41161
250	138999330043036529275790537616	138999330043036529275790537616	69853341538715542808042581506	115	5924	41149
251	138999330043036529275790537616	138999330043036529275790537616	69853341538715542808042581506	114	5991	41181
252	104600505941476984151983788408	104600505941476984151983788408	52740795205363950915643769400	113	5890	41583
253	104600505941476984151983788408	87401093890697211590080413804	52479311758645900278729872106	114	5905	41419
254	70201681839917439028177039200	70201681839917439028177039200	52388927362792000101079668600	114	5718	48321
255	70201681839917439028177039200	27203151712968007623418602690	17639972465321201020437060000	128	5937	41870
256	35802857738357893904370289992	35802857738357893904370289992	35014870903460372258978783106	130	5747	41517
257	35802857738357893904370289992	18603445687578121342466915388	9132441330494572653836977902	116	5609	41631
258	1404033636798348780563540784	1404033636798348780563540784	968827618168271890924520592	116	5599	41147
259	1404033636798348780563540784	1404033636798348780563540784	968827618168271890924520592	115	5520	40922
260	1404033636798348780563540784	1404033636798348780563540784	968827618168271890924520592	116	5602	40846
261	1404033636798348780563540784	1404033636798348780563540784	968827618168271890924520592	123	5753	40963
262	1056570767085626102545290792	1056570767085626102545290792	707344171450221254010623298	117	5533	41408
263	1056570767085626102545290792	882839332229264763536165796	616959775596321076360419792	125	5543	44638
264	709107897372903424527040800	709107897372903424527040800	616046801900827135172033898	116	5467	40936
265	709107897372903424527040800	274779310232000077004228310	180858599588400472037187702	118	5618	40705
266	361645027660180746508790808	361645027660180746508790808	355485191822605525730524596	116	5440	40597
267	361645027660180746508790808	187913592803819407499665812	179076698335883020480513596	121	5265	40180
268	14182157947458068490540816	14182157947458068490540816	11549863479937442141917710	115	5252	40053
269	14182157947458068490540816	14182157947458068490540816	11549863479937442141917710	117	5241	39722
270	14182157947458068490540816	14182157947458068490540816	11549863479937442141917710	119	5325	39796
271	14182157947458068490540816	14182157947458068490540816	11549863479937442141917710	116	5240	39789
272	10672431990763900025710008	10672431990763900025710008	8022322109882847712274604	115	5133	40654
273	10672431990763900025710008	8917569012416815793294604	7109348414388906523888710	117	5188	40482
274	7162706034069731560879200	7162706034069731560879200	7100126457868765703804004	117	5163	40032
275	7162706034069731560879200	2775548588202020979840690	1853712852662794046814396	119	5120	41992
276	3652980077375563096048392	3652980077375563096048392	3608665355700131676037902	115	5074	39160
277	3652980077375563096048392	1898117099028478863632988	1827033590677481258638302	103	4974	38639
278	143254120681394631217584	143254120681394631217584	125528232011222063213388	102	4853	38522
279	143254120681394631217584	143254120681394631217584	125528232011222063213388	102	4772	38151
280	13760933674260616398303263223984	13760933674260616398303263223984	7766676213685658436300907069494	104	6543	46332
281	13760933674260616398303263223984	13760933674260616398303263223984	7766676213685658436300907069494	115	13772	42637
282	10355450088206221431046395052392	10355450088206221431046395052392	7766676213685658436300907069494	116	6395	41746
283	10355450088206221431046395052392	7801337398665425205603743923698	1789792773938301091488182814204	103	6459	44138
284	6949966502151826463789526880800	6949966502151826463789526880800	1789792773938301091488182814204	102	6290	40772
285	6949966502151826463789526880800	3544482916097431496532658709208	929822171399312463393014084004	103	6232	40555
286	3544482916097431496532658709208	3544482916097431496532658709208	1789792773938301091488182814204	101	6196	40786
287	3544482916097431496532658709208	2693112019583832754718441666310	929822171399312463393014084004	103	6098	40502
288	138999330043036529275790537616	138999330043036529275790537616	95826191049741562989906768408	102	6139	40296
289	138999330043036529275790537616	138999330043036529275790537616	95826191049741562989906768408	109	6036	40146
290	138999330043036529275790537616	138999330043036529275790537616	95826191049741562989906768408	101	5931	40352
291	138999330043036529275790537616	138999330043036529275790537616	95826191049741562989906768408	102	6002	40095
292	104600505941476984151983788408	104600505941476984151983788408	87050980911103607859748728408	104	5994	47243
293	104600505941476984151983788408	78801387865307325309128726502	26678420913655553871741412698	126	6135	40602
294	70201681839917439028177039200	70201681839917439028177039200	26678420913655553871741412698	116	5966	40120
295	70201681839917439028177039200	35802857738357893904370289992	17991849170837486921285162898	103	5836	39840
296	35802857738357893904370289992	35802857738357893904370289992	26678420913655553871741412698	103	5866	39820
297	35802857738357893904370289992	27203151712968007623418602690	17991849170837486921285162898	102	5815	39827
298	1404033636798348780563540784	1404033636798348780563540784	1143436484513806772049853290	102	5690	39696
299	1404033636798348780563540784	1404033636798348780563540784	1143436484513806772049853290	103	5702	39465
300	1404033636798348780563540784	1404033636798348780563540784	1143436484513806772049853290	103	5631	39787
301	1404033636798348780563540784	1404033636798348780563540784	1143436484513806772049853290	102	5672	39393
302	1056570767085626102545290792	1056570767085626102545290792	966168554914075698390913290	102	5671	40146
303	1056570767085626102545290792	795973614801084094031603298	356344716556014546996900000	103	5738	42471
304	709107897372903424527040800	709107897372903424527040800	356344716556014546996900000	103	5526	39256
305	709107897372903424527040800	361645027660180746508790808	268601567638660335376129800	103	5541	39062
306	361645027660180746508790808	361645027660180746508790808	356344716556014546996900000	102	5502	38825
307	361645027660180746508790808	274779310232000077004228310	268601567638660335376129800	103	5395	38957
308	14182157947458068490540816	14182157947458068490540816	12427294969110984258125412	102	5427	38456
309	14182157947458068490540816	14182157947458068490540816	12427294969110984258125412	102	5343	38341
310	14182157947458068490540816	14182157947458068490540816	12427294969110984258125412	115	5337	38334
311	14182157947458068490540816	14182157947458068490540816	12427294969110984258125412	102	5318	38373
312	10672431990763900025710008	10672431990763900025710008	9777185088229931944690008	102	5305	39516
313	10672431990763900025710008	8040137523243273677086902	4476873070547426429307702	102	5323	38763
314	7162706034069731560879200	7162706034069731560879200	4476873070547426429307702	103	5129	38253
315	7162706034069731560879200	3652980077375563096048392	3590578637038798029097902	103	5179	37903
316	3652980077375563096048392	3652980077375563096048392	3617348346364910627062098	101	5048	37662
317	3652980077375563096048392	2775548588202020979840690	2731053912856282226852298	102	4943	37215
318	143254120681394631217584	143254120681394631217584	134391176346308347215486	101	4968	36931
319	143254120681394631217584	143254120681394631217584	134391176346308347215486	111	4825	36963
320	13760933674260616398303263223984	13760933674260616398303263223984	5203876952402044143907799691000	99	6599	46020
321	13760933674260616398303263223984	13760933674260616398303263223984	5203876952402044143907799691000	102	6586	44086
322	10355450088206221431046395052392	10355450088206221431046395052392	5203876952402044143907799691000	103	6327	42870
323	10355450088206221431046395052392	8652708295179023947417960966596	5203876952402044143907799691000	102	6291	42211
324	6949966502151826463789526880800	6949966502151826463789526880800	3483847117791191334624044442498	102	6301	44569
325	6949966502151826463789526880800	2693112019583832754718441666310	903935310174225450338538251898	101	6303	41888
326	3544482916097431496532658709208	3544482916097431496532658709208	3483847117791191334624044442498	117	6202	48818
327	3544482916097431496532658709208	1841741123070234012904224623412	903935310174225450338538251898	125	6109	41355
328	138999330043036529275790537616	138999330043036529275790537616	70027072973571904147051706502	109	6059	41110
329	138999330043036529275790537616	138999330043036529275790537616	70027072973571904147051706502	102	5988	40807
330	138999330043036529275790537616	138999330043036529275790537616	70027072973571904147051706502	102	5943	40749
331	138999330043036529275790537616	138999330043036529275790537616	70027072973571904147051706502	102	5900	40767
332	104600505941476984151983788408	104600505941476984151983788408	70027072973571904147051706502	102	5984	41351
333	104600505941476984151983788408	87401093890697211590080413804	61164119686016594805272896302	103	6032	41034
334	70201681839917439028177039200	70201681839917439028177039200	43790080952573637135740015004	102	5990	40693
335	70201681839917439028177039200	27203151712968007623418602690	17730365724119436284371265604	101	5759	40823
336	35802857738357893904370289992	35802857738357893904370289992	35366765425294308386331060000	102	5849	40509
337	35802857738357893904370289992	18603445687578121342466915388	17730365724119436284371265604	102	5776	40234
338	1404033636798348780563540784	1404033636798348780563540784	882839332229264763536165796	103	5687	40038
339	1404033636798348780563540784	1404033636798348780563540784	882839332229264763536165796	102	5624	39956
340	1404033636798348780563540784	1404033636798348780563540784	882839332229264763536165796	109	5503	39847
341	1404033636798348780563540784	1404033636798348780563540784	882839332229264763536165796	103	5623	40025
342	1056570767085626102545290792	1056570767085626102545290792	794209888878401923515185796	102	5625	40903
343	1056570767085626102545290792	882839332229264763536165796	704685108196025061477015996	102	5634	40481
344	709107897372903424527040800	709107897372903424527040800	529189767454177004209007094	102	5611	42576
345	709107897372903424527040800	274779310232000077004228310	180876325477070644605191898	102	5486	39673
346	361645027660180746508790808	361645027660180746508790808	359012733192660120160167702	103	5414	39674
347	361645027660180746508790808	187913592803819407499665812	180876325477070644605191898	101	5460	39293
348	14182157947458068490540816	14182157947458068490540816	10672431990763900025710008	103	5396	39155
349	14182157947458068490540816	14182157947458068490540816	10672431990763900025710008	103	5264	38896
350	14182157947458068490540816	14182157947458068490540816	10672431990763900025710008	102	5311	43686
351	14182157947458068490540816	14182157947458068490540816	10672431990763900025710008	137	5345	39451
352	10672431990763900025710008	10672431990763900025710008	8899753599056389828482306	107	5398	40609
353	10672431990763900025710008	8917569012416815793294604	7995462885092987181632106	107	5226	39966
354	7162706034069731560879200	7162706034069731560879200	6222782675579370441551208	103	5154	39067
355	7162706034069731560879200	2775548588202020979840690	1844939433017961159620400	104	5158	38926
356	3652980077375563096048392	3652980077375563096048392	3635254188705390528044196	104	4998	38627
357	3652980077375563096048392	1898117099028478863632988	1844939433017961159620400	104	4977	40623
358	143254120681394631217584	143254120681394631217584	116665287676135779211290	116	4931	38003
359	143254120681394631217584	143254120681394631217584	116665287676135779211290	115	4903	50013
360	13760933674260616398303263223984	13760933674260616398303263223984	2597729038968084521185445848902	127	6794	44489
361	13760933674260616398303263223984	13760933674260616398303263223984	2597729038968084521185445848902	103	6556	41891
362	10355450088206221431046395052392	10355450088206221431046395052392	2597729038968084521185445848902	102	6304	55863
363	10355450088206221431046395052392	8652708295179023947417960966596	2597729038968084521185445848902	115	6350	41040
364	6949966502151826463789526880800	6949966502151826463789526880800	2597729038968084521185445848902	102	6305	49537
365	6949966502151826463789526880800	1841741123070234012904224623412	877521927381975062955792159102	128	6376	40538
366	3544482916097431496532658709208	3544482916097431496532658709208	2588952055969255793015936504196	109	6272	40280
367	3544482916097431496532658709208	990370226556635271090007580514	877521927381975062955792159102	103	6155	39981
368	138999330043036529275790537616	138999330043036529275790537616	43702346667504907810942608600	107	6114	39794
369	138999330043036529275790537616	138999330043036529275790537616	43702346667504907810942608600	109	5983	39647
370	138999330043036529275790537616	138999330043036529275790537616	43702346667504907810942608600	103	5975	39612
371	138999330043036529275790537616	138999330043036529275790537616	43702346667504907810942608600	103	5983	39461
372	104600505941476984151983788408	104600505941476984151983788408	43702346667504907810942608600	102	5870	39966
373	104600505941476984151983788408	87401093890697211590080413804	43702346667504907810942608600	102	6035	64430
374	70201681839917439028177039200	70201681839917439028177039200	43701451328346545707027718400	118	6070	39672
375	70201681839917439028177039200	18603445687578121342466915388	9040248352289908730430313596	102	5974	39130
376	35802857738357893904370289992	35802857738357893904370289992	26414278312322449936480628502	104	5830	39747
377	35802857738357893904370289992	10003739662188235061515228086	9040248352289908730430313596	105	6013	40650
378	1404033636798348780563540784	1404033636798348780563540784	702912338452779215985279792	106	6071	40429
379	1404033636798348780563540784	1404033636798348780563540784	702912338452779215985279792	106	5900	40544
380	1404033636798348780563540784	1404033636798348780563540784	702912338452779215985279792	110	6196	40993
381	1404033636798348780563540784	1404033636798348780563540784	702912338452779215985279792	110	6227	40714
382	1056570767085626102545290792	1056570767085626102545290792	617819300338864338036283698	93	5479	39424
383	1056570767085626102545290792	882839332229264763536165796	617819300338864338036283698	103	5633	40791
384	709107897372903424527040800	709107897372903424527040800	616055483968933632764719392	102	5903	38599
385	709107897372903424527040800	187913592803819407499665812	93965842059016823201383506	102	5502	38353
386	361645027660180746508790808	361645027660180746508790808	351912792206662298720054298	103	5349	38042
387	361645027660180746508790808	101047875375638737995103314	93088500094533534481983906	94	5371	37752
388	14182157947458068490540816	14182157947458068490540816	8881846852426109388138510	115	5610	38045
389	14182157947458068490540816	14182157947458068490540816	8881846852426109388138510	102	5235	37606
390	14182157947458068490540816	14182157947458068490540816	8881846852426109388138510	117	5218	37584
391	14182157947458068490540816	14182157947458068490540816	8881846852426109388138510	103	5306	37403
392	10672431990763900025710008	10672431990763900025710008	8881846852426109388138510	125	5238	38734
393	10672431990763900025710008	8917569012416815793294604	7118030482495404116574204	118	5397	37858
394	7162706034069731560879200	7162706034069731560879200	7100214155526407093629110	117	5212	37629
395	7162706034069731560879200	1898117099028478863632988	967147113945523019118192	115	5169	36860
396	3652980077375563096048392	3652980077375563096048392	3572582347263389323188600	121	5051	37060
397	3652980077375563096048392	1020685609854936747425286	967147113945523019118192	115	4957	36463
398	143254120681394631217584	143254120681394631217584	107623293960542701592988	117	4898	36376
399	143254120681394631217584	143254120681394631217584	107623293960542701592988	120	4931	36106
400	13760933674260616398303263223984	13760933674260616398303263223984	4317843984434291453855012606196	113	6682	44224
401	13760933674260616398303263223984	13760933674260616398303263223984	4317843984434291453855012606196	120	6538	42171
402	10355450088206221431046395052392	10355450088206221431046395052392	2597727293058479489241433605396	119	6489	41536
403	10355450088206221431046395052392	8652708295179023947417960966596	2597727293058479489241433605396	120	6399	47858
404	6949966502151826463789526880800	6949966502151826463789526880800	2597727293058479489241433605396	117	6382	43309
405	6949966502151826463789526880800	1841741123070234012904224623412	894985482214955221146085857102	111	6300	40436
406	3544482916097431496532658709208	3544482916097431496532658709208	1746355483571176119245618688102	102	6264	40267
407	3544482916097431496532658709208	990370226556635271090007580514	877610566140452069988372937902	102	6224	40371
408	138999330043036529275790537616	138999330043036529275790537616	60990388251160233466263771306	103	6197	40026
409	138999330043036529275790537616	138999330043036529275790537616	60990388251160233466263771306	103	6105	39890
410	138999330043036529275790537616	138999330043036529275790537616	60990388251160233466263771306	103	6045	39662
411	138999330043036529275790537616	138999330043036529275790537616	60990388251160233466263771306	103	6051	39675
412	104600505941476984151983788408	104600505941476984151983788408	43617244765524099565351271706	102	6044	40159
413	104600505941476984151983788408	87401093890697211590080413804	43617244765524099565351271706	103	6054	39713
414	70201681839917439028177039200	70201681839917439028177039200	43617244765524099565351271706	103	5983	39569
415	70201681839917439028177039200	18603445687578121342466915388	9215770553179383588691725396	102	6001	39387
416	35802857738357893904370289992	35802857738357893904370289992	34926232147714782718737418800	102	5848	39557
417	35802857738357893904370289992	10003739662188235061515228086	9040284255344675165450184996	102	5791	39180
418	1404033636798348780563540784	1404033636798348780563540784	879311880383900422503330792	103	5831	39203
419	1404033636798348780563540784	1404033636798348780563540784	879311880383900422503330792	102	5876	39009
420	1404033636798348780563540784	1404033636798348780563540784	879311880383900422503330792	101	5660	39012
421	1404033636798348780563540784	1404033636798348780563540784	879311880383900422503330792	103	5654	38998
422	1056570767085626102545290792	1056570767085626102545290792	616073390733832394024040192	103	5601	39510
423	1056570767085626102545290792	882839332229264763536165796	616073390733832394024040192	102	5609	38982
424	709107897372903424527040800	709107897372903424527040800	616073390733832394024040192	102	5540	38563
425	709107897372903424527040800	187913592803819407499665812	95747655613876633368232506	116	5976	39865
426	361645027660180746508790808	361645027660180746508790808	354563264744662203912478302	101	5507	38455
427	361645027660180746508790808	101047875375638737995103314	95747655613876633368232506	116	5442	38060
428	14182157947458068490540816	14182157947458068490540816	10654616577403474060897710	102	5451	37997
429	14182157947458068490540816	14182157947458068490540816	10654616577403474060897710	102	5344	37837
430	14182157947458068490540816	14182157947458068490540816	10654616577403474060897710	101	5379	37858
431	14182157947458068490540816	14182157947458068490540816	10654616577403474060897710	102	5403	37896
432	10672431990763900025710008	10672431990763900025710008	7135937247394165375895004	102	5302	38478
433	10672431990763900025710008	8917569012416815793294604	7135937247394165375895004	102	5220	38174
434	7162706034069731560879200	7162706034069731560879200	7100395031939525894228310	101	5164	37769
435	7162706034069731560879200	1898117099028478863632988	1844579525677346493664596	102	5259	37394
436	3652980077375563096048392	3652980077375563096048392	3626211290699996911064196	102	5142	37305
437	3652980077375563096048392	1020685609854936747425286	985053878844284278438992	102	5066	42288
438	143254120681394631217584	143254120681394631217584	125528232011222063213388	118	5008	36967
439	143254120681394631217584	143254120681394631217584	125528232011222063213388	113	4842	36880
440	13760933674260616398303263223984	13760933674260616398303263223984	3475249184444193155853289982898	96	6670	48272
441	13760933674260616398303263223984	13760933674260616398303263223984	3475249184444193155853289982898	103	6495	43452
442	10355450088206221431046395052392	10355450088206221431046395052392	3475249184444193155853289982898	117	6315	42563
443	10355450088206221431046395052392	8652708295179023947417960966596	3475249184444193155853289982898	102	6399	42615
444	6949966502151826463789526880800	6949966502151826463789526880800	2597903656878232351260727523298	103	6262	41732
445	6949966502151826463789526880800	1841741123070234012904224623412	886474423629196652479401790200	102	6286	49591
446	3544482916097431496532658709208	3544482916097431496532658709208	1746269521874983541418031189800	103	6115	41795
447	3544482916097431496532658709208	1841741123070234012904224623412	886474423629196652479401790200	102	6029	41684
448	138999330043036529275790537616	138999330043036529275790537616	61165006069974793687069914204	103	5976	41461
449	138999330043036529275790537616	138999330043036529275790537616	61165006069974793687069914204	103	6083	41163
450	138999330043036529275790537616	138999330043036529275790537616	61165006069974793687069914204	103	6091	41256
451	138999330043036529275790537616	138999330043036529275790537616	61165006069974793687069914204	103	5983	41262
452	104600505941476984151983788408	104600505941476984151983788408	61165006069974793687069914204	102	5963	41462
453	104600505941476984151983788408	87401093890697211590080413804	61165006069974793687069914204	103	6071	41067
454	70201681839917439028177039200	70201681839917439028177039200	43527728847786057789597104004	102	5898	41166
455	70201681839917439028177039200	18603445687578121342466915388	9217534369531045813144312698	103	6020	41005
456	35802857738357893904370289992	35802857738357893904370289992	26238792104935174578103517502	103	5778	40940
457	35802857738357893904370289992	18603445687578121342466915388	9217534369531045813144312698	103	5679	40663
458	1404033636798348780563540784	1404033636798348780563540784	794218751822737009799187894	102	5597	40490
459	1404033636798348780563540784	1404033636798348780563540784	794218751822737009799187894	102	5608	40387
460	1404033636798348780563540784	1404033636798348780563540784	794218751822737009799187894	102	5651	40439
461	1404033636798348780563540784	1404033636798348780563540784	794218751822737009799187894	102	5639	40361
462	1056570767085626102545290792	1056570767085626102545290792	792437210486694413317958094	102	5596	40783
463	1056570767085626102545290792	882839332229264763536165796	792437210486694413317958094	102	5617	40592
464	709107897372903424527040800	709107897372903424527040800	443219477795624651067292698	103	9606	39993
465	709107897372903424527040800	187913592803819407499665812	94888129062753770613645204	116	5676	42285
466	361645027660180746508790808	361645027660180746508790808	351904021518434958172274796	104	5381	39790
467	361645027660180746508790808	187913592803819407499665812	94888129062753770613645204	102	5487	39617
468	14182157947458068490540816	14182157947458068490540816	9795000501590357909502306	102	5383	39396
469	14182157947458068490540816	14182157947458068490540816	9795000501590357909502306	101	5323	39419
470	14182157947458068490540816	14182157947458068490540816	9795000501590357909502306	102	5240	44669
471	14182157947458068490540816	14182157947458068490540816	9795000501590357909502306	118	5321	39463
472	10672431990763900025710008	10672431990763900025710008	8881847756715909927500208	102	5242	40273
473	10672431990763900025710008	8917569012416815793294604	8881847756715909927500208	102	5205	39571
474	7162706034069731560879200	7162706034069731560879200	5345441624612387725643106	102	5196	39136
475	7162706034069731560879200	1898117099028478863632988	1835715667918219260812298	102	5055	38799
476	3652980077375563096048392	3652980077375563096048392	3590578646265303493227702	101	5058	38855
477	3652980077375563096048392	1898117099028478863632988	1835715667918219260812298	103	4965	38655
478	143254120681394631217584	143254120681394631217584	116665287676135779211290	102	4958	38365
479	143254120681394631217584	143254120681394631217584	116665287676135779211290	102	4765	38171
480	13760933674260616398303263223984	13760933674260616398303263223984	3466560840112508071646033313498	102	6712	42942
481	13760933674260616398303263223984	13760933674260616398303263223984	3466560840112508071646033313498	102	6420	41699
482	10355450088206221431046395052392	10355450088206221431046395052392	3466560840112508071646033313498	99	6397	40965
483	10355450088206221431046395052392	7801337398665425205603743923698	2615103077791956458908914900000	102	6390	40629
484	6949966502151826463789526880800	6949966502151826463789526880800	2615103077791956458908914900000	102	6261	40386
485	6949966502151826463789526880800	990370226556635271090007580514	886386662575341247588419399600	103	6260	43379
486	3544482916097431496532658709208	3544482916097431496532658709208	1737757550134653250221467420400	115	6206	40187
487	3544482916097431496532658709208	990370226556635271090007580514	868834460393158845044232982098	102	6112	40451
488	138999330043036529275790537616	138999330043036529275790537616	61077253968588414135768333804	103	6118	40062
489	138999330043036529275790537616	138999330043036529275790537616	61077253968588414135768333804	102	6081	39951
490	138999330043036529275790537616	138999330043036529275790537616	61077253968588414135768333804	102	6005	39935
491	138999330043036529275790537616	138999330043036529275790537616	61077253968588414135768333804	102	6017	39827
492	104600505941476984151983788408	104600505941476984151983788408	52390682225770347185312084004	101	6024	40320
493	104600505941476984151983788408	78801387865307325309128726502	43790089815517972222024017102	101	6037	39965
494	70201681839917439028177039200	70201681839917439028177039200	43790089815517972222024017102	102	5840	39674
495	70201681839917439028177039200	10003739662188235061515228086	9216647984668557130807933098	102	5918	39635
496	35802857738357893904370289992	35802857738357893904370289992	34839384335224652728594476702	102	5927	40234
497	35802857738357893904370289992	10003739662188235061515228086	8951618998472963581240520400	102	5777	39582
498	1404033636798348780563540784	1404033636798348780563540784	792446162955719752998768294	102	5745	39189
499	1404033636798348780563540784	1404033636798348780563540784	792446162955719752998768294	102	5669	39045
500	1404033636798348780563540784	1404033636798348780563540784	792446162955719752998768294	102	5725	39124
501	1404033636798348780563540784	1404033636798348780563540784	792446162955719752998768294	102	5660	39067
502	1056570767085626102545290792	1056570767085626102545290792	704693971140360147761018094	102	5688	39648
503	1056570767085626102545290792	795973614801084094031603298	616933005896221469226585396	102	5645	39549
504	709107897372903424527040800	709107897372903424527040800	616933005896221469226585396	103	11277	38619
505	709107897372903424527040800	101047875375638737995103314	94870224124703091252024804	118	5510	38647
506	361645027660180746508790808	361645027660180746508790808	355458422122505918596690200	119	6009	40809
507	361645027660180746508790808	101047875375638737995103314	93097363952384926769477502	124	5614	38114
508	14182157947458068490540816	14182157947458068490540816	9777185088229931944690008	114	5362	37930
509	14182157947458068490540816	14182157947458068490540816	9777185088229931944690008	102	5340	37676
510	14182157947458068490540816	14182157947458068490540816	9777185088229931944690008	101	5384	37677
511	14182157947458068490540816	14182157947458068490540816	9777185088229931944690008	102	5296	37739
512	10672431990763900025710008	10672431990763900025710008	8013368736567707492102706	115	5241	38434
513	10672431990763900025710008	8040137523243273677086902	7109078013377799381122706	115	5253	38224
514	7162706034069731560879200	7162706034069731560879200	7109078013377799381122706	103	5230	37433
515	7162706034069731560879200	1020685609854936747425286	976190934509197994436894	116	5084	37056
516	3652980077375563096048392	3652980077375563096048392	3617348346364910627062098	102	5105	36949
517	3652980077375563096048392	1020685609854936747425286	958374607724731080774396	102	4973	36698
518	143254120681394631217584	143254120681394631217584	116665287676135779211290	103	4909	36482
519	143254120681394631217584	143254120681394631217584	116665287676135779211290	103	4897	36453
520	13760933674260616398303263223984	13760933674260616398303263223984	6898106791415713430553186861792	102	6693	46827
521	13760933674260616398303263223984	13760933674260616398303263223984	6898106791415713430553186861792	116	6463	44601
522	10355450088206221431046395052392	10355450088206221431046395052392	2597643946109906008134010853706	117	6455	43908
523	10355450088206221431046395052392	9504079191692622689232178009494	2597643946109906008134010853706	115	6499	43453
524	6949966502151826463789526880800	6949966502151826463789526880800	2597643946109906008134010853706	101	6295	42801
525	6949966502151826463789526880800	4395853812611030238346875752106	921048742891535241112734081906	102	6443	42583
526	3544482916097431496532658709208	3544482916097431496532658709208	2597643946109906008134010853706	103	6305	45296
527	3544482916097431496532658709208	1841741123070234012904224623412	921048742891535241112734081906	102	6205	43968
528	138999330043036529275790537616	138999330043036529275790537616	95650695888962519480381225910	116	6232	42153
529	138999330043036529275790537616	138999330043036529275790537616	95650695888962519480381225910	103	6092	41867
530	138999330043036529275790537616	138999330043036529275790537616	95650695888962519480381225910	102	6071	41739
531	138999330043036529275790537616	138999330043036529275790537616	95650695888962519480381225910	102	6096	41706
532	104600505941476984151983788408	104600505941476984151983788408	44140211748484891092575874396	108	6072	42409
533	104600505941476984151983788408	96000799916087097871032101106	44140211748484891092575874396	102	6041	42076
534	70201681839917439028177039200	70201681839917439028177039200	44140211748484891092575874396	102	5952	41649
535	70201681839917439028177039200	44402563763747780185321977294	17903228680859939221484354796	102	5917	41786
536	35802857738357893904370289992	35802857738357893904370289992	34838533763873785353012402996	121	5880	41526
537	35802857738357893904370289992	18603445687578121342466915388	9565874670732942033278770392	117	5734	48358
538	1404033636798348780563540784	1404033636798348780563540784	1142559053024633229933645588	116	5806	41376
539	1404033636798348780563540784	1404033636798348780563540784	1142559053024633229933645588	115	5734	41167
540	1404033636798348780563540784	1404033636798348780563540784	1142559053024633229933645588	102	5731	41168
541	1404033636798348780563540784	1404033636798348780563540784	1142559053024633229933645588	117	5635	41094
542	1056570767085626102545290792	1056570767085626102545290792	532726442160351286601288502	102	5726	41766
543	1056570767085626102545290792	969705049657445433040728294	532726442160351286601288502	116	5694	41469
544	709107897372903424527040800	709107897372903424527040800	532726442160351286601288502	102	5541	40941
545	709107897372903424527040800	448510745088361416013353306	267706411174240661640768102	103	5563	41041
546	361645027660180746508790808	361645027660180746508790808	358995007303989947592163506	103	6051	41947
547	361645027660180746508790808	187913592803819407499665812	98406717963783025362478110	102	5459	40740
548	14182157947458068490540816	14182157947458068490540816	13304726458284526374333114	102	5591	40313
549	14182157947458068490540816	14182157947458068490540816	13304726458284526374333114	102	5435	40178
550	14182157947458068490540816	14182157947458068490540816	13304726458284526374333114	114	5347	40037
551	14182157947458068490540816	14182157947458068490540816	13304726458284526374333114	102	5358	40065
552	10672431990763900025710008	10672431990763900025710008	6258506662510423799049000	102	5314	40944
553	10672431990763900025710008	9795000501590357909502306	6258506662510423799049000	102	5272	40463
554	7162706034069731560879200	7162706034069731560879200	6258506662510423799049000	103	5177	39998
555	7162706034069731560879200	4530411566549105212256094	2730873045761933945024196	102	5118	39737
556	3652980077375563096048392	3652980077375563096048392	3652980077375563096048392	112	5141	39525
557	3652980077375563096048392	1898117099028478863632988	1862486272307626934008392	102	4982	39314
558	143254120681394631217584	143254120681394631217584	143254120681394631217584	102	4970	38958
559	143254120681394631217584	143254120681394631217584	143254120681394631217584	102	4919	38840
560	242898032477996772784	242898032477996772784	242898032477996772784	102	6662	45884
561	242898032477996772784	242898032477996772784	242898032477996772784	102	6489	44082
562	185369551101629116072	185369551101629116072	27166227316618060114	101	6530	43302
563	185369551101629116072	185369551101629116072	27166227316618060114	102	6409	42858
564	127841069725261459360	127841069725261459360	27166227316618060114	103	6229	42477
565	127841069725261459360	127841069725261459360	27166227316618060114	103	6207	42314
566	70312588348893802648	70312588348893802648	27166227316618060114	102	6902	43627
567	70312588348893802648	70312588348893802648	27166227316618060114	101	6297	42211
568	12784106972526145936	12784106972526145936	2186755140037367068	103	6165	41877
569	12784106972526145936	12784106972526145936	2186755140037367068	103	6067	41741
570	12784106972526145936	12784106972526145936	2186755140037367068	102	6147	41680
571	12784106972526145936	12784106972526145936	2186755140037367068	103	6098	41729
572	9756292163243637688	9756292163243637688	2186755140037367068	102	6083	42073
573	9756292163243637688	9756292163243637688	2186755140037367068	102	5966	41869
574	6728477353961129440	6728477353961129440	2186755140037367068	101	5894	48171
575	6728477353961129440	6728477353961129440	2186755140037367068	161	5968	41842
576	3700662544678621192	3700662544678621192	2186755140037367068	135	5803	47425
577	3700662544678621192	3700662544678621192	2186755140037367068	117	5832	41640
578	672847735396112944	672847735396112944	154932044334631270	107	5774	41272
579	672847735396112944	672847735396112944	154932044334631270	102	5801	41162
580	672847735396112944	672847735396112944	154932044334631270	116	5741	41277
581	672847735396112944	672847735396112944	154932044334631270	116	5723	41169
582	513489061223349352	513489061223349352	154932044334631270	119	5680	41309
583	513489061223349352	513489061223349352	154932044334631270	102	5648	41172
584	354130387050585760	354130387050585760	154932044334631270	118	5561	40848
585	354130387050585760	354130387050585760	154932044334631270	116	5496	43520
586	194771712877822168	194771712877822168	154932044334631270	121	5467	40561
587	194771712877822168	194771712877822168	154932044334631270	117	5412	40539
588	35413038705058576	35413038705058576	10251142783043272	108	5383	40179
589	35413038705058576	35413038705058576	10251142783043272	101	5500	40109
590	35413038705058576	35413038705058576	10251142783043272	102	5541	40082
591	35413038705058576	35413038705058576	10251142783043272	102	5365	40131
592	27025740064386808	27025740064386808	10251142783043272	119	5304	40323
593	27025740064386808	27025740064386808	10251142783043272	117	5149	40236
594	18638441423715040	18638441423715040	10251142783043272	103	5100	39874
595	18638441423715040	18638441423715040	10251142783043272	103	5037	39729
596	10251142783043272	10251142783043272	10251142783043272	103	5030	39457
597	10251142783043272	10251142783043272	10251142783043272	115	5034	39277
598	1863844142371504	1863844142371504	649893023326906	102	4983	38988
599	1863844142371504	1863844142371504	649893023326906	118	4909	39004
600	242898032477996772784	242898032477996772784	242898032477996772784	102	6389	47049
601	242898032477996772784	242898032477996772784	242898032477996772784	102	6378	44838
602	185369551101629116072	185369551101629116072	27166227316618060114	102	6119	44193
603	185369551101629116072	185369551101629116072	27166227316618060114	102	6070	45570
604	127841069725261459360	127841069725261459360	27166227316618060114	116	5962	42846
605	127841069725261459360	127841069725261459360	27166227316618060114	102	5967	45435
606	70312588348893802648	70312588348893802648	27166227316618060114	103	5847	42530
607	70312588348893802648	70312588348893802648	27166227316618060114	102	5793	49842
608	12784106972526145936	12784106972526145936	2186755140037367068	116	11396	42386
609	12784106972526145936	12784106972526145936	2186755140037367068	108	5758	42378
610	12784106972526145936	12784106972526145936	2186755140037367068	94	5871	42437
611	12784106972526145936	12784106972526145936	2186755140037367068	103	5768	42156
612	9756292163243637688	9756292163243637688	2186755140037367068	102	5769	42440
613	9756292163243637688	9756292163243637688	2186755140037367068	102	5663	42556
614	6728477353961129440	6728477353961129440	2186755140037367068	102	5633	42172
615	6728477353961129440	6728477353961129440	2186755140037367068	103	5587	42201
616	3700662544678621192	3700662544678621192	2186755140037367068	103	5596	41621
617	3700662544678621192	3700662544678621192	2186755140037367068	102	5458	41720
618	672847735396112944	672847735396112944	154932044334631270	103	5544	41504
619	672847735396112944	672847735396112944	154932044334631270	103	5617	41438
620	672847735396112944	672847735396112944	154932044334631270	102	5442	41451
621	672847735396112944	672847735396112944	154932044334631270	104	5599	41382
622	513489061223349352	513489061223349352	154932044334631270	102	5361	41653
623	513489061223349352	513489061223349352	154932044334631270	101	5334	41569
624	354130387050585760	354130387050585760	154932044334631270	102	5226	43329
625	354130387050585760	354130387050585760	154932044334631270	102	5516	41153
626	194771712877822168	194771712877822168	154932044334631270	104	5158	40885
627	194771712877822168	194771712877822168	154932044334631270	104	5168	40746
628	35413038705058576	35413038705058576	10251142783043272	102	5074	40499
629	35413038705058576	35413038705058576	10251142783043272	102	5174	40357
630	35413038705058576	35413038705058576	10251142783043272	103	5137	40293
631	35413038705058576	35413038705058576	10251142783043272	103	5156	40401
632	27025740064386808	27025740064386808	10251142783043272	102	4974	40706
633	27025740064386808	27025740064386808	10251142783043272	102	4918	40428
634	18638441423715040	18638441423715040	10251142783043272	103	4838	40092
635	18638441423715040	18638441423715040	10251142783043272	103	4814	40328
636	10251142783043272	10251142783043272	10251142783043272	102	4765	39511
637	10251142783043272	10251142783043272	10251142783043272	102	4822	39711
638	1863844142371504	1863844142371504	649893023326906	102	4677	39340
639	1863844142371504	1863844142371504	649893023326906	102	4752	39342
640	242898032477996772784	242898032477996772784	96766128261572558920	102	6876	55186
641	242898032477996772784	242898032477996772784	96766128261572558920	129	6527	45293
642	185369551101629116072	185369551101629116072	96766128261572558920	114	6431	44377
643	185369551101629116072	156605310413445287716	96766128261572558920	113	6325	43660
644	127841069725261459360	127841069725261459360	64892296602359672578	115	6150	46050
645	127841069725261459360	55930468004801888470	19475074463122048858	117	6215	42825
646	70312588348893802648	70312588348893802648	64892296602359672578	117	6172	42707
647	70312588348893802648	41548347660709974292	19475074463122048858	115	5963	42478
648	12784106972526145936	12784106972526145936	7485431056281756502	117	6031	42332
649	12784106972526145936	12784106972526145936	7485431056281756502	116	6105	42203
650	12784106972526145936	12784106972526145936	7485431056281756502	118	5937	42201
651	12784106972526145936	12784106972526145936	7485431056281756502	115	5931	42277
652	9756292163243637688	9756292163243637688	5849907821350761742	117	5928	42830
653	9756292163243637688	8242384758602383564	5849907821350761742	118	5961	42426
654	6728477353961129440	6728477353961129440	4172337734023767724	117	5862	42207
655	6728477353961129440	2943708842357994130	1781957621432313844	120	5797	42212
656	3700662544678621192	3700662544678621192	3541303870505857600	117	5734	41914
657	3700662544678621192	2186755140037367068	1781957621432313844	116	5681	41763
658	672847735396112944	672847735396112944	473649392680158454	116	5590	41575
659	672847735396112944	672847735396112944	473649392680158454	118	5606	41309
660	672847735396112944	672847735396112944	473649392680158454	118	5540	41529
661	672847735396112944	672847735396112944	473649392680158454	116	5544	41432
662	513489061223349352	513489061223349352	347729553877441516	117	5505	42327
663	513489061223349352	433809724136967556	347729553877441516	117	5490	42396
664	354130387050585760	354130387050585760	259436391386547094	104	6015	42453
665	354130387050585760	154932044334631270	100414603170264778	115	5390	41384
666	194771712877822168	194771712877822168	188481238897318342	117	5305	41112
667	194771712877822168	115092375791440372	100414603170264778	117	5324	40912
668	35413038705058576	35413038705058576	27025740064386808	116	5200	40588
669	35413038705058576	35413038705058576	27025740064386808	117	5190	40335
670	35413038705058576	35413038705058576	27025740064386808	116	5188	40387
671	35413038705058576	35413038705058576	27025740064386808	117	5224	40276
672	27025740064386808	27025740064386808	20398380127401706	118	5149	41191
673	27025740064386808	22832090744050924	20398380127401706	117	5178	40743
674	18638441423715040	18638441423715040	15751371575249368	123	5060	40219
675	18638441423715040	8154318122875330	7375995395832382	116	4987	40242
676	10251142783043272	10251142783043272	10030424397762436	116	4881	39719
677	10251142783043272	6057493462707388	5505697499505298	116	4943	67594
678	1863844142371504	1863844142371504	1532766564450250	126	4886	47101
679	1863844142371504	1863844142371504	1532766564450250	117	4823	39550
680	242898032477996772784	242898032477996772784	93532714276400951938	107	6727	48899
681	242898032477996772784	242898032477996772784	93532714276400951938	270	6957	47199
682	185369551101629116072	185369551101629116072	63258870192088845760	101	6349	46995
683	185369551101629116072	142223190069353373538	63258870192088845760	116	6432	46750
684	127841069725261459360	127841069725261459360	63258870192088845760	101	6163	43258
685	127841069725261459360	55930468004801888470	19304894779691964280	102	6333	43277
686	70312588348893802648	70312588348893802648	48786476028417069658	102	6097	46878
687	70312588348893802648	41548347660709974292	17711534564728169218	128	8454	46839
688	12784106972526145936	12784106972526145936	6606861523671388804	119	5951	42301
689	12784106972526145936	12784106972526145936	6606861523671388804	103	5923	42237
690	12784106972526145936	12784106972526145936	6606861523671388804	103	5917	42225
691	12784106972526145936	12784106972526145936	6606861523671388804	101	5891	42171
692	9756292163243637688	9756292163243637688	5891844314554120582	102	5925	42448
693	9756292163243637688	7485431056281756502	4883161293820700062	103	5836	42424
694	6728477353961129440	6728477353961129440	4883161293820700062	117	5744	42125
695	6728477353961129440	2943708842357994130	1773000795988625182	102	5778	42053
696	3700662544678621192	3700662544678621192	3324662966974157044	102	5762	41841
697	3700662544678621192	2186755140037367068	1067050771507686040	101	5749	41693
698	672847735396112944	672847735396112944	473649392680158454	101	5628	41616
699	672847735396112944	672847735396112944	473649392680158454	102	5560	41413
700	672847735396112944	672847735396112944	473649392680158454	99	5757	41379
701	672847735396112944	672847735396112944	473649392680158454	117	5553	41603
702	513489061223349352	513489061223349352	391873230933608716	102	5495	44954
703	513489061223349352	393970055593776658	296848157691648796	103	5540	41429
704	354130387050585760	354130387050585760	296848157691648796	104	5420	41457
705	354130387050585760	154932044334631270	97980892553615560	102	5504	41188
706	194771712877822168	194771712877822168	182080405724174098	103	5309	41034
707	194771712877822168	115092375791440372	93206099673142738	103	5567	40835
708	35413038705058576	35413038705058576	27025740064386808	102	5406	40488
709	35413038705058576	35413038705058576	27025740064386808	102	5290	45870
710	35413038705058576	35413038705058576	27025740064386808	127	5282	40560
711	35413038705058576	35413038705058576	27025740064386808	101	5261	40500
712	27025740064386808	27025740064386808	22721731551410506	102	5176	40887
713	27025740064386808	20735266083882982	16320898378266262	102	5284	40595
714	18638441423715040	18638441423715040	16320898378266262	102	5092	40418
715	18638441423715040	8154318122875330	5505697499505298	102	5003	40152
716	10251142783043272	10251142783043272	9809706012481600	102	4959	40015
717	10251142783043272	6057493462707388	5279170735664440	103	4974	39641
718	1863844142371504	1863844142371504	1532766564450250	118	4778	39308
719	1863844142371504	1863844142371504	1532766564450250	103	4876	39178
720	242898032477996772784	242898032477996772784	123890652065505056632	103	6660	47305
721	242898032477996772784	242898032477996772784	123890652065505056632	102	6472	45110
722	185369551101629116072	185369551101629116072	61568608797608203672	102	6498	47417
723	185369551101629116072	170987430757537201894	61568608797608203672	102	6484	43453
724	127841069725261459360	127841069725261459360	61568608797608203672	99	6266	43028
725	127841069725261459360	84694708692985716826	20902680979118496106	103	6210	42976
726	70312588348893802648	70312588348893802648	61568608797608203672	99	6197	42494
727	70312588348893802648	41548347660709974292	17622573438702872266	102	6092	42432
728	12784106972526145936	12784106972526145936	8122865752972810870	102	6052	42459
729	12784106972526145936	12784106972526145936	8122865752972810870	102	6048	42227
730	12784106972526145936	12784106972526145936	8122865752972810870	101	6000	42073
731	12784106972526145936	12784106972526145936	8122865752972810870	102	6029	42029
732	9756292163243637688	9756292163243637688	4851819283110821350	102	5996	42493
733	9756292163243637688	8999338460923010626	4851819283110821350	102	5938	42414
734	6728477353961129440	6728477353961129440	4851819283110821350	101	5859	42085
735	6728477353961129440	4457616246999248254	1857094806484758436	103	5790	41934
736	3700662544678621192	3700662544678621192	3337911878469567226	102	5787	41662
737	3700662544678621192	2186755140037367068	1684457567515515076	102	5845	41445
738	672847735396112944	672847735396112944	593168398309731148	102	5733	41468
739	672847735396112944	672847735396112944	593168398309731148	103	5662	41318
740	672847735396112944	672847735396112944	593168398309731148	101	5663	41281
741	672847735396112944	672847735396112944	593168398309731148	102	5624	47897
742	513489061223349352	513489061223349352	261870102003196312	129	5972	42357
743	513489061223349352	473649392680158454	261870102003196312	101	5575	42091
744	354130387050585760	354130387050585760	261870102003196312	102	5486	41582
745	354130387050585760	234611381421013066	137581500463441342	103	5471	41269
746	194771712877822168	194771712877822168	182190764916814516	103	5358	41248
747	194771712877822168	115092375791440372	93119279698877146	102	5310	40959
748	35413038705058576	35413038705058576	33316214044890634	102	5274	40674
749	35413038705058576	35413038705058576	33316214044890634	116	5297	40274
750	35413038705058576	35413038705058576	33316214044890634	102	5287	38948
751	35413038705058576	35413038705058576	33316214044890634	96	4973	37856
752	27025740064386808	27025740064386808	14224073718098320	97	4956	38488
753	27025740064386808	24928915404218866	15879461607704590	96	4918	38092
754	18638441423715040	18638441423715040	14224073718098320	96	4829	37582
755	18638441423715040	12347967443211214	7474737831352756	96	4731	37632
756	10251142783043272	10251142783043272	9699346819841182	96	4751	37528
757	10251142783043272	6057493462707388	5836775077426552	97	4644	36969
758	1863844142371504	1863844142371504	1863844142371504	96	4547	38501
759	1863844142371504	1863844142371504	1863844142371504	103	4797	39021
760	242898032477996772784	242898032477996772784	155848356711124660654	99	6671	47635
761	242898032477996772784	242898032477996772784	155848356711124660654	102	6522	45429
762	185369551101629116072	185369551101629116072	83937754990665089764	103	6457	48350
763	185369551101629116072	170987430757537201894	83937754990665089764	109	5993	42919
764	127841069725261459360	127841069725261459360	83937754990665089764	102	6195	43283
765	127841069725261459360	84694708692985716826	22584665434151106844	102	6336	43252
766	70312588348893802648	70312588348893802648	33938970968960512774	102	6129	43088
767	70312588348893802648	41548347660709974292	22584665434151106844	102	6188	47892
768	12784106972526145936	12784106972526145936	9756292163243637688	110	5780	42776
769	12784106972526145936	12784106972526145936	9756292163243637688	102	6023	42694
770	12784106972526145936	12784106972526145936	9756292163243637688	103	6004	42538
771	12784106972526145936	12784106972526145936	9756292163243637688	102	6059	42446
772	9756292163243637688	9756292163243637688	5174730280776684418	103	6012	41272
773	9756292163243637688	8999338460923010626	5174730280776684418	96	5643	40119
774	6728477353961129440	6728477353961129440	5174730280776684418	96	5545	46657
775	6728477353961129440	4457616246999248254	1945620304118053738	121	5534	40306
776	3700662544678621192	3700662544678621192	2543215332265917208	107	5478	39876
777	3700662544678621192	2186755140037367068	1746421961402099248	119	5376	39982
778	672847735396112944	672847735396112944	553328729766540250	109	5312	39424
779	672847735396112944	672847735396112944	553328729766540250	109	5205	39286
780	672847735396112944	672847735396112944	553328729766540250	102	5259	43044
781	672847735396112944	672847735396112944	553328729766540250	121	5291	39462
782	513489061223349352	513489061223349352	312193893847226920	103	5685	42400
783	513489061223349352	473649392680158454	312193893847226920	94	5186	39474
784	354130387050585760	354130387050585760	312193893847226920	96	5080	39214
785	354130387050585760	234611381421013066	142240737180983200	97	5185	39243
786	194771712877822168	194771712877822168	173693107083502330	96	5058	39036
787	194771712877822168	115092375791440372	106705077150768604	97	5071	38750
788	35413038705058576	35413038705058576	31219389384722692	97	5001	38551
789	35413038705058576	35413038705058576	31219389384722692	96	4903	38375
790	35413038705058576	35413038705058576	31219389384722692	96	4982	38432
791	35413038705058576	35413038705058576	31219389384722692	96	4930	38341
792	27025740064386808	27025740064386808	18528082231074622	96	4953	38858
793	27025740064386808	24928915404218866	18528082231074622	98	4837	38386
794	18638441423715040	18638441423715040	18528082231074622	96	4697	38162
795	18638441423715040	12347967443211214	9583179248640742	96	4674	37946
796	10251142783043272	10251142783043272	9368269241919928	96	4731	37771
797	10251142783043272	6057493462707388	5726415884786134	96	4726	37596
798	1863844142371504	1863844142371504	1753484949731086	95	4623	37183
799	1863844142371504	1863844142371504	1753484949731086	96	4624	36967
800	242898032477996772784	242898032477996772784	107113615265166311392	93	6329	44338
801	242898032477996772784	242898032477996772784	107113615265166311392	97	6227	42270
802	185369551101629116072	185369551101629116072	48069472353832273912	94	6132	41356
803	185369551101629116072	170987430757537201894	48069472353832273912	97	6179	42557
804	127841069725261459360	127841069725261459360	48069472353832273912	96	6440	41616
805	127841069725261459360	84694708692985716826	20019679042258562146	118	6185	40401
806	70312588348893802648	70312588348893802648	46431044929621268152	110	5811	40285
807	70312588348893802648	41548347660709974292	16912092573240981226	109	5783	40102
808	12784106972526145936	12784106972526145936	7279721521200017350	110	5819	39889
809	12784106972526145936	12784106972526145936	7279721521200017350	109	5774	39730
810	12784106972526145936	12784106972526145936	7279721521200017350	107	5621	39641
811	12784106972526145936	12784106972526145936	7279721521200017350	109	5653	39801
812	9756292163243637688	9756292163243637688	4880512673197330030	96	5669	39980
813	9756292163243637688	8999338460923010626	4880512673197330030	108	5638	39814
814	6728477353961129440	6728477353961129440	4880512673197330030	96	5654	45737
815	6728477353961129440	4457616246999248254	1810621020334235596	119	5640	39863
816	3700662544678621192	3700662544678621192	2569811897692257946	109	5444	39356
817	3700662544678621192	2186755140037367068	1013822790383644432	97	5364	39343
818	672847735396112944	672847735396112944	509295411903013468	96	5331	39282
819	672847735396112944	672847735396112944	509295411903013468	97	5301	38841
820	672847735396112944	672847735396112944	509295411903013468	97	5381	39068
821	672847735396112944	672847735396112944	509295411903013468	96	5408	39014
822	513489061223349352	513489061223349352	341549439089578108	97	5346	39319
823	513489061223349352	473649392680158454	341549439089578108	96	5192	39289
824	354130387050585760	354130387050585760	296708756606208268	105	5156	41445
825	354130387050585760	234611381421013066	135135511718676982	96	5245	38718
826	194771712877822168	194771712877822168	172878099860290822	95	5159	38692
827	194771712877822168	115092375791440372	93198762773909026	96	5088	38514
828	35413038705058576	35413038705058576	33316214044890634	96	5123	38248
829	35413038705058576	35413038705058576	33316214044890634	97	5012	38185
830	35413038705058576	35413038705058576	33316214044890634	96	4996	38056
831	35413038705058576	35413038705058576	33316214044890634	96	5132	37952
832	27025740064386808	27025740064386808	20073110928040474	97	4945	38333
833	27025740064386808	24928915404218866	20073110928040474	96	4929	38147
834	18638441423715040	18638441423715040	15879461607704590	96	4816	38133
835	18638441423715040	12347967443211214	7351812589805476	97	4775	37887
836	10251142783043272	10251142783043272	9333418970559796	96	4681	37693
837	10251142783043272	6057493462707388	5139769650223912	96	4657	37289
838	1863844142371504	1863844142371504	1863844142371504	96	4585	37261
839	1863844142371504	1863844142371504	1863844142371504	96	4601	36963
840	242898032477996772784	242898032477996772784	63210300530569941796	97	6344	43046
841	242898032477996772784	242898032477996772784	63210300530569941796	96	6140	41386
842	185369551101629116072	185369551101629116072	63210300530569941796	95	6052	40517
843	185369551101629116072	142223190069353373538	63210300530569941796	96	6032	40009
844	127841069725261459360	127841069725261459360	63210300530569941796	98	5909	39632
845	127841069725261459360	55930468004801888470	17708978266753490062	95	5946	42408
846	70312588348893802648	70312588348893802648	33644845684029849262	95	5769	39322
847	70312588348893802648	41548347660709974292	17708978266753490062	96	7984	39168
848	12784106972526145936	12784106972526145936	5009081132623417000	110	5916	41592
849	12784106972526145936	12784106972526145936	5009081132623417000	102	6010	48155
850	12784106972526145936	12784106972526145936	5009081132623417000	128	6284	41629
851	12784106972526145936	12784106972526145936	5009081132623417000	96	5566	41070
852	9756292163243637688	9756292163243637688	5009081132623417000	109	5571	46011
853	9756292163243637688	7485431056281756502	4969020745694945266	115	5896	41629
854	6728477353961129440	6728477353961129440	4880604995846020906	103	5855	41287
855	6728477353961129440	2943708842357994130	1020589551406070062	103	5954	41261
856	3700662544678621192	3700662544678621192	2527735054111671760	115	5722	39513
857	3700662544678621192	2186755140037367068	1020589551406070062	96	5351	38432
858	672847735396112944	672847735396112944	387679581613272832	97	5392	38318
859	672847735396112944	672847735396112944	387679581613272832	96	5321	38103
860	672847735396112944	672847735396112944	387679581613272832	97	5201	37908
861	672847735396112944	672847735396112944	387679581613272832	97	5249	37913
862	513489061223349352	513489061223349352	347619194684801098	96	5236	38248
863	513489061223349352	393970055593776658	343303569414704752	96	5247	38171
864	354130387050585760	354130387050585760	296713615692981472	96	5121	37930
865	354130387050585760	154932044334631270	93199018515318142	96	5148	38516
866	194771712877822168	194771712877822168	172878355601699938	96	5597	38402
867	194771712877822168	115092375791440372	93199018515318142	96	5004	37226
868	35413038705058576	35413038705058576	26915380871746390	96	4985	36936
869	35413038705058576	35413038705058576	26915380871746390	96	4935	36969
870	35413038705058576	35413038705058576	26915380871746390	96	4941	36890
871	35413038705058576	35413038705058576	26915380871746390	98	4965	37543
872	27025740064386808	27025740064386808	20392571748841684	102	5189	37604
873	27025740064386808	20735266083882982	20165433576731350	96	4896	37174
874	18638441423715040	18638441423715040	15971784256395466	96	4743	36805
875	18638441423715040	8154318122875330	5144628736997116	96	4725	36541
876	10251142783043272	10251142783043272	9338278057333000	97	4797	36385
877	10251142783043272	6057493462707388	5144628736997116	110	4607	36060
878	1863844142371504	1863844142371504	1643125757090668	95	4545	35930
879	1863844142371504	1863844142371504	1643125757090668	97	4660	35911
880	242898032477996772784	242898032477996772784	79146400282988701876	96	6334	48639
881	242898032477996772784	242898032477996772784	79146400282988701876	119	6207	41444
882	185369551101629116072	185369551101629116072	79146400282988701876	96	6176	41076
883	185369551101629116072	156605310413445287716	79146400282988701876	96	6052	40363
884	127841069725261459360	127841069725261459360	79146400282988701876	97	5900	40069
885	127841069725261459360	55930468004801888470	18547720358986056382	110	5937	40271
886	70312588348893802648	70312588348893802648	63964942498223680102	95	5849	39921
887	70312588348893802648	41548347660709974292	18547720358986056382	96	5709	42585
888	12784106972526145936	12784106972526145936	5770228484264379946	96	5691	45388
889	12784106972526145936	12784106972526145936	5770228484264379946	121	5591	39402
890	12784106972526145936	12784106972526145936	5770228484264379946	109	5528	39278
891	12784106972526145936	12784106972526145936	5770228484264379946	95	5661	39420
892	9756292163243637688	9756292163243637688	5770228484264379946	95	5634	39689
893	9756292163243637688	8242384758602383564	4964937455567249800	110	5599	39485
894	6728477353961129440	6728477353961129440	4922553717214769266	97	5610	39319
895	6728477353961129440	2943708842357994130	1733149510688314240	90	5464	39366
896	3700662544678621192	3700662544678621192	3451030050925995676	96	5376	38993
897	3700662544678621192	2186755140037367068	1733149510688314240	110	5311	38754
898	672847735396112944	672847735396112944	513489061223349352	97	5246	38650
899	672847735396112944	672847735396112944	513489061223349352	95	5221	38518
900	672847735396112944	672847735396112944	513489061223349352	96	5194	38469
901	672847735396112944	672847735396112944	513489061223349352	96	5356	38387
902	513489061223349352	513489061223349352	352033562390417818	96	5248	38798
903	513489061223349352	433809724136967556	301152166204625098	96	5140	38871
904	354130387050585760	354130387050585760	298921443133441912	96	5140	38711
905	354130387050585760	154932044334631270	95663349508166782	97	5074	38214
906	194771712877822168	194771712877822168	192674888217654226	96	5113	38028
907	194771712877822168	115092375791440372	95663349508166782	97	4957	37791
908	35413038705058576	35413038705058576	29122564724554750	95	4875	40444
909	35413038705058576	35413038705058576	29122564724554750	97	4896	37527
910	35413038705058576	35413038705058576	29122564724554750	95	4877	49131
911	35413038705058576	35413038705058576	29122564724554750	121	4936	37521
912	27025740064386808	27025740064386808	20624906891242564	108	4922	38088
913	27025740064386808	22832090744050924	17946938670937684	97	4830	37724
914	18638441423715040	18638441423715040	17829532193506990	96	4880	37594
915	18638441423715040	8154318122875330	5616056692145716	97	4724	36897
916	10251142783043272	10251142783043272	10251142783043272	96	4644	36723
917	10251142783043272	6057493462707388	5616056692145716	96	4780	36378
918	1863844142371504	1863844142371504	1643125757090668	96	4531	36267
919	1863844142371504	1863844142371504	1643125757090668	96	4545	36170
920	242898032477996772784	242898032477996772784	78475416391734960436	96	6294	44047
921	242898032477996772784	242898032477996772784	78475416391734960436	96	6251	41555
922	185369551101629116072	185369551101629116072	78475416391734960436	96	6052	41284
923	185369551101629116072	156605310413445287716	34492532679244849462	98	6182	40704
924	127841069725261459360	127841069725261459360	34492532679244849462	110	6032	40209
925	127841069725261459360	55930468004801888470	18512405417341122622	113	6040	40443
926	70312588348893802648	70312588348893802648	32053478354320411222	107	5747	40071
927	70312588348893802648	27166227316618060114	18512405417341122622	108	5955	42415
928	12784106972526145936	12784106972526145936	7319555381364648226	115	6124	42685
929	12784106972526145936	12784106972526145936	7319555381364648226	115	6773	42382
930	12784106972526145936	12784106972526145936	7319555381364648226	114	6039	39890
931	12784106972526145936	12784106972526145936	7319555381364648226	107	5606	41578
932	9756292163243637688	9756292163243637688	5728291991061021106	97	5667	39509
933	9756292163243637688	8242384758602383564	3413287207042972720	98	5657	39435
934	6728477353961129440	6728477353961129440	3413287207042972720	95	5508	39052
935	6728477353961129440	2943708842357994130	1731290829549107200	97	5514	39046
936	3700662544678621192	3700662544678621192	3240772249727624560	96	5470	38800
937	3700662544678621192	1429801437716740006	1142193459234555916	113	5343	47233
938	672847735396112944	672847735396112944	469345384167182152	102	5645	41336
939	672847735396112944	672847735396112944	469345384167182152	95	5650	41210
940	672847735396112944	672847735396112944	469345384167182152	103	5614	41243
941	672847735396112944	672847735396112944	469345384167182152	103	5627	39528
942	513489061223349352	513489061223349352	385472397760464472	96	5266	39171
943	513489061223349352	433809724136967556	261422856854074618	97	5330	38973
944	354130387050585760	354130387050585760	261422856854074618	97	5126	38587
945	354130387050585760	154932044334631270	99955113766062262	97	5110	38303
946	194771712877822168	194771712877822168	181743519767692822	96	5133	38114
947	194771712877822168	75252707248249474	64542057183568906	95	4990	38169
948	35413038705058576	35413038705058576	29122564724554750	97	5005	37765
949	35413038705058576	35413038705058576	29122564724554750	96	4935	40392
950	35413038705058576	35413038705058576	29122564724554750	97	5409	37922
951	35413038705058576	35413038705058576	29122564724554750	97	4906	37715
952	27025740064386808	27025740064386808	22384845594929230	96	4874	38351
953	27025740064386808	22832090744050924	15855922389329764	96	4939	38361
954	18638441423715040	18638441423715040	15855922389329764	96	4750	37689
955	18638441423715040	8154318122875330	7357620121539640	96	4678	37408
956	10251142783043272	10251142783043272	10030424397762436	98	4730	37167
957	10251142783043272	3960668802539446	3629591224618192	96	4647	36973
958	1863844142371504	1863844142371504	1643125757090668	98	4625	42575
959	1863844142371504	1863844142371504	1643125757090668	126	4650	36370
960	242898032477996772784	242898032477996772784	78395847413841219058	102	6286	42115
961	242898032477996772784	242898032477996772784	78395847413841219058	96	6186	40392
962	185369551101629116072	185369551101629116072	78395847413841219058	93	5943	39928
963	185369551101629116072	142223190069353373538	49627302717144414400	97	6025	39888
964	127841069725261459360	127841069725261459360	49627302717144414400	97	5891	39514
965	127841069725261459360	55930468004801888470	18508217576399346760	96	5889	39496
966	70312588348893802648	70312588348893802648	32971887555473969818	97	5758	39196
967	70312588348893802648	41548347660709974292	18508217576399346760	96	5794	39231
968	12784106972526145936	12784106972526145936	5807860968954762484	95	5746	38990
969	12784106972526145936	12784106972526145936	5807860968954762484	96	5669	38895
970	12784106972526145936	12784106972526145936	5807860968954762484	95	5595	40810
971	12784106972526145936	12784106972526145936	5807860968954762484	97	6266	38937
972	9756292163243637688	9756292163243637688	5807860968954762484	96	5554	39124
973	9756292163243637688	7485431056281756502	4207646867290141462	96	5601	39266
974	6728477353961129440	6728477353961129440	4207646867290141462	96	5450	38879
975	6728477353961129440	2943708842357994130	1731070416867961102	96	5485	38883
976	3700662544678621192	3700662544678621192	3289109576104127644	96	5413	38781
977	3700662544678621192	2186755140037367068	1062630595423509298	95	5408	38487
978	672847735396112944	672847735396112944	389776406273440774	97	5349	38387
979	672847735396112944	672847735396112944	389776406273440774	97	5400	38384
980	672847735396112944	672847735396112944	389776406273440774	96	9049	38477
981	672847735396112944	672847735396112944	389776406273440774	135	28632	38541
982	513489061223349352	513489061223349352	389776406273440774	115	5303	38668
983	513489061223349352	393970055593776658	261294766821619396	96	5293	40781
984	354130387050585760	354130387050585760	261294766821619396	106	5701	42236
985	354130387050585760	154932044334631270	95767594618112440	107	5742	41957
986	194771712877822168	194771712877822168	177549870447356938	106	5761	41850
987	194771712877822168	115092375791440372	60354216241793044	106	5547	41450
988	35413038705058576	35413038705058576	24928915404218866	106	5688	40234
989	35413038705058576	35413038705058576	24928915404218866	105	5342	38015
990	35413038705058576	35413038705058576	24928915404218866	97	4884	37456
991	35413038705058576	35413038705058576	24928915404218866	96	5505	38313
992	27025740064386808	27025740064386808	24818556211578448	95	4877	37556
993	27025740064386808	20735266083882982	15849180808674226	97	4906	37508
994	18638441423715040	18638441423715040	15849180808674226	96	4740	36905
995	18638441423715040	8154318122875330	5273362357104418	97	4747	36749
996	10251142783043272	10251142783043272	9809706012481600	96	4728	36807
997	10251142783043272	6057493462707388	5254698315194098	447	4628	42081
998	1863844142371504	1863844142371504	1532766564450250	115	4614	36101
999	1863844142371504	1863844142371504	1532766564450250	102	4506	36275
1000	242898032477996772784	242898032477996772784	64095503231495854618	95	6279	43538
1001	242898032477996772784	242898032477996772784	64095503231495854618	97	6110	42002
1002	185369551101629116072	185369551101629116072	64095503231495854618	96	6093	41000
1003	185369551101629116072	156605310413445287716	64013727069749304880	97	6219	40598
1004	127841069725261459360	127841069725261459360	64013727069749304880	97	6957	40437
1005	127841069725261459360	55930468004801888470	17755567882591696000	96	5957	40224
1006	70312588348893802648	70312588348893802648	33729067784558437738	96	5793	40191
1007	70312588348893802648	27166227316618060114	17751263874078719698	96	5797	39918
1008	12784106972526145936	12784106972526145936	6604654339818580444	95	5697	40782
1009	12784106972526145936	12784106972526145936	6604654339818580444	96	5812	39902
1010	12784106972526145936	12784106972526145936	6604654339818580444	96	5644	39738
1011	12784106972526145936	12784106972526145936	6604654339818580444	95	5602	40464
1012	9756292163243637688	9756292163243637688	5053114450486943782	103	6260	41216
1013	9756292163243637688	8242384758602383564	4964827096374609382	109	5617	40000
1014	6728477353961129440	6728477353961129440	4964827096374609382	97	5665	39473
1015	6728477353961129440	2943708842357994130	1104567088626868138	96	5482	39690
1016	3700662544678621192	3700662544678621192	3328961167108573324	109	5415	41621
1017	3700662544678621192	1429801437716740006	1022907094451518840	109	5414	39146
1018	672847735396112944	672847735396112944	431712899476799614	96	5278	38828
1019	672847735396112944	672847735396112944	431712899476799614	235	5572	39008
1020	672847735396112944	672847735396112944	431712899476799614	96	5468	39070
1021	672847735396112944	672847735396112944	431712899476799614	97	5324	45750
1022	513489061223349352	513489061223349352	349936737730249876	109	5262	39929
1023	513489061223349352	433809724136967556	301146357826065076	96	5296	39321
1024	354130387050585760	354130387050585760	301146357826065076	95	5107	39016
1025	354130387050585760	154932044334631270	97974778470920800	96	5049	38833
1026	194771712877822168	194771712877822168	179873221871365738	96	5004	38575
1027	194771712877822168	75252707248249474	60348407863233022	96	4927	38134
1028	35413038705058576	35413038705058576	27025740064386808	96	4997	38116
1029	35413038705058576	35413038705058576	27025740064386808	97	4913	37910
1030	35413038705058576	35413038705058576	27025740064386808	97	4918	37803
1031	35413038705058576	35413038705058576	27025740064386808	95	4870	42796
1032	27025740064386808	27025740064386808	20514547698602146	122	4925	38751
1033	27025740064386808	22832090744050924	17946632966802946	102	5333	39441
1034	18638441423715040	18638441423715040	17946632966802946	96	4691	37818
1035	18638441423715040	8154318122875330	5389529928304858	97	4656	37584
1036	10251142783043272	10251142783043272	9809706012481600	96	4676	37364
1037	10251142783043272	3960668802539446	3519232031977774	97	4552	36950
1038	1863844142371504	1863844142371504	1532766564450250	97	4593	36926
1039	1863844142371504	1863844142371504	1532766564450250	96	4516	36670
1040	242898032477996772784	242898032477996772784	107160088102025047414	97	6188	44510
1041	242898032477996772784	242898032477996772784	107160088102025047414	96	6224	42129
1042	185369551101629116072	185369551101629116072	107160088102025047414	97	5866	41983
1043	185369551101629116072	156605310413445287716	107160088102025047414	96	6113	41073
1044	127841069725261459360	127841069725261459360	107160088102025047414	96	5866	41040
1045	127841069725261459360	84694708692985716826	20022124981040600884	96	5926	40654
1046	70312588348893802648	70312588348893802648	20022124981040600884	97	5796	40545
1047	70312588348893802648	55930468004801888470	20022124981040600884	97	5618	40244
1048	12784106972526145936	12784106972526145936	8162705421516001768	96	5598	40032
1049	12784106972526145936	12784106972526145936	8162705421516001768	96	5547	40171
1050	12784106972526145936	12784106972526145936	8162705421516001768	95	5605	40046
1051	12784106972526145936	12784106972526145936	8162705421516001768	96	5455	40113
1052	9756292163243637688	9756292163243637688	8162705421516001768	96	5525	40506
1053	9756292163243637688	8242384758602383564	5852004646010929684	95	5511	40991
1054	6728477353961129440	6728477353961129440	5852004646010929684	96	5954	41236
1055	6728477353961129440	4457616246999248254	1810749753954342898	96	5468	40326
1056	3700662544678621192	3700662544678621192	1810749753954342898	96	5305	39941
1057	3700662544678621192	2943708842357994130	1810749753954342898	97	5419	39526
1058	672847735396112944	672847735396112944	553328729766540250	95	5337	39565
1059	672847735396112944	672847735396112944	553328729766540250	97	5182	39472
1060	672847735396112944	672847735396112944	553328729766540250	96	5175	39316
1061	672847735396112944	672847735396112944	553328729766540250	96	5232	39170
1062	513489061223349352	513489061223349352	469455743359822570	97	5120	39658
1063	513489061223349352	433809724136967556	347839913070081934	96	5100	39609
1064	354130387050585760	354130387050585760	310097069187058978	97	5243	39136
1065	354130387050585760	234611381421013066	135142287172366840	96	5172	40153
1066	194771712877822168	194771712877822168	135142287172366840	146	11250	39296
1067	194771712877822168	154932044334631270	135142287172366840	121	4954	38886
1068	35413038705058576	35413038705058576	31219389384722692	107	4873	38609
1069	35413038705058576	35413038705058576	31219389384722692	102	4983	38605
1070	35413038705058576	35413038705058576	31219389384722692	109	4842	38263
1071	35413038705058576	35413038705058576	31219389384722692	108	4818	38274
1072	27025740064386808	27025740064386808	26805021679105972	109	4797	38474
1073	27025740064386808	22832090744050924	20404188505961728	96	4777	38319
1074	18638441423715040	18638441423715040	16431257570906680	111	4688	45979
1075	18638441423715040	12347967443211214	7480546209912778	124	4766	38068
1076	10251142783043272	10251142783043272	9209576616608302	103	4554	37962
1077	10251142783043272	8154318122875330	7480546209912778	108	4511	37460
1078	1863844142371504	1863844142371504	1753484949731086	96	4522	37176
1079	1863844142371504	1863844142371504	1753484949731086	107	4407	37051
1080	242898032477996772784	242898032477996772784	77548154594157967534	108	6454	41594
1081	242898032477996772784	242898032477996772784	77548154594157967534	96	6196	39266
1082	185369551101629116072	185369551101629116072	77548154594157967534	96	6043	38881
1083	185369551101629116072	156605310413445287716	77548154594157967534	96	6115	38328
1084	127841069725261459360	127841069725261459360	77548154594157967534	96	5969	37832
1085	127841069725261459360	55930468004801888470	18463602164837070364	96	5870	37936
1086	70312588348893802648	70312588348893802648	18463602164837070364	96	5830	37637
1087	70312588348893802648	41548347660709974292	18463602164837070364	96	5772	37418
1088	12784106972526145936	12784106972526145936	5681708489305509928	95	5646	37335
1089	12784106972526145936	12784106972526145936	5681708489305509928	97	5681	37400
1090	12784106972526145936	12784106972526145936	5681708489305509928	96	5665	37342
1091	12784106972526145936	12784106972526145936	5681708489305509928	97	5595	37281
1092	9756292163243637688	9756292163243637688	5681708489305509928	96	5578	37779
1093	9756292163243637688	8242384758602383564	5681708489305509928	110	5525	37443
1094	6728477353961129440	6728477353961129440	5681708489305509928	96	5544	37124
1095	6728477353961129440	2943708842357994130	1728722237312051818	96	5432	37852
1096	3700662544678621192	3700662544678621192	1728722237312051818	95	6001	37839
1097	3700662544678621192	2186755140037367068	1728722237312051818	96	5480	36649
1098	672847735396112944	672847735396112944	425195898732454930	95	5388	36464
1099	672847735396112944	672847735396112944	425195898732454930	96	5342	36473
1100	672847735396112944	672847735396112944	425195898732454930	96	5334	36483
1101	672847735396112944	672847735396112944	425195898732454930	96	5384	44027
1102	513489061223349352	513489061223349352	425195898732454930	124	5332	37170
1103	513489061223349352	433809724136967556	338876957454007210	108	5228	36985
1104	354130387050585760	354130387050585760	338876957454007210	112	5182	36465
1105	354130387050585760	154932044334631270	95418141765898444	110	5178	36095
1106	194771712877822168	194771712877822168	130825049454351520	110	5115	36050
1107	194771712877822168	115092375791440372	95418141765898444	102	5028	42335
1108	35413038705058576	35413038705058576	29012205531914332	108	4965	35570
1109	35413038705058576	35413038705058576	29012205531914332	96	4961	35357
1110	35413038705058576	35413038705058576	29012205531914332	95	4943	35500
1111	35413038705058576	35413038705058576	29012205531914332	97	4979	35279
1112	27025740064386808	27025740064386808	24475556172402412	97	4856	36468
1113	27025740064386808	22832090744050924	18074722999258168	97	4919	35828
1114	18638441423715040	18638441423715040	18074722999258168	102	4818	35743
1115	18638441423715040	8154318122875330	5371477294664014	96	4746	35295
1116	10251142783043272	10251142783043272	8982353578818022	97	4635	34826
1117	10251142783043272	6057493462707388	5371477294664014	96	4611	34482
1118	1863844142371504	1863844142371504	1753484949731086	97	4588	37780
1119	1863844142371504	1863844142371504	1753484949731086	97	4554	35837
1120	190467428074477324030300457070602126550443335176	190467428074477324030300457070602126550443335176	190467428074477324030300457070602126550443335176	164	13155	201990
1121	190467428074477324030300457070602126550443335176	190467428074477324030300457070602126550443335176	190467428074477324030300457070602126550443335176	192	12836	162366
1122	143331549409581420608660444967271297252606348188	143331549409581420608660444967271297252606348188	9779893192376360914013744007833947575401551722	166	12537	158684
1123	143331549409581420608660444967271297252606348188	143331549409581420608660444967271297252606348188	9779893192376360914013744007833947575401551722	173	12565	157115
1124	96195670744685517187020432863940467954769361200	96195670744685517187020432863940467954769361200	9779893192376360914013744007833947575401551722	160	12426	166218
1125	96195670744685517187020432863940467954769361200	96195670744685517187020432863940467954769361200	9779893192376360914013744007833947575401551722	180	12628	156913
1126	49059792079789613765380420760609638656932374212	49059792079789613765380420760609638656932374212	9779893192376360914013744007833947575401551722	161	12324	154742
1127	49059792079789613765380420760609638656932374212	49059792079789613765380420760609638656932374212	9779893192376360914013744007833947575401551722	152	12110	152812
1128	1923913414893710343740408657278809359095387224	1923913414893710343740408657278809359095387224	178140131008676883679667468266556422138461780	151	12153	152697
1129	1923913414893710343740408657278809359095387224	1923913414893710343740408657278809359095387224	178140131008676883679667468266556422138461780	152	12081	151272
1130	1923913414893710343740408657278809359095387224	1923913414893710343740408657278809359095387224	178140131008676883679667468266556422138461780	151	12291	154701
1131	1923913414893710343740408657278809359095387224	1923913414893710343740408657278809359095387224	178140131008676883679667468266556422138461780	152	12190	150925
1132	1447793428379610309178388333002740376288953012	1447793428379610309178388333002740376288953012	178140131008676883679667468266556422138461780	152	11986	151283
1133	1447793428379610309178388333002740376288953012	1447793428379610309178388333002740376288953012	178140131008676883679667468266556422138461780	152	11988	159127
1134	971673441865510274616368008726671393482518800	971673441865510274616368008726671393482518800	178140131008676883679667468266556422138461780	167	11951	159500
1135	971673441865510274616368008726671393482518800	971673441865510274616368008726671393482518800	178140131008676883679667468266556422138461780	168	12366	150723
1136	495553455351410240054347684450602410676084588	495553455351410240054347684450602410676084588	178140131008676883679667468266556422138461780	156	11999	153324
1137	495553455351410240054347684450602410676084588	495553455351410240054347684450602410676084588	178140131008676883679667468266556422138461780	152	12259	149541
1138	19433468837310205492327360174533427869650376	19433468837310205492327360174533427869650376	2600944061559194169427651740530989083564318	151	11771	153297
1139	19433468837310205492327360174533427869650376	19433468837310205492327360174533427869650376	2600944061559194169427651740530989083564318	151	11798	152099
1140	19433468837310205492327360174533427869650376	19433468837310205492327360174533427869650376	2600944061559194169427651740530989083564318	145	11635	150534
1141	19433468837310205492327360174533427869650376	19433468837310205492327360174533427869650376	2600944061559194169427651740530989083564318	152	11705	149760
1142	14624176044238487971498872050532731073625788	14624176044238487971498872050532731073625788	2600944061559194169427651740530989083564318	152	11597	153510
1143	14624176044238487971498872050532731073625788	14624176044238487971498872050532731073625788	2600944061559194169427651740530989083564318	152	11587	149558
1144	9814883251166770450670383926532034277601200	9814883251166770450670383926532034277601200	2600944061559194169427651740530989083564318	152	11410	148474
1145	9814883251166770450670383926532034277601200	9814883251166770450670383926532034277601200	2600944061559194169427651740530989083564318	170	11438	150480
1146	5005590458095052929841895802531337481576612	5005590458095052929841895802531337481576612	2600944061559194169427651740530989083564318	168	11465	148058
1147	5005590458095052929841895802531337481576612	5005590458095052929841895802531337481576612	2600944061559194169427651740530989083564318	152	11304	151798
1148	196297665023335409013407678530640685552024	196297665023335409013407678530640685552024	34368614751560408312111782099640793429984	196	11208	153294
1149	196297665023335409013407678530640685552024	196297665023335409013407678530640685552024	34368614751560408312111782099640793429984	152	11968	147613
1150	196297665023335409013407678530640685552024	196297665023335409013407678530640685552024	34368614751560408312111782099640793429984	152	11896	148755
1151	196297665023335409013407678530640685552024	196297665023335409013407678530640685552024	34368614751560408312111782099640793429984	152	11306	147739
1152	147718949941802908803018909601340717915412	147718949941802908803018909601340717915412	34368614751560408312111782099640793429984	153	11152	147814
1153	147718949941802908803018909601340717915412	147718949941802908803018909601340717915412	34368614751560408312111782099640793429984	152	11033	147620
1154	99140234860270408592630140672040750278800	99140234860270408592630140672040750278800	34368614751560408312111782099640793429984	151	10988	150503
1155	99140234860270408592630140672040750278800	99140234860270408592630140672040750278800	34368614751560408312111782099640793429984	152	11132	146980
1156	50561519778737908382241371742740782642188	50561519778737908382241371742740782642188	34368614751560408312111782099640793429984	151	11012	154000
1157	50561519778737908382241371742740782642188	50561519778737908382241371742740782642188	34368614751560408312111782099640793429984	166	10880	148680
1158	1982804697205408171852602813440815005576	1982804697205408171852602813440815005576	428940073385345033809864413345361495314	157	11049	145921
1159	1982804697205408171852602813440815005576	1982804697205408171852602813440815005576	428940073385345033809864413345361495314	141	10782	145855
1160	190467428074477324030300457070602126550443335176	190467428074477324030300457070602126550443335176	190467428074477324030300457070602126550443335176	142	12936	161830
1161	190467428074477324030300457070602126550443335176	190467428074477324030300457070602126550443335176	190467428074477324030300457070602126550443335176	152	12945	164905
1162	143331549409581420608660444967271297252606348188	143331549409581420608660444967271297252606348188	9779893192376360914013744007833947575401551722	156	12610	158489
1163	143331549409581420608660444967271297252606348188	143331549409581420608660444967271297252606348188	9779893192376360914013744007833947575401551722	152	12448	161037
1164	96195670744685517187020432863940467954769361200	96195670744685517187020432863940467954769361200	9779893192376360914013744007833947575401551722	151	12340	153908
1165	96195670744685517187020432863940467954769361200	96195670744685517187020432863940467954769361200	9779893192376360914013744007833947575401551722	146	12442	161752
1166	49059792079789613765380420760609638656932374212	49059792079789613765380420760609638656932374212	9779893192376360914013744007833947575401551722	166	13287	152296
1167	49059792079789613765380420760609638656932374212	49059792079789613765380420760609638656932374212	9779893192376360914013744007833947575401551722	152	12352	151517
1168	1923913414893710343740408657278809359095387224	1923913414893710343740408657278809359095387224	178140131008676883679667468266556422138461780	152	12157	163349
1169	1923913414893710343740408657278809359095387224	1923913414893710343740408657278809359095387224	178140131008676883679667468266556422138461780	160	12890	166053
1170	1923913414893710343740408657278809359095387224	1923913414893710343740408657278809359095387224	178140131008676883679667468266556422138461780	165	12773	164097
1171	1923913414893710343740408657278809359095387224	1923913414893710343740408657278809359095387224	178140131008676883679667468266556422138461780	258	13091	156371
1172	1447793428379610309178388333002740376288953012	1447793428379610309178388333002740376288953012	178140131008676883679667468266556422138461780	145	11894	151142
1173	1447793428379610309178388333002740376288953012	1447793428379610309178388333002740376288953012	178140131008676883679667468266556422138461780	152	11796	150571
1174	971673441865510274616368008726671393482518800	971673441865510274616368008726671393482518800	178140131008676883679667468266556422138461780	154	11691	150507
1175	971673441865510274616368008726671393482518800	971673441865510274616368008726671393482518800	178140131008676883679667468266556422138461780	152	11790	158643
1176	495553455351410240054347684450602410676084588	495553455351410240054347684450602410676084588	178140131008676883679667468266556422138461780	168	11608	150136
1177	495553455351410240054347684450602410676084588	495553455351410240054347684450602410676084588	178140131008676883679667468266556422138461780	166	11950	152901
1178	19433468837310205492327360174533427869650376	19433468837310205492327360174533427869650376	2600944061559194169427651740530989083564318	152	11621	149037
1179	19433468837310205492327360174533427869650376	19433468837310205492327360174533427869650376	2600944061559194169427651740530989083564318	149	11982	149992
1180	19433468837310205492327360174533427869650376	19433468837310205492327360174533427869650376	2600944061559194169427651740530989083564318	159	11490	149720
1181	19433468837310205492327360174533427869650376	19433468837310205492327360174533427869650376	2600944061559194169427651740530989083564318	152	11647	149164
1182	14624176044238487971498872050532731073625788	14624176044238487971498872050532731073625788	2600944061559194169427651740530989083564318	144	11420	148532
1183	14624176044238487971498872050532731073625788	14624176044238487971498872050532731073625788	2600944061559194169427651740530989083564318	153	11375	152316
1184	9814883251166770450670383926532034277601200	9814883251166770450670383926532034277601200	2600944061559194169427651740530989083564318	151	11440	148947
1185	9814883251166770450670383926532034277601200	9814883251166770450670383926532034277601200	2600944061559194169427651740530989083564318	145	11188	151318
1186	5005590458095052929841895802531337481576612	5005590458095052929841895802531337481576612	2600944061559194169427651740530989083564318	153	11276	158782
1187	5005590458095052929841895802531337481576612	5005590458095052929841895802531337481576612	2600944061559194169427651740530989083564318	164	11076	164659
1188	196297665023335409013407678530640685552024	196297665023335409013407678530640685552024	34368614751560408312111782099640793429984	166	10990	148751
1189	196297665023335409013407678530640685552024	196297665023335409013407678530640685552024	34368614751560408312111782099640793429984	151	11398	151003
1190	196297665023335409013407678530640685552024	196297665023335409013407678530640685552024	34368614751560408312111782099640793429984	145	11303	147472
1191	196297665023335409013407678530640685552024	196297665023335409013407678530640685552024	34368614751560408312111782099640793429984	152	11682	147453
1192	147718949941802908803018909601340717915412	147718949941802908803018909601340717915412	34368614751560408312111782099640793429984	147	11003	148351
1193	147718949941802908803018909601340717915412	147718949941802908803018909601340717915412	34368614751560408312111782099640793429984	152	10912	148455
1194	99140234860270408592630140672040750278800	99140234860270408592630140672040750278800	34368614751560408312111782099640793429984	147	10880	148539
1195	99140234860270408592630140672040750278800	99140234860270408592630140672040750278800	34368614751560408312111782099640793429984	152	11052	149899
1196	50561519778737908382241371742740782642188	50561519778737908382241371742740782642188	34368614751560408312111782099640793429984	143	10690	147031
1197	50561519778737908382241371742740782642188	50561519778737908382241371742740782642188	34368614751560408312111782099640793429984	153	10752	153758
1198	1982804697205408171852602813440815005576	1982804697205408171852602813440815005576	428940073385345033809864413345361495314	160	10644	145961
1199	1982804697205408171852602813440815005576	1982804697205408171852602813440815005576	428940073385345033809864413345361495314	152	10796	145841
1200	190467428074477324030300457070602126550443335176	190467428074477324030300457070602126550443335176	47863840460025542682154345272743382000958628592	140	13165	166946
1201	190467428074477324030300457070602126550443335176	190467428074477324030300457070602126550443335176	47863840460025542682154345272743382000958628592	139	13061	161347
1202	143331549409581420608660444967271297252606348188	143331549409581420608660444967271297252606348188	47862221253800115115118123125842598500214717992	151	12835	158005
1203	143331549409581420608660444967271297252606348188	111907630299650818327567103565050744387381690196	47862221253800115115118123125842598500214717992	145	12871	157229
1204	96195670744685517187020432863940467954769361200	96195670744685517187020432863940467954769361200	47862221253800115115118123125842598500214717992	136	12724	155563
1205	96195670744685517187020432863940467954769361200	41203812302306963195107085410054500440626209714	8339452913442504536759742878562647125406756706	137	12729	155311
1206	49059792079789613765380420760609638656932374212	49059792079789613765380420760609638656932374212	23889409562007884002085115694620502288765631706	154	12654	157624
1207	49059792079789613765380420760609638656932374212	17635872969859011484287079358389085791707716220	8339436557824065874466447705361629110247727306	135	13799	155385
1208	1923913414893710343740408657278809359095387224	1923913414893710343740408657278809359095387224	964418773414120229226694623072260828756387310	144	12521	160861
1209	1923913414893710343740408657278809359095387224	1923913414893710343740408657278809359095387224	964418773414120229226694623072260828756387310	152	12391	155622
1210	1923913414893710343740408657278809359095387224	1923913414893710343740408657278809359095387224	964418773414120229226694623072260828756387310	136	12381	153187
1211	1923913414893710343740408657278809359095387224	1923913414893710343740408657278809359095387224	964418773414120229226694623072260828756387310	132	19424	151335
1212	1447793428379610309178388333002740376288953012	1447793428379610309178388333002740376288953012	643782980014714257745720751357125656690658710	136	12233	159862
1213	1447793428379610309178388333002740376288953012	1130380104036876952803708116818694387751330204	643782980014714257745720751357125656690658710	153	12348	151471
1214	971673441865510274616368008726671393482518800	971673441865510274616368008726671393482518800	643782980014714257745720751357125656690658710	133	12238	150151
1215	971673441865510274616368008726671393482518800	416200124265726900960677630404590913541678886	163590229201264193000334123526442276178918396	152	12384	149969
1216	495553455351410240054347684450602410676084588	495553455351410240054347684450602410676084588	401633616502694554152513250333123479642024996	154	12230	149282
1217	495553455351410240054347684450602410676084588	178140131008676883679667468266556422138461780	163590063992997135805452354100169366934887796	140	11900	149296
1218	19433468837310205492327360174533427869650376	19433468837310205492327360174533427869650376	12980266559643922417831268311115779445986188	148	11905	157537
1219	19433468837310205492327360174533427869650376	19433468837310205492327360174533427869650376	12980266559643922417831268311115779445986188	153	11938	148093
1220	19433468837310205492327360174533427869650376	19433468837310205492327360174533427869650376	12980266559643922417831268311115779445986188	150	11833	147769
1221	19433468837310205492327360174533427869650376	19433468837310205492327360174533427869650376	12980266559643922417831268311115779445986188	132	11859	147891
1222	14624176044238487971498872050532731073625788	14624176044238487971498872050532731073625788	8130408903915595678722679122230223225724188	151	11907	149144
1223	14624176044238487971498872050532731073625788	11417980848857342957613213301198933209609396	8130408903915595678722679122230223225724188	141	11864	148854
1224	9814883251166770450670383926532034277601200	9814883251166770450670383926532034277601200	8130408903915595678722679122230223225724188	145	11738	150537
1225	9814883251166770450670383926532034277601200	4204041659249766676370481115197888015572514	1701497635790166449318780259583974825157506	151	11698	147611
1226	5005590458095052929841895802531337481576612	5005590458095052929841895802531337481576612	4106062241717402663171876552797521291209706	152	11641	147103
1227	5005590458095052929841895802531337481576612	1799395262713907915956237053197539617560220	1701497635790166449318780259583974825157506	152	11507	146942
1228	196297665023335409013407678530640685552024	196297665023335409013407678530640685552024	147471950727277550547689415299571158851314	153	18086	149570
1229	196297665023335409013407678530640685552024	196297665023335409013407678530640685552024	147471950727277550547689415299571158851314	166	11342	146633
1230	196297665023335409013407678530640685552024	196297665023335409013407678530640685552024	147471950727277550547689415299571158851314	167	11351	149428
1231	196297665023335409013407678530640685552024	196297665023335409013407678530640685552024	147471950727277550547689415299571158851314	146	11366	146152
1232	147718949941802908803018909601340717915412	147718949941802908803018909601340717915412	90221794977382645779738321308723966583114	139	11519	149958
1233	147718949941802908803018909601340717915412	115333139887447908662759730315140739491004	90221794977382645779738321308723966583114	153	11521	150401
1234	99140234860270408592630140672040750278800	99140234860270408592630140672040750278800	90221794977382645779738321308723966583114	133	11251	147528
1235	99140234860270408592630140672040750278800	42465067265149158347176576921190788036086	25283297319550027300911060069872972637996	141	11371	153445
1236	50561519778737908382241371742740782642188	50561519778737908382241371742740782642188	49161222972503623072353334374403979494914	145	11193	150119
1237	50561519778737908382241371742740782642188	18175709724382908241982192456540804217780	17517286882053933333860970962466970075992	140	11168	146622
1238	1982804697205408171852602813440815005576	1982804697205408171852602813440815005576	1655675302716973827001499992368087950784	144	10979	152027
1239	1982804697205408171852602813440815005576	1982804697205408171852602813440815005576	1655675302716973827001499992368087950784	153	10935	153470
1240	190467428074477324030300457070602126550443335176	190467428074477324030300457070602126550443335176	55716573149469475250337222630441444866055774294	151	13166	160880
1241	190467428074477324030300457070602126550443335176	190467428074477324030300457070602126550443335176	55716573149469475250337222630441444866055774294	145	13227	156426
1242	143331549409581420608660444967271297252606348188	143331549409581420608660444967271297252606348188	55716573149469475250337222630441444866055774294	154	12912	158181
1243	143331549409581420608660444967271297252606348188	119763610077133468897840438915605882603687854694	55716573149469475250337222630441444866055774294	154	12760	154252
1244	96195670744685517187020432863940467954769361200	96195670744685517187020432863940467954769361200	55716573149469475250337222630441444866055774294	152	12579	153374
1245	96195670744685517187020432863940467954769361200	41203812302306963195107085410054500440626209714	8418773445659109916236337599347476043236020804	148	12633	153436
1246	49059792079789613765380420760609638656932374212	49059792079789613765380420760609638656932374212	16354106554227443825603343003948625756676591004	157	12559	151827
1247	49059792079789613765380420760609638656932374212	33347832524824312624833750059499362224320045216	8418773445659109916236337599347476043236020804	144	12437	149988
1248	1923913414893710343740408657278809359095387224	1923913414893710343740408657278809359095387224	963584673571666112409954269950002395459771808	154	12399	158439
1249	1923913414893710343740408657278809359095387224	1923913414893710343740408657278809359095387224	963584673571666112409954269950002395459771808	167	12329	150420
1250	1923913414893710343740408657278809359095387224	1923913414893710343740408657278809359095387224	963584673571666112409954269950002395459771808	158	12411	149459
1251	1923913414893710343740408657278809359095387224	1923913414893710343740408657278809359095387224	963584673571666112409954269950002395459771808	160	12334	148747
1252	1447793428379610309178388333002740376288953012	1447793428379610309178388333002740376288953012	963584673571666112409954269950002395459771808	144	12296	150477
1253	1447793428379610309178388333002740376288953012	1209733435122560291897378170864705884885735906	963584673571666112409954269950002395459771808	153	12253	149732
1254	971673441865510274616368008726671393482518800	971673441865510274616368008726671393482518800	642146999262142685056672302838349324064262008	144	13154	149044
1255	971673441865510274616368008726671393482518800	416200124265726900960677630404590913541678886	164391446698401621075855282322248628884264498	153	12153	148178
1256	495553455351410240054347684450602410676084588	495553455351410240054347684450602410676084588	244546326582930246422996751055593575484674298	152	12012	147847
1257	495553455351410240054347684450602410676084588	336846793180043561867007576358579416407273184	164391446698401621075855282322248628884264498	153	11895	175964
1258	19433468837310205492327360174533427869650376	19433468837310205492327360174533427869650376	11377169804726251740596347057084145495751090	152	12049	175992
1259	19433468837310205492327360174533427869650376	19433468837310205492327360174533427869650376	11377169804726251740596347057084145495751090	169	12090	154479
1260	19433468837310205492327360174533427869650376	19433468837310205492327360174533427869650376	11377169804726251740596347057084145495751090	154	12384	147129
1261	19433468837310205492327360174533427869650376	19433468837310205492327360174533427869650376	11377169804726251740596347057084145495751090	139	11832	146616
1262	14624176044238487971498872050532731073625788	14624176044238487971498872050532731073625788	11377169804726251740596347057084145495751090	149	11693	147489
1263	14624176044238487971498872050532731073625788	12219529647702629211084627988532382675613494	10534727319771206580844690141373877702971490	138	11815	157544
1264	9814883251166770450670383926532034277601200	9814883251166770450670383926532034277601200	6502693968004009063382422320241980389132694	175	11699	147645
1265	9814883251166770450670383926532034277601200	4204041659249766676370481115197888015572514	2462068462465504648177023599679395212309800	144	11731	149751
1266	5005590458095052929841895802531337481576612	5005590458095052929841895802531337481576612	3271713713824379651683503081834394672920000	152	11588	146958
1267	5005590458095052929841895802531337481576612	3402492860404480422899066427864438549568416	2462068462465504648177023599679395212309800	153	11781	145983
1268	196297665023335409013407678530640685552024	196297665023335409013407678530640685552024	131362480217381191560463768547704365175812	141	11453	145041
1269	196297665023335409013407678530640685552024	196297665023335409013407678530640685552024	131362480217381191560463768547704365175812	156	11335	152776
1270	196297665023335409013407678530640685552024	196297665023335409013407678530640685552024	131362480217381191560463768547704365175812	168	11449	146736
1271	196297665023335409013407678530640685552024	196297665023335409013407678530640685552024	131362480217381191560463768547704365175812	151	11445	148182
1272	147718949941802908803018909601340717915412	147718949941802908803018909601340717915412	123017359632035737313815775196137322846012	162	11406	147152
1273	147718949941802908803018909601340717915412	123429592401036658697824525136690734097106	106824454604858237243686185553037333633808	149	11438	145996
1274	99140234860270408592630140672040750278800	99140234860270408592630140672040750278800	66096844991048161309723884329482815312204	151	11311	147014
1275	99140234860270408592630140672040750278800	42465067265149158347176576921190788036086	25282437687784505418669874256920204024098	150	11277	144336
1276	50561519778737908382241371742740782642188	50561519778737908382241371742740782642188	41144065784542079850049674436038829686102	160	11184	145795
1277	50561519778737908382241371742740782642188	34368614751560408312111782099640793429984	25282437687784505418669874256920204024098	154	10966	148143
1278	1982804697205408171852602813440815005576	1982804697205408171852602813440815005576	1573892954094865240788724287099906187086	147	11123	143749
1279	1982804697205408171852602813440815005576	1982804697205408171852602813440815005576	1573892954094865240788724287099906187086	152	10979	143082
1280	190467428074477324030300457070602126550443335176	190467428074477324030300457070602126550443335176	39922855697152134023641660639232934076861975098	141	12968	155940
1281	190467428074477324030300457070602126550443335176	190467428074477324030300457070602126550443335176	39922855697152134023641660639232934076861975098	132	12933	163981
1282	143331549409581420608660444967271297252606348188	143331549409581420608660444967271297252606348188	31987514326905991199028569911975663749107765298	166	12779	154475
1283	143331549409581420608660444967271297252606348188	111907630299650818327567103565050744387381690196	31987514326905991199028569911975663749107765298	152	12726	154612
1284	96195670744685517187020432863940467954769361200	96195670744685517187020432863940467954769361200	31987514326905991199028569911975663749107765298	158	12621	150277
1285	96195670744685517187020432863940467954769361200	17635872969859011484287079358389085791707716220	8259240946140752934148503639840319368597699600	151	12540	150230
1286	49059792079789613765380420760609638656932374212	49059792079789613765380420760609638656932374212	24130716725077488628742121076780772576613049800	151	12567	149637
1287	49059792079789613765380420760609638656932374212	9779893192376360914013744007833947575401551722	8179085982804933309657462319362973203670889400	151	12354	149405
1288	1923913414893710343740408657278809359095387224	1923913414893710343740408657278809359095387224	564405111729418439495227419036272867544350604	151	12446	148392
1289	1923913414893710343740408657278809359095387224	1923913414893710343740408657278809359095387224	564405111729418439495227419036272867544350604	152	12450	156108
1290	1923913414893710343740408657278809359095387224	1923913414893710343740408657278809359095387224	564405111729418439495227419036272867544350604	152	12257	156575
1291	1923913414893710343740408657278809359095387224	1923913414893710343740408657278809359095387224	564405111729418439495227419036272867544350604	155	12177	148329
1292	1447793428379610309178388333002740376288953012	1447793428379610309178388333002740376288953012	564396850877694705136286955562487049954640404	153	12350	151359
1293	1447793428379610309178388333002740376288953012	1130380104036876952803708116818694387751330204	564396850877694705136286955562487049954640404	143	12504	148989
1294	971673441865510274616368008726671393482518800	971673441865510274616368008726671393482518800	564396850877694705136286955562487049954640404	135	12247	147362
1295	971673441865510274616368008726671393482518800	178140131008676883679667468266556422138461780	85054392820323929391601644137286980644954698	139	12073	149862
1296	495553455351410240054347684450602410676084588	495553455351410240054347684450602410676084588	403252824354833061700832947797344045518785702	139	12101	147673
1297	495553455351410240054347684450602410676084588	98786799922993544585997414220544925004056078	85054309377377225004137599051693184507684898	140	12002	147281
1298	19433468837310205492327360174533427869650376	19433468837310205492327360174533427869650376	8130328773735632602633157513710920057733494	140	11871	147044
1299	19433468837310205492327360174533427869650376	19433468837310205492327360174533427869650376	8130328773735632602633157513710920057733494	138	11918	147594
1300	19433468837310205492327360174533427869650376	19433468837310205492327360174533427869650376	8130328773735632602633157513710920057733494	139	11742	146192
1301	19433468837310205492327360174533427869650376	19433468837310205492327360174533427869650376	8130328773735632602633157513710920057733494	140	11723	148133
1302	14624176044238487971498872050532731073625788	14624176044238487971498872050532731073625788	7320682687948141926148551179441796852793494	140	11756	155736
1303	14624176044238487971498872050532731073625788	11417980848857342957613213301198933209609396	7320350576760258026066716745696954476263294	158	11955	147164
1304	9814883251166770450670383926532034277601200	9814883251166770450670383926532034277601200	7320350576760258026066716745696954476263294	151	11723	148619
1305	9814883251166770450670383926532034277601200	1799395262713907915956237053197539617560220	883673331913322946427305167269923405981204	135	11576	149005
1306	5005590458095052929841895802531337481576612	5005590458095052929841895802531337481576612	4874809650914307078732353553973288309628196	142	11687	148732
1307	5005590458095052929841895802531337481576612	997846463868621662484822365864090151556122	875495088622540212321400052782356504921204	140	24967	148705
1308	196297665023335409013407678530640685552024	196297665023335409013407678530640685552024	114921749891348816986659101009852310013008	138	11352	145568
1309	196297665023335409013407678530640685552024	196297665023335409013407678530640685552024	114921749891348816986659101009852310013008	138	11320	144953
1310	196297665023335409013407678530640685552024	196297665023335409013407678530640685552024	114921749891348816986659101009852310013008	138	11402	145036
1311	196297665023335409013407678530640685552024	196297665023335409013407678530640685552024	114921749891348816986659101009852310013008	139	11384	145155
1312	147718949941802908803018909601340717915412	147718949941802908803018909601340717915412	90303585586005192340886090095525898543208	132	18734	149459
1313	147718949941802908803018909601340717915412	115333139887447908662759730315140739491004	82122029611915494718790175231259298408106	151	11547	150053
1314	99140234860270408592630140672040750278800	99140234860270408592630140672040750278800	82039387632379235146849812454852565073408	138	11492	146961
1315	99140234860270408592630140672040750278800	18175709724382908241982192456540804217780	9257278270067020913717917053972745212294	139	11393	146854
1316	50561519778737908382241371742740782642188	50561519778737908382241371742740782642188	49489178113309954606165684154314134906102	158	15618	148111
1317	50561519778737908382241371742740782642188	10079257210794158206917397634990809611678	9257278270067020913717917053972745212294	152	11236	144858
1318	1982804697205408171852602813440815005576	1982804697205408171852602813440815005576	1326885395283350255677961464189109679690	140	10972	144517
1319	1982804697205408171852602813440815005576	1982804697205408171852602813440815005576	1326885395283350255677961464189109679690	131	10933	147638
1320	190467428074477324030300457070602126550443335176	190467428074477324030300457070602126550443335176	31908161080089339745209508762197580844834558796	133	13267	152558
1321	190467428074477324030300457070602126550443335176	190467428074477324030300457070602126550443335176	31908161080089339745209508762197580844834558796	152	13113	149150
1322	143331549409581420608660444967271297252606348188	143331549409581420608660444967271297252606348188	31908161080089339745209508762197580844834558796	140	13009	148037
1323	143331549409581420608660444967271297252606348188	111907630299650818327567103565050744387381690196	31908161080080824316303167696802182484068118396	139	12938	154791
1324	96195670744685517187020432863940467954769361200	96195670744685517187020432863940467954769361200	31908161080080824316303167696802182484068118396	149	12788	147988
1325	96195670744685517187020432863940467954769361200	25491852747341662054560414708944224008013880718	8178284434857290365679492004718750144031766102	136	12631	149709
1326	49059792079789613765380420760609638656932374212	49059792079789613765380420760609638656932374212	23970398705290965107662445603106734012151288102	150	12608	168594
1327	49059792079789613765380420760609638656932374212	9779893192376360914013744007833947575401551722	8178284434857204351246094620219806726246246502	152	12483	145412
1328	1923913414893710343740408657278809359095387224	1923913414893710343740408657278809359095387224	642940617659853187201510742577011456144537106	140	12576	143940
1329	1923913414893710343740408657278809359095387224	1923913414893710343740408657278809359095387224	642940617659853187201510742577011456144537106	140	12332	146245
1330	1923913414893710343740408657278809359095387224	1923913414893710343740408657278809359095387224	642940617659853187201510742577011456144537106	132	12379	144142
1331	1923913414893710343740408657278809359095387224	1923913414893710343740408657278809359095387224	642940617659853187201510742577011456144537106	139	12232	151557
1332	1447793428379610309178388333002740376288953012	1447793428379610309178388333002740376288953012	642940617659853187201510742577011456144537106	153	12148	143766
1333	1447793428379610309178388333002740376288953012	1130380104036876952803708116818694387751330204	483440419690778657904039587338160021461137906	140	12197	149935
1334	971673441865510274616368008726671393482518800	971673441865510274616368008726671393482518800	483440419690778657904039587338160021461137906	153	12059	143758
1335	971673441865510274616368008726671393482518800	257493462094360222773337522312567919272867482	85847680759015189469442889829617673459097996	141	12205	142987
1336	495553455351410240054347684450602410676084588	495553455351410240054347684450602410676084588	401633450417595450376795821800636585271697200	139	12054	142337
1337	495553455351410240054347684450602410676084588	98786799922993544585997414220544925004056078	85847680759015189469442889829617673459097996	140	12046	144566
1338	19433468837310205492327360174533427869650376	19433468837310205492327360174533427869650376	8121983644637429554147035700958996803466592	152	12066	141587
1339	19433468837310205492327360174533427869650376	19433468837310205492327360174533427869650376	8121983644637429554147035700958996803466592	152	11938	141484
1340	19433468837310205492327360174533427869650376	19433468837310205492327360174533427869650376	8121983644637429554147035700958996803466592	152	11855	141760
1341	19433468837310205492327360174533427869650376	19433468837310205492327360174533427869650376	8121983644637429554147035700958996803466592	151	11810	140952
1342	14624176044238487971498872050532731073625788	14624176044238487971498872050532731073625788	8121983644637429554147035700958996803466592	139	11681	147993
1343	14624176044238487971498872050532731073625788	11417980848857342957613213301198933209609396	6502608847599489872205632218178499642995592	161	11848	154886
1344	9814883251166770450670383926532034277601200	9814883251166770450670383926532034277601200	6502608847599489872205632218178499642995592	161	11708	142468
1345	9814883251166770450670383926532034277601200	2600944061559194169427651740530989083564318	1668697089340389177405181251268981521146502	147	11755	140462
1346	5005590458095052929841895802531337481576612	5005590458095052929841895802531337481576612	4089619816906128867146451836594978628757902	148	11657	140442
1347	5005590458095052929841895802531337481576612	997846463868621662484822365864090151556122	883589037680007764119364542898691857958306	154	11585	140397
1348	196297665023335409013407678530640685552024	196297665023335409013407678530640685552024	98480985933611917436163335584984409250510	140	11322	139863
1349	196297665023335409013407678530640685552024	196297665023335409013407678530640685552024	98480985933611917436163335584984409250510	134	11356	143408
1350	196297665023335409013407678530640685552024	196297665023335409013407678530640685552024	98480985933611917436163335584984409250510	152	11555	140021
1351	196297665023335409013407678530640685552024	196297665023335409013407678530640685552024	98480985933611917436163335584984409250510	133	11315	140728
1352	147718949941802908803018909601340717915412	147718949941802908803018909601340717915412	98480985933611917436163335584984409250510	148	11650	143142
1353	147718949941802908803018909601340717915412	115333139887447908662759730315140739491004	74025551810022344364185129867803925750604	151	11549	142927
1354	99140234860270408592630140672040750278800	99140234860270408592630140672040750278800	74025551810022344364185129867803925750604	136	11564	145347
1355	99140234860270408592630140672040750278800	26272162237971658277046987278090798823882	17021594308336303207987668992243851757196	132	11508	149240
1356	50561519778737908382241371742740782642188	50561519778737908382241371742740782642188	49159545345239948570157086571506056562310	154	12850	158769
1357	50561519778737908382241371742740782642188	10079257210794158206917397634990809611678	9091209947261597685935131544630645204592	152	11914	143546
1358	1982804697205408171852602813440815005576	1982804697205408171852602813440815005576	1159991159291160390833719239084031782588	139	11135	140479
1359	1982804697205408171852602813440815005576	1982804697205408171852602813440815005576	1159991159291160390833719239084031782588	141	11181	140627
1360	190467428074477324030300457070602126550443335176	190467428074477324030300457070602126550443335176	39922037790214454227168725876873999921092831094	138	13083	162032
1361	190467428074477324030300457070602126550443335176	190467428074477324030300457070602126550443335176	39922037790214454227168725876873999921092831094	133	12972	160576
1362	143331549409581420608660444967271297252606348188	143331549409581420608660444967271297252606348188	39843477830510408869739773164385685474813213094	140	12774	156955
1363	143331549409581420608660444967271297252606348188	119763610077133468897840438915605882603687854694	39843477830510408869739773164385685474813213094	138	12962	155404
1364	96195670744685517187020432863940467954769361200	96195670744685517187020432863940467954769361200	39843477830510408869739773164385685474813213094	143	12467	162868
1365	96195670744685517187020432863940467954769361200	41203812302306963195107085410054500440626209714	8259232684454513744285140662442754377125284004	149	12520	154221
1366	49059792079789613765380420760609638656932374212	49059792079789613765380420760609638656932374212	39843477830510408869739773164385685474813213094	146	12750	152894
1367	49059792079789613765380420760609638656932374212	25491852747341662054560414708944224008013880718	8258439149508008235624242150195397665546702004	142	12479	157726
1368	1923913414893710343740408657278809359095387224	1923913414893710343740408657278809359095387224	723103593154208487929527241457465923679112608	156	12407	152592
1369	1923913414893710343740408657278809359095387224	1923913414893710343740408657278809359095387224	723103593154208487929527241457465923679112608	139	12374	162262
1370	1923913414893710343740408657278809359095387224	1923913414893710343740408657278809359095387224	723103593154208487929527241457465923679112608	166	12216	151772
1371	1923913414893710343740408657278809359095387224	1923913414893710343740408657278809359095387224	723103593154208487929527241457465923679112608	140	12272	150762
1372	1447793428379610309178388333002740376288953012	1447793428379610309178388333002740376288953012	723103593154208487929527241457465923679112608	138	12170	151165
1373	1447793428379610309178388333002740376288953012	1209733435122560291897378170864705884885735906	723103593154208487929527241457465923679112608	139	12283	154781
1374	971673441865510274616368008726671393482518800	971673441865510274616368008726671393482518800	723103593154208487929527241457465923679112608	139	12164	150816
1375	971673441865510274616368008726671393482518800	416200124265726900960677630404590913541678886	162779923857951154692509858717150430236681298	138	12247	158799
1376	495553455351410240054347684450602410676084588	495553455351410240054347684450602410676084588	481812703111041004444576853686270946374943208	153	12112	151027
1377	495553455351410240054347684450602410676084588	257493462094360222773337522312567919272867482	162771908353440998039369469704550867493463298	145	12046	150609
1378	19433468837310205492327360174533427869650376	19433468837310205492327360174533427869650376	9749534181423156279336740099422579532200890	152	11872	152441
1379	19433468837310205492327360174533427869650376	19433468837310205492327360174533427869650376	9749534181423156279336740099422579532200890	137	11867	162049
1380	19433468837310205492327360174533427869650376	19433468837310205492327360174533427869650376	9749534181423156279336740099422579532200890	151	11849	150135
1381	19433468837310205492327360174533427869650376	19433468837310205492327360174533427869650376	9749534181423156279336740099422579532200890	140	11835	151169
1382	14624176044238487971498872050532731073625788	14624176044238487971498872050532731073625788	9749534181423156279336740099422579532200890	139	11736	150297
1383	14624176044238487971498872050532731073625788	12219529647702629211084627988532382675613494	9749534181423156279336740099422579532200890	159	11821	150951
1384	9814883251166770450670383926532034277601200	9814883251166770450670383926532034277601200	8105625497372644717406033287913913341550690	152	11663	149593
1385	9814883251166770450670383926532034277601200	4204041659249766676370481115197888015572514	1676876150200949865164391178713166243882404	140	11583	160539
1386	5005590458095052929841895802531337481576612	5005590458095052929841895802531337481576612	4883237396964322203450244948937015488322094	152	11672	149250
1387	5005590458095052929841895802531337481576612	2600944061559194169427651740530989083564318	1676876150200949865164391178713166243882404	146	11621	148871
1388	196297665023335409013407678530640685552024	196297665023335409013407678530640685552024	114923402060007849483350268195817323786012	151	11568	147912
1389	196297665023335409013407678530640685552024	196297665023335409013407678530640685552024	114923402060007849483350268195817323786012	132	11328	148352
1390	196297665023335409013407678530640685552024	196297665023335409013407678530640685552024	114923402060007849483350268195817323786012	150	11295	147611
1391	196297665023335409013407678530640685552024	196297665023335409013407678530640685552024	114923402060007849483350268195817323786012	140	11274	149443
1392	147718949941802908803018909601340717915412	147718949941802908803018909601340717915412	114840793627056224648791908897566635135812	151	11472	150416
1393	147718949941802908803018909601340717915412	123429592401036658697824525136690734097106	106576595760287298311193482694505343416212	152	11463	149662
1394	99140234860270408592630140672040750278800	99140234860270408592630140672040750278800	82205455870898939619786322524587177834208	140	11234	151431
1395	99140234860270408592630140672040750278800	42465067265149158347176576921190788036086	25034595444911475945816220869157734443298	139	11360	154546
1396	50561519778737908382241371742740782642188	50561519778737908382241371742740782642188	49656081119299722307101591827850835882404	152	11191	156104
1397	50561519778737908382241371742740782642188	26272162237971658277046987278090798823882	25034595444911475945816220869157734443298	152	11030	152103
1398	1982804697205408171852602813440815005576	1982804697205408171852602813440815005576	1573892954094865240788724287099906187086	138	11052	147489
1399	1982804697205408171852602813440815005576	1982804697205408171852602813440815005576	1573892954094865240788724287099906187086	133	10977	146682
1400	190467428074477324030300457070602126550443335176	190467428074477324030300457070602126550443335176	55794323546530593833016606908208160749346389396	139	13142	165397
1401	190467428074477324030300457070602126550443335176	190467428074477324030300457070602126550443335176	55794323546530593833016606908208160749346389396	152	12942	161499
1402	143331549409581420608660444967271297252606348188	143331549409581420608660444967271297252606348188	32308166646156040847582673874566300987283566102	152	12737	163140
1403	143331549409581420608660444967271297252606348188	111907630299650818327567103565050744387381690196	32147857297785323982136796818997437523749667796	134	14425	177484
1404	96195670744685517187020432863940467954769361200	96195670744685517187020432863940467954769361200	32147857297785323982136796818997437523749667796	144	12812	182370
1405	96195670744685517187020432863940467954769361200	49059792079789613765380420760609638656932374212	8419558803205181821111886935486533779430875502	158	12612	165534
1406	49059792079789613765380420760609638656932374212	49059792079789613765380420760609638656932374212	24132344278977277105097778762795572905047677196	158	12523	160776
1407	49059792079789613765380420760609638656932374212	25491852747341662054560414708944224008013880718	8180705608773411418577747439635920413515757102	146	12608	157634
1408	1923913414893710343740408657278809359095387224	1923913414893710343740408657278809359095387224	725540874054071888301992364253725127790096706	141	12414	160093
1409	1923913414893710343740408657278809359095387224	1923913414893710343740408657278809359095387224	725540874054071888301992364253725127790096706	134	12255	157467
1410	1923913414893710343740408657278809359095387224	1923913414893710343740408657278809359095387224	725540874054071888301992364253725127790096706	139	12297	156592
1411	1923913414893710343740408657278809359095387224	1923913414893710343740408657278809359095387224	725540874054071888301992364253725127790096706	139	12127	155685
1412	1447793428379610309178388333002740376288953012	1447793428379610309178388333002740376288953012	648608547495161774875205581846474721657659200	134	12185	157026
1413	1447793428379610309178388333002740376288953012	1130380104036876952803708116818694387751330204	566016390883081398957999317128320404642408106	139	12408	156298
1414	971673441865510274616368008726671393482518800	971673441865510274616368008726671393482518800	566016390883081398957999317128320404642408106	133	12195	156742
1415	971673441865510274616368008726671393482518800	495553455351410240054347684450602410676084588	164399379602907397892780023091330020158960000	137	12043	154560
1416	495553455351410240054347684450602410676084588	495553455351410240054347684450602410676084588	403269264293214763482203227454059200351458706	140	11989	161372
1417	495553455351410240054347684450602410676084588	257493462094360222773337522312567919272867482	85070668367330625951831663309933925464126996	152	12009	153749
1418	19433468837310205492327360174533427869650376	19433468837310205492327360174533427869650376	10575703614313917111959490729048946718397192	145	12044	153150
1419	19433468837310205492327360174533427869650376	19433468837310205492327360174533427869650376	10575703614313917111959490729048946718397192	144	11967	152461
1420	19433468837310205492327360174533427869650376	19433468837310205492327360174533427869650376	10575703614313917111959490729048946718397192	139	13493	158432
1421	19433468837310205492327360174533427869650376	19433468837310205492327360174533427869650376	10575703614313917111959490729048946718397192	153	11748	152190
1422	14624176044238487971498872050532731073625788	14624176044238487971498872050532731073625788	8988963312432095838507562079028666646015098	145	11744	153239
1423	14624176044238487971498872050532731073625788	11417980848857342957613213301198933209609396	7328531331851448115139503433410877256335592	139	11786	153131
1424	9814883251166770450670383926532034277601200	9814883251166770450670383926532034277601200	7328531331851448115139503433410877256335592	152	11566	153213
1425	9814883251166770450670383926532034277601200	5005590458095052929841895802531337481576612	2462148592814047848347980577144863811044098	134	11572	157813
1426	5005590458095052929841895802531337481576612	5005590458095052929841895802531337481576612	4874975710897960632079528095960310075614792	139	11626	164445
1427	5005590458095052929841895802531337481576612	2600944061559194169427651740530989083564318	1660848479323373384297997145009549723217502	140	12227	167164
1428	196297665023335409013407678530640685552024	196297665023335409013407678530640685552024	131444262566003300146676544252972546939510	151	11382	150877
1429	196297665023335409013407678530640685552024	196297665023335409013407678530640685552024	131444262566003300146676544252972546939510	157	11414	150673
1430	196297665023335409013407678530640685552024	196297665023335409013407678530640685552024	131444262566003300146676544252972546939510	139	11404	150271
1431	196297665023335409013407678530640685552024	196297665023335409013407678530640685552024	131444262566003300146676544252972546939510	140	11364	153262
1432	147718949941802908803018909601340717915412	147718949941802908803018909601340717915412	115333139887447908662759730315140739491004	139	11289	152144
1433	147718949941802908803018909601340717915412	115333139887447908662759730315140739491004	82122021522189236046574930512568956791310	139	11292	152405
1434	99140234860270408592630140672040750278800	99140234860270408592630140672040750278800	82122021522189236046574930512568956791310	140	11359	151778
1435	99140234860270408592630140672040750278800	50561519778737908382241371742740782642188	25037107331350463722133072811493302349800	151	11162	150943
1436	50561519778737908382241371742740782642188	50561519778737908382241371742740782642188	49572646770590018733890199815832614839506	134	11185	158708
1437	50561519778737908382241371742740782642188	26272162237971658277046987278090798823882	17023272018990801421205469119096272887702	145	11391	155487
1438	1982804697205408171852602813440815005576	1982804697205408171852602813440815005576	1492110605472756654575948581831724423388	134	10738	157619
1439	1982804697205408171852602813440815005576	1982804697205408171852602813440815005576	1492110605472756654575948581831724423388	152	10827	148645
1440	190467428074477324030300457070602126550443335176	190467428074477324030300457070602126550443335176	39923640889472827167673301384833994955467592294	136	13368	159570
1441	190467428074477324030300457070602126550443335176	190467428074477324030300457070602126550443335176	39923640889472827167673301384833994955467592294	142	12961	158025
1442	143331549409581420608660444967271297252606348188	143331549409581420608660444967271297252606348188	39923640889472827167673301384833994955467592294	132	12913	156160
1443	143331549409581420608660444967271297252606348188	111907630299650818327567103565050744387381690196	39923640889472827167673301384833994955467592294	133	12938	163668
1444	96195670744685517187020432863940467954769361200	96195670744685517187020432863940467954769361200	39923640889472827167673301384833994955467592294	143	13203	159567
1445	96195670744685517187020432863940467954769361200	33347832524824312624833750059499362224320045216	8259248877376315491158924253432249276462402804	138	12660	153841
1446	49059792079789613765380420760609638656932374212	49059792079789613765380420760609638656932374212	16274736865829178025873071126766743936503382804	138	12679	160732
1447	49059792079789613765380420760609638656932374212	17635872969859011484287079358389085791707716220	8259248877376315491158924253432249276462402804	166	12411	154049
1448	1923913414893710343740408657278809359095387224	1923913414893710343740408657278809359095387224	643758441980757448634674192505609848421673408	137	12414	156607
1449	1923913414893710343740408657278809359095387224	1923913414893710343740408657278809359095387224	643758441980757448634674192505609848421673408	157	12320	181779
1450	1923913414893710343740408657278809359095387224	1923913414893710343740408657278809359095387224	643758441980757448634674192505609848421673408	161	12307	151532
1451	1923913414893710343740408657278809359095387224	1923913414893710343740408657278809359095387224	643758441980757448634674192505609848421673408	139	12612	161359
1452	1447793428379610309178388333002740376288953012	1447793428379610309178388333002740376288953012	643758441980757448634674192505609848421673408	139	13202	163997
1453	1447793428379610309178388333002740376288953012	1130380104036876952803708116818694387751330204	643758441980757448634674192505609848421673408	143	13343	162900
1454	971673441865510274616368008726671393482518800	971673441865510274616368008726671393482518800	643758441980757448634674192505609848421673408	139	12160	162769
1455	971673441865510274616368008726671393482518800	336846793180043561867007576358579416407273184	85855941610741495140484944879401495603311494	152	13276	162770
1456	495553455351410240054347684450602410676084588	495553455351410240054347684450602410676084588	243744612558705339355014206841635173260702498	140	13051	160669
1457	495553455351410240054347684450602410676084588	178140131008676883679667468266556422138461780	85855941610741495140484944879401495603311494	139	11894	158577
1458	19433468837310205492327360174533427869650376	19433468837310205492327360174533427869650376	8948151442216675105242350251320896425270290	150	13174	163018
1459	19433468837310205492327360174533427869650376	19433468837310205492327360174533427869650376	8948151442216675105242350251320896425270290	154	11803	158694
1460	19433468837310205492327360174533427869650376	19433468837310205492327360174533427869650376	8948151442216675105242350251320896425270290	145	11675	156535
1461	19433468837310205492327360174533427869650376	19433468837310205492327360174533427869650376	8948151442216675105242350251320896425270290	137	11656	156798
1462	14624176044238487971498872050532731073625788	14624176044238487971498872050532731073625788	8948151442216675105242350251320896425270290	140	12831	156229
1463	14624176044238487971498872050532731073625788	11417980848857342957613213301198933209609396	8113804575262317303792785002878447395520090	139	12946	156045
1464	9814883251166770450670383926532034277601200	9814883251166770450670383926532034277601200	8113804575262317303792785002878447395520090	138	12609	155160
1465	9814883251166770450670383926532034277601200	3402492860404480422899066427864438549568416	1660517994676989901629738917127511880063604	151	11566	158491
1466	5005590458095052929841895802531337481576612	5005590458095052929841895802531337481576612	3263615592367562408572568291794410812071800	149	11624	156225
1467	5005590458095052929841895802531337481576612	1799395262713907915956237053197539617560220	1660517994676989901629738917127511880063604	140	11423	159814
1468	196297665023335409013407678530640685552024	196297665023335409013407678530640685552024	115006010492959474317908627494068012436212	152	11339	151379
1469	196297665023335409013407678530640685552024	196297665023335409013407678530640685552024	115006010492959474317908627494068012436212	142	11606	152739
1470	196297665023335409013407678530640685552024	196297665023335409013407678530640685552024	115006010492959474317908627494068012436212	144	11530	159223
1471	196297665023335409013407678530640685552024	196297665023335409013407678530640685552024	115006010492959474317908627494068012436212	154	12155	172556
1472	147718949941802908803018909601340717915412	147718949941802908803018909601340717915412	106660055478998347093133782028377225776612	176	13143	168454
1473	147718949941802908803018909601340717915412	115333139887447908662759730315140739491004	90054074485935389467315148385978756177012	154	13291	162428
1474	99140234860270408592630140672040750278800	99140234860270408592630140672040750278800	90054074485935389467315148385978756177012	148	11715	155227
1475	99140234860270408592630140672040750278800	34368614751560408312111782099640793429984	17105888543371426721006270619665737240494	140	11216	151731
1476	50561519778737908382241371742740782642188	50561519778737908382241371742740782642188	41062266577907562242868514940685457354302	139	12977	162148
1477	50561519778737908382241371742740782642188	18175709724382908241982192456540804217780	17020759794574940872475552810417451450294	141	11775	158445
1478	1982804697205408171852602813440815005576	1982804697205408171852602813440815005576	1491284521143240406230364988849217536886	140	12178	167566
1479	1982804697205408171852602813440815005576	1982804697205408171852602813440815005576	1491284521143240406230364988849217536886	173	11632	158586
1480	190467428074477324030300457070602126550443335176	190467428074477324030300457070602126550443335176	55715788123216850334631340050822318316750963694	166	13823	170963
1481	190467428074477324030300457070602126550443335176	190467428074477324030300457070602126550443335176	55715788123216850334631340050822318316750963694	150	13796	166608
1482	143331549409581420608660444967271297252606348188	143331549409581420608660444967271297252606348188	55715788123216850334631340050822318316750963694	1133	13805	169914
1483	143331549409581420608660444967271297252606348188	111907630299650818327567103565050744387381690196	32066900374243805837149344753505417404429682404	148	13644	164851
1484	96195670744685517187020432863940467954769361200	96195670744685517187020432863940467954769361200	32066900374243805837149344753505417404429682404	161	13584	163142
1485	96195670744685517187020432863940467954769361200	33347832524824312624833750059499362224320045216	8418765516101002593855470098543242441727891404	154	13521	162708
1486	49059792079789613765380420760609638656932374212	49059792079789613765380420760609638656932374212	24131518604343527160440310721644709482222362094	148	13421	160665
1487	49059792079789613765380420760609638656932374212	17635872969859011484287079358389085791707716220	8179887862070971841355651964226910109280201694	149	13169	164963
1488	1923913414893710343740408657278809359095387224	1923913414893710343740408657278809359095387224	804894205139755227395662418299736624924502408	140	13052	171642
1489	1923913414893710343740408657278809359095387224	1923913414893710343740408657278809359095387224	804894205139755227395662418299736624924502408	162	14062	162689
1490	1923913414893710343740408657278809359095387224	1923913414893710343740408657278809359095387224	804894205139755227395662418299736624924502408	152	13173	158417
1491	1923913414893710343740408657278809359095387224	1923913414893710343740408657278809359095387224	804894205139755227395662418299736624924502408	148	12994	155132
1492	1447793428379610309178388333002740376288953012	1447793428379610309178388333002740376288953012	804894205139755227395662418299736624924502408	149	13033	157564
1493	1447793428379610309178388333002740376288953012	1130380104036876952803708116818694387751330204	488282428753009969725990862406949213383863698	161	13043	161813
1494	971673441865510274616368008726671393482518800	971673441865510274616368008726671393482518800	488282428753009969725990862406949213383863698	149	12926	166486
1495	971673441865510274616368008726671393482518800	336846793180043561867007576358579416407273184	164391366601855082465947529788872531899333898	148	12853	162218
1496	495553455351410240054347684450602410676084588	495553455351410240054347684450602410676084588	403260924145399107475562136129303004161304008	163	12830	154942
1497	495553455351410240054347684450602410676084588	178140131008676883679667468266556422138461780	87483575582044503006757553220756311527582494	141	12778	168420
1498	19433468837310205492327360174533427869650376	19433468837310205492327360174533427869650376	10559344641219362657027708756213331645421290	161	12720	161898
1499	19433468837310205492327360174533427869650376	19433468837310205492327360174533427869650376	10559344641219362657027708756213331645421290	150	12688	155979
1500	19433468837310205492327360174533427869650376	19433468837310205492327360174533427869650376	10559344641219362657027708756213331645421290	145	12515	155408
1501	19433468837310205492327360174533427869650376	19433468837310205492327360174533427869650376	10559344641219362657027708756213331645421290	147	12512	157771
1502	14624176044238487971498872050532731073625788	14624176044238487971498872050532731073625788	10559344641219362657027708756213331645421290	144	13766	158198
1503	14624176044238487971498872050532731073625788	11417980848857342957613213301198933209609396	6551518030046270799700089542105663197770600	149	12558	157133
1504	9814883251166770450670383926532034277601200	9814883251166770450670383926532034277601200	6551518030046270799700089542105663197770600	148	12434	159424
1505	9814883251166770450670383926532034277601200	3402492860404480422899066427864438549568416	1685221279471998405054824315825937461232204	149	12312	156672
1506	5005590458095052929841895802531337481576612	5005590458095052929841895802531337481576612	4874891466980630773426587779548631326219290	140	12535	155900
1507	5005590458095052929841895802531337481576612	1799395262713907915956237053197539617560220	908208845726289916673714775780048775553808	142	12298	155600
1508	196297665023335409013407678530640685552024	196297665023335409013407678530640685552024	123018194060651410291942627310261067175812	148	12352	162889
1509	196297665023335409013407678530640685552024	196297665023335409013407678530640685552024	123018194060651410291942627310261067175812	161	12180	154710
1510	196297665023335409013407678530640685552024	196297665023335409013407678530640685552024	123018194060651410291942627310261067175812	160	14094	154824
1511	196297665023335409013407678530640685552024	196297665023335409013407678530640685552024	123018194060651410291942627310261067175812	145	12052	153637
1512	147718949941802908803018909601340717915412	147718949941802908803018909601340717915412	122934734256803271858642453794967480525612	148	13418	158164
1513	147718949941802908803018909601340717915412	115333139887447908662759730315140739491004	74273402312035929830015194236758713775502	148	12377	158284
1514	99140234860270408592630140672040750278800	99140234860270408592630140672040750278800	74273402312035929830015194236758713775502	149	12120	157341
1515	99140234860270408592630140672040750278800	34368614751560408312111782099640793429984	25118889679972572308345848516761484113498	148	12004	157680
1516	50561519778737908382241371742740782642188	50561519778737908382241371742740782642188	49410733817144870714076445586454601054608	147	12225	155970
1517	50561519778737908382241371742740782642188	18175709724382908241982192456540804217780	16856394130136535215285335208098199030694	152	11380	152582
1518	1982804697205408171852602813440815005576	1982804697205408171852602813440815005576	1408676088191615571672005690598528886686	138	11057	149268
1519	1982804697205408171852602813440815005576	1982804697205408171852602813440815005576	1408676088191615571672005690598528886686	153	10923	193420
1520	190467428074477324030300457070602126550443335176	190467428074477324030300457070602126550443335176	40002184656246470220832184106453121000891048596	151	13214	164837
1521	190467428074477324030300457070602126550443335176	190467428074477324030300457070602126550443335176	40002184656246470220832184106453121000891048596	151	12869	157848
1522	143331549409581420608660444967271297252606348188	143331549409581420608660444967271297252606348188	39842676532074032847060981035256794986953489396	137	12802	155347
1523	143331549409581420608660444967271297252606348188	111907630299650818327567103565050744387381690196	31985878515508964597696599626120646078637107302	137	12782	154793
1524	96195670744685517187020432863940467954769361200	96195670744685517187020432863940467954769361200	31985878515508964597696599626120646078637107302	140	12690	153230
1525	96195670744685517187020432863940467954769361200	33347832524824312624833750059499362224320045216	8260042248757867441190832159711230347628296302	133	12566	153299
1526	49059792079789613765380420760609638656932374212	49059792079789613765380420760609638656932374212	31985878515508964597696599626120646078637107302	137	12547	153736
1527	49059792079789613765380420760609638656932374212	17635872969859011484287079358389085791707716220	8258431055584408477819405866062782610113775502	155	12472	157722
1528	1923913414893710343740408657278809359095387224	1923913414893710343740408657278809359095387224	564413123887614427344199696931283578503686906	162	12304	150215
1529	1923913414893710343740408657278809359095387224	1923913414893710343740408657278809359095387224	564413123887614427344199696931283578503686906	140	12404	149030
1530	1923913414893710343740408657278809359095387224	1923913414893710343740408657278809359095387224	564413123887614427344199696931283578503686906	139	12257	149892
1531	1923913414893710343740408657278809359095387224	1923913414893710343740408657278809359095387224	564413123887614427344199696931283578503686906	145	12161	148745
1532	1447793428379610309178388333002740376288953012	1447793428379610309178388333002740376288953012	562802095088076445299377303129157861774466506	134	12227	151627
1533	1447793428379610309178388333002740376288953012	1130380104036876952803708116818694387751330204	483416047707948673621876604131237619420518800	139	12214	148276
1534	971673441865510274616368008726671393482518800	971673441865510274616368008726671393482518800	483416047707948673621876604131237619420518800	152	12204	148102
1535	971673441865510274616368008726671393482518800	336846793180043561867007576358579416407273184	162771826596636960081744860773918392186060000	139	12228	148118
1536	495553455351410240054347684450602410676084588	495553455351410240054347684450602410676084588	402443013060521365333029646229048326211548200	139	12108	149466
1537	495553455351410240054347684450602410676084588	178140131008676883679667468266556422138461780	85038200733037646621946592461457536142228596	140	12241	156245
1538	19433468837310205492327360174533427869650376	19433468837310205492327360174533427869650376	9749534156221726371637703742979940845377192	152	11913	149408
1539	19433468837310205492327360174533427869650376	19433468837310205492327360174533427869650376	9749534156221726371637703742979940845377192	146	11863	150181
1540	19433468837310205492327360174533427869650376	19433468837310205492327360174533427869650376	9749534156221726371637703742979940845377192	132	11833	147185
1541	19433468837310205492327360174533427869650376	19433468837310205492327360174533427869650376	9749534156221726371637703742979940845377192	133	11688	166073
1542	14624176044238487971498872050532731073625788	14624176044238487971498872050532731073625788	7320515810569293487252962025138189224276792	151	11640	147045
1543	14624176044238487971498872050532731073625788	11417980848857342957613213301198933209609396	6526980822174642575798389872924651652714698	141	11663	147070
1544	9814883251166770450670383926532034277601200	9814883251166770450670383926532034277601200	6526980822174642575798389872924651652714698	134	11526	149563
1545	9814883251166770450670383926532034277601200	3402492860404480422899066427864438549568416	1660520523421424098137541883913828618955902	151	11548	157166
1546	5005590458095052929841895802531337481576612	5005590458095052929841895802531337481576612	4866629738850552569966663639142018417635898	151	11830	154306
1547	5005590458095052929841895802531337481576612	1799395262713907915956237053197539617560220	900028941837424903689977351403953918987706	163	11517	145726
1548	196297665023335409013407678530640685552024	196297665023335409013407678530640685552024	114838298685495362444192621076336639589710	153	11665	154009
1549	196297665023335409013407678530640685552024	196297665023335409013407678530640685552024	114838298685495362444192621076336639589710	151	11287	145562
1550	196297665023335409013407678530640685552024	196297665023335409013407678530640685552024	114838298685495362444192621076336639589710	134	11367	155965
1551	196297665023335409013407678530640685552024	196297665023335409013407678530640685552024	114838298685495362444192621076336639589710	141	11288	145118
1552	147718949941802908803018909601340717915412	147718949941802908803018909601340717915412	98397526385175047956942784613955935469710	140	11131	146526
1553	147718949941802908803018909601340717915412	115333139887447908662759730315140739491004	74025551727474028578482874346041425441604	140	11553	146849
1554	99140234860270408592630140672040750278800	99140234860270408592630140672040750278800	74025551727474028578482874346041425441604	132	11419	146492
1555	99140234860270408592630140672040750278800	34368614751560408312111782099640793429984	17187653946290011688498909482195993787796	137	11437	146350
1556	50561519778737908382241371742740782642188	50561519778737908382241371742740782642188	49323135160488590309343598013594288278800	140	11294	145837
1557	50561519778737908382241371742740782642188	18175709724382908241982192456540804217780	9256435328593753696117245539492788945392	139	11149	145743
1558	1982804697205408171852602813440815005576	1982804697205408171852602813440815005576	1326893739569506985459229985330347122988	142	11006	144964
1559	1982804697205408171852602813440815005576	1982804697205408171852602813440815005576	1326893739569506985459229985330347122988	139	10908	152650
1560	190467428074477324030300457070602126550443335176	190467428074477324030300457070602126550443335176	32146204630913319348316636841399330823415047702	151	13113	155354
1561	190467428074477324030300457070602126550443335176	190467428074477324030300457070602126550443335176	32146204630913319348316636841399330823415047702	140	12985	151539
1562	143331549409581420608660444967271297252606348188	143331549409581420608660444967271297252606348188	32146204630913319348316636841399330823415047702	138	12813	154893
1563	143331549409581420608660444967271297252606348188	111907630299650818327567103565050744387381690196	32146204630913319348316636841399330823415047702	152	12868	152062
1564	96195670744685517187020432863940467954769361200	96195670744685517187020432863940467954769361200	32146204630913319348316636841399330823415047702	153	12688	148219
1565	96195670744685517187020432863940467954769361200	33347832524824312624833750059499362224320045216	8180688915168643695003806429761192063007326596	136	12578	156428
1566	49059792079789613765380420760609638656932374212	49059792079789613765380420760609638656932374212	32146204630913319348316636841399330823415047702	139	12455	148127
1567	49059792079789613765380420760609638656932374212	17635872969859011484287079358389085791707716220	8180688915168643695003806429761192063007326596	157	12379	146851
1568	1923913414893710343740408657278809359095387224	1923913414893710343740408657278809359095387224	563578858811350389035955331086754963921578306	152	12597	151396
1569	1923913414893710343740408657278809359095387224	1923913414893710343740408657278809359095387224	563578858811350389035955331086754963921578306	154	12511	146484
1570	1923913414893710343740408657278809359095387224	1923913414893710343740408657278809359095387224	563578858811350389035955331086754963921578306	151	12288	152845
1571	1923913414893710343740408657278809359095387224	1923913414893710343740408657278809359095387224	563578858811350389035955331086754963921578306	154	12218	146470
1572	1447793428379610309178388333002740376288953012	1447793428379610309178388333002740376288953012	563578858811350389035955331086754963921578306	131	12322	154360
1573	1447793428379610309178388333002740376288953012	1130380104036876952803708116818694387751330204	563578858811350389035955331086754963921578306	154	12281	146007
1574	971673441865510274616368008726671393482518800	971673441865510274616368008726671393482518800	563578858811350389035955331086754963921578306	152	12307	147918
1575	971673441865510274616368008726671393482518800	336846793180043561867007576358579416407273184	85046046831252534942518087693352456365936796	140	12121	144363
1576	495553455351410240054347684450602410676084588	495553455351410240054347684450602410676084588	404062468771676463824141133252065343835567800	132	12136	144061
1577	495553455351410240054347684450602410676084588	178140131008676883679667468266556422138461780	85046046831252534942518087693352456365936796	140	12021	143665
1578	19433468837310205492327360174533427869650376	19433468837310205492327360174533427869650376	7312171490610559202586953867992043817035592	139	11812	144057
1579	19433468837310205492327360174533427869650376	19433468837310205492327360174533427869650376	7312171490610559202586953867992043817035592	134	11938	143678
1580	19433468837310205492327360174533427869650376	19433468837310205492327360174533427869650376	7312171490610559202586953867992043817035592	141	11859	146901
1581	19433468837310205492327360174533427869650376	19433468837310205492327360174533427869650376	7312171490610559202586953867992043817035592	134	11924	143145
1582	14624176044238487971498872050532731073625788	14624176044238487971498872050532731073625788	7312171490610559202586953867992043817035592	133	11792	152531
1583	14624176044238487971498872050532731073625788	11417980848857342957613213301198933209609396	7312171490610559202586953867992043817035592	153	11971	144183
1584	9814883251166770450670383926532034277601200	9814883251166770450670383926532034277601200	7312171490610559202586953867992043817035592	133	11670	145108
1585	9814883251166770450670383926532034277601200	3402492860404480422899066427864438549568416	1660599776938746202385738805448120742427702	148	11579	143535
1586	5005590458095052929841895802531337481576612	5005590458095052929841895802531337481576612	4882987877347068716341527144425018595656298	151	11601	146787
1587	5005590458095052929841895802531337481576612	1799395262713907915956237053197539617560220	1660599776938746202385738805448120742427702	139	11492	142410
1588	196297665023335409013407678530640685552024	196297665023335409013407678530640685552024	90467976536150363271349775978259743450910	152	11636	144510
1589	196297665023335409013407678530640685552024	196297665023335409013407678530640685552024	90467976536150363271349775978259743450910	151	11622	141248
1590	196297665023335409013407678530640685552024	196297665023335409013407678530640685552024	90467976536150363271349775978259743450910	152	11210	161362
1591	196297665023335409013407678530640685552024	196297665023335409013407678530640685552024	90467976536150363271349775978259743450910	139	11366	142483
1592	147718949941802908803018909601340717915412	147718949941802908803018909601340717915412	90467976536150363271349775978259743450910	152	11500	153473
1593	147718949941802908803018909601340717915412	115333139887447908662759730315140739491004	90219308124696671350840679464370095610910	152	11521	144558
1594	99140234860270408592630140672040750278800	99140234860270408592630140672040750278800	81956770600564095515741096518439326091310	149	11396	144288
1595	99140234860270408592630140672040750278800	34368614751560408312111782099640793429984	16938968846237857095186926023876649126196	152	11239	143862
1596	50561519778737908382241371742740782642188	50561519778737908382241371742740782642188	49488343597837074407871656720612991078000	139	11413	143864
1597	50561519778737908382241371742740782642188	18175709724382908241982192456540804217780	16938968846237857095186926023876649126196	152	11286	141999
1598	1982804697205408171852602813440815005576	1982804697205408171852602813440815005576	1161651840807787126998705825405257492694	141	11107	141770
1599	1982804697205408171852602813440815005576	1982804697205408171852602813440815005576	1161651840807787126998705825405257492694	151	11407	142789
1600	190467428074477324030300457070602126550443335176	190467428074477324030300457070602126550443335176	24130708464225508596907527221504371156050430200	132	13109	156917
1601	190467428074477324030300457070602126550443335176	190467428074477324030300457070602126550443335176	24130708464225508596907527221504371156050430200	151	12918	148240
1602	143331549409581420608660444967271297252606348188	143331549409581420608660444967271297252606348188	23970406966151204288477252072824604229345690600	152	12761	155437
1603	143331549409581420608660444967271297252606348188	104051650522168167757293768214495606171075525698	23970406966151204288477252072824604229345690600	153	12772	146926
1604	96195670744685517187020432863940467954769361200	96195670744685517187020432863940467954769361200	23970406966151204288477252072824604229345690600	141	12638	146165
1605	96195670744685517187020432863940467954769361200	17635872969859011484287079358389085791707716220	8098105100373066775207449007856396844885413898	139	13972	145076
1606	49059792079789613765380420760609638656932374212	49059792079789613765380420760609638656932374212	23970398703630366156726402351934485524854804098	141	12618	144522
1607	49059792079789613765380420760609638656932374212	17635872969859011484287079358389085791707716220	8098105100373066775207449007856396844885413898	140	12373	144660
1608	1923913414893710343740408657278809359095387224	1923913414893710343740408657278809359095387224	483415800691873546993851115792945009997531004	152	12493	180542
1609	1923913414893710343740408657278809359095387224	1923913414893710343740408657278809359095387224	483415800691873546993851115792945009997531004	152	12480	144055
1610	1923913414893710343740408657278809359095387224	1923913414893710343740408657278809359095387224	483415800691873546993851115792945009997531004	155	12454	143794
1611	1923913414893710343740408657278809359095387224	1923913414893710343740408657278809359095387224	483415800691873546993851115792945009997531004	139	13597	141555
1612	1447793428379610309178388333002740376288953012	1447793428379610309178388333002740376288953012	403261086058098844096420897458471745496305302	151	12249	146542
1613	1447793428379610309178388333002740376288953012	1051026772951193613710038062772682890616924502	403261086058098844096420897458471745496305302	139	12334	149009
1614	971673441865510274616368008726671393482518800	971673441865510274616368008726671393482518800	403261086058098844096420897458471745496305302	158	12176	149692
1615	971673441865510274616368008726671393482518800	178140131008676883679667468266556422138461780	83426675389300499135048042909228383452550200	139	12211	141497
1616	495553455351410240054347684450602410676084588	495553455351410240054347684450602410676084588	402443095652180598603170551270950690921231804	152	12141	141529
1617	495553455351410240054347684450602410676084588	178140131008676883679667468266556422138461780	83426675389300499135048042909228383452550200	152	11975	144050
1618	19433468837310205492327360174533427869650376	19433468837310205492327360174533427869650376	6502610516542727053608108009810968197902894	138	11872	142058
1619	19433468837310205492327360174533427869650376	19433468837310205492327360174533427869650376	6502610516542727053608108009810968197902894	167	11812	141734
1620	19433468837310205492327360174533427869650376	19433468837310205492327360174533427869650376	6502610516542727053608108009810968197902894	139	11951	140737
1621	19433468837310205492327360174533427869650376	19433468837310205492327360174533427869650376	6502610516542727053608108009810968197902894	139	11825	140782
1622	14624176044238487971498872050532731073625788	14624176044238487971498872050532731073625788	5700978274835882188895750929132094755168596	140	11748	141617
1623	14624176044238487971498872050532731073625788	10616432050012056704141798613865483743605298	5700978274835882188895750929132094755168596	152	11680	144120
1624	9814883251166770450670383926532034277601200	9814883251166770450670383926532034277601200	5700978274835882188895750929132094755168596	140	11617	140091
1625	9814883251166770450670383926532034277601200	1799395262713907915956237053197539617560220	867231733355818849972506687432550154871804	139	11561	148751
1626	5005590458095052929841895802531337481576612	5005590458095052929841895802531337481576612	4866630573109736744412531366838001899551894	164	11721	140223
1627	5005590458095052929841895802531337481576612	1799395262713907915956237053197539617560220	859134437985042639217836413890339312015902	140	11553	144809
1628	196297665023335409013407678530640685552024	196297665023335409013407678530640685552024	90218465181494688613270295272537724863608	154	11329	138923
1629	196297665023335409013407678530640685552024	196297665023335409013407678530640685552024	90218465181494688613270295272537724863608	152	11283	141860
1630	196297665023335409013407678530640685552024	196297665023335409013407678530640685552024	90218465181494688613270295272537724863608	137	11333	138428
1631	196297665023335409013407678530640685552024	196297665023335409013407678530640685552024	90218465181494688613270295272537724863608	141	11433	139152
1632	147718949941802908803018909601340717915412	147718949941802908803018909601340717915412	82040230405289664560783322976398498533808	139	11495	141535
1633	147718949941802908803018909601340717915412	107236687373859158627694935493590744884902	73943769377123292215449303317632449967706	138	11610	142627
1634	99140234860270408592630140672040750278800	99140234860270408592630140672040750278800	73943769377123292215449303317632449967706	139	11294	142067
1635	99140234860270408592630140672040750278800	18175709724382908241982192456540804217780	9007750141684655980653383662686739301694	137	11417	141595
1636	50561519778737908382241371742740782642188	50561519778737908382241371742740782642188	49405726819721860450248639915958997962404	141	11419	150459
1637	50561519778737908382241371742740782642188	18175709724382908241982192456540804217780	8925141709601776949820181922321696611494	149	11241	139218
1638	1982804697205408171852602813440815005576	1982804697205408171852602813440815005576	1077365782338666864864992401054347439290	139	11114	141244
1639	1982804697205408171852602813440815005576	1982804697205408171852602813440815005576	1077365782338666864864992401054347439290	140	11047	148804
1640	190467428074477324030300457070602126550443335176	190467428074477324030300457070602126550443335176	40003820223105592135943714920223998554049214298	139	13049	155678
1641	190467428074477324030300457070602126550443335176	190467428074477324030300457070602126550443335176	40003820223105592135943714920223998554049214298	153	12841	151790
1642	143331549409581420608660444967271297252606348188	143331549409581420608660444967271297252606348188	40003820223105592135943714920223998554049214298	140	12792	153574
1643	143331549409581420608660444967271297252606348188	111907630299650818327567103565050744387381690196	40003820223105592135943714920223998554049214298	139	12752	148642
1644	96195670744685517187020432863940467954769361200	96195670744685517187020432863940467954769361200	40003820223105592135943714920223998554049214298	138	12612	147597
1645	96195670744685517187020432863940467954769361200	25491852747341662054560414708944224008013880718	8260058769635232309020241561870532141094540400	133	13710	149301
1646	49059792079789613765380420760609638656932374212	49059792079789613765380420760609638656932374212	24130724986771900127754252371072831567975680800	145	12530	146850
1647	49059792079789613765380420760609638656932374212	17635872969859011484287079358389085791707716220	8260058769635232309020241561870532141094540400	140	12441	154453
1648	1923913414893710343740408657278809359095387224	1923913414893710343740408657278809359095387224	726334242940684023385750260248161341162091404	151	12443	149051
1649	1923913414893710343740408657278809359095387224	1923913414893710343740408657278809359095387224	726334242940684023385750260248161341162091404	159	12556	146293
1650	1923913414893710343740408657278809359095387224	1923913414893710343740408657278809359095387224	726334242940684023385750260248161341162091404	139	12311	146466
1651	1923913414893710343740408657278809359095387224	1923913414893710343740408657278809359095387224	726334242940684023385750260248161341162091404	151	12418	146047
1652	1447793428379610309178388333002740376288953012	1447793428379610309178388333002740376288953012	726334242940684023385750260248161341162091404	152	12206	146745
1653	1447793428379610309178388333002740376288953012	1130380104036876952803708116818694387751330204	726334242940684023385750260248161341162091404	133	16792	148137
1654	971673441865510274616368008726671393482518800	971673441865510274616368008726671393482518800	726334242940684023385750260248161341162091404	170	12159	149383
1655	971673441865510274616368008726671393482518800	257493462094360222773337522312567919272867482	86690040610336713067263491018215147045133898	155	12154	145564
1656	495553455351410240054347684450602410676084588	495553455351410240054347684450602410676084588	323098027921763138363915027491191613982644902	159	12098	144557
1657	495553455351410240054347684450602410676084588	178140131008676883679667468266556422138461780	86690040610336713067263491018215147045133898	152	12106	144563
1658	19433468837310205492327360174533427869650376	19433468837310205492327360174533427869650376	8964343504386665056849725444889123945462494	138	12047	151622
1659	19433468837310205492327360174533427869650376	19433468837310205492327360174533427869650376	8964343504386665056849725444889123945462494	152	11911	144282
1660	19433468837310205492327360174533427869650376	19433468837310205492327360174533427869650376	8964343504386665056849725444889123945462494	146	11965	147760
1661	19433468837310205492327360174533427869650376	19433468837310205492327360174533427869650376	8964343504386665056849725444889123945462494	139	11998	143732
1662	14624176044238487971498872050532731073625788	14624176044238487971498872050532731073625788	8964343504386665056849725444889123945462494	137	11750	147450
1663	14624176044238487971498872050532731073625788	11417980848857342957613213301198933209609396	8138258323498660227064851659537099376732294	152	11774	144820
1664	9814883251166770450670383926532034277601200	9814883251166770450670383926532034277601200	8138258323498660227064851659537099376732294	141	13709	147911
1665	9814883251166770450670383926532034277601200	2600944061559194169427651740530989083564318	1677205774707273254150843889537642870500400	140	11683	144364
1666	5005590458095052929841895802531337481576612	5005590458095052929841895802531337481576612	4065165242499459368258435167042455667848996	139	11607	147574
1667	5005590458095052929841895802531337481576612	1799395262713907915956237053197539617560220	1677205774707273254150843889537642870500400	132	11546	143062
1668	196297665023335409013407678530640685552024	196297665023335409013407678530640685552024	106907897466425535056371396965411766613808	143	11610	142379
1669	196297665023335409013407678530640685552024	196297665023335409013407678530640685552024	106907897466425535056371396965411766613808	150	16827	143619
1670	196297665023335409013407678530640685552024	196297665023335409013407678530640685552024	106907897466425535056371396965411766613808	152	11289	144044
1671	196297665023335409013407678530640685552024	196297665023335409013407678530640685552024	106907897466425535056371396965411766613808	151	11358	143040
1672	147718949941802908803018909601340717915412	147718949941802908803018909601340717915412	106824454520572518488839910113429846386906	153	11705	148589
1673	147718949941802908803018909601340717915412	115333139887447908662759730315140739491004	90301082043878247278144104513843927704408	150	11560	145098
1674	99140234860270408592630140672040750278800	99140234860270408592630140672040750278800	90301082043878247278144104513843927704408	139	11362	144998
1675	99140234860270408592630140672040750278800	26272162237971658277046987278090798823882	17107540626033398963798574996113877993498	139	11340	145720
1676	50561519778737908382241371742740782642188	50561519778737908382241371742740782642188	49158727690350965876059089438140455897506	139	11453	142721
1677	50561519778737908382241371742740782642188	18175709724382908241982192456540804217780	17107540626033398963798574996113877993498	131	11211	142008
1678	1982804697205408171852602813440815005576	1982804697205408171852602813440815005576	1327719823899023233804813578312854009490	140	11028	148932
1679	1982804697205408171852602813440815005576	1982804697205408171852602813440815005576	1327719823899023233804813578312854009490	158	11962	149040
1680	6187911070687385453957425614216	6187911070687385453957425614216	6187911070687385453957425614216	153	13032	157990
1681	6187911070687385453957425614216	6187911070687385453957425614216	6187911070687385453957425614216	143	12807	155766
1682	4722353185524583635914877442428	4722353185524583635914877442428	569939177563311818127657622362	153	12673	154404
1683	4722353185524583635914877442428	4722353185524583635914877442428	569939177563311818127657622362	135	12703	152866
1684	3256795300361781817872329270640	3256795300361781817872329270640	569939177563311818127657622362	150	12578	153990
1685	3256795300361781817872329270640	3256795300361781817872329270640	569939177563311818127657622362	151	13002	151050
1686	1791237415198979999829781098852	1791237415198979999829781098852	569939177563311818127657622362	152	12255	153088
1687	1791237415198979999829781098852	1791237415198979999829781098852	569939177563311818127657622362	131	12288	150406
1688	325679530036178181787232927064	325679530036178181787232927064	42852569741602392340425385140	151	12121	174953
1689	325679530036178181787232927064	325679530036178181787232927064	42852569741602392340425385140	166	12156	150526
1690	325679530036178181787232927064	325679530036178181787232927064	42852569741602392340425385140	158	12439	154543
1691	325679530036178181787232927064	325679530036178181787232927064	42852569741602392340425385140	139	12333	149532
1692	248544904501293875574467233812	248544904501293875574467233812	42852569741602392340425385140	139	11992	149628
1693	248544904501293875574467233812	248544904501293875574467233812	42852569741602392340425385140	140	12084	149514
1694	171410278966409569361701540560	171410278966409569361701540560	42852569741602392340425385140	146	11869	148911
1695	171410278966409569361701540560	171410278966409569361701540560	42852569741602392340425385140	149	11952	148952
1696	94275653431525263148935847308	94275653431525263148935847308	42852569741602392340425385140	151	11740	152320
1697	94275653431525263148935847308	94275653431525263148935847308	42852569741602392340425385140	152	11840	148347
1698	17141027896640956936170154056	17141027896640956936170154056	2932017929688584739081736878	139	11687	170707
1699	17141027896640956936170154056	17141027896640956936170154056	2932017929688584739081736878	170	11716	157842
1700	17141027896640956936170154056	17141027896640956936170154056	2932017929688584739081736878	152	11703	148743
1701	17141027896640956936170154056	17141027896640956936170154056	2932017929688584739081736878	152	11673	147745
1702	13081310763225993451287749148	13081310763225993451287749148	2932017929688584739081736878	151	11568	151720
1703	13081310763225993451287749148	13081310763225993451287749148	2932017929688584739081736878	139	11714	153748
1704	9021593629811029966405344240	9021593629811029966405344240	2932017929688584739081736878	153	11544	148035
1705	9021593629811029966405344240	9021593629811029966405344240	2932017929688584739081736878	137	11567	148278
1706	4961876496396066481522939332	4961876496396066481522939332	2932017929688584739081736878	139	11423	146856
1707	4961876496396066481522939332	4961876496396066481522939332	2932017929688584739081736878	155	11364	147068
1708	902159362981102996640534424	902159362981102996640534424	189928286943390104555901984	155	11428	149486
1709	902159362981102996640534424	902159362981102996640534424	189928286943390104555901984	151	11335	146113
1710	902159362981102996640534424	902159362981102996640534424	189928286943390104555901984	139	11236	149023
1711	902159362981102996640534424	902159362981102996640534424	189928286943390104555901984	137	11289	153456
1712	688490040169789129015144692	688490040169789129015144692	189928286943390104555901984	149	11159	154022
1713	688490040169789129015144692	688490040169789129015144692	189928286943390104555901984	141	11173	146764
1714	474820717358475261389754960	474820717358475261389754960	189928286943390104555901984	145	10895	149068
1715	474820717358475261389754960	474820717358475261389754960	189928286943390104555901984	139	10957	146021
1716	261151394547161393764365228	261151394547161393764365228	189928286943390104555901984	141	11042	144569
1717	261151394547161393764365228	261151394547161393764365228	189928286943390104555901984	151	10882	145265
1718	47482071735847526138975496	47482071735847526138975496	11870517933961881534743874	140	10720	144163
1719	47482071735847526138975496	47482071735847526138975496	11870517933961881534743874	140	10874	144819
1720	6187911070687385453957425614216	6187911070687385453957425614216	6187911070687385453957425614216	139	12897	159126
1721	6187911070687385453957425614216	6187911070687385453957425614216	6187911070687385453957425614216	151	13958	157115
1722	4722353185524583635914877442428	4722353185524583635914877442428	569939177563311818127657622362	131	12513	163256
1723	4722353185524583635914877442428	4722353185524583635914877442428	569939177563311818127657622362	167	12385	154729
1724	3256795300361781817872329270640	3256795300361781817872329270640	569939177563311818127657622362	136	12299	152376
1725	3256795300361781817872329270640	3256795300361781817872329270640	569939177563311818127657622362	132	12246	151218
1726	1791237415198979999829781098852	1791237415198979999829781098852	569939177563311818127657622362	145	12267	155290
1727	1791237415198979999829781098852	1791237415198979999829781098852	569939177563311818127657622362	137	12237	150785
1728	325679530036178181787232927064	325679530036178181787232927064	42852569741602392340425385140	132	12062	155846
1729	325679530036178181787232927064	325679530036178181787232927064	42852569741602392340425385140	150	12016	150293
1730	325679530036178181787232927064	325679530036178181787232927064	42852569741602392340425385140	140	12046	150879
1731	325679530036178181787232927064	325679530036178181787232927064	42852569741602392340425385140	136	12006	149428
1732	248544904501293875574467233812	248544904501293875574467233812	42852569741602392340425385140	133	11964	161803
1733	248544904501293875574467233812	248544904501293875574467233812	42852569741602392340425385140	152	11896	152622
1734	171410278966409569361701540560	171410278966409569361701540560	42852569741602392340425385140	139	11927	152148
1735	171410278966409569361701540560	171410278966409569361701540560	42852569741602392340425385140	139	11863	150150
1736	94275653431525263148935847308	94275653431525263148935847308	42852569741602392340425385140	134	11782	170430
1737	94275653431525263148935847308	94275653431525263148935847308	42852569741602392340425385140	139	11847	149086
1738	17141027896640956936170154056	17141027896640956936170154056	2932017929688584739081736878	140	11642	152166
1739	17141027896640956936170154056	17141027896640956936170154056	2932017929688584739081736878	133	11680	148332
1740	17141027896640956936170154056	17141027896640956936170154056	2932017929688584739081736878	147	11568	150461
1741	17141027896640956936170154056	17141027896640956936170154056	2932017929688584739081736878	143	11694	147875
1742	13081310763225993451287749148	13081310763225993451287749148	2932017929688584739081736878	139	11622	149049
1743	13081310763225993451287749148	13081310763225993451287749148	2932017929688584739081736878	136	11480	155606
1744	9021593629811029966405344240	9021593629811029966405344240	2932017929688584739081736878	152	11364	173703
1745	9021593629811029966405344240	9021593629811029966405344240	2932017929688584739081736878	145	11382	148544
1746	4961876496396066481522939332	4961876496396066481522939332	2932017929688584739081736878	135	11436	147918
1747	4961876496396066481522939332	4961876496396066481522939332	2932017929688584739081736878	152	11304	147731
1748	902159362981102996640534424	902159362981102996640534424	189928286943390104555901984	144	11084	146424
1749	902159362981102996640534424	902159362981102996640534424	189928286943390104555901984	151	11262	146713
1750	902159362981102996640534424	902159362981102996640534424	189928286943390104555901984	139	11155	149976
1751	902159362981102996640534424	902159362981102996640534424	189928286943390104555901984	133	11106	146937
1752	688490040169789129015144692	688490040169789129015144692	189928286943390104555901984	138	10989	146785
1753	688490040169789129015144692	688490040169789129015144692	189928286943390104555901984	140	10917	152520
1754	474820717358475261389754960	474820717358475261389754960	189928286943390104555901984	156	10881	154755
1755	474820717358475261389754960	474820717358475261389754960	189928286943390104555901984	153	10785	146222
1756	261151394547161393764365228	261151394547161393764365228	189928286943390104555901984	140	10787	147966
1757	261151394547161393764365228	261151394547161393764365228	189928286943390104555901984	139	10699	145067
1758	47482071735847526138975496	47482071735847526138975496	11870517933961881534743874	141	10525	144261
1759	47482071735847526138975496	47482071735847526138975496	11870517933961881534743874	140	10485	144417
1760	6187911070687385453957425614216	6187911070687385453957425614216	1847175362727739689079958535240	140	13128	165573
1761	6187911070687385453957425614216	6187911070687385453957425614216	1847175362727739689079958535240	139	13187	156349
1762	4722353185524583635914877442428	4722353185524583635914877442428	1847175362727739689079958535240	141	12908	156585
1763	4722353185524583635914877442428	3745314595416049090553178661236	1304374173077571489921698915298	134	12924	153864
1764	3256795300361781817872329270640	3256795300361781817872329270640	1304374173077571489921698915298	143	12729	153053
1765	3256795300361781817872329270640	1546977767671846363489356403554	341479403460172567344633039258	140	12672	159557
1766	1791237415198979999829781098852	1791237415198979999829781098852	1304374173077571489921698915298	152	12553	150344
1767	1791237415198979999829781098852	1058458472617579090808507012958	341479403460172567344633039258	140	12458	149373
1768	325679530036178181787232927064	325679530036178181787232927064	126456841604387045224282505622	141	12245	153350
1769	325679530036178181787232927064	325679530036178181787232927064	126456841604387045224282505622	139	12383	148713
1770	325679530036178181787232927064	325679530036178181787232927064	126456841604387045224282505622	139	12329	148169
1771	325679530036178181787232927064	325679530036178181787232927064	126456841604387045224282505622	134	12288	147850
1772	248544904501293875574467233812	248544904501293875574467233812	126456841604387045224282505622	139	12381	148301
1773	248544904501293875574467233812	197121820811371004765956771644	112884888233361038129385165564	135	12270	148555
1774	171410278966409569361701540560	171410278966409569361701540560	112884888233361038129385165564	139	12238	153107
1775	171410278966409569361701540560	81419882509044545446808231766	30828371104595063351845143924	139	12181	147425
1776	94275653431525263148935847308	94275653431525263148935847308	73640955943683057775521918120	132	12214	146595
1777	94275653431525263148935847308	55708340664083110042553000682	30828371104595063351845143924	6062	12184	156805
1778	17141027896640956936170154056	17141027896640956936170154056	8725455445563770395485944436	163	12708	154341
1779	17141027896640956936170154056	17141027896640956936170154056	8725455445563770395485944436	147	12021	146690
1780	17141027896640956936170154056	17141027896640956936170154056	8725455445563770395485944436	139	11935	150048
1781	17141027896640956936170154056	17141027896640956936170154056	8725455445563770395485944436	138	11802	148164
1782	13081310763225993451287749148	13081310763225993451287749148	8123501290761230428229111916	142	12111	150967
1783	13081310763225993451287749148	10374832674282684461366145876	6617929429254829254290146374	132	12007	147352
1784	9021593629811029966405344240	9021593629811029966405344240	6617929429254829254290146374	140	11732	156876
1785	9021593629811029966405344240	4285256974160239234042538514	2299165369846093739682776814	139	11776	145720
1786	4961876496396066481522939332	4961876496396066481522939332	3953096525900427785725725942	140	11607	148333
1787	4961876496396066481522939332	2932017929688584739081736878	1703535004594610298906182538	140	11613	145333
1788	902159362981102996640534424	902159362981102996640534424	540223654119279090676750986	140	11422	151778
1789	902159362981102996640534424	902159362981102996640534424	540223654119279090676750986	152	11325	148020
1790	902159362981102996640534424	902159362981102996640534424	540223654119279090676750986	148	12387	158112
1791	902159362981102996640534424	902159362981102996640534424	540223654119279090676750986	146	12409	148128
1792	688490040169789129015144692	688490040169789129015144692	502628777157702482923544808	140	11251	149034
1793	688490040169789129015144692	546043824962246550598218204	383923629025824026408976168	133	11318	144607
1794	474820717358475261389754960	474820717358475261389754960	383923629025824026408976168	139	11266	144049
1795	474820717358475261389754960	225539840745275749160133606	125271290885812502441399124	145	11234	143159
1796	261151394547161393764365228	261151394547161393764365228	213987762131892521394509556	141	11148	146078
1797	261151394547161393764365228	154316733141504459951670362	123292583585764972612721862	148	11786	147618
1798	47482071735847526138975496	47482071735847526138975496	32487733292948307358246392	132	10978	142627
1799	47482071735847526138975496	47482071735847526138975496	32487733292948307358246392	142	12372	149475
1800	6187911070687385453957425614216	6187911070687385453957425614216	1835633273417391135170613613632	153	13183	155549
1801	6187911070687385453957425614216	6187911070687385453957425614216	1835633273417391135170613613632	139	13026	154110
1802	4722353185524583635914877442428	4722353185524583635914877442428	1835633273417391135170613613632	132	12787	157460
1803	4722353185524583635914877442428	3745314595416049090553178661236	1835633273417391135170613613632	154	12955	152320
1804	3256795300361781817872329270640	3256795300361781817872329270640	1835633273417391135170613613632	145	12708	154598
1805	3256795300361781817872329270640	1791237415198979999829781098852	340871925075417380296772780226	137	12883	154883
1806	1791237415198979999829781098852	1791237415198979999829781098852	1307043263710006732202094841632	162	13402	153020
1807	1791237415198979999829781098852	1546977767671846363489356403554	340871925075417380296772780226	140	15101	148789
1808	325679530036178181787232927064	325679530036178181787232927064	163597610249630641456907765910	139	12387	160434
1809	325679530036178181787232927064	325679530036178181787232927064	163597610249630641456907765910	149	13148	151780
1810	325679530036178181787232927064	325679530036178181787232927064	163597610249630641456907765910	150	12251	157720
1811	325679530036178181787232927064	325679530036178181787232927064	163597610249630641456907765910	154	12328	147841
1812	248544904501293875574467233812	248544904501293875574467233812	163597610249630641456907765910	141	12348	148136
1813	248544904501293875574467233812	197121820811371004765956771644	163597610249630641456907765910	134	12260	147697
1814	171410278966409569361701540560	171410278966409569361701540560	163597610249630641456907765910	151	12128	148809
1815	171410278966409569361701540560	94275653431525263148935847308	30796398558029000875641972396	137	12274	147578
1816	94275653431525263148935847308	94275653431525263148935847308	70224116181086481304612453026	140	12104	149990
1817	94275653431525263148935847308	81419882509044545446808231766	30796398558029000875641972396	138	12005	146482
1818	17141027896640956936170154056	17141027896640956936170154056	10113802425129221468492206668	136	11937	145913
1819	17141027896640956936170154056	17141027896640956936170154056	10113802425129221468492206668	137	11866	147381
1820	17141027896640956936170154056	17141027896640956936170154056	10113802425129221468492206668	151	11899	145731
1821	17141027896640956936170154056	17141027896640956936170154056	10113802425129221468492206668	139	12087	145919
1822	13081310763225993451287749148	13081310763225993451287749148	10113802425129221468492206668	139	11928	157889
1823	13081310763225993451287749148	10374832674282684461366145876	8760563380657566973531405032	152	11884	146938
1824	9021593629811029966405344240	9021593629811029966405344240	8760563380657566973531405032	140	11636	145999
1825	9021593629811029966405344240	4961876496396066481522939332	2297482604237353609356294102	136	11813	145049
1826	4961876496396066481522939332	4961876496396066481522939332	3846168955997348018147441196	140	11675	144808
1827	4961876496396066481522939332	4285256974160239234042538514	2297482604237353609356294102	136	11447	150098
1828	902159362981102996640534424	902159362981102996640534424	607698177112325575190031954	154	11457	148472
1829	902159362981102996640534424	902159362981102996640534424	607698177112325575190031954	158	11543	144677
1830	902159362981102996640534424	902159362981102996640534424	607698177112325575190031954	152	11482	144010
1831	902159362981102996640534424	902159362981102996640534424	607698177112325575190031954	140	11525	145874
1832	688490040169789129015144692	688490040169789129015144692	607698177112325575190031954	136	11423	146625
1833	688490040169789129015144692	546043824962246550598218204	496693836994389169526937150	140	24455	153571
1834	474820717358475261389754960	474820717358475261389754960	465251961904782996773105466	152	11175	149204
1835	474820717358475261389754960	261151394547161393764365228	130686186445696391671990356	151	11382	144120
1836	261151394547161393764365228	261151394547161393764365228	206599623764771472805528422	141	11143	143112
1837	261151394547161393764365228	225539840745275749160133606	130686186445696391671990356	151	11045	142531
1838	47482071735847526138975496	47482071735847526138975496	39984902514397916748610944	133	10879	141847
1839	47482071735847526138975496	47482071735847526138975496	39984902514397916748610944	138	10925	142230
1840	6187911070687385453957425614216	6187911070687385453957425614216	1073615359639900760791132801920	151	12976	155576
1841	6187911070687385453957425614216	6187911070687385453957425614216	1073615359639900760791132801920	135	14707	152257
1842	4722353185524583635914877442428	4722353185524583635914877442428	1073615359639900760791132801920	134	12708	173634
1843	4722353185524583635914877442428	3745314595416049090553178661236	1061469852894679497970906835538	159	12874	152600
1844	3256795300361781817872329270640	3256795300361781817872329270640	1061469852894679497970906835538	149	12855	157672
1845	3256795300361781817872329270640	1058458472617579090808507012958	300765719087128413224168526978	152	12725	149405
1846	1791237415198979999829781098852	1791237415198979999829781098852	787814741452315472575731435858	141	12551	153340
1847	1791237415198979999829781098852	1058458472617579090808507012958	300126481890011504654682949800	140	12669	147589
1848	325679530036178181787232927064	325679530036178181787232927064	97963658422806941775997088964	140	12444	146523
1849	325679530036178181787232927064	325679530036178181787232927064	97963658422806941775997088964	132	12188	146719
1850	325679530036178181787232927064	325679530036178181787232927064	97963658422806941775997088964	139	12214	146649
1851	325679530036178181787232927064	325679530036178181787232927064	97963658422806941775997088964	139	12264	146489
1852	248544904501293875574467233812	248544904501293875574467233812	97963658422806941775997088964	132	12289	156367
1853	248544904501293875574467233812	197121820811371004765956771644	96539283714023208070666026324	153	12252	147084
1854	171410278966409569361701540560	171410278966409569361701540560	96539283714023208070666026324	170	12207	146417
1855	171410278966409569361701540560	55708340664083110042553000682	18011752944733714637706409698	145	12232	148449
1856	94275653431525263148935847308	94275653431525263148935847308	68641588438842162172990868124	139	12086	153228
1857	94275653431525263148935847308	55708340664083110042553000682	18011752944733714637706409698	153	16153	145269
1858	17141027896640956936170154056	17141027896640956936170154056	7296637251260646396442361094	137	11987	149758
1859	17141027896640956936170154056	17141027896640956936170154056	7296637251260646396442361094	132	11855	145427
1860	17141027896640956936170154056	17141027896640956936170154056	7296637251260646396442361094	144	11800	145734
1861	17141027896640956936170154056	17141027896640956936170154056	7296637251260646396442361094	134	11818	144698
1862	13081310763225993451287749148	13081310763225993451287749148	7296637251260646396442361094	137	11817	145558
1863	13081310763225993451287749148	10374832674282684461366145876	6511297255235404195178417694	152	11799	145279
1864	9021593629811029966405344240	9021593629811029966405344240	6511297255235404195178417694	133	11629	144951
1865	9021593629811029966405344240	2932017929688584739081736878	1620660883014655071333837720	152	12731	144468
1866	4961876496396066481522939332	4961876496396066481522939332	3691847046939225984891890538	133	11572	151197
1867	4961876496396066481522939332	2932017929688584739081736878	1620660883014655071333837720	154	11492	143125
1868	902159362981102996640534424	902159362981102996640534424	459311556535738928449110168	138	11519	143624
1869	902159362981102996640534424	902159362981102996640534424	459311556535738928449110168	139	11522	143394
1870	902159362981102996640534424	902159362981102996640534424	459311556535738928449110168	151	11306	142994
1871	902159362981102996640534424	902159362981102996640534424	459311556535738928449110168	140	11335	146546
1872	688490040169789129015144692	688490040169789129015144692	459311556535738928449110168	139	11236	143736
1873	688490040169789129015144692	546043824962246550598218204	453283101555087222464635968	139	11358	143807
1874	474820717358475261389754960	474820717358475261389754960	453283101555087222464635968	139	11243	143297
1875	474820717358475261389754960	154316733141504459951670362	91435399158509921885588898	140	11216	143722
1876	261151394547161393764365228	261151394547161393764365228	229617569812556508544883706	133	11209	150873
1877	261151394547161393764365228	154316733141504459951670362	91435399158509921885588898	152	10964	145996
1878	47482071735847526138975496	47482071735847526138975496	29994463292216877208262490	139	11101	148927
1879	47482071735847526138975496	47482071735847526138975496	29994463292216877208262490	153	10896	144171
1880	6187911070687385453957425614216	6187911070687385453957425614216	1060757511650842995632438972556	151	13030	155988
1881	6187911070687385453957425614216	6187911070687385453957425614216	1060757511650842995632438972556	133	13001	173252
1882	4722353185524583635914877442428	4722353185524583635914877442428	1060757511650842995632438972556	138	12863	152410
1883	4722353185524583635914877442428	3989574242943182726893603356534	815819381830003518962130168942	137	12777	156165
1884	3256795300361781817872329270640	3256795300361781817872329270640	815819381830003518962130168942	159	12804	152696
1885	3256795300361781817872329270640	1546977767671846363489356403554	300088990245599057163184641222	153	12878	149075
1886	1791237415198979999829781098852	1791237415198979999829781098852	801420328217164988240273863302	133	12592	148461
1887	1791237415198979999829781098852	814198825090445454468082317660	287197509728712768917378914716	154	12455	157962
1888	325679530036178181787232927064	325679530036178181787232927064	97214028929571552571706921826	165	12534	148749
1889	325679530036178181787232927064	325679530036178181787232927064	97214028929571552571706921826	131	12333	147981
1890	325679530036178181787232927064	325679530036178181787232927064	97214028929571552571706921826	153	12283	146198
1891	325679530036178181787232927064	325679530036178181787232927064	97214028929571552571706921826	139	12278	145796
1892	248544904501293875574467233812	248544904501293875574467233812	97214028929571552571706921826	153	12235	146499
1893	248544904501293875574467233812	209977591733851722468084387186	70790157649251371030765994960	141	12332	145770
1894	171410278966409569361701540560	171410278966409569361701540560	70790157649251371030765994960	139	12175	145294
1895	171410278966409569361701540560	81419882509044545446808231766	17972298760879220469059558796	140	12170	147492
1896	94275653431525263148935847308	94275653431525263148935847308	70032318521368605756744678720	140	12020	144156
1897	94275653431525263148935847308	42852569741602392340425385140	16619054827243602685168563702	140	12017	144295
1898	17141027896640956936170154056	17141027896640956936170154056	6584296007424144057974498112	155	11773	143821
1899	17141027896640956936170154056	17141027896640956936170154056	6584296007424144057974498112	151	18109	146218
1900	17141027896640956936170154056	17141027896640956936170154056	6584296007424144057974498112	148	11693	143649
1901	17141027896640956936170154056	17141027896640956936170154056	6584296007424144057974498112	141	11967	147639
1902	13081310763225993451287749148	13081310763225993451287749148	6546920055855398919659536512	151	11788	144675
1903	13081310763225993451287749148	11051452196518511708846546694	5156183932840507641961939098	139	11895	149802
1904	9021593629811029966405344240	9021593629811029966405344240	5156183932840507641961939098	167	11696	147233
1905	9021593629811029966405344240	4285256974160239234042538514	1622529983334733587957219702	144	11775	142804
1906	4961876496396066481522939332	4961876496396066481522939332	4362531023360490708361699698	140	13702	147479
1907	4961876496396066481522939332	2255398407452757491601336060	983708128268035419725006946	151	11589	146677
1908	902159362981102996640534424	902159362981102996640534424	457245982029800103642951630	153	11425	142728
1909	902159362981102996640534424	902159362981102996640534424	457245982029800103642951630	152	11402	141659
1910	902159362981102996640534424	902159362981102996640534424	457245982029800103642951630	151	11371	149182
1911	902159362981102996640534424	902159362981102996640534424	457245982029800103642951630	159	11305	142432
1912	688490040169789129015144692	688490040169789129015144692	457245982029800103642951630	152	11279	141838
1913	688490040169789129015144692	581655378764132195202449826	383934287013632037924390924	141	11481	143381
1914	474820717358475261389754960	474820717358475261389754960	383934287013632037924390924	151	12526	141889
1915	474820717358475261389754960	225539840745275749160133606	89462154715749527596204236	140	11120	141064
1916	261151394547161393764365228	261151394547161393764365228	233673069672742332450699600	139	11199	140733
1917	261151394547161393764365228	118705179339618815347438740	85286388453436635465045516	135	10998	140232
1918	47482071735847526138975496	47482071735847526138975496	28131417804963554737558548	138	10941	139274
1919	47482071735847526138975496	47482071735847526138975496	28131417804963554737558548	153	10834	139464
1920	6187911070687385453957425614216	6187911070687385453957425614216	1574913267249407364523656926094	132	13021	157417
1921	6187911070687385453957425614216	6187911070687385453957425614216	1574913267249407364523656926094	140	12842	151767
1922	4722353185524583635914877442428	4722353185524583635914877442428	1574913267249407364523656926094	140	12802	158051
1923	4722353185524583635914877442428	3745314595416049090553178661236	1574913267249407364523656926094	149	12700	149788
1924	3256795300361781817872329270640	3256795300361781817872329270640	1574913267249407364523656926094	146	12700	148304
1925	3256795300361781817872329270640	1546977767671846363489356403554	327149819487628760789038217724	135	12664	148144
1926	1791237415198979999829781098852	1791237415198979999829781098852	1574913267249407364523656926094	145	12484	151490
1927	1791237415198979999829781098852	1058458472617579090808507012958	327149819487628760789038217724	152	12330	146783
1928	325679530036178181787232927064	325679530036178181787232927064	110819308505955574715541153888	139	12303	150897
1929	325679530036178181787232927064	325679530036178181787232927064	110819308505955574715541153888	153	12164	148628
1930	325679530036178181787232927064	325679530036178181787232927064	110819308505955574715541153888	145	12364	156478
1931	325679530036178181787232927064	325679530036178181787232927064	110819308505955574715541153888	134	12197	146189
1932	248544904501293875574467233812	248544904501293875574467233812	110819308505955574715541153888	142	12290	148835
1933	248544904501293875574467233812	197121820811371004765956771644	110819308505955574715541153888	152	12263	153177
1934	171410278966409569361701540560	171410278966409569361701540560	110819308505955574715541153888	155	12089	145405
1935	171410278966409569361701540560	81419882509044545446808231766	30074182474461178796287521738	151	12408	145180
1936	94275653431525263148935847308	94275653431525263148935847308	85107766660994139311285922804	140	12273	144393
1937	94275653431525263148935847308	55708340664083110042553000682	30074182474461178796287521738	139	11943	144086
1938	17141027896640956936170154056	17141027896640956936170154056	8722962204327279653519788890	141	11934	149295
1939	17141027896640956936170154056	17141027896640956936170154056	8722962204327279653519788890	140	12016	144054
1940	17141027896640956936170154056	17141027896640956936170154056	8722962204327279653519788890	150	11722	143723
1941	17141027896640956936170154056	17141027896640956936170154056	8722962204327279653519788890	146	11746	143875
1942	13081310763225993451287749148	13081310763225993451287749148	8722962204327279653519788890	133	11768	144133
1943	13081310763225993451287749148	10374832674282684461366145876	6509214706759804864087829970	140	11736	144313
1944	9021593629811029966405344240	9021593629811029966405344240	6509214706759804864087829970	139	11678	170745
1945	9021593629811029966405344240	4285256974160239234042538514	2259471231417994552548165120	167	11835	150476
1946	4961876496396066481522939332	4961876496396066481522939332	4592021963308544879428920738	154	11660	142223
1947	4961876496396066481522939332	2932017929688584739081736878	2259471231417994552548165120	140	11531	142265
1948	902159362981102996640534424	902159362981102996640534424	534283795270808097845494452	132	11404	142213
1949	902159362981102996640534424	902159362981102996640534424	534283795270808097845494452	139	11676	141898
1950	902159362981102996640534424	902159362981102996640534424	534283795270808097845494452	155	11478	146467
1951	902159362981102996640534424	902159362981102996640534424	534283795270808097845494452	137	11745	141392
1952	688490040169789129015144692	688490040169789129015144692	534283795270808097845494452	140	11170	142785
1953	688490040169789129015144692	546043824962246550598218204	378201801526085900608854252	139	11362	150885
1954	474820717358475261389754960	474820717358475261389754960	378201801526085900608854252	152	11147	141948
1955	474820717358475261389754960	225539840745275749160133606	122991434769989281781136498	145	11405	148256
1956	261151394547161393764365228	261151394547161393764365228	245642780244998136316459200	150	11196	148849
1957	261151394547161393764365228	154316733141504459951670362	122991434769989281781136498	150	10964	141191
1958	47482071735847526138975496	47482071735847526138975496	32087953493743584419840526	146	11064	140337
1959	47482071735847526138975496	47482071735847526138975496	32087953493743584419840526	139	10823	141279
1960	6187911070687385453957425614216	6187911070687385453957425614216	2377757832023731204059128322054	135	12901	161769
1961	6187911070687385453957425614216	6187911070687385453957425614216	2377757832023731204059128322054	139	12900	160028
1962	4722353185524583635914877442428	4722353185524583635914877442428	2377757832023731204059128322054	130	12771	159817
1963	4722353185524583635914877442428	3989574242943182726893603356534	898669430708518203469319725044	135	14546	157944
1964	3256795300361781817872329270640	3256795300361781817872329270640	898669430708518203469319725044	147	12688	157290
1965	3256795300361781817872329270640	1546977767671846363489356403554	369404796581014226027747238564	139	12557	156753
1966	1791237415198979999829781098852	1791237415198979999829781098852	816646453547321871681157650084	139	12632	163995
1967	1791237415198979999829781098852	814198825090445454468082317660	369404796581014226027747238564	161	12478	156814
1968	325679530036178181787232927064	325679530036178181787232927064	180022553462586368022443472768	140	12397	159246
1969	325679530036178181787232927064	325679530036178181787232927064	180022553462586368022443472768	139	12197	154735
1970	325679530036178181787232927064	325679530036178181787232927064	180022553462586368022443472768	139	12229	153339
1971	325679530036178181787232927064	325679530036178181787232927064	180022553462586368022443472768	132	12114	152717
1972	248544904501293875574467233812	248544904501293875574467233812	153034717204636576745918023608	137	12295	153592
1973	248544904501293875574467233812	209977591733851722468084387186	88680890900018492141376300378	139	12352	155577
1974	171410278966409569361701540560	171410278966409569361701540560	88680890900018492141376300378	142	12512	156889
1975	171410278966409569361701540560	81419882509044545446808231766	32298128637270940124640628098	139	12166	154991
1976	94275653431525263148935847308	94275653431525263148935847308	69369553659161571687586034538	137	12283	154368
1977	94275653431525263148935847308	42852569741602392340425385140	22330642157353684440150956214	136	12205	170496
1978	17141027896640956936170154056	17141027896640956936170154056	10942743242807492372686260690	152	11973	154325
1979	17141027896640956936170154056	17141027896640956936170154056	10942743242807492372686260690	140	26956	152100
1980	17141027896640956936170154056	17141027896640956936170154056	10942743242807492372686260690	140	11716	153004
1981	17141027896640956936170154056	17141027896640956936170154056	10942743242807492372686260690	139	11756	150589
1982	13081310763225993451287749148	13081310763225993451287749148	10193026320662531433649805490	141	11736	150939
1983	13081310763225993451287749148	11051452196518511708846546694	6056265908800829199637470120	152	11795	151360
1984	9021593629811029966405344240	9021593629811029966405344240	6056265908800829199637470120	133	11664	150653
1985	9021593629811029966405344240	4285256974160239234042538514	2376521029460613569829907560	141	11581	150992
1986	4961876496396066481522939332	4961876496396066481522939332	4327648662191699441563876320	134	12611	157072
1987	4961876496396066481522939332	2255398407452757491601336060	1545398472890384610438879294	143	12229	164192
1988	902159362981102996640534424	902159362981102996640534424	688490040169789129015144692	150	11364	157489
1989	902159362981102996640534424	902159362981102996640534424	688490040169789129015144692	153	11292	149627
1990	902159362981102996640534424	902159362981102996640534424	688490040169789129015144692	135	11312	148824
1991	902159362981102996640534424	902159362981102996640534424	688490040169789129015144692	132	11353	151770
1992	688490040169789129015144692	688490040169789129015144692	572086623310439930585800332	139	11137	150131
1993	688490040169789129015144692	581655378764132195202449826	354362391107192444585151102	133	11390	149359
1994	474820717358475261389754960	474820717358475261389754960	354362391107192444585151102	140	11122	149175
1995	474820717358475261389754960	225539840745275749160133606	133080842111676232255972818	151	11221	149256
1996	261151394547161393764365228	261151394547161393764365228	245653437396173108424865098	151	10929	149180
1997	261151394547161393764365228	118705179339618815347438740	99458637577905725312756334	151	10988	150849
1998	47482071735847526138975496	47482071735847526138975496	38110610209035514401019806	139	10983	147256
1999	47482071735847526138975496	47482071735847526138975496	38110610209035514401019806	146	10867	153613
2000	6187911070687385453957425614216	6187911070687385453957425614216	1576379692419102928989579238458	162	13866	164316
2001	6187911070687385453957425614216	6187911070687385453957425614216	1576379692419102928989579238458	149	13158	159334
2002	4722353185524583635914877442428	4722353185524583635914877442428	1576379692419102928989579238458	153	12891	162197
2003	4722353185524583635914877442428	3745314595416049090553178661236	1574909622807243958693153560840	161	13596	158266
2004	3256795300361781817872329270640	3256795300361781817872329270640	1574909622807243958693153560840	140	12883	148346
2005	3256795300361781817872329270640	1058458472617579090808507012958	327226999759718001024086760480	131	12701	148912
2006	1791237415198979999829781098852	1791237415198979999829781098852	1574909622807243958693153560840	139	12564	147660
2007	1791237415198979999829781098852	1058458472617579090808507012958	327149627674883318376906461658	139	12413	147593
2008	325679530036178181787232927064	325679530036178181787232927064	123684971509094393914928681604	141	12237	146181
2009	325679530036178181787232927064	325679530036178181787232927064	123684971509094393914928681604	133	12283	157394
2010	325679530036178181787232927064	325679530036178181787232927064	123684971509094393914928681604	152	12255	146258
2011	325679530036178181787232927064	325679530036178181787232927064	123684971509094393914928681604	145	12317	146199
2012	248544904501293875574467233812	248544904501293875574467233812	123684971509094393914928681604	150	12223	145814
2013	248544904501293875574467233812	197121820811371004765956771644	110750064104850863935977214062	140	12334	145380
2014	171410278966409569361701540560	171410278966409569361701540560	110750064104850863935977214062	152	12010	145460
2015	171410278966409569361701540560	55708340664083110042553000682	30078244594044823019184813462	133	12186	147446
2016	94275653431525263148935847308	94275653431525263148935847308	85038522259889428531721982978	145	12057	144062
2017	94275653431525263148935847308	55708340664083110042553000682	30074172379053523932491113524	139	11974	144186
2018	17141027896640956936170154056	17141027896640956936170154056	8798246247431408735615552214	152	11927	144267
2019	17141027896640956936170154056	17141027896640956936170154056	8798246247431408735615552214	136	11834	143722
2020	17141027896640956936170154056	17141027896640956936170154056	8798246247431408735615552214	133	11790	151557
2021	17141027896640956936170154056	17141027896640956936170154056	8798246247431408735615552214	152	11699	146447
2022	13081310763225993451287749148	13081310763225993451287749148	8798246247431408735615552214	137	11866	144885
2023	13081310763225993451287749148	10374832674282684461366145876	7407318583337774841804932196	151	11852	147302
2024	9021593629811029966405344240	9021593629811029966405344240	7407318583337774841804932196	143	11952	146190
2025	9021593629811029966405344240	2932017929688584739081736878	2259470700080749559716775214	139	11705	151375
2026	4961876496396066481522939332	4961876496396066481522939332	4700840494394465851883328924	168	11605	145676
2027	4961876496396066481522939332	2932017929688584739081736878	2259470700080749559716775214	146	11412	166891
2028	902159362981102996640534424	902159362981102996640534424	540218462173834873495732728	153	11339	141774
2029	902159362981102996640534424	902159362981102996640534424	540218462173834873495732728	140	11207	141588
2030	902159362981102996640534424	902159362981102996640534424	540218462173834873495732728	152	11270	142119
2031	902159362981102996640534424	902159362981102996640534424	540218462173834873495732728	151	11293	141561
2032	688490040169789129015144692	688490040169789129015144692	498677145771959788583997528	152	11349	150577
2033	688490040169789129015144692	546043824962246550598218204	425470426609136952067649106	151	11349	144981
2034	474820717358475261389754960	474820717358475261389754960	425470426609136952067649106	147	11231	141605
2035	474820717358475261389754960	154316733141504459951670362	122981339362334417984728284	132	11167	142022
2036	261151394547161393764365228	261151394547161393764365228	251473334978854030599962934	139	11060	140152
2037	261151394547161393764365228	154316733141504459951670362	122981339362334417984728284	152	11063	141569
2038	47482071735847526138975496	47482071735847526138975496	32389086329508180918899490	139	10782	139755
2039	47482071735847526138975496	47482071735847526138975496	32389086329508180918899490	130	10856	138332
2040	6187911070687385453957425614216	6187911070687385453957425614216	1589235058096578711213841060494	132	13218	157405
2041	6187911070687385453957425614216	6187911070687385453957425614216	1589235058096578711213841060494	152	12937	155880
2042	4722353185524583635914877442428	4722353185524583635914877442428	1088542535925078686419632656934	140	12881	154692
2043	4722353185524583635914877442428	3989574242943182726893603356534	1088542535925078686419632656934	139	12822	161559
2044	3256795300361781817872329270640	3256795300361781817872329270640	1088542535925078686419632656934	156	12659	152999
2045	3256795300361781817872329270640	1546977767671846363489356403554	327903597953269357983258435324	133	12694	155757
2046	1791237415198979999829781098852	1791237415198979999829781098852	1074962581507244974455131726094	146	12454	152092
2047	1791237415198979999829781098852	1058458472617579090808507012958	301551359944243040888826414084	140	12575	150454
2048	325679530036178181787232927064	325679530036178181787232927064	111573294631842549944794747848	152	12312	150083
2049	325679530036178181787232927064	325679530036178181787232927064	111573294631842549944794747848	152	12243	157747
2050	325679530036178181787232927064	325679530036178181787232927064	111573294631842549944794747848	166	12246	149755
2051	325679530036178181787232927064	325679530036178181787232927064	111573294631842549944794747848	146	12257	158992
2052	248544904501293875574467233812	248544904501293875574467233812	111494371595884718038389838608	150	12281	149927
2053	248544904501293875574467233812	209977591733851722468084387186	111494371595884718038389838608	139	12181	157394
2054	171410278966409569361701540560	171410278966409569361701540560	111494371595884718038389838608	152	12104	149043
2055	171410278966409569361701540560	81419882509044545446808231766	30113855025284368122299112138	139	12150	148498
2056	94275653431525263148935847308	94275653431525263148935847308	82965139341262787623058354328	142	12169	148497
2057	94275653431525263148935847308	55708340664083110042553000682	18723895743316755493621817574	152	11966	150507
2058	17141027896640956936170154056	17141027896640956936170154056	8766591229318303120693602570	139	11929	147336
2059	17141027896640956936170154056	17141027896640956936170154056	8766591229318303120693602570	151	11850	147074
2060	17141027896640956936170154056	17141027896640956936170154056	8766591229318303120693602570	139	11811	147131
2061	17141027896640956936170154056	17141027896640956936170154056	8766591229318303120693602570	140	11749	147160
2062	13081310763225993451287749148	13081310763225993451287749148	7304539392226744945952149770	152	11755	147632
2063	13081310763225993451287749148	11051452196518511708846546694	7256975419109577931059235290	134	11830	150997
2064	9021593629811029966405344240	9021593629811029966405344240	7256975419109577931059235290	140	11677	154662
2065	9021593629811029966405344240	4285256974160239234042538514	1662306342620802832758017004	153	11796	148908
2066	4961876496396066481522939332	4961876496396066481522939332	4479274222562497651929168774	147	11758	146760
2067	4961876496396066481522939332	2932017929688584739081736878	1662087719252498589249970164	136	11584	146140
2068	902159362981102996640534424	902159362981102996640534424	611545408686490506324561132	145	11644	145527
2069	902159362981102996640534424	902159362981102996640534424	611545408686490506324561132	142	11348	148825
2070	902159362981102996640534424	902159362981102996640534424	611545408686490506324561132	152	11321	145542
2071	902159362981102996640534424	902159362981102996640534424	611545408686490506324561132	131	11388	149022
2072	688490040169789129015144692	688490040169789129015144692	457546841605278162395641212	151	11292	146479
2073	688490040169789129015144692	581655378764132195202449826	417557628491863430449454532	153	11401	154177
2074	474820717358475261389754960	474820717358475261389754960	417557628491863430449454532	152	11166	157987
2075	474820717358475261389754960	225539840745275749160133606	95507293834569912811492614	151	11256	159184
2076	261151394547161393764365228	261151394547161393764365228	240128934183239490075069204	151	17401	144611
2077	261151394547161393764365228	154316733141504459951670362	91457288745673629778967814	149	11035	144186
2078	47482071735847526138975496	47482071735847526138975496	36137670940232985614081766	144	10937	143847
2079	47482071735847526138975496	47482071735847526138975496	36137670940232985614081766	139	10894	142941
2080	6187911070687385453957425614216	6187911070687385453957425614216	1604983365938201991342606942378	139	13068	160213
2081	6187911070687385453957425614216	6187911070687385453957425614216	1604983365938201991342606942378	136	12864	161833
2082	4722353185524583635914877442428	4722353185524583635914877442428	1604983365938201991342606942378	144	12726	157127
2083	4722353185524583635914877442428	3745314595416049090553178661236	1604983365938201991342606942378	154	12703	155881
2084	3256795300361781817872329270640	3256795300361781817872329270640	1604983365938201991342606942378	139	12627	155800
2085	3256795300361781817872329270640	1058458472617579090808507012958	328732456260723214832140850160	156	12459	163339
2086	1791237415198979999829781098852	1791237415198979999829781098852	831421188273767036356357495458	167	12554	154570
2087	1791237415198979999829781098852	814198825090445454468082317660	328732456260723214832140850160	157	12698	157040
2088	325679530036178181787232927064	325679530036178181787232927064	139431103652316260507101544004	139	12255	154402
2089	325679530036178181787232927064	325679530036178181787232927064	139431103652316260507101544004	132	12500	154047
2090	325679530036178181787232927064	325679530036178181787232927064	139431103652316260507101544004	138	12084	157492
2091	325679530036178181787232927064	325679530036178181787232927064	139431103652316260507101544004	133	12200	153167
2092	248544904501293875574467233812	248544904501293875574467233812	139431103652316260507101544004	132	12187	152157
2093	248544904501293875574467233812	197121820811371004765956771644	125817822697578811877229068004	134	12257	155311
2094	171410278966409569361701540560	171410278966409569361701540560	125817822697578811877229068004	134	12144	151805
2095	171410278966409569361701540560	55708340664083110042553000682	30157479146729307956450818182	139	12065	152087
2096	94275653431525263148935847308	94275653431525263148935847308	56614780831626351194567483724	151	11998	159998
2097	94275653431525263148935847308	42852569741602392340425385140	30157479146729307956450818182	166	11878	153972
2098	17141027896640956936170154056	17141027896640956936170154056	9552018352228589830773636294	151	11906	150746
2099	17141027896640956936170154056	17141027896640956936170154056	9552018352228589830773636294	140	11808	161128
2100	17141027896640956936170154056	17141027896640956936170154056	9552018352228589830773636294	143	11700	150151
2101	17141027896640956936170154056	17141027896640956936170154056	9552018352228589830773636294	133	11725	149802
2102	13081310763225993451287749148	13081310763225993451287749148	9514532506121341783821813534	139	11799	151114
2103	13081310763225993451287749148	10374832674282684461366145876	7298610190529448925229299134	152	11786	150717
2104	9021593629811029966405344240	9021593629811029966405344240	7298610190529448925229299134	139	11638	149473
2105	9021593629811029966405344240	2932017929688584739081736878	1739474788660896213817038600	138	12552	150120
2106	4961876496396066481522939332	4961876496396066481522939332	3656344829163529941931321014	139	11574	156245
2107	4961876496396066481522939332	2255398407452757491601336060	1739474788660896213817038600	169	11524	151322
2108	902159362981102996640534424	902159362981102996640534424	617266932566017839806681448	144	11619	148983
2109	902159362981102996640534424	902159362981102996640534424	617266932566017839806681448	138	11302	152234
2110	902159362981102996640534424	902159362981102996640534424	617266932566017839806681448	157	11421	149505
2111	902159362981102996640534424	902159362981102996640534424	617266932566017839806681448	152	12913	148583
2112	688490040169789129015144692	688490040169789129015144692	536376422545114159542221808	144	11305	149042
2113	688490040169789129015144692	546043824962246550598218204	419748932250804009089984208	160	11335	149427
2114	474820717358475261389754960	474820717358475261389754960	419748932250804009089984208	139	11175	148285
2115	474820717358475261389754960	154316733141504459951670362	127162858468248603226181022	152	11155	147694
2116	261151394547161393764365228	261151394547161393764365228	228050755336808273126932728	146	10964	156519
2117	261151394547161393764365228	118705179339618815347438740	97682992235983449404512098	164	12528	148056
2118	47482071735847526138975496	47482071735847526138975496	34362025598310709705837530	140	10823	146621
2119	47482071735847526138975496	47482071735847526138975496	34362025598310709705837530	140	10732	146726
2120	6187911070687385453957425614216	6187911070687385453957425614216	1346362173171487059748881036414	153	13052	162539
2121	6187911070687385453957425614216	6187911070687385453957425614216	1346362173171487059748881036414	154	12910	157394
2122	4722353185524583635914877442428	4722353185524583635914877442428	1114283754656938980692841881364	135	12786	154594
2123	4722353185524583635914877442428	3745314595416049090553178661236	1059926576017137131762472070734	152	14541	171016
2124	3256795300361781817872329270640	3256795300361781817872329270640	1059926576017137131762472070734	151	12840	151320
2125	3256795300361781817872329270640	1302718120144712727148931708256	315120814536159271064050013004	134	12651	150760
2126	1791237415198979999829781098852	1791237415198979999829781098852	1059926576017137131762472070734	144	12498	149429
2127	1791237415198979999829781098852	814198825090445454468082317660	300045256791193485380554804284	131	12459	157279
2128	325679530036178181787232927064	325679530036178181787232927064	111533622703442999926887869088	152	12344	152115
2129	325679530036178181787232927064	325679530036178181787232927064	111533622703442999926887869088	134	12235	148026
2130	325679530036178181787232927064	325679530036178181787232927064	111533622703442999926887869088	135	12226	147918
2131	325679530036178181787232927064	325679530036178181787232927064	111533622703442999926887869088	130	12154	147401
2132	248544904501293875574467233812	248544904501293875574467233812	96458076178166605870016713968	137	12206	148394
2133	248544904501293875574467233812	197121820811371004765956771644	96458076178166605870016713968	139	12378	147191
2134	171410278966409569361701540560	171410278966409569361701540560	96458076178166605870016713968	152	12148	150761
2135	171410278966409569361701540560	68564111586563827744680616224	29441076950699626705498668858	131	12136	146938
2136	94275653431525263148935847308	94275653431525263148935847308	68641380186540566742257724528	134	11928	147312
2137	94275653431525263148935847308	42852569741602392340425385140	17932511773963170642654811014	152	12076	146819
2138	17141027896640956936170154056	17141027896640956936170154056	8008758189020764232648218410	160	11847	154821
2139	17141027896640956936170154056	17141027896640956936170154056	8008758189020764232648218410	148	11806	147750
2140	17141027896640956936170154056	17141027896640956936170154056	8008758189020764232648218410	137	12113	151168
2141	17141027896640956936170154056	17141027896640956936170154056	8008758189020764232648218410	151	11715	146447
2142	13081310763225993451287749148	13081310763225993451287749148	6507356870667770580715757610	139	11820	146312
2143	13081310763225993451287749148	10374832674282684461366145876	6507356870667770580715757610	138	11822	146776
2144	9021593629811029966405344240	9021593629811029966405344240	6507356870667770580715757610	139	15952	146842
2145	9021593629811029966405344240	3608637451924411986562137696	1662196448082299924121155844	153	11668	147601
2146	4961876496396066481522939332	4961876496396066481522939332	3687890253208912800962162214	141	11675	146629
2147	4961876496396066481522939332	2255398407452757491601336060	1620435931391783597093811924	150	12427	152077
2148	902159362981102996640534424	902159362981102996640534424	497114931095943836682154812	147	11551	144640
2149	902159362981102996640534424	902159362981102996640534424	497114931095943836682154812	138	11512	144389
2150	902159362981102996640534424	902159362981102996640534424	497114931095943836682154812	151	17633	145478
2151	902159362981102996640534424	902159362981102996640534424	497114931095943836682154812	151	11274	144332
2152	688490040169789129015144692	688490040169789129015144692	459415941965196347562214092	159	11300	145583
2153	688490040169789129015144692	546043824962246550598218204	459415941965196347562214092	152	12914	174924
2154	474820717358475261389754960	474820717358475261389754960	378104020679136727799797812	174	11833	157019
2155	474820717358475261389754960	189928286943390104555901984	93408033335130746916630054	164	12239	151912
2156	261151394547161393764365228	261151394547161393764365228	229606609165104117453665622	148	11876	148489
2157	261151394547161393764365228	118705179339618815347438740	89249026913100293587177254	147	11568	152064
2158	47482071735847526138975496	47482071735847526138975496	34060892762546113206778566	141	11535	146502
2159	47482071735847526138975496	47482071735847526138975496	34060892762546113206778566	135	10789	142265
2160	6187911070687385453957425614216	6187911070687385453957425614216	1834244926437825684097607351400	135	12965	160612
2161	6187911070687385453957425614216	6187911070687385453957425614216	1834244926437825684097607351400	144	13031	165905
2162	4722353185524583635914877442428	4722353185524583635914877442428	1834244926437825684097607351400	153	12744	157467
2163	4722353185524583635914877442428	4233833890470316363234028051832	1834244926437825684097607351400	148	12862	155516
2164	3256795300361781817872329270640	3256795300361781817872329270640	1834244926437825684097607351400	142	12775	158377
2165	3256795300361781817872329270640	1546977767671846363489356403554	340798854181756040766614555898	142	12663	155966
2166	1791237415198979999829781098852	1791237415198979999829781098852	818523871403841692771721779400	137	12469	154112
2167	1791237415198979999829781098852	1058458472617579090808507012958	340798854181756040766614555898	136	12408	163142
2168	325679530036178181787232927064	325679530036178181787232927064	137884220618611637811702773742	152	12352	152549
2169	325679530036178181787232927064	325679530036178181787232927064	137884220618611637811702773742	152	12289	155283
2170	325679530036178181787232927064	325679530036178181787232927064	137884220618611637811702773742	151	12505	184150
2171	325679530036178181787232927064	325679530036178181787232927064	137884220618611637811702773742	161	13004	170202
2172	248544904501293875574467233812	248544904501293875574467233812	137884220618611637811702773742	164	12996	163424
2173	248544904501293875574467233812	222833362656332440170212002728	137884220618611637811702773742	149	13152	161480
2174	171410278966409569361701540560	171410278966409569361701540560	137884220618611637811702773742	161	12878	161049
2175	171410278966409569361701540560	81419882509044545446808231766	30792552721520509321423118484	148	12899	164706
2176	94275653431525263148935847308	94275653431525263148935847308	72889157899960066048320077964	149	12751	161183
2177	94275653431525263148935847308	55708340664083110042553000682	30792552721520509321423118484	148	13053	160129
2178	17141027896640956936170154056	17141027896640956936170154056	8875398829992762583293235476	148	12562	160332
2179	17141027896640956936170154056	17141027896640956936170154056	8875398829992762583293235476	150	12603	159820
2180	17141027896640956936170154056	17141027896640956936170154056	8875398829992762583293235476	147	12568	159310
2181	17141027896640956936170154056	17141027896640956936170154056	8875398829992762583293235476	147	12572	161757
2182	13081310763225993451287749148	13081310763225993451287749148	8875398829992762583293235476	153	12402	171133
2183	13081310763225993451287749148	11728071718754338956326947512	7933683765320650290201599436	159	12596	160050
2184	9021593629811029966405344240	9021593629811029966405344240	7933683765320650290201599436	154	12339	159422
2185	9021593629811029966405344240	4285256974160239234042538514	2297280191789538264397407054	147	12561	158855
2186	4961876496396066481522939332	4961876496396066481522939332	4512890990654778092128825974	149	12255	163974
2187	4961876496396066481522939332	2932017929688584739081736878	2297280191789538264397407054	153	12289	158741
2188	902159362981102996640534424	902159362981102996640534424	581655378764132195202449826	148	12152	158046
2189	902159362981102996640534424	902159362981102996640534424	581655378764132195202449826	162	12058	163677
2190	902159362981102996640534424	902159362981102996640534424	581655378764132195202449826	163	12007	157916
2191	902159362981102996640534424	902159362981102996640534424	581655378764132195202449826	149	12046	159298
2192	688490040169789129015144692	688490040169789129015144692	581655378764132195202449826	158	12116	169473
2193	688490040169789129015144692	617266932566017839806681448	453173857239814607246421066	163	12013	163024
2194	474820717358475261389754960	474820717358475261389754960	453173857239814607246421066	164	11969	158087
2195	474820717358475261389754960	225539840745275749160133606	126937332439132897919955804	142	11826	157319
2196	261151394547161393764365228	261151394547161393764365228	241588144113351055687569084	150	11911	156693
2197	261151394547161393764365228	154316733141504459951670362	126937332439132897919955804	141	11853	158770
2198	47482071735847526138975496	47482071735847526138975496	34362025598310709705837530	142	11647	155412
2199	47482071735847526138975496	47482071735847526138975496	34362025598310709705837530	139	11559	156205
2200	6187911070687385453957425614216	6187911070687385453957425614216	1062069302817994903534470008436	148	13908	162510
2201	6187911070687385453957425614216	6187911070687385453957425614216	1062069302817994903534470008436	149	13746	160802
2202	4722353185524583635914877442428	4722353185524583635914877442428	1061434230122823743934609545076	143	13650	151000
2203	4722353185524583635914877442428	3989574242943182726893603356534	816383110880980463769906252342	136	12861	160732
2204	3256795300361781817872329270640	3256795300361781817872329270640	816383110880980463769906252342	151	12675	149593
2205	3256795300361781817872329270640	1302718120144712727148931708256	300158031885975473368554695742	141	12709	148628
2206	1791237415198979999829781098852	1791237415198979999829781098852	816383110880980463769906252342	139	12542	147648
2207	1791237415198979999829781098852	1058458472617579090808507012958	287227179678764187065156603316	138	12470	146458
2208	325679530036178181787232927064	325679530036178181787232927064	110105104505031179638761497586	141	12326	145967
2209	325679530036178181787232927064	325679530036178181787232927064	110105104505031179638761497586	140	12279	148179
2210	325679530036178181787232927064	325679530036178181787232927064	110105104505031179638761497586	139	12344	145948
2211	325679530036178181787232927064	325679530036178181787232927064	110105104505031179638761497586	139	12264	145700
2212	248544904501293875574467233812	248544904501293875574467233812	83719130083810393305816399426	139	12292	151172
2213	248544904501293875574467233812	209977591733851722468084387186	83677380239531741827599743280	152	12361	155263
2214	171410278966409569361701540560	171410278966409569361701540560	83677380239531741827599743280	148	12048	145800
2215	171410278966409569361701540560	68564111586563827744680616224	18650776422745516630483483836	143	12195	151881
2216	94275653431525263148935847308	94275653431525263148935847308	69355693518827813376467539920	140	12054	147339
2217	94275653431525263148935847308	55708340664083110042553000682	17259843566666598850948654662	151	11999	145372
2218	17141027896640956936170154056	17141027896640956936170154056	7896087174576051960005533992	151	11829	144553
2219	17141027896640956936170154056	17141027896640956936170154056	7896087174576051960005533992	139	11735	144210
2220	17141027896640956936170154056	17141027896640956936170154056	7896087174576051960005533992	137	11961	144739
2221	17141027896640956936170154056	17141027896640956936170154056	7896087174576051960005533992	140	11904	147528
2222	13081310763225993451287749148	13081310763225993451287749148	6544930965465449975652976578	151	11749	144743
2223	13081310763225993451287749148	11051452196518511708846546694	6544930965465449975652976578	139	11861	144269
2224	9021593629811029966405344240	9021593629811029966405344240	6544930965465449975652976578	137	11631	151715
2225	9021593629811029966405344240	3608637451924411986562137696	1658239333959275491190057862	168	11662	144444
2226	4961876496396066481522939332	4961876496396066481522939332	4326919181121501635715534498	138	11717	143237
2227	4961876496396066481522939332	2932017929688584739081736878	1545360079149847883815282356	151	11474	144488
2228	902159362981102996640534424	902159362981102996640534424	492741902827165546936565070	139	12521	142843
2229	902159362981102996640534424	902159362981102996640534424	492741902827165546936565070	140	11446	142665
2230	902159362981102996640534424	902159362981102996640534424	492741902827165546936565070	137	11300	142660
2231	902159362981102996640534424	902159362981102996640534424	492741902827165546936565070	138	11258	142282
2232	688490040169789129015144692	688490040169789129015144692	423606820976143912332919284	138	11330	143438
2233	688490040169789129015144692	581655378764132195202449826	417567450723104742906211044	139	11319	142499
2234	474820717358475261389754960	474820717358475261389754960	417567450723104742906211044	140	11277	145392
2235	474820717358475261389754960	189928286943390104555901984	93095925261876696299891316	138	11178	150236
2236	261151394547161393764365228	261151394547161393764365228	231793297062414797306370480	148	11086	142571
2237	261151394547161393764365228	154316733141504459951670362	89353110278190818226892542	147	11222	147479
2238	47482071735847526138975496	47482071735847526138975496	29994765316744103138460228	154	10975	140593
2239	47482071735847526138975496	47482071735847526138975496	29994765316744103138460228	139	10965	140583
2240	2343370782894072379208687812459352937056478399133278975691299168	2343370782894072379208687812459352937056478399133278975691299168	2343370782894072379208687812459352937056478399133278975691299168	186	22747	559199
2241	2343370782894072379208687812459352937056478399133278975691299168	2343370782894072379208687812459352937056478399133278975691299168	2343370782894072379208687812459352937056478399133278975691299168	238	25022	450254
2242	1763445690157660527788355980083048422330380209448780643323250384	1763445690157660527788355980083048422330380209448780643323250384	96161048540476454954901962001172942492847914105847937765110130	203	30480	423041
2243	1763445690157660527788355980083048422330380209448780643323250384	1763445690157660527788355980083048422330380209448780643323250384	96161048540476454954901962001172942492847914105847937765110130	217	22528	425221
2244	1183520597421248676368024147706743907604282019764282310955201600	1183520597421248676368024147706743907604282019764282310955201600	96161048540476454954901962001172942492847914105847937765110130	210	22158	414321
2245	1183520597421248676368024147706743907604282019764282310955201600	1183520597421248676368024147706743907604282019764282310955201600	96161048540476454954901962001172942492847914105847937765110130	205	22167	418060
2246	603595504684836824947692315330439392878183830079783978587152816	603595504684836824947692315330439392878183830079783978587152816	96161048540476454954901962001172942492847914105847937765110130	198	22092	414792
2247	603595504684836824947692315330439392878183830079783978587152816	603595504684836824947692315330439392878183830079783978587152816	96161048540476454954901962001172942492847914105847937765110130	205	21937	420443
2248	23670411948424973527360482954134878152085640395285646219104032	23670411948424973527360482954134878152085640395285646219104032	1703552375076039761438822636850616230642527149660709386980972	220	21747	420560
2249	23670411948424973527360482954134878152085640395285646219104032	23670411948424973527360482954134878152085640395285646219104032	1703552375076039761438822636850616230642527149660709386980972	192	21781	446728
2250	23670411948424973527360482954134878152085640395285646219104032	23670411948424973527360482954134878152085640395285646219104032	1703552375076039761438822636850616230642527149660709386980972	212	21729	413395
2251	23670411948424973527360482954134878152085640395285646219104032	23670411948424973527360482954134878152085640395285646219104032	1703552375076039761438822636850616230642527149660709386980972	185	21916	408010
2252	17812582728865257856448040202859074973034143529785663063871216	17812582728865257856448040202859074973034143529785663063871216	1703552375076039761438822636850616230642527149660709386980972	180	21599	413575
2253	17812582728865257856448040202859074973034143529785663063871216	17812582728865257856448040202859074973034143529785663063871216	1703552375076039761438822636850616230642527149660709386980972	178	21728	417497
2254	11954753509305542185535597451583271793982646664285679908638400	11954753509305542185535597451583271793982646664285679908638400	1703552375076039761438822636850616230642527149660709386980972	214	21668	408936
2255	11954753509305542185535597451583271793982646664285679908638400	11954753509305542185535597451583271793982646664285679908638400	1703552375076039761438822636850616230642527149660709386980972	199	21539	408143
2256	6096924289745826514623154700307468614931149798785696753405584	6096924289745826514623154700307468614931149798785696753405584	1703552375076039761438822636850616230642527149660709386980972	182	21425	413758
2257	6096924289745826514623154700307468614931149798785696753405584	6096924289745826514623154700307468614931149798785696753405584	1703552375076039761438822636850616230642527149660709386980972	212	21370	422844
2258	239095070186110843710711949031665435879652933285713598172768	239095070186110843710711949031665435879652933285713598172768	24603848762838426467705838189495875030545093513618255367526	214	21144	414183
2259	239095070186110843710711949031665435879652933285713598172768	239095070186110843710711949031665435879652933285713598172768	24603848762838426467705838189495875030545093513618255367526	201	21291	409973
2260	239095070186110843710711949031665435879652933285713598172768	239095070186110843710711949031665435879652933285713598172768	24603848762838426467705838189495875030545093513618255367526	196	21353	406846
2261	239095070186110843710711949031665435879652933285713598172768	239095070186110843710711949031665435879652933285713598172768	24603848762838426467705838189495875030545093513618255367526	182	21155	410785
2262	179925078069346038954020608109687625990243874038239020847184	179925078069346038954020608109687625990243874038239020847184	24603848762838426467705838189495875030545093513618255367526	182	28664	407655
2263	179925078069346038954020608109687625990243874038239020847184	179925078069346038954020608109687625990243874038239020847184	24603848762838426467705838189495875030545093513618255367526	215	21021	407159
2264	120755085952581234197329267187709816100834814790764443521600	120755085952581234197329267187709816100834814790764443521600	24603848762838426467705838189495875030545093513618255367526	199	20979	409003
2265	120755085952581234197329267187709816100834814790764443521600	120755085952581234197329267187709816100834814790764443521600	24603848762838426467705838189495875030545093513618255367526	186	21009	416141
2266	61585093835816429440637926265732006211425755543289866196016	61585093835816429440637926265732006211425755543289866196016	24603848762838426467705838189495875030545093513618255367526	199	20735	421098
2267	61585093835816429440637926265732006211425755543289866196016	61585093835816429440637926265732006211425755543289866196016	24603848762838426467705838189495875030545093513618255367526	214	20800	423926
2268	2415101719051624683946585343754196322016696295815288870432	2415101719051624683946585343754196322016696295815288870432	323233310883171990528204604088314154209305312318712904376	206	21038	408151
2269	2415101719051624683946585343754196322016696295815288870432	2415101719051624683946585343754196322016696295815288870432	323233310883171990528204604088314154209305312318712904376	200	20587	415085
2270	2415101719051624683946585343754196322016696295815288870432	2415101719051624683946585343754196322016696295815288870432	323233310883171990528204604088314154209305312318712904376	195	20478	407763
2271	2415101719051624683946585343754196322016696295815288870432	2415101719051624683946585343754196322016696295815288870432	323233310883171990528204604088314154209305312318712904376	195	21019	433627
2272	1817425031003495342969905132421087131214584586244838594416	1817425031003495342969905132421087131214584586244838594416	323233310883171990528204604088314154209305312318712904376	216	20509	405238
2273	1817425031003495342969905132421087131214584586244838594416	1817425031003495342969905132421087131214584586244838594416	323233310883171990528204604088314154209305312318712904376	185	20792	407700
2274	1219748342955366001993224921087977940412472876674388318400	1219748342955366001993224921087977940412472876674388318400	323233310883171990528204604088314154209305312318712904376	191	20283	435599
2275	1219748342955366001993224921087977940412472876674388318400	1219748342955366001993224921087977940412472876674388318400	323233310883171990528204604088314154209305312318712904376	202	20185	420487
2276	622071654907236661016544709754868749610361167103938042384	622071654907236661016544709754868749610361167103938042384	323233310883171990528204604088314154209305312318712904376	199	20119	411230
2277	622071654907236661016544709754868749610361167103938042384	622071654907236661016544709754868749610361167103938042384	323233310883171990528204604088314154209305312318712904376	195	20110	414526
2278	24394966859107320039864498421759558808249457533487766368	24394966859107320039864498421759558808249457533487766368	4019625221102910688386763944494472758177467434495143322	185	19933	403636
2279	24394966859107320039864498421759558808249457533487766368	24394966859107320039864498421759558808249457533487766368	4019625221102910688386763944494472758177467434495143322	182	19922	408174
2280	2343370782894072379208687812459352937056478399133278975691299168	2343370782894072379208687812459352937056478399133278975691299168	2343370782894072379208687812459352937056478399133278975691299168	182	22557	418632
2281	2343370782894072379208687812459352937056478399133278975691299168	2343370782894072379208687812459352937056478399133278975691299168	2343370782894072379208687812459352937056478399133278975691299168	201	22243	421753
2282	1763445690157660527788355980083048422330380209448780643323250384	1763445690157660527788355980083048422330380209448780643323250384	96161048540476454954901962001172942492847914105847937765110130	193	21973	416815
2283	1763445690157660527788355980083048422330380209448780643323250384	1763445690157660527788355980083048422330380209448780643323250384	96161048540476454954901962001172942492847914105847937765110130	193	22005	422558
2284	1183520597421248676368024147706743907604282019764282310955201600	1183520597421248676368024147706743907604282019764282310955201600	96161048540476454954901962001172942492847914105847937765110130	197	21983	418906
2285	1183520597421248676368024147706743907604282019764282310955201600	1183520597421248676368024147706743907604282019764282310955201600	96161048540476454954901962001172942492847914105847937765110130	198	21755	428025
2286	603595504684836824947692315330439392878183830079783978587152816	603595504684836824947692315330439392878183830079783978587152816	96161048540476454954901962001172942492847914105847937765110130	192	21716	416701
2287	603595504684836824947692315330439392878183830079783978587152816	603595504684836824947692315330439392878183830079783978587152816	96161048540476454954901962001172942492847914105847937765110130	191	21666	409077
2288	23670411948424973527360482954134878152085640395285646219104032	23670411948424973527360482954134878152085640395285646219104032	1703552375076039761438822636850616230642527149660709386980972	180	21605	412389
2289	23670411948424973527360482954134878152085640395285646219104032	23670411948424973527360482954134878152085640395285646219104032	1703552375076039761438822636850616230642527149660709386980972	196	21514	418889
2290	23670411948424973527360482954134878152085640395285646219104032	23670411948424973527360482954134878152085640395285646219104032	1703552375076039761438822636850616230642527149660709386980972	196	21372	410612
2291	23670411948424973527360482954134878152085640395285646219104032	23670411948424973527360482954134878152085640395285646219104032	1703552375076039761438822636850616230642527149660709386980972	186	22033	408816
2292	17812582728865257856448040202859074973034143529785663063871216	17812582728865257856448040202859074973034143529785663063871216	1703552375076039761438822636850616230642527149660709386980972	182	21569	411866
2293	17812582728865257856448040202859074973034143529785663063871216	17812582728865257856448040202859074973034143529785663063871216	1703552375076039761438822636850616230642527149660709386980972	186	21414	423866
2294	11954753509305542185535597451583271793982646664285679908638400	11954753509305542185535597451583271793982646664285679908638400	1703552375076039761438822636850616230642527149660709386980972	213	21228	415309
2295	11954753509305542185535597451583271793982646664285679908638400	11954753509305542185535597451583271793982646664285679908638400	1703552375076039761438822636850616230642527149660709386980972	190	21319	413229
2296	6096924289745826514623154700307468614931149798785696753405584	6096924289745826514623154700307468614931149798785696753405584	1703552375076039761438822636850616230642527149660709386980972	201	21462	417021
2297	6096924289745826514623154700307468614931149798785696753405584	6096924289745826514623154700307468614931149798785696753405584	1703552375076039761438822636850616230642527149660709386980972	196	21073	411258
2298	239095070186110843710711949031665435879652933285713598172768	239095070186110843710711949031665435879652933285713598172768	24603848762838426467705838189495875030545093513618255367526	201	21143	408596
2299	239095070186110843710711949031665435879652933285713598172768	239095070186110843710711949031665435879652933285713598172768	24603848762838426467705838189495875030545093513618255367526	194	20766	407912
2300	239095070186110843710711949031665435879652933285713598172768	239095070186110843710711949031665435879652933285713598172768	24603848762838426467705838189495875030545093513618255367526	195	22361	409737
2301	239095070186110843710711949031665435879652933285713598172768	239095070186110843710711949031665435879652933285713598172768	24603848762838426467705838189495875030545093513618255367526	200	20802	412951
2302	179925078069346038954020608109687625990243874038239020847184	179925078069346038954020608109687625990243874038239020847184	24603848762838426467705838189495875030545093513618255367526	222	20771	418729
2303	179925078069346038954020608109687625990243874038239020847184	179925078069346038954020608109687625990243874038239020847184	24603848762838426467705838189495875030545093513618255367526	194	23152	417862
2304	120755085952581234197329267187709816100834814790764443521600	120755085952581234197329267187709816100834814790764443521600	24603848762838426467705838189495875030545093513618255367526	180	20518	409705
2305	120755085952581234197329267187709816100834814790764443521600	120755085952581234197329267187709816100834814790764443521600	24603848762838426467705838189495875030545093513618255367526	197	20589	413536
2306	61585093835816429440637926265732006211425755543289866196016	61585093835816429440637926265732006211425755543289866196016	24603848762838426467705838189495875030545093513618255367526	213	20443	411091
2307	61585093835816429440637926265732006211425755543289866196016	61585093835816429440637926265732006211425755543289866196016	24603848762838426467705838189495875030545093513618255367526	193	20436	404765
2308	2415101719051624683946585343754196322016696295815288870432	2415101719051624683946585343754196322016696295815288870432	323233310883171990528204604088314154209305312318712904376	189	20530	469435
2309	2415101719051624683946585343754196322016696295815288870432	2415101719051624683946585343754196322016696295815288870432	323233310883171990528204604088314154209305312318712904376	184	20363	421940
2310	2415101719051624683946585343754196322016696295815288870432	2415101719051624683946585343754196322016696295815288870432	323233310883171990528204604088314154209305312318712904376	194	20148	407818
2311	2415101719051624683946585343754196322016696295815288870432	2415101719051624683946585343754196322016696295815288870432	323233310883171990528204604088314154209305312318712904376	189	20311	410290
2312	1817425031003495342969905132421087131214584586244838594416	1817425031003495342969905132421087131214584586244838594416	323233310883171990528204604088314154209305312318712904376	207	22569	413969
2313	1817425031003495342969905132421087131214584586244838594416	1817425031003495342969905132421087131214584586244838594416	323233310883171990528204604088314154209305312318712904376	194	20152	413758
2314	1219748342955366001993224921087977940412472876674388318400	1219748342955366001993224921087977940412472876674388318400	323233310883171990528204604088314154209305312318712904376	206	19867	404630
2315	1219748342955366001993224921087977940412472876674388318400	1219748342955366001993224921087977940412472876674388318400	323233310883171990528204604088314154209305312318712904376	182	20114	407764
2316	622071654907236661016544709754868749610361167103938042384	622071654907236661016544709754868749610361167103938042384	323233310883171990528204604088314154209305312318712904376	200	19880	403509
2317	622071654907236661016544709754868749610361167103938042384	622071654907236661016544709754868749610361167103938042384	323233310883171990528204604088314154209305312318712904376	181	19864	405791
2318	24394966859107320039864498421759558808249457533487766368	24394966859107320039864498421759558808249457533487766368	4019625221102910688386763944494472758177467434495143322	171	19657	407946
2319	24394966859107320039864498421759558808249457533487766368	24394966859107320039864498421759558808249457533487766368	4019625221102910688386763944494472758177467434495143322	187	19476	402875
2320	2343370782894072379208687812459352937056478399133278975691299168	2343370782894072379208687812459352937056478399133278975691299168	369162941621499172492121143405676236621961805653250113221608894	182	23147	427215
2321	2343370782894072379208687812459352937056478399133278975691299168	2343370782894072379208687812459352937056478399133278975691299168	369162941621499172492121143405676236621961805653250113221608894	206	22654	434043
2322	1763445690157660527788355980083048422330380209448780643323250384	1763445690157660527788355980083048422330380209448780643323250384	369162941621499172492121143405676236621961805653250113221608894	212	22690	422876
2323	1763445690157660527788355980083048422330380209448780643323250384	1473483143789454602078190063894896164967331114606531477139225992	294438488408024149506231004297779686327388037233810972748667694	220	22575	415195
2324	1183520597421248676368024147706743907604282019764282310955201600	1183520597421248676368024147706743907604282019764282310955201600	294438488408024149506231004297779686327388037233810972748667694	207	22488	415058
2325	1183520597421248676368024147706743907604282019764282310955201600	386123594908682380665067878189325199855897008948097103949134522	76219555194288846806249773424873177841994211141403201780567804	209	22399	410113
2326	603595504684836824947692315330439392878183830079783978587152816	603595504684836824947692315330439392878183830079783978587152816	222657435824950473811566883963402197026500261361969313781522494	191	22159	417834
2327	603595504684836824947692315330439392878183830079783978587152816	168651685132527936382443441048211006833610187816410229311116228	75464762737587078897301388181359071273362152874540180159629004	202	22120	409199
2328	23670411948424973527360482954134878152085640395285646219104032	23670411948424973527360482954134878152085640395285646219104032	7427269517542327493683348238785683670219062122310053721734808	194	21898	406553
2329	23670411948424973527360482954134878152085640395285646219104032	23670411948424973527360482954134878152085640395285646219104032	7427269517542327493683348238785683670219062122310053721734808	197	22051	410596
2330	23670411948424973527360482954134878152085640395285646219104032	23670411948424973527360482954134878152085640395285646219104032	7427269517542327493683348238785683670219062122310053721734808	191	21857	428361
2331	23670411948424973527360482954134878152085640395285646219104032	23670411948424973527360482954134878152085640395285646219104032	7427269517542327493683348238785683670219062122310053721734808	203	21908	408992
2332	17812582728865257856448040202859074973034143529785663063871216	17812582728865257856448040202859074973034143529785663063871216	6687569914276546206384592905993476866282810640522130476225808	197	22054	410817
2333	17812582728865257856448040202859074973034143529785663063871216	14883668119085400020991818827221173383508395097035671486254808	4460998620954318508570164799214611491298723024700858761047408	201	22258	412189
2334	11954753509305542185535597451583271793982646664285679908638400	11954753509305542185535597451583271793982646664285679908638400	4460998620954318508570164799214611491298723024700858761047408	201	21918	412269
2335	11954753509305542185535597451583271793982646664285679908638400	3900238332410933138030988668579042422786838474223203070193278	1502123149356973012462537903756679213967237220726924175015898	213	21671	409153
2336	6096924289745826514623154700307468614931149798785696753405584	6096924289745826514623154700307468614931149798785696753405584	4453297396351065070078391478378528606832003122094941249100098	185	21711	405859
2337	6096924289745826514623154700307468614931149798785696753405584	1703552375076039761438822636850616230642527149660709386980972	799779863700283107413394666192237789970152367182670929517494	186	21558	409344
2338	239095070186110843710711949031665435879652933285713598172768	239095070186110843710711949031665435879652933285713598172768	104908291207894023448077240070141889245150861939305797610090	190	21403	411668
2339	239095070186110843710711949031665435879652933285713598172768	239095070186110843710711949031665435879652933285713598172768	104908291207894023448077240070141889245150861939305797610090	194	21403	421396
2340	239095070186110843710711949031665435879652933285713598172768	239095070186110843710711949031665435879652933285713598172768	104908291207894023448077240070141889245150861939305797610090	213	21334	409727
2341	239095070186110843710711949031665435879652933285713598172768	239095070186110843710711949031665435879652933285713598172768	104908291207894023448077240070141889245150861939305797610090	193	21344	415767
2342	179925078069346038954020608109687625990243874038239020847184	179925078069346038954020608109687625990243874038239020847184	82570125148437042880756046170576580050319742436819198218690	214	21450	434927
2343	179925078069346038954020608109687625990243874038239020847184	150340082010963636575674937648698721045539344414501732184392	67397217872242101004852908354895626506993826119516907474600	195	21739	433251
2344	120755085952581234197329267187709816100834814790764443521600	120755085952581234197329267187709816100834814790764443521600	67397217872242101004852908354895626506993826119516907474600	196	22349	429540
2345	120755085952581234197329267187709816100834814790764443521600	39396346792029627656878673419990327502897358325486899698922	15550305346561094821831068904485441521451240643141989267804	186	21565	428906
2346	61585093835816429440637926265732006211425755543289866196016	61585093835816429440637926265732006211425755543289866196016	52379050997939692211539866891798020244580204346287264075800	194	21080	411973
2347	61585093835816429440637926265732006211425755543289866196016	17207599748242825873119420574248648794368961107683933201828	8455928723766247296082147312925427137642302728553572646608	208	22556	407398
2348	2415101719051624683946585343754196322016696295815288870432	2415101719051624683946585343754196322016696295815288870432	1286087716332464383340783024635251800524658824601654805012	185	20949	419852
2349	2415101719051624683946585343754196322016696295815288870432	2415101719051624683946585343754196322016696295815288870432	1286087716332464383340783024635251800524658824601654805012	224	20651	405578
2350	2415101719051624683946585343754196322016696295815288870432	2415101719051624683946585343754196322016696295815288870432	1286087716332464383340783024635251800524658824601654805012	201	20697	414115
2351	2415101719051624683946585343754196322016696295815288870432	2415101719051624683946585343754196322016696295815288870432	1286087716332464383340783024635251800524658824601654805012	191	20561	406816
2352	1817425031003495342969905132421087131214584586244838594416	1817425031003495342969905132421087131214584586244838594416	985755567165333866932892194117432235664919958766188847012	187	20607	403817
2353	1817425031003495342969905132421087131214584586244838594416	1518586686979430672481565026754532535813528731459613456408	834033967718781379909228496593687560703567536112314928212	202	20849	407458
2354	1219748342955366001993224921087977940412472876674388318400	1219748342955366001993224921087977940412472876674388318400	834033967718781379909228496593687560703567536112314928212	188	20458	411541
2355	1219748342955366001993224921087977940412472876674388318400	397942896889188158150289630504952803059569276015019188878	231783377385421165822398853734673411693205788374508196298	185	20539	402496
2356	622071654907236661016544709754868749610361167103938042384	622071654907236661016544709754868749610361167103938042384	530606164212574582303616041393783185715063609534868251098	195	20378	404261
2357	622071654907236661016544709754868749610361167103938042384	173814138871139655284034551255036856508777384926100335372	156295737451501991504230547512891176540135500713652963604	201	20458	414261
2358	24394966859107320039864498421759558808249457533487766368	24394966859107320039864498421759558808249457533487766368	14523170881546002273457223071799215969140465980737678686	212	22209	416882
2359	24394966859107320039864498421759558808249457533487766368	24394966859107320039864498421759558808249457533487766368	14523170881546002273457223071799215969140465980737678686	205	20087	400340
2360	2343370782894072379208687812459352937056478399133278975691299168	2343370782894072379208687812459352937056478399133278975691299168	296634944884644811699614494451692717769581152107243754818366102	172	23008	413538
2361	2343370782894072379208687812459352937056478399133278975691299168	2343370782894072379208687812459352937056478399133278975691299168	296634944884644811699614494451692717769581152107243754818366102	189	22650	407263
2362	1763445690157660527788355980083048422330380209448780643323250384	1763445690157660527788355980083048422330380209448780643323250384	296634944884644811699614494451692717769581152107243754818366102	202	22638	426842
2363	1763445690157660527788355980083048422330380209448780643323250384	1400992507197403120650648584847858100626568840895969185593219894	296634944884644811699614494451692717769581152107243754818366102	193	22779	399221
2364	1183520597421248676368024147706743907604282019764282310955201600	1183520597421248676368024147706743907604282019764282310955201600	296634944884644811699614494451692717769581152107243754818366102	200	22318	398230
2365	1183520597421248676368024147706743907604282019764282310955201600	313632958316630899237526399142287135515134735237534812403128424	75486949166643853262891120405135970580859053024776874928009796	195	22115	398428
2366	603595504684836824947692315330439392878183830079783978587152816	603595504684836824947692315330439392878183830079783978587152816	296634944884644811699614494451692717769581152107243754818366102	201	21977	407781
2367	603595504684836824947692315330439392878183830079783978587152816	168651685132527936382443441048211006833610187816410229311116228	75486949166643853262891120405135970580859053024776874928009796	213	22133	416161
2368	23670411948424973527360482954134878152085640395285646219104032	23670411948424973527360482954134878152085640395285646219104032	5207941211548957071720467575721509611769183048619592845533506	220	21804	396093
2369	23670411948424973527360482954134878152085640395285646219104032	23670411948424973527360482954134878152085640395285646219104032	5207941211548957071720467575721509611769183048619592845533506	196	21863	398803
2370	23670411948424973527360482954134878152085640395285646219104032	23670411948424973527360482954134878152085640395285646219104032	5207941211548957071720467575721509611769183048619592845533506	207	21672	400506
2371	23670411948424973527360482954134878152085640395285646219104032	23670411948424973527360482954134878152085640395285646219104032	5207941211548957071720467575721509611769183048619592845533506	194	21778	392835
2372	17812582728865257856448040202859074973034143529785663063871216	17812582728865257856448040202859074973034143529785663063871216	5207941211548957071720467575721509611769183048619592845533506	200	24077	398195
2373	17812582728865257856448040202859074973034143529785663063871216	14151439466640435562127763483311697986126957988848173591850706	5207941211548957071720467575721509611769183048619592845533506	202	22034	397497
2374	11954753509305542185535597451583271793982646664285679908638400	11954753509305542185535597451583271793982646664285679908638400	5207941211548957071720467575721509611769183048619592845533506	185	21874	404699
2375	11954753509305542185535597451583271793982646664285679908638400	3168009679965968679166933324669567025405401366035705175789176	784834119228287257568302491138985595480115724840221054459996	191	21771	394679
2376	6096924289745826514623154700307468614931149798785696753405584	6096924289745826514623154700307468614931149798785696753405584	4475637087097497970434546966173768125980856059365144121427800	182	23927	411258
2377	6096924289745826514623154700307468614931149798785696753405584	1703552375076039761438822636850616230642527149660709386980972	784834119228287257568302491138985595480115724840221054459996	213	21617	426033
2378	239095070186110843710711949031665435879652933285713598172768	239095070186110843710711949031665435879652933285713598172768	67548916447382641485360128671366265023842855753740452381992	226	22656	417238
2379	239095070186110843710711949031665435879652933285713598172768	239095070186110843710711949031665435879652933285713598172768	67548916447382641485360128671366265023842855753740452381992	216	21297	399706
2380	239095070186110843710711949031665435879652933285713598172768	239095070186110843710711949031665435879652933285713598172768	67548916447382641485360128671366265023842855753740452381992	188	21447	394935
2381	239095070186110843710711949031665435879652933285713598172768	239095070186110843710711949031665435879652933285713598172768	67548916447382641485360128671366265023842855753740452381992	189	21432	393057
2382	179925078069346038954020608109687625990243874038239020847184	179925078069346038954020608109687625990243874038239020847184	67548916447382641485360128671366265023842855753740452381992	193	21551	394455
2383	179925078069346038954020608109687625990243874038239020847184	142943832996368035981088520033451494809363212008567410018694	67548916447382641485360128671366265023842855753740452381992	189	21775	404410
2384	120755085952581234197329267187709816100834814790764443521600	120755085952581234197329267187709816100834814790764443521600	67548916447382641485360128671366265023842855753740452381992	216	21287	395249
2385	120755085952581234197329267187709816100834814790764443521600	32000097777434027062292255804743101266721225919552577533224	8078561301942900003529449217988299620255353171123619664506	203	21437	410181
2386	61585093835816429440637926265732006211425755543289866196016	61585093835816429440637926265732006211425755543289866196016	52604704439822852821198003132153974983457506742955979957898	182	21152	405331
2387	61585093835816429440637926265732006211425755543289866196016	17207599748242825873119420574248648794368961107683933201828	8078561301942900003529449217988299620255353171123619664506	195	20967	391558
2388	2415101719051624683946585343754196322016696295815288870432	2415101719051624683946585343754196322016696295815288870432	834780907213178768026668064039596077228698453518441667404	201	20781	391801
2389	2415101719051624683946585343754196322016696295815288870432	2415101719051624683946585343754196322016696295815288870432	834780907213178768026668064039596077228698453518441667404	200	20656	391293
2390	2415101719051624683946585343754196322016696295815288870432	2415101719051624683946585343754196322016696295815288870432	834780907213178768026668064039596077228698453518441667404	188	20580	399761
2391	2415101719051624683946585343754196322016696295815288870432	2415101719051624683946585343754196322016696295815288870432	834780907213178768026668064039596077228698453518441667404	226	21873	406259
2392	1817425031003495342969905132421087131214584586244838594416	1817425031003495342969905132421087131214584586244838594416	834780907213178768026668064039596077228698453518441667404	191	20872	392613
2393	1817425031003495342969905132421087131214584586244838594416	1443877100973414504859480000337893886963264767763307171906	834780907213178768026668064039596077228698453518441667404	200	20715	387495
2394	1219748342955366001993224921087977940412472876674388318400	1219748342955366001993224921087977940412472876674388318400	834026110151615821844671297046451740112410579036804642910	208	20495	398235
2395	1219748342955366001993224921087977940412472876674388318400	323233310883171990528204604088314154209305312318712904376	156303436311442601141633787909945116210871886726179359196	216	20569	397791
2396	622071654907236661016544709754868749610361167103938042384	622071654907236661016544709754868749610361167103938042384	606070236913317711270549704519204052723572112615053556804	206	20210	397987
2397	622071654907236661016544709754868749610361167103938042384	173814138871139655284034551255036856508777384926100335372	156303436311442601141633787909945116210871886726179359196	194	20298	388383
2398	24394966859107320039864498421759558808249457533487766368	24394966859107320039864498421759558808249457533487766368	10711535885482171651413026752044231384618311744329841988	196	20184	412948
2399	24394966859107320039864498421759558808249457533487766368	24394966859107320039864498421759558808249457533487766368	10711535885482171651413026752044231384618311744329841988	214	20032	392149
2400	2343370782894072379208687812459352937056478399133278975691299168	2343370782894072379208687812459352937056478399133278975691299168	514106779204271398454907524462736214346917886785259125597493796	186	23006	417704
2401	2343370782894072379208687812459352937056478399133278975691299168	2343370782894072379208687812459352937056478399133278975691299168	514106779204271398454907524462736214346917886785259125597493796	190	22660	414416
2402	1763445690157660527788355980083048422330380209448780643323250384	1763445690157660527788355980083048422330380209448780643323250384	369118034283824272592149436737567723012004649874088850750309702	189	25138	418868
2403	1763445690157660527788355980083048422330380209448780643323250384	1473483143789454602078190063894896164967331114606531477139225992	369118034283824272592149436737567723012004649874088850750309702	193	22671	414831
2404	1183520597421248676368024147706743907604282019764282310955201600	1183520597421248676368024147706743907604282019764282310955201600	369118034283824272592149436737567723012004649874088850750309702	182	22326	415307
2405	1183520597421248676368024147706743907604282019764282310955201600	458614231500733862092609357236363264196659282658659395495140620	77683634361791596563449635859792975596791747314453797865172702	182	22096	409047
2406	603595504684836824947692315330439392878183830079783978587152816	603595504684836824947692315330439392878183830079783978587152816	369118034283824272592149436737567723012004649874088850750309702	191	22281	414293
2407	603595504684836824947692315330439392878183830079783978587152816	168651685132527936382443441048211006833610187816410229311116228	76219101584817383170896523862569051441893633810300562765706196	195	28149	406354
2408	23670411948424973527360482954134878152085640395285646219104032	23670411948424973527360482954134878152085640395285646219104032	7412024950283520442862575446254577732373209817737270961200906	213	21921	409988
2409	23670411948424973527360482954134878152085640395285646219104032	23670411948424973527360482954134878152085640395285646219104032	7412024950283520442862575446254577732373209817737270961200906	191	22049	432655
2410	23670411948424973527360482954134878152085640395285646219104032	23670411948424973527360482954134878152085640395285646219104032	7412024950283520442862575446254577732373209817737270961200906	209	23940	427437
2411	23670411948424973527360482954134878152085640395285646219104032	23670411948424973527360482954134878152085640395285646219104032	7412024950283520442862575446254577732373209817737270961200906	215	21740	409842
2412	17812582728865257856448040202859074973034143529785663063871216	17812582728865257856448040202859074973034143529785663063871216	5207865747321453765296631280291724252130076086838791410374800	191	21812	408669
2413	17812582728865257856448040202859074973034143529785663063871216	14883668119085400020991818827221173383508395097035671486254808	5207865747321453765296631280291724252130076086838791410374800	196	25006	414603
2414	11954753509305542185535597451583271793982646664285679908638400	11954753509305542185535597451583271793982646664285679908638400	5207865747321453765296631280291724252130076086838791410374800	185	21687	414939
2415	11954753509305542185535597451583271793982646664285679908638400	4632466984855897596895044012488517820168275582410700964597380	1516911827816596747383748635422535756944990111363798882941200	204	21765	409137
2416	6096924289745826514623154700307468614931149798785696753405584	6096924289745826514623154700307468614931149798785696753405584	4460693645210866202219100159440462498512797207925769114104200	202	21608	409708
2417	6096924289745826514623154700307468614931149798785696753405584	1703552375076039761438822636850616230642527149660709386980972	1502118567443119844428666696056637533158140480008715700118306	195	21428	411053
2418	239095070186110843710711949031665435879652933285713598172768	239095070186110843710711949031665435879652933285713598172768	89964079199540461016928164293600102511613419711000643813792	179	21346	411275
2419	239095070186110843710711949031665435879652933285713598172768	239095070186110843710711949031665435879652933285713598172768	89964079199540461016928164293600102511613419711000643813792	193	21205	405838
2420	239095070186110843710711949031665435879652933285713598172768	239095070186110843710711949031665435879652933285713598172768	89964079199540461016928164293600102511613419711000643813792	193	21509	402851
2421	239095070186110843710711949031665435879652933285713598172768	239095070186110843710711949031665435879652933285713598172768	89964079199540461016928164293600102511613419711000643813792	207	21559	403910
2422	179925078069346038954020608109687625990243874038239020847184	179925078069346038954020608109687625990243874038239020847184	67549717214488174692500600432462606427143782333727284377498	183	21562	419531
2423	179925078069346038954020608109687625990243874038239020847184	150340082010963636575674937648698721045539344414501732184392	67548916525156922287775383764279525637280035824029000120298	215	21619	408741
2424	120755085952581234197329267187709816100834814790764443521600	120755085952581234197329267187709816100834814790764443521600	67548916525156922287775383764279525637280035824029000120298	186	21347	407447
2425	120755085952581234197329267187709816100834814790764443521600	46792595806625228251465091035237553739073490731421221864620	22718590709712739457048525043757688427539668884356533104498	201	21234	405103
2426	61585093835816429440637926265732006211425755543289866196016	61585093835816429440637926265732006211425755543289866196016	52453760582382127889728843468181190867618528445588555641498	200	20949	412501
2427	61585093835816429440637926265732006211425755543289866196016	17207599748242825873119420574248648794368961107683933201828	15323858680892196369796917597629614624390840068152573666196	215	20867	408618
2428	2415101719051624683946585343754196322016696295815288870432	2415101719051624683946585343754196322016696295815288870432	1135898423384476290975201229499844347114342753050931211510	215	20597	404627
2429	2415101719051624683946585343754196322016696295815288870432	2415101719051624683946585343754196322016696295815288870432	1135898423384476290975201229499844347114342753050931211510	201	20860	398955
2430	2415101719051624683946585343754196322016696295815288870432	2415101719051624683946585343754196322016696295815288870432	1135898423384476290975201229499844347114342753050931211510	194	20801	401737
2431	2415101719051624683946585343754196322016696295815288870432	2415101719051624683946585343754196322016696295815288870432	1135898423384476290975201229499844347114342753050931211510	193	20681	406952
2432	1817425031003495342969905132421087131214584586244838594416	1817425031003495342969905132421087131214584586244838594416	909498038094320480775213400930604640949059723154855265004	200	20650	402259
2433	1817425031003495342969905132421087131214584586244838594416	1518586686979430672481565026754532535813528731459613456408	909498038094320480775213400930604640949059723154855265004	186	20806	407022
2434	1219748342955366001993224921087977940412472876674388318400	1219748342955366001993224921087977940412472876674388318400	909498038094320480775213400930604640949059723154855265004	190	20431	409250
2435	1219748342955366001993224921087977940412472876674388318400	472652482895204325772374656921591451909833239711325473380	231767666179639435602311259299833114075826143229483020800	201	20400	403638
2436	622071654907236661016544709754868749610361167103938042384	622071654907236661016544709754868749610361167103938042384	604545551484623520043588495792206233371663240924473513204	190	20342	408323
2437	622071654907236661016544709754868749610361167103938042384	173814138871139655284034551255036856508777384926100335372	156311215326506054485857164736580993816973191735437688902	198	20229	402293
2438	24394966859107320039864498421759558808249457533487766368	24394966859107320039864498421759558808249457533487766368	12998406877264326514145447224569757850434301679158782788	185	20257	398106
2439	24394966859107320039864498421759558808249457533487766368	24394966859107320039864498421759558808249457533487766368	12998406877264326514145447224569757850434301679158782788	178	20532	403828
2440	2343370782894072379208687812459352937056478399133278975691299168	2343370782894072379208687812459352937056478399133278975691299168	517080675068090733506363093036950503004223487435892236589852200	201	23119	427316
2441	2343370782894072379208687812459352937056478399133278975691299168	2343370782894072379208687812459352937056478399133278975691299168	517080675068090733506363093036950503004223487435892236589852200	182	22940	424780
2442	1763445690157660527788355980083048422330380209448780643323250384	1763445690157660527788355980083048422330380209448780643323250384	517080675068090733506363093036950503004223487435892236589852200	211	22702	419965
2443	1763445690157660527788355980083048422330380209448780643323250384	1473483143789454602078190063894896164967331114606531477139225992	294423316255469598802401892238710923224629888134693308288137098	201	22583	444445
2444	1183520597421248676368024147706743907604282019764282310955201600	1183520597421248676368024147706743907604282019764282310955201600	294423316255469598802401892238710923224629888134693308288137098	218	22426	417305
2445	1183520597421248676368024147706743907604282019764282310955201600	313632958316630899237526399142287135515134735237534812403128424	77713673713951387826595651703976958310501904896783425248933898	201	22481	416021
2446	603595504684836824947692315330439392878183830079783978587152816	603595504684836824947692315330439392878183830079783978587152816	221200450240848280954044764954000946220966772347219998158257098	186	22366	423097
2447	603595504684836824947692315330439392878183830079783978587152816	168651685132527936382443441048211006833610187816410229311116228	75464609483520871314434427453489689827879747328084446175179200	219	27256	413613
2448	23670411948424973527360482954134878152085640395285646219104032	23670411948424973527360482954134878152085640395285646219104032	8189082395924754269818570290705864967743960808928189503941702	221	21859	410122
2449	23670411948424973527360482954134878152085640395285646219104032	23670411948424973527360482954134878152085640395285646219104032	8189082395924754269818570290705864967743960808928189503941702	189	21866	417098
2450	23670411948424973527360482954134878152085640395285646219104032	23670411948424973527360482954134878152085640395285646219104032	8189082395924754269818570290705864967743960808928189503941702	204	22054	420459
2451	23670411948424973527360482954134878152085640395285646219104032	23670411948424973527360482954134878152085640395285646219104032	8189082395924754269818570290705864967743960808928189503941702	200	22042	418168
2452	17812582728865257856448040202859074973034143529785663063871216	17812582728865257856448040202859074973034143529785663063871216	6702437868832023579441384439821500252429938440896543536432302	200	21938	413130
2453	17812582728865257856448040202859074973034143529785663063871216	14883668119085400020991818827221173383508395097035671486254808	5192998531927297197820152632522383079619725039817210034187004	187	21953	414428
2454	11954753509305542185535597451583271793982646664285679908638400	11954753509305542185535597451583271793982646664285679908638400	5192998531927297197820152632522383079619725039817210034187004	182	21804	411288
2455	11954753509305542185535597451583271793982646664285679908638400	3168009679965968679166933324669567025405401366035705175789176	1517215255616190598526637684353687097487516955629754715100404	207	21791	422527
2456	6096924289745826514623154700307468614931149798785696753405584	6096924289745826514623154700307468614931149798785696753405584	3713672494735916851792428486399103766903943132496217286477204	197	21614	411688
2457	6096924289745826514623154700307468614931149798785696753405584	1703552375076039761438822636850616230642527149660709386980972	784683183070492713387491229086469165862444431822015167476698	187	21625	415277
2458	239095070186110843710711949031665435879652933285713598172768	239095070186110843710711949031665435879652933285713598172768	97661445887443145961674566399883547984184525894985851893396	213	21304	411724
2459	239095070186110843710711949031665435879652933285713598172768	239095070186110843710711949031665435879652933285713598172768	97661445887443145961674566399883547984184525894985851893396	191	21408	421127
2460	239095070186110843710711949031665435879652933285713598172768	239095070186110843710711949031665435879652933285713598172768	97661445887443145961674566399883547984184525894985851893396	199	21363	410438
2461	239095070186110843710711949031665435879652933285713598172768	239095070186110843710711949031665435879652933285713598172768	97661445887443145961674566399883547984184525894985851893396	202	21480	407653
2462	179925078069346038954020608109687625990243874038239020847184	179925078069346038954020608109687625990243874038239020847184	82644849901173970163719788531644532804814135375050631442796	193	21594	413012
2463	179925078069346038954020608109687625990243874038239020847184	150340082010963636575674937648698721045539344414501732184392	67397972593886339051643987101813477292170643319154737688094	191	21468	418297
2464	120755085952581234197329267187709816100834814790764443521600	120755085952581234197329267187709816100834814790764443521600	67397972593886339051643987101813477292170643319154737688094	222	21474	412315
2465	120755085952581234197329267187709816100834814790764443521600	32000097777434027062292255804743101266721225919552577533224	15628033423122917776237274603079481037574585065814995673498	190	21248	411677
2466	61585093835816429440637926265732006211425755543289866196016	61585093835816429440637926265732006211425755543289866196016	45132983496498956877565349236479553760581459152793492290996	204	21021	407637
2467	61585093835816429440637926265732006211425755543289866196016	17207599748242825873119420574248648794368961107683933201828	15322341772883405780318652252484288517614965050601142039200	201	22261	414297
2468	2415101719051624683946585343754196322016696295815288870432	2415101719051624683946585343754196322016696295815288870432	1137423264385376075601740301846727858961425265262429171906	217	20839	416273
2469	2415101719051624683946585343754196322016696295815288870432	2415101719051624683946585343754196322016696295815288870432	1137423264385376075601740301846727858961425265262429171906	207	20967	405890
2470	2415101719051624683946585343754196322016696295815288870432	2415101719051624683946585343754196322016696295815288870432	1137423264385376075601740301846727858961425265262429171906	207	20664	406017
2471	2415101719051624683946585343754196322016696295815288870432	2415101719051624683946585343754196322016696295815288870432	1137423264385376075601740301846727858961425265262429171906	189	21086	415103
2472	1817425031003495342969905132421087131214584586244838594416	1817425031003495342969905132421087131214584586244838594416	987264928727569770436756191475819049866946060493943582506	213	20641	408501
2473	1817425031003495342969905132421087131214584586244838594416	1518586686979430672481565026754532535813528731459613456408	835574131006688345600418633609757643014291487493568237608	212	20756	408341
2474	1219748342955366001993224921087977940412472876674388318400	1219748342955366001993224921087977940412472876674388318400	831739550288697244527092629946465244610557928801682357208	191	20615	404108
2475	1219748342955366001993224921087977940412472876674388318400	323233310883171990528204604088314154209305312318712904376	232568509471904225967916083013401083573239570421710281204	191	20505	403505
2476	622071654907236661016544709754868749610361167103938042384	622071654907236661016544709754868749610361167103938042384	530598308192874317900522897492189696936945369280078933906	201	20267	430466
2477	622071654907236661016544709754868749610361167103938042384	173814138871139655284034551255036856508777384926100335372	156295814456057061195771316694292855020410658064906695898	192	20296	418280
2478	24394966859107320039864498421759558808249457533487766368	24394966859107320039864498421759558808249457533487766368	13029209388532564900937798623333089599958639513807802392	214	20053	405562
2479	24394966859107320039864498421759558808249457533487766368	24394966859107320039864498421759558808249457533487766368	13029209388532564900937798623333089599958639513807802392	201	20016	409377
2480	2343370782894072379208687812459352937056478399133278975691299168	2343370782894072379208687812459352937056478399133278975691299168	369133053975385559340281870213626343315682956975148909067397502	213	22870	419676
2481	2343370782894072379208687812459352937056478399133278975691299168	2343370782894072379208687812459352937056478399133278975691299168	369133053975385559340281870213626343315682956975148909067397502	204	22885	411178
2482	1763445690157660527788355980083048422330380209448780643323250384	1763445690157660527788355980083048422330380209448780643323250384	369133053975385559340281870213626343315682956975148909067397502	181	22633	408954
2483	1763445690157660527788355980083048422330380209448780643323250384	1328501870605351639223107105800820036285806567185406894047213796	297367098065160294005657854892555433685321136024807409352716702	185	22568	404812
2484	1183520597421248676368024147706743907604282019764282310955201600	1183520597421248676368024147706743907604282019764282310955201600	297367098065160294005657854892555433685321136024807409352716702	183	22223	413523
2485	1183520597421248676368024147706743907604282019764282310955201600	386123594908682380665067878189325199855897008948097103949134522	76219253298873557784514023190610047606577253073947634061838396	212	22367	407478
2486	603595504684836824947692315330439392878183830079783978587152816	603595504684836824947692315330439392878183830079783978587152816	297367098065160294005657854892555433685321136024807409352716702	192	22311	410852
2487	603595504684836824947692315330439392878183830079783978587152816	241142321724579417809984920095249071174372461526972520857122326	75494344653315726821538023035851755590108951852227012852599196	181	22078	403480
2488	23670411948424973527360482954134878152085640395285646219104032	23670411948424973527360482954134878152085640395285646219104032	5947642355215332647134299415677564996929189701420395001986600	204	22013	414929
2489	23670411948424973527360482954134878152085640395285646219104032	23670411948424973527360482954134878152085640395285646219104032	5947642355215332647134299415677564996929189701420395001986600	194	21893	404855
2490	23670411948424973527360482954134878152085640395285646219104032	23670411948424973527360482954134878152085640395285646219104032	5947642355215332647134299415677564996929189701420395001986600	182	21890	399176
2491	23670411948424973527360482954134878152085640395285646219104032	23670411948424973527360482954134878152085640395285646219104032	5947642355215332647134299415677564996929189701420395001986600	185	21830	396620
2492	17812582728865257856448040202859074973034143529785663063871216	17812582728865257856448040202859074973034143529785663063871216	5947642355215332647134299415677564996929189701420395001986600	180	23493	408955
2493	17812582728865257856448040202859074973034143529785663063871216	13419210814195471103263708139402222588745520880660675697446604	5940094392064439377763828016584225527509166966183247379884106	195	21911	401280
2494	11954753509305542185535597451583271793982646664285679908638400	11954753509305542185535597451583271793982646664285679908638400	5940094392064439377763828016584225527509166966183247379884106	180	21795	404439
2495	11954753509305542185535597451583271793982646664285679908638400	3900238332410933138030988668579042422786838474223203070193278	1494572899256504273761245533876362729749563338332803806477200	188	21708	406631
2496	6096924289745826514623154700307468614931149798785696753405584	6096924289745826514623154700307468614931149798785696753405584	3735936713709209852860599332723166646728115249852219200997200	185	21538	402229
2497	6096924289745826514623154700307468614931149798785696753405584	2435781027521004220302877980760091628023964257848207281385074	1494572899256504273761245533876362729749563338332803806477200	181	27784	400868
2498	239095070186110843710711949031665435879652933285713598172768	239095070186110843710711949031665435879652933285713598172768	75020652950260649091454618293583933521440400144266141398698	193	21306	406026
2499	239095070186110843710711949031665435879652933285713598172768	239095070186110843710711949031665435879652933285713598172768	75020652950260649091454618293583933521440400144266141398698	217	21297	398781
2500	239095070186110843710711949031665435879652933285713598172768	239095070186110843710711949031665435879652933285713598172768	75020652950260649091454618293583933521440400144266141398698	191	21642	405474
2501	239095070186110843710711949031665435879652933285713598172768	239095070186110843710711949031665435879652933285713598172768	75020652950260649091454618293583933521440400144266141398698	190	21407	422386
2502	179925078069346038954020608109687625990243874038239020847184	179925078069346038954020608109687625990243874038239020847184	75020652950260649091454618293583933521440400144266141398698	191	21515	400231
2503	179925078069346038954020608109687625990243874038239020847184	135547583981772435386502102418204268573187079602633087852996	74944403043846729593359647299088673641179512768812757701192	208	21625	404667
2504	120755085952581234197329267187709816100834814790764443521600	120755085952581234197329267187709816100834814790764443521600	74944403043846729593359647299088673641179512768812757701192	189	21319	401223
2505	120755085952581234197329267187709816100834814790764443521600	39396346792029627656878673419990327502897358325486899698922	15399338387850045454771682227298611741501248558570041637996	196	21317	418460
2506	61585093835816429440637926265732006211425755543289866196016	61585093835816429440637926265732006211425755543289866196016	45132983496506811229541966430632747920298508667067849448498	195	21263	400000
2507	61585093835816429440637926265732006211425755543289866196016	24603848762838426467705838189495875030545093513618255367526	15398568266112376515952125916810565677893451115937948216702	187	20943	395207
2508	2415101719051624683946585343754196322016696295815288870432	2415101719051624683946585343754196322016696295815288870432	910268314586450053853106866017193988703031676545797096404	186	21026	398384
2509	2415101719051624683946585343754196322016696295815288870432	2415101719051624683946585343754196322016696295815288870432	910268314586450053853106866017193988703031676545797096404	189	24770	404569
2510	2415101719051624683946585343754196322016696295815288870432	2415101719051624683946585343754196322016696295815288870432	910268314586450053853106866017193988703031676545797096404	214	20865	400463
2511	2415101719051624683946585343754196322016696295815288870432	2415101719051624683946585343754196322016696295815288870432	910268314586450053853106866017193988703031676545797096404	197	20701	400643
2512	1817425031003495342969905132421087131214584586244838594416	1817425031003495342969905132421087131214584586244838594416	910268314586450053853106866017193988703031676545797096404	188	20553	398720
2513	1817425031003495342969905132421087131214584586244838594416	1369167514967398337237394973921255238113000804067000887404	908720529426801037184044463977498294410433032945267653910	190	20662	405005
2514	1219748342955366001993224921087977940412472876674388318400	1219748342955366001993224921087977940412472876674388318400	908720529426801037184044463977498294410433032945267653910	195	20381	401966
2515	1219748342955366001993224921087977940412472876674388318400	397942896889188158150289630504952803059569276015019188878	230250679603110879904429732647048403172420035574467377600	206	20763	395347
2516	622071654907236661016544709754868749610361167103938042384	622071654907236661016544709754868749610361167103938042384	530598308192953654789175596423030041984592334070729006204	192	20210	395749
2517	622071654907236661016544709754868749610361167103938042384	248523724877155822906119577671675505359041348622406619874	230250679603110879904429732647048403172420035574467377600	183	20265	404175
2518	24394966859107320039864498421759558808249457533487766368	24394966859107320039864498421759558808249457533487766368	12259165457129448206522841443970521608460659529590408494	214	19947	392122
2519	24394966859107320039864498421759558808249457533487766368	24394966859107320039864498421759558808249457533487766368	12259165457129448206522841443970521608460659529590408494	192	20168	407423
2520	2343370782894072379208687812459352937056478399133278975691299168	2343370782894072379208687812459352937056478399133278975691299168	517073279589428848673400584153153956430213991349891247409686094	221	23037	420100
2521	2343370782894072379208687812459352937056478399133278975691299168	2343370782894072379208687812459352937056478399133278975691299168	517073279589428848673400584153153956430213991349891247409686094	205	22861	422032
2522	1763445690157660527788355980083048422330380209448780643323250384	1763445690157660527788355980083048422330380209448780643323250384	517073279589428848673400584153153956430213991349891247409686094	214	24765	414698
2523	1763445690157660527788355980083048422330380209448780643323250384	1545973780381506083505731542941934229308093388317093768685232090	444582568302961218900111593859034434646048086495361381672211004	202	22892	422431
2524	1183520597421248676368024147706743907604282019764282310955201600	1183520597421248676368024147706743907604282019764282310955201600	294423315516535363029258307343464828643389400806585618639935894	190	22402	411672
2525	1183520597421248676368024147706743907604282019764282310955201600	458614231500733862092609357236363264196659282658659395495140620	77713599012146722323232394038484063900663425138338970812770604	190	22507	417241
2526	603595504684836824947692315330439392878183830079783978587152816	603595504684836824947692315330439392878183830079783978587152816	294423315516535363029258307343464828643389400806585618639935894	194	22375	411807
2527	603595504684836824947692315330439392878183830079783978587152816	168651685132527936382443441048211006833610187816410229311116228	76981369605212705860875939591068715195772860442838669138654694	206	22360	406271
2528	23670411948424973527360482954134878152085640395285646219104032	23670411948424973527360482954134878152085640395285646219104032	7449459034553041383201819368008212971446611178044708949208208	203	22103	411394
2529	23670411948424973527360482954134878152085640395285646219104032	23670411948424973527360482954134878152085640395285646219104032	7449459034553041383201819368008212971446611178044708949208208	192	22061	421097
2530	23670411948424973527360482954134878152085640395285646219104032	23670411948424973527360482954134878152085640395285646219104032	7449459034553041383201819368008212971446611178044708949208208	214	21799	409187
2531	23670411948424973527360482954134878152085640395285646219104032	23670411948424973527360482954134878152085640395285646219104032	7449459034553041383201819368008212971446611178044708949208208	204	23473	409485
2532	17812582728865257856448040202859074973034143529785663063871216	17812582728865257856448040202859074973034143529785663063871216	6709834140872472499406498201168147011948695799237640818558008	195	21957	418239
2533	17812582728865257856448040202859074973034143529785663063871216	15615896771530364479855874171130648780889832205223169380658910	6709760186004190346094240212447119926192932085786988128193098	188	22242	411409
2534	11954753509305542185535597451583271793982646664285679908638400	11954753509305542185535597451583271793982646664285679908638400	5185451339369492285147584395680787600610495920754015041078408	182	22008	414689
2535	11954753509305542185535597451583271793982646664285679908638400	4632466984855897596895044012488517820168275582410700964597380	1517214501052507108593675485712344729711370695443447094533098	213	21898	410728
2536	6096924289745826514623154700307468614931149798785696753405584	6096924289745826514623154700307468614931149798785696753405584	5185451339369492285147584395680787600610495920754015041078408	199	21785	409082
2537	6096924289745826514623154700307468614931149798785696753405584	1703552375076039761438822636850616230642527149660709386980972	1509818244416809972610276955940472520571061961145464249340008	202	21546	411155
2538	239095070186110843710711949031665435879652933285713598172768	239095070186110843710711949031665435879652933285713598172768	90265967225558312999165682603336973974688439893996671727290	194	21415	413459
2539	239095070186110843710711949031665435879652933285713598172768	239095070186110843710711949031665435879652933285713598172768	90265967225558312999165682603336973974688439893996671727290	195	21303	410205
2540	239095070186110843710711949031665435879652933285713598172768	239095070186110843710711949031665435879652933285713598172768	90265967225558312999165682603336973974688439893996671727290	193	21300	406818
2541	239095070186110843710711949031665435879652933285713598172768	239095070186110843710711949031665435879652933285713598172768	90265967225558312999165682603336973974688439893996671727290	186	21380	416680
2542	179925078069346038954020608109687625990243874038239020847184	179925078069346038954020608109687625990243874038239020847184	82869733378471444871222790412537215713915441157508921192200	186	21477	415403
2543	179925078069346038954020608109687625990243874038239020847184	157736331025559237170261355263945947281715476820436054350090	82869733378471444871222790412537215713915441157508921192200	214	21596	430777
2544	120755085952581234197329267187709816100834814790764443521600	120755085952581234197329267187709816100834814790764443521600	67397233659650565908059091855718896051683315211465089486890	211	21528	413324
2545	120755085952581234197329267187709816100834814790764443521600	46792595806625228251465091035237553739073490731421221864620	15552569351969799432535943012150223615240399816260513421204	209	21762	420552
2546	61585093835816429440637926265732006211425755543289866196016	61585093835816429440637926265732006211425755543289866196016	52604735630459364718886256625224443579331050399596445155494	223	21954	418179
2547	61585093835816429440637926265732006211425755543289866196016	17207599748242825873119420574248648794368961107683933201828	15477097578829420793916661392360294725815475921529596084094	209	21273	404163
2548	2415101719051624683946585343754196322016696295815288870432	2415101719051624683946585343754196322016696295815288870432	1137446287889757492661771512734533871726664873749845947012	198	20903	413498
2549	2415101719051624683946585343754196322016696295815288870432	2415101719051624683946585343754196322016696295815288870432	1137446287889757492661771512734533871726664873749845947012	200	21400	404254
2550	2415101719051624683946585343754196322016696295815288870432	2415101719051624683946585343754196322016696295815288870432	1137446287889757492661771512734533871726664873749845947012	200	26844	413795
2551	2415101719051624683946585343754196322016696295815288870432	2415101719051624683946585343754196322016696295815288870432	1137446287889757492661771512734533871726664873749845947012	214	20822	402729
2552	1817425031003495342969905132421087131214584586244838594416	1817425031003495342969905132421087131214584586244838594416	1137446287889757492661771512734533871726664873749845947012	213	20787	405397
2553	1817425031003495342969905132421087131214584586244838594416	1593296272985446840103650053171171184663792695155919740910	988766358083297703713720065458495062386157720244217382502	191	20735	406185
2554	1219748342955366001993224921087977940412472876674388318400	1219748342955366001993224921087977940412472876674388318400	834811554168272413279319736756005436926511818588959458012	188	20596	409540
2555	1219748342955366001993224921087977940412472876674388318400	472652482895204325772374656921591451909833239711325473380	231806246126923232597195561892903533852692244668634702898	199	20492	405967
2556	622071654907236661016544709754868749610361167103938042384	622071654907236661016544709754868749610361167103938042384	535973210144207742790979631089450841525455963803734320004	212	20458	402464
2557	622071654907236661016544709754868749610361167103938042384	173814138871139655284034551255036856508777384926100335372	157874404475910658361323689239005000558799067190338201204	201	20344	402053
2558	24394966859107320039864498421759558808249457533487766368	24394966859107320039864498421759558808249457533487766368	13784006457870526170890547112666693347451148746819557486	202	20282	414169
2559	24394966859107320039864498421759558808249457533487766368	24394966859107320039864498421759558808249457533487766368	13784006457870526170890547112666693347451148746819557486	192	20184	403448
2560	2343370782894072379208687812459352937056478399133278975691299168	2343370782894072379208687812459352937056478399133278975691299168	369125658473231874370554043973516141900002490658616703960506098	207	22897	419374
2561	2343370782894072379208687812459352937056478399133278975691299168	2343370782894072379208687812459352937056478399133278975691299168	369125658473231874370554043973516141900002490658616703960506098	184	22765	406125
2562	1763445690157660527788355980083048422330380209448780643323250384	1763445690157660527788355980083048422330380209448780643323250384	294415922308881628155251412274061324076452392391178522701116698	185	22502	411275
2563	1763445690157660527788355980083048422330380209448780643323250384	1328501870605351639223107105800820036285806567185406894047213796	221917659979555666918458045571615446111350330383841185613850600	195	22291	424763
2564	1183520597421248676368024147706743907604282019764282310955201600	1183520597421248676368024147706743907604282019764282310955201600	221917659979555666918458045571615446111350330383841185613850600	200	22343	402957
2565	1183520597421248676368024147706743907604282019764282310955201600	241142321724579417809984920095249071174372461526972520857122326	76219178596831601370678388582124085976115834222265490575910200	200	22417	401787
2566	603595504684836824947692315330439392878183830079783978587152816	603595504684836824947692315330439392878183830079783978587152816	221917659979555666918458045571615446111350330383841185613850600	180	22080	401608
2567	603595504684836824947692315330439392878183830079783978587152816	96161048540476454954901962001172942492847914105847937765110130	74724833638360196510508860540380821376461345997318058512035498	190	22102	411928
2568	23670411948424973527360482954134878152085640395285646219104032	23670411948424973527360482954134878152085640395285646219104032	5215337475885847694984023645803547386122663653223390397778404	195	22061	400986
2569	23670411948424973527360482954134878152085640395285646219104032	23670411948424973527360482954134878152085640395285646219104032	5215337475885847694984023645803547386122663653223390397778404	206	21864	419239
2570	23670411948424973527360482954134878152085640395285646219104032	23670411948424973527360482954134878152085640395285646219104032	5215337475885847694984023645803547386122663653223390397778404	202	22063	401078
2571	23670411948424973527360482954134878152085640395285646219104032	23670411948424973527360482954134878152085640395285646219104032	5215337475885847694984023645803547386122663653223390397778404	181	21957	406540
2572	17812582728865257856448040202859074973034143529785663063871216	17812582728865257856448040202859074973034143529785663063871216	4460997065544160440773631434726146113651141496742383318757604	197	21908	398022
2573	17812582728865257856448040202859074973034143529785663063871216	13419210814195471103263708139402222588745520880660675697446604	3720993279522223464550249649576718977950899483528041542553502	192	22167	397417
2574	11954753509305542185535597451583271793982646664285679908638400	11954753509305542185535597451583271793982646664285679908638400	3720993279522223464550249649576718977950899483528041542553502	213	21540	398056
2575	11954753509305542185535597451583271793982646664285679908638400	2435781027521004220302877980760091628023964257848207281385074	784908828969063930530560633261026381079645831957431130745298	201	21373	403042
2576	6096924289745826514623154700307468614931149798785696753405584	6096924289745826514623154700307468614931149798785696753405584	3720993279522223464550249649576718977950899483528041542553502	202	21415	399546
2577	6096924289745826514623154700307468614931149798785696753405584	971323722631075302574767292941140833261090041473211492576870	769739756663307386489258712123405064183629128929640907190200	200	21157	403210
2578	239095070186110843710711949031665435879652933285713598172768	239095070186110843710711949031665435879652933285713598172768	82492365957441633318627921768209237869733852635953983937894	224	23283	411597
2579	239095070186110843710711949031665435879652933285713598172768	239095070186110843710711949031665435879652933285713598172768	82492365957441633318627921768209237869733852635953983937894	204	21283	404827
2580	239095070186110843710711949031665435879652933285713598172768	239095070186110843710711949031665435879652933285713598172768	82492365957441633318627921768209237869733852635953983937894	193	21323	394928
2581	239095070186110843710711949031665435879652933285713598172768	239095070186110843710711949031665435879652933285713598172768	82492365957441633318627921768209237869733852635953983937894	207	23849	394765
2582	179925078069346038954020608109687625990243874038239020847184	179925078069346038954020608109687625990243874038239020847184	60004026005915691901164022452214329114674899804369150667694	178	21590	397228
2583	179925078069346038954020608109687625990243874038239020847184	135547583981772435386502102418204268573187079602633087852996	52605474641691595661578610110567984590609288165302811601596	191	21500	408057
2584	120755085952581234197329267187709816100834814790764443521600	120755085952581234197329267187709816100834814790764443521600	52605474641691595661578610110567984590609288165302811601596	195	21198	398045
2585	120755085952581234197329267187709816100834814790764443521600	24603848762838426467705838189495875030545093513618255367526	8229505236387940325077608744219036719708797584075271498404	224	21252	399613
2586	61585093835816429440637926265732006211425755543289866196016	61585093835816429440637926265732006211425755543289866196016	52453768282805569635386512414094764807537810184617748367294	185	20897	400658
2587	61585093835816429440637926265732006211425755543289866196016	9811350733647225278533002959001422558192828701749611036130	7927617445319758126521555091111549312848953498513138444502	216	21054	406225
2588	2415101719051624683946585343754196322016696295815288870432	2415101719051624683946585343754196322016696295815288870432	984954565951683445606701190263262962949980058410329127408	195	21742	402077
2589	2415101719051624683946585343754196322016696295815288870432	2415101719051624683946585343754196322016696295815288870432	984954565951683445606701190263262962949980058410329127408	209	20839	391853
2590	2415101719051624683946585343754196322016696295815288870432	2415101719051624683946585343754196322016696295815288870432	984954565951683445606701190263262962949980058410329127408	193	20675	395507
2591	2415101719051624683946585343754196322016696295815288870432	2415101719051624683946585343754196322016696295815288870432	984954565951683445606701190263262962949980058410329127408	192	20653	389857
2592	1817425031003495342969905132421087131214584586244838594416	1817425031003495342969905132421087131214584586244838594416	757807395159965715244113705265750043363010782130175827408	189	20735	401784
2593	1817425031003495342969905132421087131214584586244838594416	1369167514967398337237394973921255238113000804067000887404	757014094369835575248399885755377249765819828294041942906	195	20649	393078
2594	1219748342955366001993224921087977940412472876674388318400	1219748342955366001993224921087977940412472876674388318400	757014094369835575248399885755377249765819828294041942906	181	20438	393584
2595	1219748342955366001993224921087977940412472876674388318400	248523724877155822906119577671675505359041348622406619874	157835901525086271915798246055214777332171010000096905698	207	22052	393405
2596	622071654907236661016544709754868749610361167103938042384	622071654907236661016544709754868749610361167103938042384	604545629266678487171443737670121121653676187783354247808	185	20285	406659
2597	622071654907236661016544709754868749610361167103938042384	99104552865123487661949524838398207658513421229794050870	82356193019852890604392095969723267534767194285134990996	195	20127	403433
2598	24394966859107320039864498421759558808249457533487766368	24394966859107320039864498421759558808249457533487766368	11473800801820248431543360598780566207378734379685967290	197	20165	388512
2599	24394966859107320039864498421759558808249457533487766368	24394966859107320039864498421759558808249457533487766368	11473800801820248431543360598780566207378734379685967290	191	20071	392229
2600	2343370782894072379208687812459352937056478399133278975691299168	2343370782894072379208687812459352937056478399133278975691299168	514114250917438857859204435636140509214441523344944120830630098	201	23232	417308
2601	2343370782894072379208687812459352937056478399133278975691299168	2343370782894072379208687812459352937056478399133278975691299168	514114250917438857859204435636140509214441523344944120830630098	187	23076	422554
2602	1763445690157660527788355980083048422330380209448780643323250384	1763445690157660527788355980083048422330380209448780643323250384	440883990201829322796875210247051001701232724032738539450183600	195	22907	412354
2603	1763445690157660527788355980083048422330380209448780643323250384	1473483143789454602078190063894896164967331114606531477139225992	440883990201829322796875210247051001701232724032738539450183600	189	22658	411417
2604	1183520597421248676368024147706743907604282019764282310955201600	1183520597421248676368024147706743907604282019764282310955201600	440883990201829322796875210247051001701232724032738539450183600	186	22359	412947
2605	1183520597421248676368024147706743907604282019764282310955201600	313632958316630899237526399142287135515134735237534812403128424	77683709833641772921068796578716251302524309299905161453386200	181	22414	421116
2606	603595504684836824947692315330439392878183830079783978587152816	603595504684836824947692315330439392878183830079783978587152816	221917659979481027575228226687027669372851143929343245525021298	195	24631	419742
2607	603595504684836824947692315330439392878183830079783978587152816	241142321724579417809984920095249071174372461526972520857122326	76944010230453797819429107433371912842794927488670761641462498	180	22052	408525
2608	23670411948424973527360482954134878152085640395285646219104032	23670411948424973527360482954134878152085640395285646219104032	8151724553862001468256781613279769617213229226551799041694804	181	21949	409581
2609	23670411948424973527360482954134878152085640395285646219104032	23670411948424973527360482954134878152085640395285646219104032	8151724553862001468256781613279769617213229226551799041694804	183	21853	417189
2610	23670411948424973527360482954134878152085640395285646219104032	23670411948424973527360482954134878152085640395285646219104032	8151724553862001468256781613279769617213229226551799041694804	192	21946	411020
2611	23670411948424973527360482954134878152085640395285646219104032	23670411948424973527360482954134878152085640395285646219104032	8151724553862001468256781613279769617213229226551799041694804	186	22059	405351
2612	17812582728865257856448040202859074973034143529785663063871216	17812582728865257856448040202859074973034143529785663063871216	6672400819256024883746466841258037630176073570786476569611502	181	21902	408481
2613	17812582728865257856448040202859074973034143529785663063871216	14883668119085400020991818827221173383508395097035671486254808	5932774385257429018816589686210246155007485689937888398350302	180	22155	460918
2614	11954753509305542185535597451583271793982646664285679908638400	11954753509305542185535597451583271793982646664285679908638400	5932774385257429018816589686210246155007485689937888398350302	201	21790	414418
2615	11954753509305542185535597451583271793982646664285679908638400	3168009679965968679166933324669567025405401366035705175789176	1516912590158517720693033087128831471144308919297651040397902	213	23867	416092
2616	6096924289745826514623154700307468614931149798785696753405584	6096924289745826514623154700307468614931149798785696753405584	3720993272132928484798180075386821866531440488231972748452604	202	21546	410638
2617	6096924289745826514623154700307468614931149798785696753405584	2435781027521004220302877980760091628023964257848207281385074	1509440876995002820676470570509191688722800012113465183711804	207	21715	417754
2618	239095070186110843710711949031665435879652933285713598172768	239095070186110843710711949031665435879652933285713598172768	97359588972716088637804308840056963529824073599491172299494	195	21437	406207
2619	239095070186110843710711949031665435879652933285713598172768	239095070186110843710711949031665435879652933285713598172768	97359588972716088637804308840056963529824073599491172299494	179	21469	407470
2620	239095070186110843710711949031665435879652933285713598172768	239095070186110843710711949031665435879652933285713598172768	97359588972716088637804308840056963529824073599491172299494	180	21411	406023
2621	239095070186110843710711949031665435879652933285713598172768	239095070186110843710711949031665435879652933285713598172768	97359588972716088637804308840056963529824073599491172299494	181	21328	410913
2622	179925078069346038954020608109687625990243874038239020847184	179925078069346038954020608109687625990243874038239020847184	82493159101096215452307570119357377122740893325661272342796	193	22243	405543
2623	179925078069346038954020608109687625990243874038239020847184	150340082010963636575674937648698721045539344414501732184392	74870463655757576174449296638088634433134458763720867275396	207	21704	405162
2624	120755085952581234197329267187709816100834814790764443521600	120755085952581234197329267187709816100834814790764443521600	74870463655757576174449296638088634433134458763720867275396	187	21077	424783
2625	120755085952581234197329267187709816100834814790764443521600	32000097777434027062292255804743101266721225919552577533224	22718598410136183631889782131700069379047939671567160957596	194	21421	415967
2626	61585093835816429440637926265732006211425755543289866196016	61585093835816429440637926265732006211425755543289866196016	52453760893510589883316938224197653388078814888548954266396	195	21161	409261
2627	61585093835816429440637926265732006211425755543289866196016	24603848762838426467705838189495875030545093513618255367526	15473285787507293922949640336224279799173617079064489303298	184	21136	401650
2628	2415101719051624683946585343754196322016696295815288870432	2415101719051624683946585343754196322016696295815288870432	1137423108813168061280252445670326417382233489811663176408	208	20869	406911
2629	2415101719051624683946585343754196322016696295815288870432	2415101719051624683946585343754196322016696295815288870432	1137423108813168061280252445670326417382233489811663176408	190	20756	408245
2630	2415101719051624683946585343754196322016696295815288870432	2415101719051624683946585343754196322016696295815288870432	1137423108813168061280252445670326417382233489811663176408	193	20711	403451
2631	2415101719051624683946585343754196322016696295815288870432	2415101719051624683946585343754196322016696295815288870432	1137423108813168061280252445670326417382233489811663176408	181	20647	402287
2632	1817425031003495342969905132421087131214584586244838594416	1817425031003495342969905132421087131214584586244838594416	984208090793147429518152305039565145202140633717976151906	187	20706	404979
2633	1817425031003495342969905132421087131214584586244838594416	1518586686979430672481565026754532535813528731459613456408	907981053105020467662201311468140318742018794357683999306	180	21048	423956
2634	1219748342955366001993224921087977940412472876674388318400	1219748342955366001993224921087977940412472876674388318400	907981053105020467662201311468140318742018794357683999306	193	20585	409179
2635	1219748342955366001993224921087977940412472876674388318400	323233310883171990528204604088314154209305312318712904376	232530008100612744886762965595547313394634077081640477502	195	20496	402946
2636	622071654907236661016544709754868749610361167103938042384	622071654907236661016544709754868749610361167103938042384	604545554627335257352559149893382622467221689843265418506	182	20249	401857
2637	622071654907236661016544709754868749610361167103938042384	248523724877155822906119577671675505359041348622406619874	157835982449854620261240511982278152421754424007821351000	187	19998	409383
2638	24394966859107320039864498421759558808249457533487766368	24394966859107320039864498421759558808249457533487766368	13013807739939147073640037159590373259972869887974248090	194	20101	399133
2639	24394966859107320039864498421759558808249457533487766368	24394966859107320039864498421759558808249457533487766368	13013807739939147073640037159590373259972869887974248090	191	20048	398922
2640	2343370782894072379208687812459352937056478399133278975691299168	2343370782894072379208687812459352937056478399133278975691299168	443850264178585978674143282573424650465482537167998200891766898	186	23390	423710
2641	2343370782894072379208687812459352937056478399133278975691299168	2343370782894072379208687812459352937056478399133278975691299168	443850264178585978674143282573424650465482537167998200891766898	185	22910	425495
2642	1763445690157660527788355980083048422330380209448780643323250384	1763445690157660527788355980083048422330380209448780643323250384	443850264178585978674143282573424650465482537167998200891766898	194	22894	421728
2643	1763445690157660527788355980083048422330380209448780643323250384	1400992507197403120650648584847858100626568840895969185593219894	295163092886383791657717802601970281989465726141710765353601600	202	22714	426042
2644	1183520597421248676368024147706743907604282019764282310955201600	1183520597421248676368024147706743907604282019764282310955201600	295163092886383791657717802601970281989465726141710765353601600	204	22472	415528
2645	1183520597421248676368024147706743907604282019764282310955201600	386123594908682380665067878189325199855897008948097103949134522	76973972593855380202027774830608010305060077116299647110569400	200	22670	419094
2646	603595504684836824947692315330439392878183830079783978587152816	603595504684836824947692315330439392878183830079783978587152816	223412079648083730828294046449231694024907002425402949611634698	213	22130	413197
2647	603595504684836824947692315330439392878183830079783978587152816	313632958316630899237526399142287135515134735237534812403128424	75472081974742226797821456851098370219443745691791693216244498	196	22098	468769
2648	23670411948424973527360482954134878152085640395285646219104032	23670411948424973527360482954134878152085640395285646219104032	7442062007949655050091962059070897532588223890811395010676804	195	22012	416163
2649	23670411948424973527360482954134878152085640395285646219104032	23670411948424973527360482954134878152085640395285646219104032	7442062007949655050091962059070897532588223890811395010676804	199	22642	423399
2650	23670411948424973527360482954134878152085640395285646219104032	23670411948424973527360482954134878152085640395285646219104032	7442062007949655050091962059070897532588223890811395010676804	194	22131	414386
2651	23670411948424973527360482954134878152085640395285646219104032	23670411948424973527360482954134878152085640395285646219104032	7442062007949655050091962059070897532588223890811395010676804	214	22122	425399
2652	17812582728865257856448040202859074973034143529785663063871216	17812582728865257856448040202859074973034143529785663063871216	5962738280888529538986784612834552423017142113249180381497604	203	22115	418441
2653	17812582728865257856448040202859074973034143529785663063871216	14151439466640435562127763483311697986126957988848173591850706	5207941219484322086805553964208025605238744185528577079212302	214	22123	420678
2654	11954753509305542185535597451583271793982646664285679908638400	11954753509305542185535597451583271793982646664285679908638400	5207941219484322086805553964208025605238744185528577079212302	202	21781	410922
2655	11954753509305542185535597451583271793982646664285679908638400	3900238332410933138030988668579042422786838474223203070193278	1509743527130372339692618726036829036826488392190524632894702	187	21803	410706
2656	6096924289745826514623154700307468614931149798785696753405584	6096924289745826514623154700307468614931149798785696753405584	4475637087177653172607123596360500610763376878929881335909404	185	21687	408119
2657	6096924289745826514623154700307468614931149798785696753405584	3168009679965968679166933324669567025405401366035705175789176	792607743520694077787673393561580072445913335176128803880000	201	21750	420492
2658	239095070186110843710711949031665435879652933285713598172768	239095070186110843710711949031665435879652933285713598172768	97585973958730719642782923521934162041312261379347353198694	195	21288	410589
2659	239095070186110843710711949031665435879652933285713598172768	239095070186110843710711949031665435879652933285713598172768	97585973958730719642782923521934162041312261379347353198694	204	21575	408300
2660	239095070186110843710711949031665435879652933285713598172768	239095070186110843710711949031665435879652933285713598172768	97585973958730719642782923521934162041312261379347353198694	187	21498	414108
2661	239095070186110843710711949031665435879652933285713598172768	239095070186110843710711949031665435879652933285713598172768	97585973958730719642782923521934162041312261379347353198694	208	25601	419715
2662	179925078069346038954020608109687625990243874038239020847184	179925078069346038954020608109687625990243874038239020847184	75324819990488554545272634622521072513142144688746484377494	215	21478	412109
2663	179925078069346038954020608109687625990243874038239020847184	142943832996368035981088520033451494809363212008567410018694	67778404706473154877803969115326852795364113935788109112196	208	21480	408505
2664	120755085952581234197329267187709816100834814790764443521600	120755085952581234197329267187709816100834814790764443521600	67778404706473154877803969115326852795364113935788109112196	202	21172	412705
2665	120755085952581234197329267187709816100834814790764443521600	39396346792029627656878673419990327502897358325486899698922	15551814630349211091233029298351905541690926569935310489000	191	21604	415301
2666	61585093835816429440637926265732006211425755543289866196016	61585093835816429440637926265732006211425755543289866196016	52604704440632501327991706467373495031765797849670497275894	194	21300	411475
2667	61585093835816429440637926265732006211425755543289866196016	32000097777434027062292255804743101266721225919552577533224	15323866381347544632373075406416095733778521743358143064098	180	21465	406443
2668	2415101719051624683946585343754196322016696295815288870432	2415101719051624683946585343754196322016696295815288870432	1136660922456787267537598026521384399633634586681686846608	202	20919	405588
2669	2415101719051624683946585343754196322016696295815288870432	2415101719051624683946585343754196322016696295815288870432	1136660922456787267537598026521384399633634586681686846608	199	20759	413684
2670	2415101719051624683946585343754196322016696295815288870432	2415101719051624683946585343754196322016696295815288870432	1136660922456787267537598026521384399633634586681686846608	222	20857	414420
2671	2415101719051624683946585343754196322016696295815288870432	2415101719051624683946585343754196322016696295815288870432	1136660922456787267537598026521384399633634586681686846608	194	20768	413728
2672	1817425031003495342969905132421087131214584586244838594416	1817425031003495342969905132421087131214584586244838594416	988034817094701023659955498851900723228130391290290767408	201	20823	406449
2673	1817425031003495342969905132421087131214584586244838594416	1443877100973414504859480000337893886963264767763307171906	911800622664464753538227640298446908815255533511090522506	198	20773	406363
2674	1219748342955366001993224921087977940412472876674388318400	1219748342955366001993224921087977940412472876674388318400	911800622664464753538227640298446908815255533511090522506	207	20742	410536
2675	1219748342955366001993224921087977940412472876674388318400	397942896889188158150289630504952803059569276015019188878	231798622676210219048681281955546785635020797736056895502	193	20448	404038
2676	622071654907236661016544709754868749610361167103938042384	622071654907236661016544709754868749610361167103938042384	606070236921495979015940647299199204726686164198028479208	185	22079	404503
2677	622071654907236661016544709754868749610361167103938042384	323233310883171990528204604088314154209305312318712904376	156334630098602394919489302819536541940438560382694000400	190	20181	403065
2678	24394966859107320039864498421759558808249457533487766368	24394966859107320039864498421759558808249457533487766368	13036987602045583581835760162030679646907753960717842392	191	26395	409519
2679	24394966859107320039864498421759558808249457533487766368	24394966859107320039864498421759558808249457533487766368	13036987602045583581835760162030679646907753960717842392	213	20033	410806
2680	2343370782894072379208687812459352937056478399133278975691299168	2343370782894072379208687812459352937056478399133278975691299168	440868972034872532278964627377084755278512707626615454263670898	191	22854	422940
2681	2343370782894072379208687812459352937056478399133278975691299168	2343370782894072379208687812459352937056478399133278975691299168	440868972034872532278964627377084755278512707626615454263670898	194	23108	437197
2682	1763445690157660527788355980083048422330380209448780643323250384	1763445690157660527788355980083048422330380209448780643323250384	295163019685849004931688215527322844900720530425023683507108498	222	23079	423236
2683	1763445690157660527788355980083048422330380209448780643323250384	1473483143789454602078190063894896164967331114606531477139225992	294423317025588145739551312425725306292860691719882142792454200	220	22818	408643
2684	1183520597421248676368024147706743907604282019764282310955201600	1183520597421248676368024147706743907604282019764282310955201600	294423317025588145739551312425725306292860691719882142792454200	197	22329	404148
2685	1183520597421248676368024147706743907604282019764282310955201600	313632958316630899237526399142287135515134735237534812403128424	76943858531797668622278495485190435606201796009821033508265400	191	24271	405760
2686	603595504684836824947692315330439392878183830079783978587152816	603595504684836824947692315330439392878183830079783978587152816	221185432851796131234774279533017823213925231338511353853895800	188	22294	409840
2687	603595504684836824947692315330439392878183830079783978587152816	241142321724579417809984920095249071174372461526972520857122326	75464609491299846536021795334166602788164906960258070766131898	195	22285	407402
2688	23670411948424973527360482954134878152085640395285646219104032	23670411948424973527360482954134878152085640395285646219104032	5932774384943911778663668670566564036487844168242963513343804	202	22043	411478
2689	23670411948424973527360482954134878152085640395285646219104032	23670411948424973527360482954134878152085640395285646219104032	5932774384943911778663668670566564036487844168242963513343804	176	22176	411810
2690	23670411948424973527360482954134878152085640395285646219104032	23670411948424973527360482954134878152085640395285646219104032	5932774384943911778663668670566564036487844168242963513343804	215	22070	407254
2691	23670411948424973527360482954134878152085640395285646219104032	23670411948424973527360482954134878152085640395285646219104032	5932774384943911778663668670566564036487844168242963513343804	215	21967	404146
2692	17812582728865257856448040202859074973034143529785663063871216	17812582728865257856448040202859074973034143529785663063871216	5200471053948005606705382288544320069187908142109845782316404	198	21940	403825
2693	17812582728865257856448040202859074973034143529785663063871216	14883668119085400020991818827221173383508395097035671486254808	5192999317604612407306224661127055708640163652602088121050702	184	22013	403502
2694	11954753509305542185535597451583271793982646664285679908638400	11954753509305542185535597451583271793982646664285679908638400	5192999317604612407306224661127055708640163652602088121050702	178	21944	401760
2695	11954753509305542185535597451583271793982646664285679908638400	3168009679965968679166933324669567025405401366035705175789176	1509439344685344949998181560931601009565293633539225505598702	201	21989	406938
2696	6096924289745826514623154700307468614931149798785696753405584	6096924289745826514623154700307468614931149798785696753405584	3713747974365076606804304457834869247392191574031054530868702	213	21586	402631
2697	6096924289745826514623154700307468614931149798785696753405584	2435781027521004220302877980760091628023964257848207281385074	784683191006627210453007108163284040903054922860246259263200	200	23817	408055
2698	239095070186110843710711949031665435879652933285713598172768	239095070186110843710711949031665435879652933285713598172768	89888599571174478136226153075323686147835757274142186781094	193	21429	410089
2699	239095070186110843710711949031665435879652933285713598172768	239095070186110843710711949031665435879652933285713598172768	89888599571174478136226153075323686147835757274142186781094	198	21519	404460
2700	239095070186110843710711949031665435879652933285713598172768	239095070186110843710711949031665435879652933285713598172768	89888599571174478136226153075323686147835757274142186781094	213	21279	426160
2701	239095070186110843710711949031665435879652933285713598172768	239095070186110843710711949031665435879652933285713598172768	89888599571174478136226153075323686147835757274142186781094	213	21494	402569
2702	179925078069346038954020608109687625990243874038239020847184	179925078069346038954020608109687625990243874038239020847184	67548932160151923500809505000448189695565492067436638988094	196	21542	406889
2703	179925078069346038954020608109687625990243874038239020847184	150340082010963636575674937648698721045539344414501732184392	67474222340807676137277617264398291605995246147961235193796	213	21734	407083
2704	120755085952581234197329267187709816100834814790764443521600	120755085952581234197329267187709816100834814790764443521600	67474222340807676137277617264398291605995246147961235193796	198	21699	403090
2705	120755085952581234197329267187709816100834814790764443521600	32000097777434027062292255804743101266721225919552577533224	15397821402820821817543783977618885084992591734452356556000	208	21493	404783
2706	61585093835816429440637926265732006211425755543289866196016	61585093835816429440637926265732006211425755543289866196016	52379813416864657829565672356253204731224665886989743856996	202	21334	417889
2707	61585093835816429440637926265732006211425755543289866196016	24603848762838426467705838189495875030545093513618255367526	15322341853046380498152145980532923619035273040886304582498	206	21246	400592
2708	2415101719051624683946585343754196322016696295815288870432	2415101719051624683946585343754196322016696295815288870432	1134373815753787863684593261798489218152157873694313424608	197	20935	407552
2709	2415101719051624683946585343754196322016696295815288870432	2415101719051624683946585343754196322016696295815288870432	1134373815753787863684593261798489218152157873694313424608	199	20626	398471
2710	2415101719051624683946585343754196322016696295815288870432	2415101719051624683946585343754196322016696295815288870432	1134373815753787863684593261798489218152157873694313424608	195	20844	405419
2711	2415101719051624683946585343754196322016696295815288870432	2415101719051624683946585343754196322016696295815288870432	1134373815753787863684593261798489218152157873694313424608	207	20850	395751
2712	1817425031003495342969905132421087131214584586244838594416	1817425031003495342969905132421087131214584586244838594416	909490417048094363729822531653909764486527844609013011906	189	20792	399210
2713	1817425031003495342969905132421087131214584586244838594416	1518586686979430672481565026754532535813528731459613456408	907203388095487138421459126110551358886511012164113839306	182	20735	396319
2714	1219748342955366001993224921087977940412472876674388318400	1219748342955366001993224921087977940412472876674388318400	907203388095487138421459126110551358886511012164113839306	174	20540	408579
2715	1219748342955366001993224921087977940412472876674388318400	323233310883171990528204604088314154209305312318712904376	158590542236619058857701952953196049475636156886964388898	185	20417	398692
2716	622071654907236661016544709754868749610361167103938042384	622071654907236661016544709754868749610361167103938042384	531360728689437499838664023105982429141475081753182412608	176	20266	399633
2717	622071654907236661016544709754868749610361167103938042384	248523724877155822906119577671675505359041348622406619874	156303594248621221698335711160427414179050042089884402000	182	20645	396872
2718	24394966859107320039864498421759558808249457533487766368	24394966859107320039864498421759558808249457533487766368	12990708016920464384532455733116331705775616477646939090	181	20349	403992
2719	24394966859107320039864498421759558808249457533487766368	24394966859107320039864498421759558808249457533487766368	12990708016920464384532455733116331705775616477646939090	186	19983	395364
2720	2343370782894072379208687812459352937056478399133278975691299168	2343370782894072379208687812459352937056478399133278975691299168	517812904498278489470130056922669989810610547555516363303886502	179	23114	420295
2721	2343370782894072379208687812459352937056478399133278975691299168	2343370782894072379208687812459352937056478399133278975691299168	517812904498278489470130056922669989810610547555516363303886502	175	22677	420846
2722	1763445690157660527788355980083048422330380209448780643323250384	1763445690157660527788355980083048422330380209448780643323250384	517812904498278489470130056922669989810610547555516363303886502	183	22565	420258
2723	1763445690157660527788355980083048422330380209448780643323250384	1400992507197403120650648584847858100626568840895969185593219894	224181743154683424773092272268014904949899959934395943187106102	194	22669	415126
2724	1183520597421248676368024147706743907604282019764282310955201600	1183520597421248676368024147706743907604282019764282310955201600	224181743154683424773092272268014904949899959934395943187106102	198	22594	414328
2725	1183520597421248676368024147706743907604282019764282310955201600	386123594908682380665067878189325199855897008948097103949134522	77721069970821971220169055379590286460061370150517002286449396	172	22341	420529
2726	603595504684836824947692315330439392878183830079783978587152816	603595504684836824947692315330439392878183830079783978587152816	221185507569319851363480735904732734500196722817998511273770196	174	22163	417459
2727	603595504684836824947692315330439392878183830079783978587152816	168651685132527936382443441048211006833610187816410229311116228	76988840563659290834592389759068205880298730575121173677306102	185	21984	413030
2728	23670411948424973527360482954134878152085640395285646219104032	23670411948424973527360482954134878152085640395285646219104032	7449459027084384897335064833117724780009838895205590145047400	183	21842	410560
2729	23670411948424973527360482954134878152085640395285646219104032	23670411948424973527360482954134878152085640395285646219104032	7449459027084384897335064833117724780009838895205590145047400	179	21715	408134
2730	23670411948424973527360482954134878152085640395285646219104032	23670411948424973527360482954134878152085640395285646219104032	7449459027084384897335064833117724780009838895205590145047400	181	22032	412644
2731	23670411948424973527360482954134878152085640395285646219104032	23670411948424973527360482954134878152085640395285646219104032	7449459027084384897335064833117724780009838895205590145047400	194	28662	407590
2732	17812582728865257856448040202859074973034143529785663063871216	17812582728865257856448040202859074973034143529785663063871216	7449459027084384897335064833117724780009838895205590145047400	206	21788	411467
2733	17812582728865257856448040202859074973034143529785663063871216	14151439466640435562127763483311697986126957988848173591850706	3743863561109002316793426115597678477606710542498711462238000	183	22172	433786
2734	11954753509305542185535597451583271793982646664285679908638400	11954753509305542185535597451583271793982646664285679908638400	3743863561109002316793426115597678477606710542498711462238000	207	21964	415181
2735	11954753509305542185535597451583271793982646664285679908638400	3900238332410933138030988668579042422786838474223203070193278	1517289965281550026744550852794225765664885291526053473055106	201	21734	416882
2736	6096924289745826514623154700307468614931149798785696753405584	6096924289745826514623154700307468614931149798785696753405584	3713597022888161013673218177847320455228336838224986415204106	186	21771	411742
2737	6096924289745826514623154700307468614931149798785696753405584	1703552375076039761438822636850616230642527149660709386980972	800080219027725036470312181019133603829593128800051763190196	173	21621	416766
2738	239095070186110843710711949031665435879652933285713598172768	239095070186110843710711949031665435879652933285713598172768	90266721556712739272753685043107976284951996674322521362392	188	21414	406628
2739	239095070186110843710711949031665435879652933285713598172768	239095070186110843710711949031665435879652933285713598172768	90266721556712739272753685043107976284951996674322521362392	229	21314	416301
2740	239095070186110843710711949031665435879652933285713598172768	239095070186110843710711949031665435879652933285713598172768	90266721556712739272753685043107976284951996674322521362392	206	21309	406267
2741	239095070186110843710711949031665435879652933285713598172768	239095070186110843710711949031665435879652933285713598172768	90266721556712739272753685043107976284951996674322521362392	183	21239	407683
2742	179925078069346038954020608109687625990243874038239020847184	179925078069346038954020608109687625990243874038239020847184	90190510465917958312991361254444446235500299397850210788098	180	21381	409647
2743	179925078069346038954020608109687625990243874038239020847184	142943832996368035981088520033451494809363212008567410018694	52835709762478496613454759064201811196221837926394627597498	182	21542	422765
2744	120755085952581234197329267187709816100834814790764443521600	120755085952581234197329267187709816100834814790764443521600	52835709762478496613454759064201811196221837926394627597498	196	21187	407315
2745	120755085952581234197329267187709816100834814790764443521600	39396346792029627656878673419990327502897358325486899698922	22722410280065802884935416128320213768144670704177286539992	173	21621	405289
2746	61585093835816429440637926265732006211425755543289866196016	61585093835816429440637926265732006211425755543289866196016	52378288654471571030261770538197156325529163505110267941192	173	21107	414836
2747	61585093835816429440637926265732006211425755543289866196016	17207599748242825873119420574248648794368961107683933201828	8308034080825022203402111403561448218852415200624448644106	186	21174	405205
2748	2415101719051624683946585343754196322016696295815288870432	2415101719051624683946585343754196322016696295815288870432	1137423108813248216078354625673564972638191129490081822510	182	26736	407571
2749	2415101719051624683946585343754196322016696295815288870432	2415101719051624683946585343754196322016696295815288870432	1137423108813248216078354625673564972638191129490081822510	184	20740	402889
2750	2415101719051624683946585343754196322016696295815288870432	2415101719051624683946585343754196322016696295815288870432	1137423108813248216078354625673564972638191129490081822510	197	21158	409323
2751	2415101719051624683946585343754196322016696295815288870432	2415101719051624683946585343754196322016696295815288870432	1137423108813248216078354625673564972638191129490081822510	195	20731	407843
2752	1817425031003495342969905132421087131214584586244838594416	1817425031003495342969905132421087131214584586244838594416	1062721379604351262210462176915447506186489241159221256804	206	22696	407546
2753	1817425031003495342969905132421087131214584586244838594416	1443877100973414504859480000337893886963264767763307171906	684637894651945558228811714304868307041179485400947997204	193	20793	403625
2754	1219748342955366001993224921087977940412472876674388318400	1219748342955366001993224921087977940412472876674388318400	684637894651945558228811714304868307041179485400947997204	194	20514	404216
2755	1219748342955366001993224921087977940412472876674388318400	397942896889188158150289630504952803059569276015019188878	231806246119225959400101929378708952397453424178415586106	195	20462	407518
2756	622071654907236661016544709754868749610361167103938042384	622071654907236661016544709754868749610361167103938042384	530598389157482855592364940379607370217842518564075454706	182	20329	415970
2757	622071654907236661016544709754868749610361167103938042384	173814138871139655284034551255036856508777384926100335372	86198708317261099097623962029502941503174985206307110992	206	20138	404865
2758	24394966859107320039864498421759558808249457533487766368	24394966859107320039864498421759558808249457533487766368	13013807747874472085755857480207343599779198051420212188	193	20063	398805
2759	24394966859107320039864498421759558808249457533487766368	24394966859107320039864498421759558808249457533487766368	13013807747874472085755857480207343599779198051420212188	195	19906	409331
2760	2343370782894072379208687812459352937056478399133278975691299168	2343370782894072379208687812459352937056478399133278975691299168	442363390940822162687503335433123346180413577503837644547683600	216	22901	417471
2761	2343370782894072379208687812459352937056478399133278975691299168	2343370782894072379208687812459352937056478399133278975691299168	442363390940822162687503335433123346180413577503837644547683600	191	22574	423315
2762	1763445690157660527788355980083048422330380209448780643323250384	1763445690157660527788355980083048422330380209448780643323250384	368393354348858205661201644094413331713849860687839354155149298	181	22683	411893
2763	1763445690157660527788355980083048422330380209448780643323250384	1400992507197403120650648584847858100626568840895969185593219894	368393354348858205661201644094413331713849860687839354155149298	200	22691	411667
2764	1183520597421248676368024147706743907604282019764282310955201600	1183520597421248676368024147706743907604282019764282310955201600	368393354348858205661201644094413331713849860687839354155149298	201	22422	419309
2765	1183520597421248676368024147706743907604282019764282310955201600	313632958316630899237526399142287135515134735237534812403128424	76958953672261806303172825869594865817332107826762671793962498	223	22360	412662
2766	603595504684836824947692315330439392878183830079783978587152816	603595504684836824947692315330439392878183830079783978587152816	224136761877386303477463787352936259081596536583671354598907000	212	22127	410156
2767	603595504684836824947692315330439392878183830079783978587152816	241142321724579417809984920095249071174372461526972520857122326	76211781585474291585735435047991734358073888464984911284947000	207	21909	413874
2768	23670411948424973527360482954134878152085640395285646219104032	23670411948424973527360482954134878152085640395285646219104032	6687341958403299975394714480062857338242079924129925028480102	214	21932	406418
2769	23670411948424973527360482954134878152085640395285646219104032	23670411948424973527360482954134878152085640395285646219104032	6687341958403299975394714480062857338242079924129925028480102	215	21807	408462
2770	23670411948424973527360482954134878152085640395285646219104032	23670411948424973527360482954134878152085640395285646219104032	6687341958403299975394714480062857338242079924129925028480102	207	22081	411794
2771	23670411948424973527360482954134878152085640395285646219104032	23670411948424973527360482954134878152085640395285646219104032	6687341958403299975394714480062857338242079924129925028480102	201	21959	427612
2772	17812582728865257856448040202859074973034143529785663063871216	17812582728865257856448040202859074973034143529785663063871216	5932623448786894735975294867912590661928278343796982066484604	215	28503	408235
2773	17812582728865257856448040202859074973034143529785663063871216	14151439466640435562127763483311697986126957988848173591850706	5932623448786894735975294867912590661928278343796982066484604	215	22005	408963
2774	11954753509305542185535597451583271793982646664285679908638400	11954753509305542185535597451583271793982646664285679908638400	5932623448786894735975294867912590661928278343796982066484604	214	21821	410351
2775	11954753509305542185535597451583271793982646664285679908638400	3168009679965968679166933324669567025405401366035705175789176	1509591820851649371017316211279120506647417995326514781211804	232	21677	407619
2776	6096924289745826514623154700307468614931149798785696753405584	6096924289745826514623154700307468614931149798785696753405584	2996236348176139241464699660605801246690493033275087334797102	211	21462	411066
2777	6096924289745826514623154700307468614931149798785696753405584	2435781027521004220302877980760091628023964257848207281385074	792154141826650264277947211262127828310005576306659329419098	195	21430	406678
2778	239095070186110843710711949031665435879652933285713598172768	239095070186110843710711949031665435879652933285713598172768	82493113057214450784498744203193180718362230498214295889694	209	21355	405188
2779	239095070186110843710711949031665435879652933285713598172768	239095070186110843710711949031665435879652933285713598172768	82493113057214450784498744203193180718362230498214295889694	201	21424	403869
2780	239095070186110843710711949031665435879652933285713598172768	239095070186110843710711949031665435879652933285713598172768	82493113057214450784498744203193180718362230498214295889694	206	21190	421539
2781	239095070186110843710711949031665435879652933285713598172768	239095070186110843710711949031665435879652933285713598172768	82493113057214450784498744203193180718362230498214295889694	197	21281	405188
2782	179925078069346038954020608109687625990243874038239020847184	179925078069346038954020608109687625990243874038239020847184	82493113057214450784498744203193180718362230498214295889694	193	21339	408120
2783	179925078069346038954020608109687625990243874038239020847184	142943832996368035981088520033451494809363212008567410018694	82493113057214450784498744203193180718362230498214295889694	200	21426	406462
2784	120755085952581234197329267187709816100834814790764443521600	120755085952581234197329267187709816100834814790764443521600	82493113057214450784498744203193180718362230498214295889694	201	21156	423528
2785	120755085952581234197329267187709816100834814790764443521600	32000097777434027062292255804743101266721225919552577533224	15474810237986558803232085764119884299537458151745179891898	212	21404	408040
2786	61585093835816429440637926265732006211425755543289866196016	61585093835816429440637926265732006211425755543289866196016	37661262632536401013421767722376531758302324661238234638396	205	21355	405171
2787	61585093835816429440637926265732006211425755543289866196016	24603848762838426467705838189495875030545093513618255367526	15397806002743583062040429850218214400923663479738961856800	213	20816	402737
2788	2415101719051624683946585343754196322016696295815288870432	2415101719051624683946585343754196322016696295815288870432	1058901810838518029328304718199678148733243996398079545008	211	20699	411149
2789	2415101719051624683946585343754196322016696295815288870432	2415101719051624683946585343754196322016696295815288870432	1058901810838518029328304718199678148733243996398079545008	213	20591	435590
2790	2415101719051624683946585343754196322016696295815288870432	2415101719051624683946585343754196322016696295815288870432	1058901810838518029328304718199678148733243996398079545008	213	20776	401315
2791	2415101719051624683946585343754196322016696295815288870432	2415101719051624683946585343754196322016696295815288870432	1058901810838518029328304718199678148733243996398079545008	209	20597	400955
2792	1817425031003495342969905132421087131214584586244838594416	1817425031003495342969905132421087131214584586244838594416	1058901810838518029328304718199678148733243996398079545008	206	20665	409655
2793	1817425031003495342969905132421087131214584586244838594416	1443877100973414504859480000337893886963264767763307171906	1058901810838518029328304718199678148733243996398079545008	214	20889	399919
2794	1219748342955366001993224921087977940412472876674388318400	1219748342955366001993224921087977940412472876674388318400	1058901810838518029328304718199678148733243996398079545008	207	26650	399551
2795	1219748342955366001993224921087977940412472876674388318400	323233310883171990528204604088314154209305312318712904376	231020800531132923210287912922900106421349399572520222804	195	20247	399219
2796	622071654907236661016544709754868749610361167103938042384	622071654907236661016544709754868749610361167103938042384	455126380274060622303112983208320787823014717850227846506	212	20535	401329
2797	622071654907236661016544709754868749610361167103938042384	248523724877155822906119577671675505359041348622406619874	157835977751978713244833122336715026577006065388553217498	200	20233	405915
2798	24394966859107320039864498421759558808249457533487766368	24394966859107320039864498421759558808249457533487766368	13021664521345583449381092591702757200371987003170657890	214	20079	409412
2799	24394966859107320039864498421759558808249457533487766368	24394966859107320039864498421759558808249457533487766368	13021664521345583449381092591702757200371987003170657890	206	20123	395764
2800	140123703681494690747669787798807442387808	140123703681494690747669787798807442387808	140123703681494690747669787798807442387808	199	23542	417886
2801	140123703681494690747669787798807442387808	140123703681494690747669787798807442387808	140123703681494690747669787798807442387808	200	23133	426924
2802	106936510704298579781116417004353048138064	106936510704298579781116417004353048138064	11523330894859760752275475970296664670050	214	22784	413261
2803	106936510704298579781116417004353048138064	106936510704298579781116417004353048138064	11523330894859760752275475970296664670050	204	22712	418471
2804	73749317727102468814563046209898653888320	73749317727102468814563046209898653888320	11523330894859760752275475970296664670050	213	22595	409860
2805	73749317727102468814563046209898653888320	73749317727102468814563046209898653888320	11523330894859760752275475970296664670050	202	22483	419736
2806	40562124749906357848009675415444259638576	40562124749906357848009675415444259638576	11523330894859760752275475970296664670050	204	22321	412519
2807	40562124749906357848009675415444259638576	40562124749906357848009675415444259638576	11523330894859760752275475970296664670050	194	22366	417473
2808	7374931772710246881456304620989865388832	7374931772710246881456304620989865388832	824827895632067085426034069452813892172	189	22359	415988
2809	7374931772710246881456304620989865388832	7374931772710246881456304620989865388832	824827895632067085426034069452813892172	204	22094	414191
2810	7374931772710246881456304620989865388832	7374931772710246881456304620989865388832	824827895632067085426034069452813892172	183	22246	407430
2811	7374931772710246881456304620989865388832	7374931772710246881456304620989865388832	824827895632067085426034069452813892172	195	22172	409174
2812	5628237405489398935848232473913318323056	5628237405489398935848232473913318323056	824827895632067085426034069452813892172	195	21962	410103
2813	5628237405489398935848232473913318323056	5628237405489398935848232473913318323056	824827895632067085426034069452813892172	193	21956	418316
2814	3881543038268550990240160326836771257280	3881543038268550990240160326836771257280	824827895632067085426034069452813892172	206	21667	408702
2815	3881543038268550990240160326836771257280	3881543038268550990240160326836771257280	824827895632067085426034069452813892172	193	21802	407582
2816	2134848671047703044632088179760224191504	2134848671047703044632088179760224191504	824827895632067085426034069452813892172	195	21788	447690
2817	2134848671047703044632088179760224191504	2134848671047703044632088179760224191504	824827895632067085426034069452813892172	192	21533	419460
2818	388154303826855099024016032683677125728	388154303826855099024016032683677125728	54903404817614372559318057254599067126	204	21344	409799
2819	388154303826855099024016032683677125728	388154303826855099024016032683677125728	54903404817614372559318057254599067126	194	21336	408656
2820	388154303826855099024016032683677125728	388154303826855099024016032683677125728	54903404817614372559318057254599067126	194	21318	405937
2821	388154303826855099024016032683677125728	388154303826855099024016032683677125728	54903404817614372559318057254599067126	201	21360	415633
2822	296223021341547312413064867048069385424	296223021341547312413064867048069385424	54903404817614372559318057254599067126	202	21240	411868
2823	296223021341547312413064867048069385424	296223021341547312413064867048069385424	54903404817614372559318057254599067126	206	21212	415195
2824	204291738856239525802113701412461645120	204291738856239525802113701412461645120	54903404817614372559318057254599067126	193	21122	413097
2825	204291738856239525802113701412461645120	204291738856239525802113701412461645120	54903404817614372559318057254599067126	205	21120	419517
2826	112360456370931739191162535776853904816	112360456370931739191162535776853904816	54903404817614372559318057254599067126	195	21101	402202
2827	112360456370931739191162535776853904816	112360456370931739191162535776853904816	54903404817614372559318057254599067126	194	20912	408172
2828	20429173885623952580211370141246164512	20429173885623952580211370141246164512	3494463954119886625562471208371054456	194	20837	411221
2829	20429173885623952580211370141246164512	20429173885623952580211370141246164512	3494463954119886625562471208371054456	211	20687	403413
2830	20429173885623952580211370141246164512	20429173885623952580211370141246164512	3494463954119886625562471208371054456	193	20838	405883
2831	20429173885623952580211370141246164512	20429173885623952580211370141246164512	3494463954119886625562471208371054456	194	20953	411060
2832	15590685333765648021740256160424704496	15590685333765648021740256160424704496	3494463954119886625562471208371054456	174	20407	416045
2833	15590685333765648021740256160424704496	15590685333765648021740256160424704496	3494463954119886625562471208371054456	205	20518	401401
2834	10752196781907343463269142179603244480	10752196781907343463269142179603244480	3494463954119886625562471208371054456	175	20634	414757
2835	10752196781907343463269142179603244480	10752196781907343463269142179603244480	3494463954119886625562471208371054456	184	20597	401953
2836	5913708230049038904798028198781784464	5913708230049038904798028198781784464	3494463954119886625562471208371054456	194	20285	409334
2837	5913708230049038904798028198781784464	5913708230049038904798028198781784464	3494463954119886625562471208371054456	206	20104	400980
2838	1075219678190734346326914217960324448	1075219678190734346326914217960324448	215751317005377615545861076630196682	202	20045	399201
2839	1075219678190734346326914217960324448	1075219678190734346326914217960324448	215751317005377615545861076630196682	195	20208	410541
2840	140123703681494690747669787798807442387808	140123703681494690747669787798807442387808	140123703681494690747669787798807442387808	194	23101	424957
2841	140123703681494690747669787798807442387808	140123703681494690747669787798807442387808	140123703681494690747669787798807442387808	206	22467	419484
2842	106936510704298579781116417004353048138064	106936510704298579781116417004353048138064	11523330894859760752275475970296664670050	195	22402	420907
2843	106936510704298579781116417004353048138064	106936510704298579781116417004353048138064	11523330894859760752275475970296664670050	195	22370	420563
2844	73749317727102468814563046209898653888320	73749317727102468814563046209898653888320	11523330894859760752275475970296664670050	206	23934	420254
2845	73749317727102468814563046209898653888320	73749317727102468814563046209898653888320	11523330894859760752275475970296664670050	205	21919	408528
2846	40562124749906357848009675415444259638576	40562124749906357848009675415444259638576	11523330894859760752275475970296664670050	202	22606	431927
2847	40562124749906357848009675415444259638576	40562124749906357848009675415444259638576	11523330894859760752275475970296664670050	219	21954	409621
2848	7374931772710246881456304620989865388832	7374931772710246881456304620989865388832	824827895632067085426034069452813892172	194	21688	419661
2849	7374931772710246881456304620989865388832	7374931772710246881456304620989865388832	824827895632067085426034069452813892172	207	21646	409279
2850	7374931772710246881456304620989865388832	7374931772710246881456304620989865388832	824827895632067085426034069452813892172	202	21656	415607
2851	7374931772710246881456304620989865388832	7374931772710246881456304620989865388832	824827895632067085426034069452813892172	184	21808	418848
2852	5628237405489398935848232473913318323056	5628237405489398935848232473913318323056	824827895632067085426034069452813892172	206	21671	426324
2853	5628237405489398935848232473913318323056	5628237405489398935848232473913318323056	824827895632067085426034069452813892172	191	33915	409740
2854	3881543038268550990240160326836771257280	3881543038268550990240160326836771257280	824827895632067085426034069452813892172	194	21490	408107
2855	3881543038268550990240160326836771257280	3881543038268550990240160326836771257280	824827895632067085426034069452813892172	182	22787	408649
2856	2134848671047703044632088179760224191504	2134848671047703044632088179760224191504	824827895632067085426034069452813892172	195	21266	412641
2857	2134848671047703044632088179760224191504	2134848671047703044632088179760224191504	824827895632067085426034069452813892172	197	21168	416871
2858	388154303826855099024016032683677125728	388154303826855099024016032683677125728	54903404817614372559318057254599067126	206	22162	416706
2859	388154303826855099024016032683677125728	388154303826855099024016032683677125728	54903404817614372559318057254599067126	194	20995	416319
2860	388154303826855099024016032683677125728	388154303826855099024016032683677125728	54903404817614372559318057254599067126	206	20975	403827
2861	388154303826855099024016032683677125728	388154303826855099024016032683677125728	54903404817614372559318057254599067126	199	21518	418748
2862	296223021341547312413064867048069385424	296223021341547312413064867048069385424	54903404817614372559318057254599067126	222	22058	434961
2863	296223021341547312413064867048069385424	296223021341547312413064867048069385424	54903404817614372559318057254599067126	196	22158	442960
2864	204291738856239525802113701412461645120	204291738856239525802113701412461645120	54903404817614372559318057254599067126	219	21892	409965
2865	204291738856239525802113701412461645120	204291738856239525802113701412461645120	54903404817614372559318057254599067126	194	20615	405995
2866	112360456370931739191162535776853904816	112360456370931739191162535776853904816	54903404817614372559318057254599067126	190	20363	406317
2867	112360456370931739191162535776853904816	112360456370931739191162535776853904816	54903404817614372559318057254599067126	195	20382	410776
2868	20429173885623952580211370141246164512	20429173885623952580211370141246164512	3494463954119886625562471208371054456	192	20154	405684
2869	20429173885623952580211370141246164512	20429173885623952580211370141246164512	3494463954119886625562471208371054456	196	20229	403404
2870	20429173885623952580211370141246164512	20429173885623952580211370141246164512	3494463954119886625562471208371054456	178	20441	410454
2871	20429173885623952580211370141246164512	20429173885623952580211370141246164512	3494463954119886625562471208371054456	195	20203	424691
2872	15590685333765648021740256160424704496	15590685333765648021740256160424704496	3494463954119886625562471208371054456	207	20029	403143
2873	15590685333765648021740256160424704496	15590685333765648021740256160424704496	3494463954119886625562471208371054456	193	21332	403386
2874	10752196781907343463269142179603244480	10752196781907343463269142179603244480	3494463954119886625562471208371054456	195	20091	403112
2875	10752196781907343463269142179603244480	10752196781907343463269142179603244480	3494463954119886625562471208371054456	195	20054	411410
2876	5913708230049038904798028198781784464	5913708230049038904798028198781784464	3494463954119886625562471208371054456	212	19935	399428
2877	5913708230049038904798028198781784464	5913708230049038904798028198781784464	3494463954119886625562471208371054456	194	20172	405736
2878	1075219678190734346326914217960324448	1075219678190734346326914217960324448	215751317005377615545861076630196682	195	19603	398880
2879	1075219678190734346326914217960324448	1075219678190734346326914217960324448	215751317005377615545861076630196682	183	19661	407615
2880	140123703681494690747669787798807442387808	140123703681494690747669787798807442387808	22622793853515007808334323219506282874894	194	23328	424748
2881	140123703681494690747669787798807442387808	140123703681494690747669787798807442387808	22622793853515007808334323219506282874894	205	23102	414142
2882	106936510704298579781116417004353048138064	106936510704298579781116417004353048138064	18233073170290507138535955611704127111924	205	22932	404723
2883	106936510704298579781116417004353048138064	90342914215700524297839731607125851013192	18233073170290507138535955611704127111924	180	22899	404225
2884	73749317727102468814563046209898653888320	73749317727102468814563046209898653888320	18233073170290507138535955611704127111924	181	22718	410969
2885	73749317727102468814563046209898653888320	32265326505607330106371332716830661076140	5339072482860830071257819939807129958844	205	22556	428240
2886	40562124749906357848009675415444259638576	40562124749906357848009675415444259638576	14095527037241604437575894811403931108934	218	22577	403201
2887	40562124749906357848009675415444259638576	15671730017009274623094647319603463951268	5108034552164803720215800592028069129214	192	22422	400355
2888	7374931772710246881456304620989865388832	7374931772710246881456304620989865388832	1868666569040461126694413437062937762368	203	22188	412864
2889	7374931772710246881456304620989865388832	7374931772710246881456304620989865388832	1868666569040461126694413437062937762368	202	22109	406655
2890	7374931772710246881456304620989865388832	7374931772710246881456304620989865388832	1868666569040461126694413437062937762368	178	22091	398534
2891	7374931772710246881456304620989865388832	7374931772710246881456304620989865388832	1868666569040461126694413437062937762368	194	22052	405504
2892	5628237405489398935848232473913318323056	5628237405489398935848232473913318323056	1431992874890456831917371745098964882058	210	22183	411268
2893	5628237405489398935848232473913318323056	4754890221878974963044196400375044790168	1431992874890456831917371745098964882058	203	22327	408960
2894	3881543038268550990240160326836771257280	3881543038268550990240160326836771257280	1431992874890456831917371745098964882058	184	21850	399617
2895	3881543038268550990240160326836771257280	1698175079242491058230070142991087425060	499340610790018102214578488900733117898	194	22273	402495
2896	2134848671047703044632088179760224191504	2134848671047703044632088179760224191504	1419863052394492528233443520847024511528	201	21761	402224
2897	2134848671047703044632088179760224191504	824827895632067085426034069452813892172	293704841949472142249291741810829692804	192	21540	399468
2898	388154303826855099024016032683677125728	388154303826855099024016032683677125728	122612465235927035304025430191288435490	196	21488	404666
2899	388154303826855099024016032683677125728	388154303826855099024016032683677125728	122612465235927035304025430191288435490	195	21431	396422
2900	388154303826855099024016032683677125728	388154303826855099024016032683677125728	122612465235927035304025430191288435490	194	21371	405954
2901	388154303826855099024016032683677125728	388154303826855099024016032683677125728	122612465235927035304025430191288435490	211	21244	396225
2902	296223021341547312413064867048069385424	296223021341547312413064867048069385424	99627700063546229525838190080500336960	208	21306	400655
2903	296223021341547312413064867048069385424	250257380098893419107589284230265515272	99627700063546229525838190080500336960	193	21538	394990
2904	204291738856239525802113701412461645120	204291738856239525802113701412461645120	99627700063546229525838190080500336960	186	21160	404060
2905	204291738856239525802113701412461645120	89377635749604792538424744367951969740	28159182308419636754384366026804809764	191	21009	392880
2906	112360456370931739191162535776853904816	112360456370931739191162535776853904816	86221044647215711654444870485873310250	201	20892	395240
2907	112360456370931739191162535776853904816	43411994506950899232949161550148099588	26915959270619169722636526923713637324	200	20881	397530
2908	20429173885623952580211370141246164512	20429173885623952580211370141246164512	8439157959941025814874960296325451092	195	20744	408867
2909	20429173885623952580211370141246164512	20429173885623952580211370141246164512	8439157959941025814874960296325451092	209	20634	398385
2910	20429173885623952580211370141246164512	20429173885623952580211370141246164512	8439157959941025814874960296325451092	190	20783	394090
2911	20429173885623952580211370141246164512	20429173885623952580211370141246164512	8439157959941025814874960296325451092	182	20784	394529
2912	15590685333765648021740256160424704496	15590685333765648021740256160424704496	6557709676814596881630371330895259022	194	20665	398468
2913	15590685333765648021740256160424704496	13171441057836495742504699170013974488	6557709676814596881630371330895259022	209	20588	401779
2914	10752196781907343463269142179603244480	10752196781907343463269142179603244480	6557709676814596881630371330895259022	211	20468	413505
2915	10752196781907343463269142179603244480	4704086092084462765180249703576419460	2086873295741216320039645354276619858	209	20420	392780
2916	5913708230049038904798028198781784464	5913708230049038904798028198781784464	5142760787256799209516514010017067252	174	20424	391715
2917	5913708230049038904798028198781784464	2284841816155310485944692713165689452	1483830666644614715957334848065898654	181	25668	403021
2918	1075219678190734346326914217960324448	1075219678190734346326914217960324448	543013446838876694186561526977124206	211	20351	390910
2919	1075219678190734346326914217960324448	1075219678190734346326914217960324448	543013446838876694186561526977124206	193	20064	407904
2920	140123703681494690747669787798807442387808	140123703681494690747669787798807442387808	23096530515729337719284506283546172941480	199	23573	427676
2921	140123703681494690747669787798807442387808	140123703681494690747669787798807442387808	23096530515729337719284506283546172941480	214	23184	419545
2922	106936510704298579781116417004353048138064	106936510704298579781116417004353048138064	19166533799127880827691308961846030104698	206	22991	418439
2923	106936510704298579781116417004353048138064	86194515093551010427020560257819051731974	18474459988343580454062163790374952584298	208	23053	412872
2924	73749317727102468814563046209898653888320	73749317727102468814563046209898653888320	18474459988343580454062163790374952584298	188	22782	418497
2925	73749317727102468814563046209898653888320	23968528261308302364732990018217062513704	5364005991398426382360461153703966278138	209	22835	415039
2926	40562124749906357848009675415444259638576	40562124749906357848009675415444259638576	18474459988343580454062163790374952584298	195	22648	418907
2927	40562124749906357848009675415444259638576	19820129139158788493913818668910263232486	5120739121536018105243495759326533627760	195	22512	408155
2928	7374931772710246881456304620989865388832	7374931772710246881456304620989865388832	2136263718724613358012605527849696213382	194	22345	417311
2929	7374931772710246881456304620989865388832	7374931772710246881456304620989865388832	2136263718724613358012605527849696213382	206	22244	408704
2930	7374931772710246881456304620989865388832	7374931772710246881456304620989865388832	2136263718724613358012605527849696213382	194	22170	409564
2931	7374931772710246881456304620989865388832	7374931772710246881456304620989865388832	2136263718724613358012605527849696213382	194	22062	408394
2932	5628237405489398935848232473913318323056	5628237405489398935848232473913318323056	1894203130261045498767691620199254329684	191	22088	422672
2933	5628237405489398935848232473913318323056	4536553425976368969843187381990476406946	1894203130261045498767691620199254329684	203	22457	408631
2934	3881543038268550990240160326836771257280	3881543038268550990240160326836771257280	1894203130261045498767691620199254329684	207	21959	408260
2935	3881543038268550990240160326836771257280	1261501487437279071828052106221950658616	487147128856991426006738360487698086724	182	22132	416584
2936	2134848671047703044632088179760224191504	2134848671047703044632088179760224191504	1444189907940312984383460356378618692982	195	21834	411273
2937	2134848671047703044632088179760224191504	1043164691534673078627043087837382275394	487147128856991426006738360487698086724	213	21788	408011
2938	388154303826855099024016032683677125728	388154303826855099024016032683677125728	148150716000491171641555081603264512974	209	21520	404279
2939	388154303826855099024016032683677125728	388154303826855099024016032683677125728	148150716000491171641555081603264512974	194	21493	409017
2940	388154303826855099024016032683677125728	388154303826855099024016032683677125728	148150716000491171641555081603264512974	195	21482	409938
2941	388154303826855099024016032683677125728	388154303826855099024016032683677125728	148150716000491171641555081603264512974	211	21432	406236
2942	296223021341547312413064867048069385424	296223021341547312413064867048069385424	148150716000491171641555081603264512974	195	21489	409268
2943	296223021341547312413064867048069385424	238765969788229945781220388525814547734	148150716000491171641555081603264512974	210	21449	405869
2944	204291738856239525802113701412461645120	204291738856239525802113701412461645120	148150716000491171641555081603264512974	194	21396	410771
2945	204291738856239525802113701412461645120	66394815128277845885686952959050034664	28900448651035016896540022787986966138	212	29734	402776
2946	112360456370931739191162535776853904816	112360456370931739191162535776853904816	87501405465416788293919440777009846116	195	21061	404652
2947	112360456370931739191162535776853904816	54903404817614372559318057254599067126	28229920705152557452648294511946960920	181	21089	412006
2948	20429173885623952580211370141246164512	20429173885623952580211370141246164512	9182187609230398651120156237913132528	211	20675	405863
2949	20429173885623952580211370141246164512	20429173885623952580211370141246164512	9182187609230398651120156237913132528	201	20597	403493
2950	20429173885623952580211370141246164512	20429173885623952580211370141246164512	9182187609230398651120156237913132528	196	20699	400757
2951	20429173885623952580211370141246164512	20429173885623952580211370141246164512	9182187609230398651120156237913132528	194	20690	408784
2952	15590685333765648021740256160424704496	15590685333765648021740256160424704496	9182187609230398651120156237913132528	211	20650	404605
2953	15590685333765648021740256160424704496	12566629988854207672695809922411291986	9145055000497905346109330833181619728	220	20741	425879
2954	10752196781907343463269142179603244480	10752196781907343463269142179603244480	8402217174271297103574946174090288448	209	20617	403775
2955	10752196781907343463269142179603244480	3494463954119886625562471208371054456	1620011932979787141394939386073133738	194	20592	413619
2956	5913708230049038904798028198781784464	5913708230049038904798028198781784464	5210148198741066401067807183234779666	209	20454	402900
2957	5913708230049038904798028198781784464	2889652885137598555753581960768371954	1620011932979787141394939386073133738	187	20372	403700
2958	1075219678190734346326914217960324448	1075219678190734346326914217960324448	620918472898895697627358582503925970	183	20297	399801
2959	1075219678190734346326914217960324448	1075219678190734346326914217960324448	620918472898895697627358582503925970	196	20346	406116
2960	140123703681494690747669787798807442387808	140123703681494690747669787798807442387808	27005558945170803733720156145745919738280	210	23148	416164
2961	140123703681494690747669787798807442387808	140123703681494690747669787798807442387808	27005558945170803733720156145745919738280	174	23049	428301
2962	106936510704298579781116417004353048138064	106936510704298579781116417004353048138064	27005558945170803733720156145745919738280	206	23486	436975
2963	106936510704298579781116417004353048138064	86194515093551010427020560257819051731974	18235093111500416535294367981922870148698	217	23535	440158
2964	73749317727102468814563046209898653888320	73749317727102468814563046209898653888320	18235093111500416535294367981922870148698	216	23278	423591
2965	73749317727102468814563046209898653888320	28116927383457816235552161367523861794922	5569744329790082488383390093819742425338	200	23337	422729
2966	40562124749906357848009675415444259638576	40562124749906357848009675415444259638576	13623808023389729883849306725556514779458	198	23171	422828
2967	40562124749906357848009675415444259638576	15671730017009274623094647319603463951268	5108140864860062109518874927302739815360	200	22999	428811
2968	7374931772710246881456304620989865388832	7374931772710246881456304620989865388832	2148428723350354951346445877403785453022	216	22953	423180
2969	7374931772710246881456304620989865388832	7374931772710246881456304620989865388832	2148428723350354951346445877403785453022	201	22677	419572
2970	7374931772710246881456304620989865388832	7374931772710246881456304620989865388832	2148428723350354951346445877403785453022	200	22906	419368
2971	7374931772710246881456304620989865388832	7374931772710246881456304620989865388832	2148428723350354951346445877403785453022	199	22729	436114
2972	5628237405489398935848232473913318323056	5628237405489398935848232473913318323056	2148428723350354951346445877403785453022	217	22661	435186
2973	5628237405489398935848232473913318323056	4536553425976368969843187381990476406946	1469735310327351356563465742103960246164	200	22995	424444
2974	3881543038268550990240160326836771257280	3881543038268550990240160326836771257280	1469735310327351356563465742103960246164	199	22697	421583
2975	3881543038268550990240160326836771257280	1479838283339885065029061124606519041838	511481234312610334694871654901396931924	200	22767	427384
2976	2134848671047703044632088179760224191504	2134848671047703044632088179760224191504	1191345647639486581223639411126583990164	200	28466	419715
2977	2134848671047703044632088179760224191504	824827895632067085426034069452813892172	295691285919835011967507215337408396178	197	22204	419489
2978	388154303826855099024016032683677125728	388154303826855099024016032683677125728	138641638839603096669677988739557634436	200	22063	416961
2979	388154303826855099024016032683677125728	388154303826855099024016032683677125728	138641638839603096669677988739557634436	200	22114	415732
2980	388154303826855099024016032683677125728	388154303826855099024016032683677125728	138641638839603096669677988739557634436	188	22174	425500
2981	388154303826855099024016032683677125728	388154303826855099024016032683677125728	138641638839603096669677988739557634436	213	23942	426681
2982	296223021341547312413064867048069385424	296223021341547312413064867048069385424	138641638839603096669677988739557634436	203	21800	420092
2983	296223021341547312413064867048069385424	238765969788229945781220388525814547734	111161641950347363843873931699278142974	201	22084	421892
2984	204291738856239525802113701412461645120	204291738856239525802113701412461645120	111161641950347363843873931699278142974	199	21854	427736
2985	204291738856239525802113701412461645120	77886225438941319212055848663501002202	28934146724790533775581131789521839378	215	21814	417474
2986	112360456370931739191162535776853904816	112360456370931739191162535776853904816	86926677428158305386747585713275019694	200	21524	420110
2987	112360456370931739191162535776853904816	43411994506950899232949161550148099588	18687816325947075995035939935379810262	190	21598	412962
2988	20429173885623952580211370141246164512	20429173885623952580211370141246164512	9212070077393449730575689752583579008	201	21372	492951
2989	20429173885623952580211370141246164512	20429173885623952580211370141246164512	9212070077393449730575689752583579008	214	23828	425298
2990	20429173885623952580211370141246164512	20429173885623952580211370141246164512	9212070077393449730575689752583579008	188	21393	419008
2991	20429173885623952580211370141246164512	20429173885623952580211370141246164512	9212070077393449730575689752583579008	206	21337	415653
2992	15590685333765648021740256160424704496	15590685333765648021740256160424704496	9210487776252539881360194183535054106	201	21198	412041
2993	15590685333765648021740256160424704496	12566629988854207672695809922411291986	7263337298264274323815420682532699248	201	21307	426260
2994	10752196781907343463269142179603244480	10752196781907343463269142179603244480	7263337298264274323815420682532699248	217	21135	410772
2995	10752196781907343463269142179603244480	4099275023102174695371360455973736958	2127660896602842479050001447051200364	200	21177	417141
2996	5913708230049038904798028198781784464	5913708230049038904798028198781784464	5179899354674830458585077969353999328	186	21151	412025
2997	5913708230049038904798028198781784464	2284841816155310485944692713165689452	1517549123976618698742083015147963738	188	20916	423580
2998	1075219678190734346326914217960324448	1075219678190734346326914217960324448	585456586623097541972556733080235130	218	20555	421524
2999	1075219678190734346326914217960324448	1075219678190734346326914217960324448	585456586623097541972556733080235130	187	20616	411117
3000	140123703681494690747669787798807442387808	140123703681494690747669787798807442387808	39957720523701145332419612960660860610144	188	23670	445120
3001	140123703681494690747669787798807442387808	140123703681494690747669787798807442387808	39957720523701145332419612960660860610144	196	23617	438988
3002	106936510704298579781116417004353048138064	106936510704298579781116417004353048138064	26881068754710901712120560636479314730224	225	23366	435283
3003	106936510704298579781116417004353048138064	94491313337850038168658902956432650294410	26881068754710901712120560636479314730224	186	23599	432854
3004	73749317727102468814563046209898653888320	73749317727102468814563046209898653888320	26881068754710901712120560636479314730224	212	23335	430786
3005	73749317727102468814563046209898653888320	44710523872055871718828846764751058919794	6251437044449574151472835189341581418594	218	23058	435658
3006	40562124749906357848009675415444259638576	40562124749906357848009675415444259638576	13379968714987983419368414497952771711424	226	23021	425101
3007	40562124749906357848009675415444259638576	28116927383457816235552161367523861794922	5563192214502719224088674540700447424914	221	23191	433571
3008	7374931772710246881456304620989865388832	7374931772710246881456304620989865388832	3485193917252844933990676673058148433438	206	22891	422825
3009	7374931772710246881456304620989865388832	7374931772710246881456304620989865388832	3485193917252844933990676673058148433438	205	22714	432945
3010	7374931772710246881456304620989865388832	7374931772710246881456304620989865388832	3485193917252844933990676673058148433438	226	22547	428597
3011	7374931772710246881456304620989865388832	7374931772710246881456304620989865388832	3485193917252844933990676673058148433438	225	22598	426194
3012	5628237405489398935848232473913318323056	5628237405489398935848232473913318323056	2565212612366800709630573996012967275918	204	22707	425493
3013	5628237405489398935848232473913318323056	4973227017781580956245205418759613173390	2565212612366800709630573996012967275918	195	22975	428431
3014	3881543038268550990240160326836771257280	3881543038268550990240160326836771257280	2565212612366800709630573996012967275918	198	22231	431741
3015	3881543038268550990240160326836771257280	2353185466950309037833097198144792574726	547359798242057264331158238876230563148	205	22332	428181
3016	2134848671047703044632088179760224191504	2134848671047703044632088179760224191504	1167059133651338848030423153387906362758	214	23277	431568
3017	2134848671047703044632088179760224191504	1479838283339885065029061124606519041838	511136386139591215521465573158276142428	207	22150	424430
3018	388154303826855099024016032683677125728	388154303826855099024016032683677125728	243979654592970541597460393561971977140	207	21777	437836
3019	388154303826855099024016032683677125728	388154303826855099024016032683677125728	243979654592970541597460393561971977140	204	21743	423346
3020	388154303826855099024016032683677125728	388154303826855099024016032683677125728	243979654592970541597460393561971977140	218	21866	426459
3021	388154303826855099024016032683677125728	388154303826855099024016032683677125728	243979654592970541597460393561971977140	208	21841	420588
3022	296223021341547312413064867048069385424	296223021341547312413064867048069385424	159302480122280909161052606995118204540	201	21749	459682
3023	296223021341547312413064867048069385424	261748790409556892433958179934716482810	159302480122280909161052606995118204540	212	21808	423305
3024	204291738856239525802113701412461645120	204291738856239525802113701412461645120	159302480122280909161052606995118204540	221	21583	436429
3025	204291738856239525802113701412461645120	123851866681595212517531431481304872354	40299820744455960922745645118989418230	216	27477	426524
3026	112360456370931739191162535776853904816	112360456370931739191162535776853904816	63883743827645408699009165760613479110	213	21589	429665
3027	112360456370931739191162535776853904816	77886225438941319212055848663501002202	32637097400420699932490358370281847634	206	21284	426674
3028	20429173885623952580211370141246164512	20429173885623952580211370141246164512	14788003432475989427270170313956236962	225	21208	420308
3029	20429173885623952580211370141246164512	20429173885623952580211370141246164512	14788003432475989427270170313956236962	222	21307	425425
3030	20429173885623952580211370141246164512	20429173885623952580211370141246164512	14788003432475989427270170313956236962	207	21085	425286
3031	20429173885623952580211370141246164512	20429173885623952580211370141246164512	14788003432475989427270170313956236962	222	21130	424651
3032	15590685333765648021740256160424704496	15590685333765648021740256160424704496	10262438589065047646304056452825077482	213	21309	420863
3033	15590685333765648021740256160424704496	13776252126818783812313588417616656990	10262438589065047646304056452825077482	197	21170	441834
3034	10752196781907343463269142179603244480	10752196781907343463269142179603244480	10262438589065047646304056452825077482	197	20972	426581
3035	10752196781907343463269142179603244480	6518519299031326974606917446384466966	2322553037425482803097855477617516588	218	20821	419820
3036	5913708230049038904798028198781784464	5913708230049038904798028198781784464	3967113375700467475019897971845497192	187	20808	425866
3037	5913708230049038904798028198781784464	4099275023102174695371360455973736958	2188425423358411185608410561879773308	199	20719	420242
3038	1075219678190734346326914217960324448	1075219678190734346326914217960324448	845604862090737534286916025693611336	200	20418	427214
3039	1075219678190734346326914217960324448	1075219678190734346326914217960324448	845604862090737534286916025693611336	216	20535	417054
3040	140123703681494690747669787798807442387808	140123703681494690747669787798807442387808	18716991083080301258011453730416295485658	200	23983	428835
3041	140123703681494690747669787798807442387808	140123703681494690747669787798807442387808	18716991083080301258011453730416295485658	211	23821	425627
3042	106936510704298579781116417004353048138064	106936510704298579781116417004353048138064	18716991083080301258011453730416295485658	198	23680	437599
3043	106936510704298579781116417004353048138064	82046115971401496556201388908512252450756	18716991083080301258011453730416295485658	215	23948	434928
3044	73749317727102468814563046209898653888320	73749317727102468814563046209898653888320	18716991083080301258011453730416295485658	211	23399	425289
3045	73749317727102468814563046209898653888320	23968528261308302364732990018217062513704	5133503915995845515977668914065551675200	201	23347	431198
3046	40562124749906357848009675415444259638576	40562124749906357848009675415444259638576	18014736369502709970437615788786973066978	208	23160	420389
3047	40562124749906357848009675415444259638576	19820129139158788493913818668910263232486	5133503915995845515977668914065551675200	199	23103	424933
3048	7374931772710246881456304620989865388832	7374931772710246881456304620989865388832	1892926208388746037941640325410378829484	206	23012	418811
3049	7374931772710246881456304620989865388832	7374931772710246881456304620989865388832	1892926208388746037941640325410378829484	200	22704	420543
3050	7374931772710246881456304620989865388832	7374931772710246881456304620989865388832	1892926208388746037941640325410378829484	200	22974	426005
3051	7374931772710246881456304620989865388832	7374931772710246881456304620989865388832	1892926208388746037941640325410378829484	217	22773	429426
3052	5628237405489398935848232473913318323056	5628237405489398935848232473913318323056	1892926208388746037941640325410378829484	207	23629	430275
3053	5628237405489398935848232473913318323056	4318216630073762976642178363605908023724	1892926208388746037941640325410378829484	214	24416	452092
3054	3881543038268550990240160326836771257280	3881543038268550990240160326836771257280	1892926208388746037941640325410378829484	229	23946	451541
3055	3881543038268550990240160326836771257280	1261501487437279071828052106221950658616	486575908618238883827052983552480182142	229	24070	450846
3056	2134848671047703044632088179760224191504	2134848671047703044632088179760224191504	1166480815350117044276673007268093281484	238	26436	465364
3057	2134848671047703044632088179760224191504	1043164691534673078627043087837382275394	486575908618238883827052983552480182142	211	23809	438622
3058	388154303826855099024016032683677125728	388154303826855099024016032683677125728	123889200426801415946580480614630009174	202	21160	399018
3059	388154303826855099024016032683677125728	388154303826855099024016032683677125728	123889200426801415946580480614630009174	200	22234	416501
3060	388154303826855099024016032683677125728	388154303826855099024016032683677125728	123889200426801415946580480614630009174	187	22083	419829
3061	388154303826855099024016032683677125728	388154303826855099024016032683677125728	123889200426801415946580480614630009174	183	22068	433949
3062	296223021341547312413064867048069385424	296223021341547312413064867048069385424	123889200426801415946580480614630009174	216	22118	413256
3063	296223021341547312413064867048069385424	227274559477566472454851492821363580196	123889200426801415946580480614630009174	199	22697	420173
3064	204291738856239525802113701412461645120	204291738856239525802113701412461645120	123889200426801415946580480614630009174	217	21679	409265
3065	204291738856239525802113701412461645120	66394815128277845885686952959050034664	28226383525450896896343443279844812720	203	21852	421017
3066	112360456370931739191162535776853904816	112360456370931739191162535776853904816	63943842108400058509782919939356407618	219	21524	410364
3067	112360456370931739191162535776853904816	54903404817614372559318057254599067126	28226383525450896896343443279844812720	201	21642	413287
3068	20429173885623952580211370141246164512	20429173885623952580211370141246164512	7899779938825003465135869624705208946	201	21657	410776
3069	20429173885623952580211370141246164512	20429173885623952580211370141246164512	7899779938825003465135869624705208946	199	21380	419029
3070	20429173885623952580211370141246164512	20429173885623952580211370141246164512	7899779938825003465135869624705208946	199	21445	417156
3071	20429173885623952580211370141246164512	20429173885623952580211370141246164512	7899779938825003465135869624705208946	213	21243	413215
3072	15590685333765648021740256160424704496	15590685333765648021740256160424704496	7899779938825003465135869624705208946	199	21489	410226
3073	15590685333765648021740256160424704496	11961818919871919602886920674808609484	7899779938825003465135869624705208946	199	21234	417296
3074	10752196781907343463269142179603244480	10752196781907343463269142179603244480	7832671526931480196347740227164749048	217	21081	419696
3075	10752196781907343463269142179603244480	3494463954119886625562471208371054456	2090410201900756327511175736015567382	215	21032	408105
3076	5913708230049038904798028198781784464	5913708230049038904798028198781784464	3936675570373004119559363965539545546	196	21106	412685
3077	5913708230049038904798028198781784464	2889652885137598555753581960768371954	2090410201900756327511175736015567382	187	20830	408744
3078	1075219678190734346326914217960324448	1075219678190734346326914217960324448	516491829897611099056755791240808032	200	20741	417603
3079	1075219678190734346326914217960324448	1075219678190734346326914217960324448	516491829897611099056755791240808032	216	20711	435751
3080	140123703681494690747669787798807442387808	140123703681494690747669787798807442387808	35786202414725895801395121305092395094280	216	24182	434153
3081	140123703681494690747669787798807442387808	140123703681494690747669787798807442387808	35786202414725895801395121305092395094280	185	23870	434149
3082	106936510704298579781116417004353048138064	106936510704298579781116417004353048138064	26528594767658683100530535646755692378178	211	23905	433562
3083	106936510704298579781116417004353048138064	90342914215700524297839731607125851013192	26528594767658683100530535646755692378178	227	23692	435144
3084	73749317727102468814563046209898653888320	73749317727102468814563046209898653888320	26528594767658683100530535646755692378178	224	23407	426169
3085	73749317727102468814563046209898653888320	32265326505607330106371332716830661076140	6031883459766666281418914575890609549338	208	23470	426229
3086	40562124749906357848009675415444259638576	40562124749906357848009675415444259638576	26528594767658683100530535646755692378178	202	23027	441336
3087	40562124749906357848009675415444259638576	23968528261308302364732990018217062513704	5544640952026286665583936383346572564280	225	22949	422400
3088	7374931772710246881456304620989865388832	7374931772710246881456304620989865388832	3045326401132127792702619471228563354462	202	23036	420447
3089	7374931772710246881456304620989865388832	7374931772710246881456304620989865388832	3045326401132127792702619471228563354462	198	22693	421955
3090	7374931772710246881456304620989865388832	7374931772710246881456304620989865388832	3045326401132127792702619471228563354462	214	22743	424449
3091	7374931772710246881456304620989865388832	7374931772710246881456304620989865388832	3045326401132127792702619471228563354462	197	22762	429114
3092	5628237405489398935848232473913318323056	5628237405489398935848232473913318323056	2087006805423800540960444022235442158004	215	22843	434784
3093	5628237405489398935848232473913318323056	4754890221878974963044196400375044790168	2087006805423800540960444022235442158004	237	23147	424789
3094	3881543038268550990240160326836771257280	3881543038268550990240160326836771257280	2087006805423800540960444022235442158004	215	22763	428473
3095	3881543038268550990240160326836771257280	1698175079242491058230070142991087425060	535804346416641060644109785536705727924	225	22979	429234
3096	2134848671047703044632088179760224191504	2134848671047703044632088179760224191504	1420505007405319088031048071377286040800	222	22563	418412
3097	2134848671047703044632088179760224191504	1261501487437279071828052106221950658616	510160003903989501915953038560703781342	208	22403	420438
3098	388154303826855099024016032683677125728	388154303826855099024016032683677125728	185813272290455436304282412703297661556	208	22067	426576
3099	388154303826855099024016032683677125728	388154303826855099024016032683677125728	185813272290455436304282412703297661556	230	22122	425216
3100	388154303826855099024016032683677125728	388154303826855099024016032683677125728	185813272290455436304282412703297661556	198	22190	417468
3101	388154303826855099024016032683677125728	388154303826855099024016032683677125728	185813272290455436304282412703297661556	207	21907	420238
3102	296223021341547312413064867048069385424	296223021341547312413064867048069385424	134169244680525508865804094866523638894	207	21952	432536
3103	296223021341547312413064867048069385424	250257380098893419107589284230265515272	134169244680525508865804094866523638894	235	22046	421716
3104	204291738856239525802113701412461645120	204291738856239525802113701412461645120	134169244680525508865804094866523638894	214	21804	427090
3105	204291738856239525802113701412461645120	89377635749604792538424744367951969740	39691639069434055465532568627435479534	212	21677	417744
3106	112360456370931739191162535776853904816	112360456370931739191162535776853904816	76107382058225854164150727096666118702	195	21707	418135
3107	112360456370931739191162535776853904816	66394815128277845885686952959050034664	38341936831926078690366424049751166556	206	21494	423427
3108	20429173885623952580211370141246164512	20429173885623952580211370141246164512	11056563110719011563439309562646090426	226	21379	421180
3109	20429173885623952580211370141246164512	20429173885623952580211370141246164512	11056563110719011563439309562646090426	229	21434	417936
3110	20429173885623952580211370141246164512	20429173885623952580211370141246164512	11056563110719011563439309562646090426	196	21325	419304
3111	20429173885623952580211370141246164512	20429173885623952580211370141246164512	11056563110719011563439309562646090426	208	21293	424717
3112	15590685333765648021740256160424704496	15590685333765648021740256160424704496	9613970273357063322751851780285313088	225	21290	420121
3113	15590685333765648021740256160424704496	13171441057836495742504699170013974488	9613970273357063322751851780285313088	236	21333	426365
3114	10752196781907343463269142179603244480	10752196781907343463269142179603244480	9613970273357063322751851780285313088	213	21207	415073
3115	10752196781907343463269142179603244480	4704086092084462765180249703576419460	2258423059860135501554181880616556524	206	20980	426152
3116	5913708230049038904798028198781784464	5913708230049038904798028198781784464	4075174167940319946607287091713378596	235	20798	411608
3117	5913708230049038904798028198781784464	3494463954119886625562471208371054456	2118705958867523276486070574450479662	220	43290	419957
3118	1075219678190734346326914217960324448	1075219678190734346326914217960324448	650908428162629638363599586167919112	228	20622	410601
3119	1075219678190734346326914217960324448	1075219678190734346326914217960324448	650908428162629638363599586167919112	220	20699	415411
3120	140123703681494690747669787798807442387808	140123703681494690747669787798807442387808	32098266207613617141649515506733186833432	192	31344	436202
3121	140123703681494690747669787798807442387808	140123703681494690747669787798807442387808	32098266207613617141649515506733186833432	225	23637	438398
3122	106936510704298579781116417004353048138064	106936510704298579781116417004353048138064	32098266207613617141649515506733186833432	231	25674	436561
3123	106936510704298579781116417004353048138064	86194515093551010427020560257819051731974	32098266207613617141649515506733186833432	213	23504	439456
3124	73749317727102468814563046209898653888320	73749317727102468814563046209898653888320	22697489789244813988216295108007879589952	240	24731	439905
3125	73749317727102468814563046209898653888320	32265326505607330106371332716830661076140	5837781554129177930905987954924335430346	211	23282	429831
3126	40562124749906357848009675415444259638576	40562124749906357848009675415444259638576	17795934475494882367428810842502916553072	206	23192	428196
3127	40562124749906357848009675415444259638576	28116927383457816235552161367523861794922	5837781554129177930905987954924335430346	214	23023	443611
3128	7374931772710246881456304620989865388832	7374931772710246881456304620989865388832	2841038203806516695750806294513191424910	249	23191	427231
3129	7374931772710246881456304620989865388832	7374931772710246881456304620989865388832	2841038203806516695750806294513191424910	211	22713	427144
3130	7374931772710246881456304620989865388832	7374931772710246881456304620989865388832	2841038203806516695750806294513191424910	196	22546	426141
3131	7374931772710246881456304620989865388832	7374931772710246881456304620989865388832	2841038203806516695750806294513191424910	207	29047	437906
3132	5628237405489398935848232473913318323056	5628237405489398935848232473913318323056	2841038203806516695750806294513191424910	226	22674	427627
3133	5628237405489398935848232473913318323056	4536553425976368969843187381990476406946	2841038203806516695750806294513191424910	200	22890	431621
3134	3881543038268550990240160326836771257280	3881543038268550990240160326836771257280	2102426140292141444794526713704672729710	177	22280	425892
3135	3881543038268550990240160326836771257280	1698175079242491058230070142991087425060	525588456646246936932903121275322879556	217	22839	434799
3136	2134848671047703044632088179760224191504	2134848671047703044632088179760224191504	976267929847121058810374934668477910986	226	22278	425094
3137	2134848671047703044632088179760224191504	1479838283339885065029061124606519041838	525588456646246936932903121275322879556	207	22080	424935
3138	388154303826855099024016032683677125728	388154303826855099024016032683677125728	197308400965733215185997318692885150548	179	21942	425773
3139	388154303826855099024016032683677125728	388154303826855099024016032683677125728	197308400965733215185997318692885150548	201	21944	438898
3140	388154303826855099024016032683677125728	388154303826855099024016032683677125728	197308400965733215185997318692885150548	215	22552	427939
3141	388154303826855099024016032683677125728	388154303826855099024016032683677125728	197308400965733215185997318692885150548	217	21730	423306
3142	296223021341547312413064867048069385424	296223021341547312413064867048069385424	197308400965733215185997318692885150548	183	21861	426812
3143	296223021341547312413064867048069385424	238765969788229945781220388525814547734	197308400965733215185997318692885150548	196	28742	423331
3144	204291738856239525802113701412461645120	204291738856239525802113701412461645120	122145417694460391473449249057328479628	230	21923	425340
3145	204291738856239525802113701412461645120	89377635749604792538424744367951969740	30852732543228654951216479205337368386	193	21772	422772
3146	112360456370931739191162535776853904816	112360456370931739191162535776853904816	54572988685913230711099456258652080076	207	21619	425662
3147	112360456370931739191162535776853904816	77886225438941319212055848663501002202	30852732543228654951216479205337368386	205	21776	429132
3148	20429173885623952580211370141246164512	20429173885623952580211370141246164512	11769150573797229497546138781527976554	223	21241	428561
3149	20429173885623952580211370141246164512	20429173885623952580211370141246164512	11769150573797229497546138781527976554	198	21866	426443
3150	20429173885623952580211370141246164512	20429173885623952580211370141246164512	11769150573797229497546138781527976554	217	21462	417685
3151	20429173885623952580211370141246164512	20429173885623952580211370141246164512	11769150573797229497546138781527976554	206	21526	429486
3152	15590685333765648021740256160424704496	15590685333765648021740256160424704496	11732023107373105184822394227842680554	216	21364	418450
3153	15590685333765648021740256160424704496	12566629988854207672695809922411291986	10989463751389299395387695494596637794	201	21344	427029
3154	10752196781907343463269142179603244480	10752196781907343463269142179603244480	6596625460886364993617868327798206990	200	21239	418162
3155	10752196781907343463269142179603244480	4704086092084462765180249703576419460	2228639097573269909346598679462543996	189	21174	429170
3156	5913708230049038904798028198781784464	5913708230049038904798028198781784464	3330576140988440122305056635112796200	217	20835	451459
3157	5913708230049038904798028198781784464	4099275023102174695371360455973736958	2228639097573269909346598679462543996	258	26239	436924
3158	1075219678190734346326914217960324448	1075219678190734346326914217960324448	751783754436975396034013538530868344	199	20705	433980
3159	1075219678190734346326914217960324448	1075219678190734346326914217960324448	751783754436975396034013538530868344	216	20565	427103
3160	140123703681494690747669787798807442387808	140123703681494690747669787798807442387808	31830709742955481485785436495059205233462	215	24294	435319
3161	140123703681494690747669787798807442387808	140123703681494690747669787798807442387808	31830709742955481485785436495059205233462	199	23831	426269
3162	106936510704298579781116417004353048138064	106936510704298579781116417004353048138064	31830709742955481485785436495059205233462	201	24002	430356
3163	106936510704298579781116417004353048138064	90342914215700524297839731607125851013192	26759095010583178958346099879407411733956	200	30298	428378
3164	73749317727102468814563046209898653888320	73749317727102468814563046209898653888320	26759095010583178958346099879407411733956	215	23339	430440
3165	73749317727102468814563046209898653888320	28116927383457816235552161367523861794922	5823699634936644475334194322730967977716	200	25655	431533
3166	40562124749906357848009675415444259638576	40562124749906357848009675415444259638576	26759095010583178958346099879407411733956	180	28537	425826
3167	40562124749906357848009675415444259638576	23968528261308302364732990018217062513704	5556772543759154868626860816644031477742	200	23317	433007
3168	7374931772710246881456304620989865388832	7374931772710246881456304620989865388832	2148363848502879201074098395937299326720	199	23213	431790
3169	7374931772710246881456304620989865388832	7374931772710246881456304620989865388832	2148363848502879201074098395937299326720	214	23066	424376
3170	7374931772710246881456304620989865388832	7374931772710246881456304620989865388832	2148363848502879201074098395937299326720	200	23102	422278
3171	7374931772710246881456304620989865388832	7374931772710246881456304620989865388832	2148363848502879201074098395937299326720	200	22773	432043
3172	5628237405489398935848232473913318323056	5628237405489398935848232473913318323056	2148363848502879201074098395937299326720	217	22911	424022
3173	5628237405489398935848232473913318323056	4754890221878974963044196400375044790168	2099775502937101975435984074926742253346	201	23009	423829
3174	3881543038268550990240160326836771257280	3881543038268550990240160326836771257280	2099775502937101975435984074926742253346	186	22753	429451
3175	3881543038268550990240160326836771257280	1479838283339885065029061124606519041838	524847303004534649797545561686198276786	187	22822	430108
3176	2134848671047703044632088179760224191504	2134848671047703044632088179760224191504	1626710217512246991008698485721800579746	216	22399	418928
3177	2134848671047703044632088179760224191504	1261501487437279071828052106221950658616	510798508732035196812949061365833197840	199	22531	420270
3178	388154303826855099024016032683677125728	388154303826855099024016032683677125728	161555396755409278976675979448836927098	200	22099	429678
3179	388154303826855099024016032683677125728	388154303826855099024016032683677125728	161555396755409278976675979448836927098	229	21908	430205
3180	388154303826855099024016032683677125728	388154303826855099024016032683677125728	161555396755409278976675979448836927098	213	21823	421639
3181	388154303826855099024016032683677125728	388154303826855099024016032683677125728	161555396755409278976675979448836927098	199	22176	417976
3182	296223021341547312413064867048069385424	296223021341547312413064867048069385424	146946291219983297373687181912206099632	199	22089	421908
3183	296223021341547312413064867048069385424	250257380098893419107589284230265515272	146946291219983297373687181912206099632	188	22002	435031
3184	204291738856239525802113701412461645120	204291738856239525802113701412461645120	146946291219983297373687181912206099632	215	21796	417197
3185	204291738856239525802113701412461645120	77886225438941319212055848663501002202	28933967016071764384244989181581434596	188	21657	416103
3186	112360456370931739191162535776853904816	112360456370931739191162535776853904816	86926868464275079774084060129113395756	202	21457	416446
3187	112360456370931739191162535776853904816	66394815128277845885686952959050034664	28799373261041910573613093555513409462	186	21412	434763
3188	20429173885623952580211370141246164512	20429173885623952580211370141246164512	10453426930139817048974806607179066310	204	21473	415436
3189	20429173885623952580211370141246164512	20429173885623952580211370141246164512	10453426930139817048974806607179066310	201	21302	447604
3190	20429173885623952580211370141246164512	20429173885623952580211370141246164512	10453426930139817048974806607179066310	212	21323	416499
3191	20429173885623952580211370141246164512	20429173885623952580211370141246164512	10453426930139817048974806607179066310	200	21463	427380
3192	15590685333765648021740256160424704496	15590685333765648021740256160424704496	10453426930139817048974806607179066310	218	21270	425643
3193	15590685333765648021740256160424704496	13171441057836495742504699170013974488	10453426930139817048974806607179066310	214	21228	416751
3194	10752196781907343463269142179603244480	10752196781907343463269142179603244480	8338826396349830036845056716666161430	189	21150	416476
3195	10752196781907343463269142179603244480	4099275023102174695371360455973736958	2120567556405546521051683645261283000	177	21122	423323
3196	5913708230049038904798028198781784464	5913708230049038904798028198781784464	4646295659405334452748680257618205102	215	21084	418918
3197	5913708230049038904798028198781784464	3494463954119886625562471208371054456	2120567556405546521051683645261283000	200	20915	418507
3198	1075219678190734346326914217960324448	1075219678190734346326914217960324448	650899146296023607285418650029497788	203	20849	415720
3199	1075219678190734346326914217960324448	1075219678190734346326914217960324448	650899146296023607285418650029497788	188	20818	420321
3200	140123703681494690747669787798807442387808	140123703681494690747669787798807442387808	27513801743659451107012601046744138568814	194	24002	441944
3201	140123703681494690747669787798807442387808	140123703681494690747669787798807442387808	27513801743659451107012601046744138568814	194	23796	439989
3202	106936510704298579781116417004353048138064	106936510704298579781116417004353048138064	27513801743659451107012601046744138568814	196	23689	434273
3203	106936510704298579781116417004353048138064	86194515093551010427020560257819051731974	23134230582008513287151476758759611437454	189	23465	437212
3204	73749317727102468814563046209898653888320	73749317727102468814563046209898653888320	23134230582008513287151476758759611437454	217	23218	429092
3205	73749317727102468814563046209898653888320	28116927383457816235552161367523861794922	5596493950763169192240887193872280258524	202	23632	429547
3206	40562124749906357848009675415444259638576	40562124749906357848009675415444259638576	14583310896703190017188300154285344371564	200	23188	435945
3207	40562124749906357848009675415444259638576	15671730017009274623094647319603463951268	5596493950763169192240887193872280258524	215	23145	448794
3208	7374931772710246881456304620989865388832	7374931772710246881456304620989865388832	2611277193666541591213919267598273249248	218	22848	427323
3209	7374931772710246881456304620989865388832	7374931772710246881456304620989865388832	2611277193666541591213919267598273249248	193	22737	430909
3210	7374931772710246881456304620989865388832	7374931772710246881456304620989865388832	2611277193666541591213919267598273249248	200	23060	435620
3211	7374931772710246881456304620989865388832	7374931772710246881456304620989865388832	2611277193666541591213919267598273249248	223	22746	436673
3212	5628237405489398935848232473913318323056	5628237405489398935848232473913318323056	2611277193666541591213919267598273249248	218	22887	426833
3213	5628237405489398935848232473913318323056	4536553425976368969843187381990476406946	1919776734352042411529777087980378144688	200	22811	427667
3214	3881543038268550990240160326836771257280	3881543038268550990240160326836771257280	1919776734352042411529777087980378144688	207	22725	428170
3215	3881543038268550990240160326836771257280	1479838283339885065029061124606519041838	512889109100667529634739923325214712618	200	22586	440188
3216	2134848671047703044632088179760224191504	2134848671047703044632088179760224191504	1445535887102997032423570117840783104298	216	22324	430575
3217	2134848671047703044632088179760224191504	824827895632067085426034069452813892172	355772437674529234843846874573951185814	188	22425	432838
3218	388154303826855099024016032683677125728	388154303826855099024016032683677125728	187228024901711536907367061559737763450	215	21847	436954
3219	388154303826855099024016032683677125728	388154303826855099024016032683677125728	187228024901711536907367061559737763450	205	22099	434761
3220	388154303826855099024016032683677125728	388154303826855099024016032683677125728	187228024901711536907367061559737763450	216	21964	428331
3221	388154303826855099024016032683677125728	388154303826855099024016032683677125728	187228024901711536907367061559737763450	212	21956	425225
3222	296223021341547312413064867048069385424	296223021341547312413064867048069385424	187228024901711536907367061559737763450	201	21965	424255
3223	296223021341547312413064867048069385424	238765969788229945781220388525814547734	127116725888540572616229358086027208760	201	24677	439901
3224	204291738856239525802113701412461645120	204291738856239525802113701412461645120	127116725888540572616229358086027208760	214	21629	423745
3225	204291738856239525802113701412461645120	77886225438941319212055848663501002202	30216275451428169897097678576764187844	200	21742	426266
3226	112360456370931739191162535776853904816	112360456370931739191162535776853904816	87572246473979106611819954538176394080	186	21814	422025
3227	112360456370931739191162535776853904816	43411994506950899232949161550148099588	30216275451428169897097678576764187844	200	21792	448873
3228	20429173885623952580211370141246164512	20429173885623952580211370141246164512	12404118427382512540364889542861540732	219	21407	421491
3229	20429173885623952580211370141246164512	20429173885623952580211370141246164512	12404118427382512540364889542861540732	208	21331	426442
3230	20429173885623952580211370141246164512	20429173885623952580211370141246164512	12404118427382512540364889542861540732	199	21419	443048
3231	20429173885623952580211370141246164512	20429173885623952580211370141246164512	12404118427382512540364889542861540732	217	21290	425340
3232	15590685333765648021740256160424704496	15590685333765648021740256160424704496	11799219180667467175313281401943855652	180	21016	427166
3233	15590685333765648021740256160424704496	12566629988854207672695809922411291986	7295165063116002418031487041604114542	225	21424	424000
3234	10752196781907343463269142179603244480	10752196781907343463269142179603244480	7295165063116002418031487041604114542	198	21119	428709
3235	10752196781907343463269142179603244480	4099275023102174695371360455973736958	2195141355899560169656135488485008178	206	21154	421746
3236	5913708230049038904798028198781784464	5913708230049038904798028198781784464	5213876672875925259904676328559334822	200	20843	434732
3237	5913708230049038904798028198781784464	2284841816155310485944692713165689452	1728259326057959898363947640800206454	216	20607	422571
3238	1075219678190734346326914217960324448	1075219678190734346326914217960324448	755222686014509910500050377815968886	226	20733	423287
3239	1075219678190734346326914217960324448	1075219678190734346326914217960324448	755222686014509910500050377815968886	212	20782	416592
3240	140123703681494690747669787798807442387808	140123703681494690747669787798807442387808	18475738761377656197057550168567570800974	200	24117	428091
3241	140123703681494690747669787798807442387808	140123703681494690747669787798807442387808	18475738761377656197057550168567570800974	217	25073	418604
3242	106936510704298579781116417004353048138064	106936510704298579781116417004353048138064	18475738761377656197057550168567570800974	200	23532	414207
3243	106936510704298579781116417004353048138064	86194515093551010427020560257819051731974	14085415118341645356502094354416281394724	195	23620	416886
3244	73749317727102468814563046209898653888320	73749317727102468814563046209898653888320	14085415118341645356502094354416281394724	200	23208	422208
3245	73749317727102468814563046209898653888320	28116927383457816235552161367523861794922	5120806425379916828559042410810355639164	197	23217	424539
3246	40562124749906357848009675415444259638576	40562124749906357848009675415444259638576	13379867539303729078650865258546752148214	206	23212	411585
3247	40562124749906357848009675415444259638576	19820129139158788493913818668910263232486	4889736759956968889582439473223445670414	200	22980	415528
3248	7374931772710246881456304620989865388832	7374931772710246881456304620989865388832	1675901609848251690705977498912935724648	187	22741	423448
3249	7374931772710246881456304620989865388832	7374931772710246881456304620989865388832	1675901609848251690705977498912935724648	216	22792	412282
3250	7374931772710246881456304620989865388832	7374931772710246881456304620989865388832	1675901609848251690705977498912935724648	199	22832	408804
3251	7374931772710246881456304620989865388832	7374931772710246881456304620989865388832	1675901609848251690705977498912935724648	200	22847	408529
3252	5628237405489398935848232473913318323056	5628237405489398935848232473913318323056	1675901609848251690705977498912935724648	200	22795	413588
3253	5628237405489398935848232473913318323056	4536553425976368969843187381990476406946	1421880955990497750843571288111315167848	199	22930	419821
3254	3881543038268550990240160326836771257280	3881543038268550990240160326836771257280	1421880955990497750843571288111315167848	216	22470	419285
3255	3881543038268550990240160326836771257280	1479838283339885065029061124606519041838	306542143789356082185534149906301842414	197	22800	410282
3256	2134848671047703044632088179760224191504	2134848671047703044632088179760224191504	1165136795650506374396987604673534661768	177	22396	407147
3257	2134848671047703044632088179760224191504	1043164691534673078627043087837382275394	306542143789356082185534149906301842414	200	22208	416471
3258	388154303826855099024016032683677125728	388154303826855099024016032683677125728	124561213256246956752628425136819082450	217	21974	415334
3259	388154303826855099024016032683677125728	388154303826855099024016032683677125728	124561213256246956752628425136819082450	216	21952	409905
3260	388154303826855099024016032683677125728	388154303826855099024016032683677125728	124561213256246956752628425136819082450	200	21998	405974
3261	388154303826855099024016032683677125728	388154303826855099024016032683677125728	124561213256246956752628425136819082450	200	21836	418797
3262	296223021341547312413064867048069385424	296223021341547312413064867048069385424	124561213256246956752628425136819082450	198	21967	405239
3263	296223021341547312413064867048069385424	238765969788229945781220388525814547734	99095484020983238058620065030297274810	199	24144	414896
3264	204291738856239525802113701412461645120	204291738856239525802113701412461645120	99095484020983238058620065030297274810	187	21626	403921
3265	204291738856239525802113701412461645120	77886225438941319212055848663501002202	27625207352208530283502272015308959244	179	21615	412816
3266	112360456370931739191162535776853904816	112360456370931739191162535776853904816	85582731196415800240853631955751868170	216	21559	405417
3267	112360456370931739191162535776853904816	54903404817614372559318057254599067126	26921549031272923801888958411980370444	200	21639	404909
3268	20429173885623952580211370141246164512	20429173885623952580211370141246164512	7832681595101194173060954024737384132	200	21316	405283
3269	20429173885623952580211370141246164512	20429173885623952580211370141246164512	7832681595101194173060954024737384132	240	21297	410196
3270	20429173885623952580211370141246164512	20429173885623952580211370141246164512	7832681595101194173060954024737384132	221	21188	410029
3271	20429173885623952580211370141246164512	20429173885623952580211370141246164512	7832681595101194173060954024737384132	215	21183	401698
3272	15590685333765648021740256160424704496	15590685333765648021740256160424704496	7832681595101194173060954024737384132	210	21148	435739
3273	15590685333765648021740256160424704496	12566629988854207672695809922411291986	6492379772222904376434122708941577012	212	21418	405256
3274	10752196781907343463269142179603244480	10752196781907343463269142179603244480	6492379772222904376434122708941577012	216	21104	411047
3275	10752196781907343463269142179603244480	4099275023102174695371360455973736958	1554667050031742224805114852925085454	213	21072	407791
3276	5913708230049038904798028198781784464	5913708230049038904798028198781784464	4573416790385889418586934336493707368	184	20900	402297
3277	5913708230049038904798028198781784464	2889652885137598555753581960768371954	1554667050031742224805114852925085454	219	20717	398213
3278	1075219678190734346326914217960324448	1075219678190734346326914217960324448	479628353198015930641378152400269206	196	20591	399221
3279	1075219678190734346326914217960324448	1075219678190734346326914217960324448	479628353198015930641378152400269206	187	26842	401657
3280	140123703681494690747669787798807442387808	140123703681494690747669787798807442387808	39665229037319229370471866277078301498450	219	24021	442454
3281	140123703681494690747669787798807442387808	140123703681494690747669787798807442387808	39665229037319229370471866277078301498450	196	23856	438596
3282	106936510704298579781116417004353048138064	106936510704298579781116417004353048138064	18476994362516676151142839519766729798768	200	23705	431717
3283	106936510704298579781116417004353048138064	86194515093551010427020560257819051731974	18247219113993327394932022936815473312090	201	23587	436710
3284	73749317727102468814563046209898653888320	73749317727102468814563046209898653888320	18247219113993327394932022936815473312090	217	23369	428084
3285	73749317727102468814563046209898653888320	36413725627756843977190504066137460357358	6236042755692631206107164311258288833768	185	23458	424978
3286	40562124749906357848009675415444259638576	40562124749906357848009675415444259638576	18220978898374508975377167068541120905768	200	23284	432565
3287	40562124749906357848009675415444259638576	15671730017009274623094647319603463951268	5108779075517583733710330451244455771328	216	23145	427353
3288	7374931772710246881456304620989865388832	7374931772710246881456304620989865388832	2779110600003347420695445039957058570092	188	23059	424184
3289	7374931772710246881456304620989865388832	7374931772710246881456304620989865388832	2779110600003347420695445039957058570092	202	22912	426478
3290	7374931772710246881456304620989865388832	7374931772710246881456304620989865388832	2779110600003347420695445039957058570092	215	22798	441279
3291	7374931772710246881456304620989865388832	7374931772710246881456304620989865388832	2779110600003347420695445039957058570092	215	22783	426010
3292	5628237405489398935848232473913318323056	5628237405489398935848232473913318323056	1687430887039212904790501149237968303494	213	22875	453540
3293	5628237405489398935848232473913318323056	4536553425976368969843187381990476406946	1675972278845135145294423681846698294972	199	22913	448218
3294	3881543038268550990240160326836771257280	3881543038268550990240160326836771257280	1675972278845135145294423681846698294972	211	22619	432181
3295	3881543038268550990240160326836771257280	1916511875145097051431079161375655808282	546549572518007635627701876871846742894	234	22709	429522
3296	2134848671047703044632088179760224191504	2134848671047703044632088179760224191504	1444798338900807267772934273047820102054	206	22321	425117
3297	2134848671047703044632088179760224191504	824827895632067085426034069452813892172	306545863210244685058610264797552504010	206	22437	423260
3298	388154303826855099024016032683677125728	388154303826855099024016032683677125728	183933587535556631770282328503132475246	220	23410	465898
3299	388154303826855099024016032683677125728	388154303826855099024016032683677125728	183933587535556631770282328503132475246	234	23598	452659
3300	388154303826855099024016032683677125728	388154303826855099024016032683677125728	183933587535556631770282328503132475246	240	23375	448379
3301	388154303826855099024016032683677125728	388154303826855099024016032683677125728	183933587535556631770282328503132475246	208	23833	452248
3302	296223021341547312413064867048069385424	296223021341547312413064867048069385424	124599084788980532404331333432636718326	224	21896	422687
3303	296223021341547312413064867048069385424	238765969788229945781220388525814547734	113773643766366485921905515191846537126	207	22201	425927
3304	204291738856239525802113701412461645120	204291738856239525802113701412461645120	113773643766366485921905515191846537126	206	21911	421320
3305	204291738856239525802113701412461645120	100869046060268265864793640072402937278	40257177285295454148879520802969217164	194	21948	419768
3306	112360456370931739191162535776853904816	112360456370931739191162535776853904816	87533428147548066367049646917494130804	188	21823	430214
3307	112360456370931739191162535776853904816	43411994506950899232949161550148099588	18049256878504553979228439569326584292	230	21438	428185
3308	20429173885623952580211370141246164512	20429173885623952580211370141246164512	11631216906579009605971064615668500656	208	21465	419324
3309	20429173885623952580211370141246164512	20429173885623952580211370141246164512	11631216906579009605971064615668500656	206	21344	432511
3310	20429173885623952580211370141246164512	20429173885623952580211370141246164512	11631216906579009605971064615668500656	232	21311	417660
3311	20429173885623952580211370141246164512	20429173885623952580211370141246164512	11631216906579009605971064615668500656	207	21371	420917
3312	15590685333765648021740256160424704496	15590685333765648021740256160424704496	8536517763448361775158786108979781778	193	21336	418220
3313	15590685333765648021740256160424704496	12566629988854207672695809922411291986	7866184044016920107401577936863410776	210	21431	465847
3314	10752196781907343463269142179603244480	10752196781907343463269142179603244480	7866184044016920107401577936863410776	212	21138	419485
3315	10752196781907343463269142179603244480	5308897161066750834989138951179101962	2723609873471522498697285079337904458	205	21320	423234
3316	5913708230049038904798028198781784464	5913708230049038904798028198781784464	5211833603063765247022028559049742018	200	21007	427984
3317	5913708230049038904798028198781784464	2284841816155310485944692713165689452	1519302866119269662925652100001785690	191	21010	416201
3318	1075219678190734346326914217960324448	1075219678190734346326914217960324448	746395630872174355149980110177289762	181	20890	426676
3319	1075219678190734346326914217960324448	1075219678190734346326914217960324448	746395630872174355149980110177289762	214	20905	415682
3320	140123703681494690747669787798807442387808	140123703681494690747669787798807442387808	22394346633065863737194724772309683696182	192	23895	430553
3321	140123703681494690747669787798807442387808	140123703681494690747669787798807442387808	22394346633065863737194724772309683696182	181	23779	423491
3322	106936510704298579781116417004353048138064	106936510704298579781116417004353048138064	22394346633065863737194724772309683696182	200	23466	432923
3323	106936510704298579781116417004353048138064	86194515093551010427020560257819051731974	18234452662948860038427017024712223487996	216	23540	423037
3324	73749317727102468814563046209898653888320	73749317727102468814563046209898653888320	18234452662948860038427017024712223487996	177	23238	426579
3325	73749317727102468814563046209898653888320	28116927383457816235552161367523861794922	5327048944942454067513630547849414212596	202	23071	423875
3326	40562124749906357848009675415444259638576	40562124749906357848009675415444259638576	17758800480837549109294526157112425978236	200	23087	423712
3327	40562124749906357848009675415444259638576	23968528261308302364732990018217062513704	5108107157041559135999540666396916306902	218	22877	416988
3328	7374931772710246881456304620989865388832	7374931772710246881456304620989865388832	1893603893198608630485737559582763380800	200	28853	416098
3329	7374931772710246881456304620989865388832	7374931772710246881456304620989865388832	1893603893198608630485737559582763380800	215	22888	420085
3330	7374931772710246881456304620989865388832	7374931772710246881456304620989865388832	1893603893198608630485737559582763380800	200	22839	416838
3331	7374931772710246881456304620989865388832	7374931772710246881456304620989865388832	1893603893198608630485737559582763380800	177	22738	427595
3332	5628237405489398935848232473913318323056	5628237405489398935848232473913318323056	1893603893198608630485737559582763380800	214	22769	416008
3333	5628237405489398935848232473913318323056	4536553425976368969843187381990476406946	1421914566646437331298112810831581211506	212	22974	421208
3334	3881543038268550990240160326836771257280	3881543038268550990240160326836771257280	1421914566646437331298112810831581211506	206	23291	424343
3335	3881543038268550990240160326836771257280	1479838283339885065029061124606519041838	485866944937725972854357444406567309320	200	22778	423809
3336	2134848671047703044632088179760224191504	2134848671047703044632088179760224191504	1396880241802809540243117691285351807826	216	22375	416988
3337	2134848671047703044632088179760224191504	1261501487437279071828052106221950658616	485866944937725972854357444406567309320	200	22178	418686
3338	388154303826855099024016032683677125728	388154303826855099024016032683677125728	136054293540877864543404778897794867338	194	21970	417921
3339	388154303826855099024016032683677125728	388154303826855099024016032683677125728	136054293540877864543404778897794867338	200	21880	419238
3340	388154303826855099024016032683677125728	388154303826855099024016032683677125728	136054293540877864543404778897794867338	218	21902	439769
3341	388154303826855099024016032683677125728	388154303826855099024016032683677125728	136054293540877864543404778897794867338	214	21968	412595
3342	296223021341547312413064867048069385424	296223021341547312413064867048069385424	123926533924728486944557063225561127378	187	21824	418225
3343	296223021341547312413064867048069385424	238765969788229945781220388525814547734	123289876000074650896666319959377949712	201	23014	426265
3344	204291738856239525802113701412461645120	204291738856239525802113701412461645120	123289876000074650896666319959377949712	205	22020	416328
3345	204291738856239525802113701412461645120	77886225438941319212055848663501002202	28228260768691513496188587972843107876	198	21710	415458
3346	112360456370931739191162535776853904816	112360456370931739191162535776853904816	74797026657437617852051548575900743676	202	21588	417521
3347	112360456370931739191162535776853904816	66394815128277845885686952959050034664	26852294975351349811305984459553879142	216	21500	421771
3348	20429173885623952580211370141246164512	20429173885623952580211370141246164512	9141234481114537008631493518277703404	218	21414	410293
3349	20429173885623952580211370141246164512	20429173885623952580211370141246164512	9141234481114537008631493518277703404	201	21421	414528
3350	20429173885623952580211370141246164512	20429173885623952580211370141246164512	9141234481114537008631493518277703404	187	21340	412122
3351	20429173885623952580211370141246164512	20429173885623952580211370141246164512	9141234481114537008631493518277703404	201	21424	412653
3352	15590685333765648021740256160424704496	15590685333765648021740256160424704496	7866288098626766666330658957783607724	200	21310	430151
3353	15590685333765648021740256160424704496	12566629988854207672695809922411291986	7769193344012361781491734143647585230	215	21551	411438
3354	10752196781907343463269142179603244480	10752196781907343463269142179603244480	7769193344012361781491734143647585230	199	21023	415788
3355	10752196781907343463269142179603244480	4099275023102174695371360455973736958	1586503837523794600956849904894547462	182	21133	417863
3356	5913708230049038904798028198781784464	5913708230049038904798028198781784464	4007507542763024461508874835597166342	203	20866	412945
3357	5913708230049038904798028198781784464	3494463954119886625562471208371054456	1551145340180849410799679658527741596	199	20831	408167
3358	1075219678190734346326914217960324448	1075219678190734346326914217960324448	548328604614897285548449599329515814	208	20717	407772
3359	1075219678190734346326914217960324448	1075219678190734346326914217960324448	548328604614897285548449599329515814	188	20835	440200
