id	first_codeword	ind_status	ind_complete	ind_decoded	ind_ties	ind_score	ind_bound	ind_q_hist	ind_q_disc	ind_q_code	ind_q_score	ind_frontier_updates	ind_bound_calls	ind_chain_calls	ind_uac_calls	ind_bound_ns	ind_total_ns	cr_status	cr_complete	cr_decoded	cr_ties	cr_score	cr_bound	cr_q_hist	cr_q_disc	cr_q_code	cr_q_score	cr_frontier_updates	cr_bound_calls	cr_chain_calls	cr_uac_calls	cr_bound_ns	cr_total_ns	ac_status	ac_complete	ac_decoded	ac_ties	ac_score	ac_bound	ac_q_hist	ac_q_disc	ac_q_code	ac_q_score	ac_frontier_updates	ac_bound_calls	ac_chain_calls	ac_uac_calls	ac_bound_ns	ac_total_ns	fast_status	fast_complete	fast_decoded	fast_ties	fast_score	fast_bound	fast_q_hist	fast_q_disc	fast_q_code	fast_q_score	fast_frontier_updates	fast_bound_calls	fast_chain_calls	fast_uac_calls	fast_bound_ns	fast_total_ns
0	0xe932	CERTIFIED	1	0xe932	0xe932	1755044714199112425922763779200	990370226556635271090007580514	31	17	17	1	15	13	0	0	1709	5997	CERTIFIED	1	0xe932	0xe932	1755044714199112425922763779200	990370226556635271090007580514	31	17	17	1	15	13	12	0	72090	74490	CERTIFIED	1	0xe932	0xe932	1755044714199112425922763779200	886209385510569229042411100898	23	15	15	1	7	5	5	5	272923	275070	CERTIFIED	1	0xe932	0xe932	1755044714199112425922763779200	886209385510569229042411100898	24	15	15	1	8	6	6	2	137769	139584
1	0x7ccc	CERTIFIED	1	0x7ccc	0x7ccc	4326531442651496699741202043698	3544482916097431496532658709208	28	15	15	2	12	7	0	0	743	2028	CERTIFIED	1	0x7ccc	0x7ccc	4326531442651496699741202043698	3544482916097431496532658709208	24	13	13	1	8	3	3	0	18422	20089	CERTIFIED	1	0x7ccc	0x7ccc	4326531442651496699741202043698	1755043836857147942634044379600	22	13	13	1	6	1	1	1	55457	56310	CERTIFIED	1	0x7ccc	0x7ccc	4326531442651496699741202043698	3544482916097431496532658709208	24	13	13	1	8	3	3	0	17445	18204
2	0xc398	CERTIFIED	1	0xc398	0xc398	3483848013038093868592125462498	2693112019583832754718441666310	29	16	16	2	13	14	0	0	1468	2959	CERTIFIED	1	0xc398	0xc398	3483848013038093868592125462498	1841741123070234012904224623412	24	15	15	2	8	9	7	0	41215	42378	CERTIFIED	1	0xc398	0xc398	3483848013038093868592125462498	2606502485561657754252959811000	22	13	13	2	6	7	5	7	361873	363611	CERTIFIED	1	0xc398	0xc398	3483848013038093868592125462498	1841741123070234012904224623412	24	15	15	2	8	9	7	3	173284	175162
3	0x317	CERTIFIED	1	0x317	0x317	2588952951757864733127837557004	1841741123070234012904224623412	30	15	15	1	14	14	0	0	1481	2686	CERTIFIED	1	0x317	0x317	2588952951757864733127837557004	1841741123070234012904224623412	30	15	15	1	14	14	12	0	70134	71204	CERTIFIED	1	0x317	0x317	2588952951757864733127837557004	912361275812289949940800004004	22	11	11	1	6	6	5	6	286741	287574	CERTIFIED	1	0x317	0x317	2588952951757864733127837557004	912361275812289949940800004004	24	13	13	1	8	8	7	4	220589	221815
4	0xdd51	CERTIFIED	1	0xdd51	0xdd51	47185783755522992782	41548347660709974292	30	17	17	2	14	15	0	0	1586	3256	CERTIFIED	1	0xdd51	0xdd51	47185783755522992782	41548347660709974292	24	17	17	2	8	9	7	0	42072	43257	CERTIFIED	1	0xdd51	0xdd51	47185783755522992782	46470883002699972796	22	16	16	2	6	7	5	7	323769	325233	CERTIFIED	1	0xdd51	0xdd51	47185783755522992782	41548347660709974292	24	17	17	2	8	9	7	3	162676	163960
5	0x85d0	CERTIFIED	1	0x85d0	0x85d0	18592311281191345276	12784106972526145936	32	17	17	2	16	17	0	0	1691	3125	CERTIFIED	1	0x85d0	0x85d0	18592311281191345276	12784106972526145936	32	17	17	2	16	17	13	0	78003	79694	CERTIFIED	1	0x85d0	0x85d0	18592311281191345276	18589773019760615662	29	15	15	2	13	14	12	14	699135	701029	CERTIFIED	1	0x85d0	0x85d0	18592311281191345276	12784106972526145936	32	17	17	2	16	17	13	4	242359	244327
6	0x512a	CERTIFIED	1	0x512a	0x512a	16827962422666220764	12784106972526145936	32	17	17	1	16	9	0	0	865	1695	CERTIFIED	1	0x512a	0x512a	16827962422666220764	12784106972526145936	32	17	17	1	16	9	7	0	38077	38987	CERTIFIED	1	0x512a	0x512a	16827962422666220764	12784106972526145936	32	17	17	1	16	9	7	8	342476	344013	CERTIFIED	1	0x512a	0x512a	16827962422666220764	12784106972526145936	32	17	17	1	16	9	7	1	79088	80151
7	0x9cc1	CERTIFIED	1	0x9861	0x9861	3377751547012758124	2943708842357994130	509	229	229	4	29	15	0	0	1443	14011	CERTIFIED	1	0x9861	0x9861	3377751547012758124	2943708842357994130	504	227	227	4	24	10	7	0	36939	47849	CERTIFIED	1	0x9861	0x9861	3377751547012758124	3284933657623606564	502	227	227	4	22	8	5	8	375032	385116	CERTIFIED	1	0x9861	0x9861	3377751547012758124	2943708842357994130	504	227	227	4	24	10	7	3	175563	187180
8	0xe932	CERTIFIED	1	0xe932	0xe932	1755044714199112425922763779200	990370226556635271090007580514	31	17	17	1	15	11	0	0	1132	4802	CERTIFIED	1	0xe932	0xe932	1755044714199112425922763779200	990370226556635271090007580514	31	17	17	1	15	11	0	0	1419	5475	CERTIFIED	1	0xe932	0xe932	1755044714199112425922763779200	886209385510569229042411100898	29	17	17	1	13	9	0	9	363139	364199	CERTIFIED	1	0xe932	0xe932	1755044714199112425922763779200	990370226556635271090007580514	31	17	17	1	15	11	0	1	40377	41333
9	0x799a	CERTIFIED	1	0x7ccc	0x7ccc	4326531442651496699741202043698	3544482916097431496532658709208	28	16	16	2	12	11	0	0	1080	2166	CERTIFIED	1	0x7ccc	0x7ccc	4326531442651496699741202043698	3544482916097431496532658709208	28	16	16	2	12	11	0	0	1301	2644	CERTIFIED	1	0x7ccc	0x7ccc	4326531442651496699741202043698	1755043836857147942634044379600	27	16	16	2	11	10	0	10	421883	423152	CERTIFIED	1	0x7ccc	0x7ccc	4326531442651496699741202043698	3544482916097431496532658709208	28	16	16	2	12	11	0	3	125103	126304
10	0xc398	CERTIFIED	1	0xc398	0xc398	3483848013038093868592125462498	2693112019583832754718441666310	29	16	16	2	13	14	0	0	1424	2573	CERTIFIED	1	0xc398	0xc398	3483848013038093868592125462498	2693112019583832754718441666310	29	16	16	2	13	14	0	0	1611	2675	CERTIFIED	1	0xc398	0xc398	3483848013038093868592125462498	2606502485561657754252959811000	27	14	14	2	11	12	0	12	508565	510033	CERTIFIED	1	0xc398	0xc398	3483848013038093868592125462498	2693112019583832754718441666310	29	16	16	2	13	14	0	4	168431	169763
11	0x317	CERTIFIED	1	0x317	0x317	2588952951757864733127837557004	1841741123070234012904224623412	30	15	15	1	14	14	0	0	1356	2827	CERTIFIED	1	0x317	0x317	2588952951757864733127837557004	1841741123070234012904224623412	30	15	15	1	14	14	0	0	1691	2778	CERTIFIED	1	0x317	0x317	2588952951757864733127837557004	912361275812289949940800004004	26	11	11	1	10	10	0	10	405407	406414	CERTIFIED	1	0x317	0x317	2588952951757864733127837557004	1841741123070234012904224623412	30	15	15	1	14	14	0	4	175963	177751
12	0xdd51	CERTIFIED	1	0xdd51	0xdd51	47185783755522992782	41548347660709974292	30	17	17	2	14	15	0	0	1464	3179	CERTIFIED	1	0xdd51	0xdd51	47185783755522992782	41548347660709974292	30	17	17	2	14	15	0	0	1759	2960	CERTIFIED	1	0xdd51	0xdd51	47185783755522992782	46470883002699972796	26	16	16	2	10	11	0	11	435758	437192	CERTIFIED	1	0xdd51	0xdd51	47185783755522992782	41548347660709974292	30	17	17	2	14	15	0	4	156441	157713
13	0x85d0	CERTIFIED	1	0x85d0	0x85d0	18592311281191345276	12784106972526145936	32	17	17	2	16	17	0	0	1675	2968	CERTIFIED	1	0x85d0	0x85d0	18592311281191345276	12784106972526145936	32	17	17	2	16	17	0	0	2277	3745	CERTIFIED	1	0x85d0	0x85d0	18592311281191345276	16157322821258922436	31	17	17	2	15	16	0	16	679822	681809	CERTIFIED	1	0x85d0	0x85d0	18592311281191345276	12784106972526145936	32	17	17	2	16	17	0	4	170736	172788
14	0x512a	CERTIFIED	1	0x512a	0x512a	16827962422666220764	12784106972526145936	32	17	17	1	16	2	0	0	200	898	CERTIFIED	1	0x512a	0x512a	16827962422666220764	12784106972526145936	32	17	17	1	16	2	0	0	229	899	CERTIFIED	1	0x512a	0x512a	16827962422666220764	12784106972526145936	32	17	17	1	16	2	0	1	40962	42201	CERTIFIED	1	0x512a	0x512a	16827962422666220764	12784106972526145936	32	17	17	1	16	2	0	0	227	1036
15	0x9cc1	CERTIFIED	1	0x9861	0x9861	3377751547012758124	2943708842357994130	509	229	229	4	29	15	0	0	1578	19248	CERTIFIED	1	0x9861	0x9861	3377751547012758124	2943708842357994130	509	229	229	4	29	15	0	0	1892	12918	CERTIFIED	1	0x9861	0x9861	3377751547012758124	3284933657623606564	507	229	229	4	27	13	0	13	554367	564110	CERTIFIED	1	0x9861	0x9861	3377751547012758124	2943708842357994130	509	229	229	4	29	15	0	4	184513	196486
16	0x653d	CERTIFIED	1	0x653d	0x653d	1746267731290740359187523491498	990370226556635271090007580514	31	16	16	1	15	8	0	0	802	2556	CERTIFIED	1	0x653d	0x653d	1746267731290740359187523491498	990370226556635271090007580514	28	16	16	1	12	5	5	0	30130	31012	CERTIFIED	1	0x653d	0x653d	1746267731290740359187523491498	895073225274347885104309819200	24	15	15	1	8	1	1	1	50327	51108	CERTIFIED	1	0x653d	0x653d	1746267731290740359187523491498	895073225274347885104309819200	24	15	15	1	8	1	1	1	47476	48185
17	0x8a00	CERTIFIED	1	0x8a00	0x8a00	2597638699246859637053881611690	1841741123070234012904224623412	30	16	16	1	14	15	0	0	1484	2779	CERTIFIED	1	0x8a00	0x8a00	2597638699246859637053881611690	1841741123070234012904224623412	27	15	15	1	11	12	10	0	56498	57922	CERTIFIED	1	0x8a00	0x8a00	2597638699246859637053881611690	1737580273792454638970536092408	23	11	11	1	7	8	6	8	376252	377408	CERTIFIED	1	0x8a00	0x8a00	2597638699246859637053881611690	938334125412840660376060999008	24	12	12	1	8	9	7	4	207716	209107
18	0x878e	CERTIFIED	1	0x878e	0x878e	2615279459336693701300237460400	1841741123070234012904224623412	30	16	16	1	14	13	0	0	1290	2419	CERTIFIED	1	0x878e	0x878e	2615279459336693701300237460400	1841741123070234012904224623412	28	15	15	1	12	11	11	0	60583	61669	CERTIFIED	1	0x878e	0x878e	2615279459336693701300237460400	1755220227354354210365047750200	22	12	12	1	6	5	5	5	240215	241380	CERTIFIED	1	0x878e	0x878e	2615279459336693701300237460400	895425119976144625779404562498	24	14	14	1	8	7	7	3	161455	162466
19	0x53e5	CERTIFIED	1	0x53e5	0x53e5	886649023452644181966910142898	138999330043036529275790537616	32	17	17	1	16	15	0	0	1445	2527	CERTIFIED	1	0x53e5	0x53e5	886649023452644181966910142898	138999330043036529275790537616	32	17	17	1	16	15	13	0	71312	72355	CERTIFIED	1	0x53e5	0x53e5	886649023452644181966910142898	868834460395004240275467922098	28	16	16	1	12	11	11	11	511009	512584	CERTIFIED	1	0x53e5	0x53e5	886649023452644181966910142898	138999330043036529275790537616	32	17	17	1	16	15	13	3	201697	203058
20	0xcc2	CERTIFIED	1	0xcc2	0xcc2	62411526502617156334	55930468004801888470	29	15	15	1	13	14	0	0	1429	3073	CERTIFIED	1	0xcc2	0xcc2	62411526502617156334	55930468004801888470	27	14	14	1	11	12	10	0	56487	57582	CERTIFIED	1	0xcc2	0xcc2	62411526502617156334	18510204041866874284	23	11	11	1	7	8	6	8	372248	373449	CERTIFIED	1	0xcc2	0xcc2	62411526502617156334	18510204041866874284	24	12	12	1	8	9	7	4	201585	202992
21	0xc177	CERTIFIED	1	0x81f5	0x81f5	5048694274402767040	4457616246999248254	507	227	227	11	27	14	0	0	1413	12585	CERTIFIED	1	0x81f5	0x81f5	5048694274402767040	4457616246999248254	502	226	226	11	22	9	5	0	27573	41236	CERTIFIED	1	0x81f5	0x81f5	5048694274402767040	4457616246999248254	502	226	226	11	22	9	5	8	354685	367531	CERTIFIED	1	0x81f5	0x81f5	5048694274402767040	4457616246999248254	502	226	226	11	22	9	5	3	147279	158979
22	0x727b	CERTIFIED	1	0x727b	0x727b	20061738122819950924	12784106972526145936	32	17	17	1	16	17	0	0	1809	2984	CERTIFIED	1	0x727b	0x727b	20061738122819950924	12784106972526145936	32	17	17	1	16	17	13	0	72198	73366	CERTIFIED	1	0x727b	0x727b	20061738122819950924	17706789119444631244	27	15	15	1	11	12	10	12	594219	595983	CERTIFIED	1	0x727b	0x727b	20061738122819950924	12784106972526145936	32	17	17	1	16	17	13	4	238668	240237
23	0xe5ba	CERTIFIED	1	0xf2db	0xf2db	3282603886412768266	2943708842357994130	509	226	226	7	29	15	0	0	1503	15075	CERTIFIED	1	0xf2db	0xf2db	3282603886412768266	2943708842357994130	507	226	226	7	27	13	10	0	52224	63544	CERTIFIED	1	0xf2db	0xf2db	3282603886412768266	1771014636225232396	503	226	226	7	23	9	6	9	406842	418688	CERTIFIED	1	0xf2db	0xf2db	3282603886412768266	1771014636225232396	504	226	226	7	24	10	7	4	214460	227414
24	0x653d	CERTIFIED	1	0x653d	0x653d	1746267731290740359187523491498	990370226556635271090007580514	31	16	16	1	15	2	0	0	262	1693	CERTIFIED	1	0x653d	0x653d	1746267731290740359187523491498	990370226556635271090007580514	31	16	16	1	15	2	0	0	245	1028	CERTIFIED	1	0x653d	0x653d	1746267731290740359187523491498	1728980567045423131113300151800	30	16	16	1	14	1	0	1	46913	47680	CERTIFIED	1	0x653d	0x653d	1746267731290740359187523491498	990370226556635271090007580514	31	16	16	1	15	2	0	0	251	1008
25	0x8a00	CERTIFIED	1	0x8a00	0x8a00	2597638699246859637053881611690	1841741123070234012904224623412	30	16	16	1	14	15	0	0	1473	2570	CERTIFIED	1	0x8a00	0x8a00	2597638699246859637053881611690	1841741123070234012904224623412	30	16	16	1	14	15	0	0	1933	3216	CERTIFIED	1	0x8a00	0x8a00	2597638699246859637053881611690	1737580273792454638970536092408	29	15	15	1	13	14	0	14	595734	597248	CERTIFIED	1	0x8a00	0x8a00	2597638699246859637053881611690	1841741123070234012904224623412	30	16	16	1	14	15	0	4	171240	172676
26	0x878e	CERTIFIED	1	0x878e	0x878e	2615279459336693701300237460400	1841741123070234012904224623412	30	16	16	1	14	13	0	0	1271	2677	CERTIFIED	1	0x878e	0x878e	2615279459336693701300237460400	1841741123070234012904224623412	30	16	16	1	14	13	0	0	1508	2528	CERTIFIED	1	0x878e	0x878e	2615279459336693701300237460400	1755220227354354210365047750200	27	13	13	1	11	10	0	10	432309	433507	CERTIFIED	1	0x878e	0x878e	2615279459336693701300237460400	1841741123070234012904224623412	30	16	16	1	14	13	0	3	131603	133169
27	0x53e5	CERTIFIED	1	0x53e5	0x53e5	886649023452644181966910142898	138999330043036529275790537616	32	17	17	1	16	14	0	0	1351	2452	CERTIFIED	1	0x53e5	0x53e5	886649023452644181966910142898	138999330043036529275790537616	32	17	17	1	16	14	0	0	1636	2579	CERTIFIED	1	0x53e5	0x53e5	886649023452644181966910142898	868834460395004240275467922098	31	16	16	1	15	13	0	13	538570	539816	CERTIFIED	1	0x53e5	0x53e5	886649023452644181966910142898	138999330043036529275790537616	32	17	17	1	16	14	0	2	90389	91937
28	0xcc2	CERTIFIED	1	0xcc2	0xcc2	62411526502617156334	55930468004801888470	29	14	14	1	13	14	0	0	1389	2683	CERTIFIED	1	0xcc2	0xcc2	62411526502617156334	55930468004801888470	29	14	14	1	13	14	0	0	1671	2627	CERTIFIED	1	0xcc2	0xcc2	62411526502617156334	55930468004801888470	29	14	14	1	13	14	0	13	549107	550429	CERTIFIED	1	0xcc2	0xcc2	62411526502617156334	55930468004801888470	29	14	14	1	13	14	0	4	163291	164528
29	0xc177	CERTIFIED	1	0x81f5	0x81f5	5048694274402767040	4457616246999248254	507	226	226	11	27	14	0	0	1340	11664	CERTIFIED	1	0x81f5	0x81f5	5048694274402767040	4457616246999248254	507	226	226	11	27	14	0	0	1715	15107	CERTIFIED	1	0x81f5	0x81f5	5048694274402767040	2567580530186596822	506	225	225	11	26	13	0	13	528338	541432	CERTIFIED	1	0x81f5	0x81f5	5048694274402767040	4457616246999248254	507	226	226	11	27	14	0	4	158349	171118
30	0x727b	CERTIFIED	1	0x727b	0x727b	20061738122819950924	12784106972526145936	32	17	17	1	16	17	0	0	1658	2855	CERTIFIED	1	0x727b	0x727b	20061738122819950924	12784106972526145936	32	17	17	1	16	17	0	0	2055	3202	CERTIFIED	1	0x727b	0x727b	20061738122819950924	16110849984400186414	31	16	16	1	15	16	0	16	690766	692934	CERTIFIED	1	0x727b	0x727b	20061738122819950924	12784106972526145936	32	17	17	1	16	17	0	4	171004	172823
31	0xe5ba	CERTIFIED	1	0xf2db	0xf2db	3282603886412768266	2943708842357994130	509	227	227	7	29	15	0	0	1492	14185	CERTIFIED	1	0xf2db	0xf2db	3282603886412768266	2943708842357994130	509	227	227	7	29	15	0	0	1780	12548	CERTIFIED	1	0xf2db	0xf2db	3282603886412768266	2943708842357994130	509	227	227	7	29	15	0	14	573648	585046	CERTIFIED	1	0xf2db	0xf2db	3282603886412768266	2943708842357994130	509	227	227	7	29	15	0	4	173072	186812
32	0xbbce	CERTIFIED	1	0xbbce	0xbbce	1781107088579441223419523582306	990370226556635271090007580514	31	17	17	3	15	16	0	0	1565	3294	CERTIFIED	1	0xbbce	0xbbce	1781107088579441223419523582306	990370226556635271090007580514	30	17	17	3	14	15	13	0	81449	83067	CERTIFIED	1	0xbbce	0xbbce	1781107088579441223419523582306	1754957848660733625760052832906	22	16	16	3	6	7	5	7	331895	334052	CERTIFIED	1	0xbbce	0xbbce	1781107088579441223419523582306	894989027663081040261365332506	24	17	17	3	8	9	7	4	206379	207892
33	0x4584	CERTIFIED	1	0x4584	0x4584	3466559962591494207850520297694	2693112019583832754718441666310	29	15	15	1	13	14	0	0	1415	2663	CERTIFIED	1	0x4584	0x4584	3466559962591494207850520297694	2693112019583832754718441666310	25	14	14	1	9	10	8	0	47399	48724	CERTIFIED	1	0x4584	0x4584	3466559962591494207850520297694	3457785638747289761348762467494	19	9	9	1	3	4	2	4	183239	184164	CERTIFIED	1	0x4584	0x4584	3466559962591494207850520297694	3457785638747289761348762467494	20	10	10	1	4	5	3	3	138226	139037
34	0x962c	CERTIFIED	1	0x962c	0x962c	2606415637570118243756023252698	1841741123070234012904224623412	30	16	16	1	14	15	0	0	1516	2832	CERTIFIED	1	0x962c	0x962c	2606415637570118243756023252698	1841741123070234012904224623412	26	15	15	1	10	11	9	0	50293	51311	CERTIFIED	1	0x962c	0x962c	2606415637570118243756023252698	2606415628707173908669739250600	20	11	11	1	4	5	3	5	226754	227959	CERTIFIED	1	0x962c	0x962c	2606415637570118243756023252698	2606415628707173908669739250600	20	11	11	1	4	5	3	3	135476	136431
35	0x4836	CERTIFIED	1	0x4836	0x4836	1772507382554051337138571895004	990370226556635271090007580514	31	16	16	2	15	13	0	0	1249	2582	CERTIFIED	1	0x4836	0x4836	1772507382554051337138571895004	990370226556635271090007580514	29	16	16	2	13	11	11	0	60033	61134	CERTIFIED	1	0x4836	0x4836	1772507382554051337138571895004	1746271276737961888502263605204	23	13	13	1	7	5	5	5	236616	237603	CERTIFIED	1	0x4836	0x4836	1772507382554051337138571895004	903673835679976425041305164804	24	14	14	2	8	6	6	2	117050	118308
36	0xd11c	CERTIFIED	1	0xc91c	0xc91c,0xd11c	18510314401059514702	12784106972526145936	32	17	17	2	16	10	0	0	1047	2960	CERTIFIED	1	0xc91c	0xc91c,0xd11c	18510314401059514702	12784106972526145936	32	17	17	2	16	10	8	0	45151	46550	CERTIFIED	1	0xc91c	0xc91c,0xd11c	18510314401059514702	16949934159559524556	30	17	17	2	14	8	8	8	375416	376791	CERTIFIED	1	0xc91c	0xc91c,0xd11c	18510314401059514702	12784106972526145936	32	17	17	2	16	10	8	1	84785	86015
37	0x6fd0	CERTIFIED	1	0x6fd0	0x6fd0	61578976753337842942	55930468004801888470	29	16	16	2	13	14	0	0	1409	2709	CERTIFIED	1	0x6fd0	0x6fd0	61578976753337842942	55930468004801888470	24	15	15	2	8	9	7	0	39873	41279	CERTIFIED	1	0x6fd0	0x6fd0	61578976753337842942	47396060560340443276	20	14	14	2	4	5	3	5	237851	239570	CERTIFIED	1	0x6fd0	0x6fd0	61578976753337842942	47396060560340443276	20	14	14	2	4	5	3	3	141128	142438
38	0x8ad9	CERTIFIED	1	0x8ad9	0x8ad9	16954121694797165680	12784106972526145936	32	17	17	1	16	17	0	0	1671	3190	CERTIFIED	1	0x8ad9	0x8ad9	16954121694797165680	12784106972526145936	32	17	17	1	16	17	13	0	72683	73925	CERTIFIED	1	0x8ad9	0x8ad9	16954121694797165680	16110848406763612960	31	17	17	1	15	16	13	16	716499	718294	CERTIFIED	1	0x8ad9	0x8ad9	16954121694797165680	12784106972526145936	32	17	17	1	16	17	13	4	237264	238973
39	0xa1bd	CERTIFIED	1	0xa1bd	0xa1bd	63216823339692846502	55930468004801888470	29	16	16	1	13	14	0	0	1411	2519	CERTIFIED	1	0xa1bd	0xa1bd	63216823339692846502	55930468004801888470	24	16	16	1	8	9	7	0	38954	39821	CERTIFIED	1	0xa1bd	0xa1bd	63216823339692846502	33687125482976518876	22	14	14	1	6	7	5	7	309541	310462	CERTIFIED	1	0xa1bd	0xa1bd	63216823339692846502	55930468004801888470	24	16	16	1	8	9	7	3	165131	166599
40	0xbbce	CERTIFIED	1	0xbbce	0xbbce	1781107088579441223419523582306	990370226556635271090007580514	31	17	17	3	15	16	0	0	1607	3235	CERTIFIED	1	0xbbce	0xbbce	1781107088579441223419523582306	990370226556635271090007580514	31	17	17	3	15	16	0	0	1994	3415	CERTIFIED	1	0xbbce	0xbbce	1781107088579441223419523582306	1754957848660733625760052832906	27	16	16	3	11	12	0	12	500102	501701	CERTIFIED	1	0xbbce	0xbbce	1781107088579441223419523582306	990370226556635271090007580514	31	17	17	3	15	16	0	4	166697	168153
41	0x4584	CERTIFIED	1	0x4584	0x4584	3466559962591494207850520297694	2693112019583832754718441666310	29	15	15	1	13	14	0	0	1453	2553	CERTIFIED	1	0x4584	0x4584	3466559962591494207850520297694	2693112019583832754718441666310	29	15	15	1	13	14	0	0	1633	2901	CERTIFIED	1	0x4584	0x4584	3466559962591494207850520297694	3457785638747289761348762467494	20	9	9	1	4	5	0	5	211368	212249	CERTIFIED	1	0x4584	0x4584	3466559962591494207850520297694	3457785638747289761348762467494	20	9	9	1	4	5	0	3	120159	120916
42	0x962c	CERTIFIED	1	0x962c	0x962c	2606415637570118243756023252698	1841741123070234012904224623412	30	16	16	1	14	15	0	0	1473	2973	CERTIFIED	1	0x962c	0x962c	2606415637570118243756023252698	1841741123070234012904224623412	30	16	16	1	14	15	0	0	1741	2828	CERTIFIED	1	0x962c	0x962c	2606415637570118243756023252698	2606415628707173908669739250600	23	12	12	1	7	8	0	8	326630	327771	CERTIFIED	1	0x962c	0x962c	2606415637570118243756023252698	2606415628707173908669739250600	24	13	13	1	8	9	0	4	162925	164247
43	0x4836	CERTIFIED	1	0x4836	0x4836	1772507382554051337138571895004	990370226556635271090007580514	31	16	16	2	15	11	0	0	1089	2231	CERTIFIED	1	0x4836	0x4836	1772507382554051337138571895004	990370226556635271090007580514	31	16	16	2	15	11	0	0	1234	2271	CERTIFIED	1	0x4836	0x4836	1772507382554051337138571895004	1746271276737961888502263605204	28	14	14	1	12	8	0	8	320714	321674	CERTIFIED	1	0x4836	0x4836	1772507382554051337138571895004	990370226556635271090007580514	31	16	16	2	15	11	0	1	43696	45380
44	0xc91c	CERTIFIED	1	0xc91c	0xc91c,0xd11c	18510314401059514702	12784106972526145936	32	17	17	2	16	5	0	0	556	1872	CERTIFIED	1	0xc91c	0xc91c,0xd11c	18510314401059514702	12784106972526145936	32	17	17	2	16	5	0	0	622	1606	CERTIFIED	1	0xc91c	0xc91c,0xd11c	18510314401059514702	16949934159559524556	30	17	17	2	14	3	0	3	129475	130397	CERTIFIED	1	0xc91c	0xc91c,0xd11c	18510314401059514702	12784106972526145936	32	17	17	2	16	5	0	0	611	1622
45	0x6fd0	CERTIFIED	1	0x6fd0	0x6fd0	61578976753337842942	55930468004801888470	29	16	16	2	13	14	0	0	1404	2686	CERTIFIED	1	0x6fd0	0x6fd0	61578976753337842942	55930468004801888470	29	16	16	2	13	14	0	0	1638	3072	CERTIFIED	1	0x6fd0	0x6fd0	61578976753337842942	47396060560340443276	22	15	15	2	6	7	0	7	301748	303406	CERTIFIED	1	0x6fd0	0x6fd0	61578976753337842942	47396060560340443276	24	15	15	2	8	9	0	4	167400	168962
46	0x8ad9	CERTIFIED	1	0x8ad9	0x8ad9	16954121694797165680	12784106972526145936	32	17	17	1	16	17	0	0	1789	3331	CERTIFIED	1	0x8ad9	0x8ad9	16954121694797165680	12784106972526145936	32	17	17	1	16	17	0	0	2145	3246	CERTIFIED	1	0x8ad9	0x8ad9	16954121694797165680	16110848406763612960	31	17	17	1	15	16	0	16	644834	646699	CERTIFIED	1	0x8ad9	0x8ad9	16954121694797165680	12784106972526145936	32	17	17	1	16	17	0	4	171471	173533
47	0xa1bd	CERTIFIED	1	0xa1bd	0xa1bd	63216823339692846502	55930468004801888470	29	16	16	1	13	14	0	0	1487	2592	CERTIFIED	1	0xa1bd	0xa1bd	63216823339692846502	55930468004801888470	29	16	16	1	13	14	0	0	1787	2767	CERTIFIED	1	0xa1bd	0xa1bd	63216823339692846502	33687125482976518876	26	13	13	1	10	11	0	11	443391	444376	CERTIFIED	1	0xa1bd	0xa1bd	63216823339692846502	55930468004801888470	29	16	16	1	13	14	0	4	168809	170239
48	0x26dc	CERTIFIED	1	0x26dc	0x26dc	1728981453519810402314087980800	990370226556635271090007580514	31	16	16	2	15	16	0	0	1706	3251	CERTIFIED	1	0x26dc	0x26dc	1728981453519810402314087980800	990370226556635271090007580514	26	16	16	2	10	11	9	0	51447	52733	CERTIFIED	1	0x26dc	0x26dc	1728981453519810402314087980800	886385767237096309525453359600	24	15	15	1	8	9	7	9	405959	407085	CERTIFIED	1	0x26dc	0x26dc	1728981453519810402314087980800	886385767237096309525453359600	24	15	15	1	8	9	7	4	207036	208154
49	0x5948	CERTIFIED	1	0x5948	0x5948	868835355639147861783754102596	138999330043036529275790537616	32	17	17	1	16	17	0	0	1694	2803	CERTIFIED	1	0x5948	0x5948	868835355639147861783754102596	138999330043036529275790537616	32	17	17	1	16	17	13	0	72496	73916	CERTIFIED	1	0x5948	0x5948	868835355639147861783754102596	138999330043036529275790537616	32	17	17	1	16	17	13	16	717815	719590	CERTIFIED	1	0x5948	0x5948	868835355639147861783754102596	138999330043036529275790537616	32	17	17	1	16	17	13	4	232749	234488
50	0x9216	CERTIFIED	1	0x9216	0x9216	3457874277232634339781861065796	2693112019583832754718441666310	29	16	16	3	13	14	0	0	1403	2842	CERTIFIED	1	0x9216	0x9216	3457874277232634339781861065796	1841741123070234012904224623412	24	15	15	3	8	9	7	0	39132	40262	CERTIFIED	1	0x9216	0x9216	3457874277232634339781861065796	2597990522595660531930232085796	20	11	11	3	4	5	3	5	215760	217106	CERTIFIED	1	0x9216	0x9216	3457874277232634339781861065796	2597990522595660531930232085796	20	11	11	3	4	5	3	3	133551	134625
51	0x5652	CERTIFIED	1	0x5652	0x5652	1746356378818992077254648558302	990370226556635271090007580514	31	16	16	1	15	10	0	0	984	2081	CERTIFIED	1	0x5652	0x5652	1746356378818992077254648558302	990370226556635271090007580514	26	16	16	1	10	5	5	0	27391	28186	CERTIFIED	1	0x5652	0x5652	1746356378818992077254648558302	1737669797941924374310226178702	22	13	13	1	6	1	1	1	44180	44769	CERTIFIED	1	0x5652	0x5652	1746356378818992077254648558302	877610557006193113350533698302	24	15	15	1	8	3	3	1	56865	57820
52	0x80fe	CERTIFIED	1	0x817f	0x817f,0x887f	21110597698053043618	12784106972526145936	32	17	17	3	16	17	0	0	1715	3466	CERTIFIED	1	0x817f	0x817f,0x887f	21110597698053043618	12784106972526145936	32	17	17	3	16	17	13	0	77326	79202	CERTIFIED	1	0x817f	0x817f,0x887f	21110597698053043618	16289997804326944960	31	17	17	3	15	16	13	16	755662	758093	CERTIFIED	1	0x817f	0x817f,0x887f	21110597698053043618	12784106972526145936	32	17	17	3	16	17	13	4	237062	239031
53	0x8788	CERTIFIED	1	0x8788	0x8788	49834998717693681076	41548347660709974292	30	16	16	4	14	15	0	0	1483	2955	CERTIFIED	1	0x8788	0x8788	49834998717693681076	41548347660709974292	28	15	15	4	12	13	11	0	62133	64037	CERTIFIED	1	0x8788	0x8788	49834998717693681076	33731054250025965262	22	11	11	3	6	7	5	7	325085	326344	CERTIFIED	1	0x8788	0x8788	49834998717693681076	18634247774394704116	24	13	13	3	8	9	7	4	203198	204390
54	0xf054	CERTIFIED	1	0xf054	0xf054	79945058143370286898	70312588348893802648	28	16	16	1	12	13	0	0	1586	2694	CERTIFIED	1	0xf054	0xf054	79945058143370286898	55930468004801888470	23	15	15	1	7	8	6	0	40944	41887	CERTIFIED	1	0xf054	0xf054	79945058143370286898	79146051168866831080	21	13	13	1	5	6	4	6	264994	266080	CERTIFIED	1	0xf054	0xf054	79945058143370286898	55930468004801888470	23	15	15	1	7	8	6	3	151491	152689
55	0x9673	CERTIFIED	1	0x9ca1	0x9ca1	4125981064736232142	3700662544678621192	508	230	230	13	28	15	0	0	1525	15704	CERTIFIED	1	0x9ca1	0x9ca1	4125981064736232142	3700662544678621192	503	229	229	13	23	10	6	0	35059	49746	CERTIFIED	1	0x9ca1	0x9ca1	4125981064736232142	3326980510019605822	502	229	229	13	22	9	5	9	410416	422961	CERTIFIED	1	0x9ca1	0x9ca1	4125981064736232142	3700662544678621192	503	229	229	13	23	10	6	3	166404	180734
56	0x26dc	CERTIFIED	1	0x26dc	0x26dc	1728981453519810402314087980800	990370226556635271090007580514	31	16	16	2	15	16	0	0	1574	3314	CERTIFIED	1	0x26dc	0x26dc	1728981453519810402314087980800	990370226556635271090007580514	31	16	16	2	15	16	0	0	1995	3271	CERTIFIED	1	0x26dc	0x26dc	1728981453519810402314087980800	990370226556635271090007580514	31	16	16	2	15	16	0	15	616544	617994	CERTIFIED	1	0x26dc	0x26dc	1728981453519810402314087980800	990370226556635271090007580514	31	16	16	2	15	16	0	4	163027	164382
57	0x5948	CERTIFIED	1	0x5948	0x5948	868835355639147861783754102596	138999330043036529275790537616	32	17	17	1	16	17	0	0	1635	2927	CERTIFIED	1	0x5948	0x5948	868835355639147861783754102596	138999330043036529275790537616	32	17	17	1	16	17	0	0	1998	3288	CERTIFIED	1	0x5948	0x5948	868835355639147861783754102596	138999330043036529275790537616	32	17	17	1	16	17	0	16	649601	651431	CERTIFIED	1	0x5948	0x5948	868835355639147861783754102596	138999330043036529275790537616	32	17	17	1	16	17	0	4	162747	164574
58	0x9216	CERTIFIED	1	0x9216	0x9216	3457874277232634339781861065796	2693112019583832754718441666310	29	15	15	3	13	14	0	0	1382	2715	CERTIFIED	1	0x9216	0x9216	3457874277232634339781861065796	2693112019583832754718441666310	29	15	15	3	13	14	0	0	1677	2939	CERTIFIED	1	0x9216	0x9216	3457874277232634339781861065796	2597990522595660531930232085796	22	10	10	3	6	7	0	7	278234	279801	CERTIFIED	1	0x9216	0x9216	3457874277232634339781861065796	2597990522595660531930232085796	24	12	12	3	8	9	0	4	156861	158170
59	0x5652	CERTIFIED	1	0x5652	0x5652	1746356378818992077254648558302	990370226556635271090007580514	31	16	16	1	15	6	0	0	594	1464	CERTIFIED	1	0x5652	0x5652	1746356378818992077254648558302	990370226556635271090007580514	31	16	16	1	15	6	0	0	705	1405	CERTIFIED	1	0x5652	0x5652	1746356378818992077254648558302	1737756672613639386425954404596	26	14	14	1	10	1	0	1	40041	40588	CERTIFIED	1	0x5652	0x5652	1746356378818992077254648558302	990370226556635271090007580514	31	16	16	1	15	6	0	0	780	1909
60	0x80fe	CERTIFIED	1	0x817f	0x817f,0x887f	21110597698053043618	12784106972526145936	32	17	17	3	16	17	0	0	1670	3295	CERTIFIED	1	0x817f	0x817f,0x887f	21110597698053043618	12784106972526145936	32	17	17	3	16	17	0	0	2000	3495	CERTIFIED	1	0x817f	0x817f,0x887f	21110597698053043618	16289997804326944960	31	17	17	3	15	16	0	16	673211	675044	CERTIFIED	1	0x817f	0x817f,0x887f	21110597698053043618	12784106972526145936	32	17	17	3	16	17	0	4	174416	176346
61	0x8788	CERTIFIED	1	0x8788	0x8788	49834998717693681076	41548347660709974292	30	16	16	4	14	15	0	0	1483	2929	CERTIFIED	1	0x8788	0x8788	49834998717693681076	41548347660709974292	30	16	16	4	14	15	0	0	1751	3796	CERTIFIED	1	0x8788	0x8788	49834998717693681076	33731054250025965262	27	13	13	4	11	12	0	12	497724	499431	CERTIFIED	1	0x8788	0x8788	49834998717693681076	41548347660709974292	30	16	16	4	14	15	0	4	172296	174016
62	0xf054	CERTIFIED	1	0xf054	0xf054	79945058143370286898	70312588348893802648	28	17	17	1	12	13	0	0	1273	2432	CERTIFIED	1	0xf054	0xf054	79945058143370286898	70312588348893802648	28	17	17	1	12	13	0	0	1583	2546	CERTIFIED	1	0xf054	0xf054	79945058143370286898	79146051168866831080	24	13	13	1	8	9	0	9	365035	366319	CERTIFIED	1	0xf054	0xf054	79945058143370286898	79146051168866831080	24	13	13	1	8	9	0	4	156128	157110
63	0x9673	CERTIFIED	1	0x9ca1	0x9ca1	4125981064736232142	3700662544678621192	508	230	230	13	28	15	0	0	1425	14447	CERTIFIED	1	0x9ca1	0x9ca1	4125981064736232142	3700662544678621192	508	230	230	13	28	15	0	0	1765	12805	CERTIFIED	1	0x9ca1	0x9ca1	4125981064736232142	3326980510019605822	506	230	230	13	26	13	0	13	538544	550606	CERTIFIED	1	0x9ca1	0x9ca1	4125981064736232142	3700662544678621192	508	230	230	13	28	15	0	4	174010	187420
64	0x73df6f	CERTIFIED	1	0x73df6f	0x73df6f	24052165190649413432434201675425511458002122188	17635872969859011484287079358389085791707716220	46	24	24	1	22	12	0	0	1696	6192	CERTIFIED	1	0x73df6f	0x73df6f	24052165190649413432434201675425511458002122188	17635872969859011484287079358389085791707716220	44	23	23	1	20	10	10	0	136143	138476	CERTIFIED	1	0x73df6f	0x73df6f	24052165190649413432434201675425511458002122188	16034264049592897746634625620564626429322513710	35	23	23	1	11	1	1	1	235976	239700	CERTIFIED	1	0x73df6f	0x73df6f	24052165190649413432434201675425511458002122188	8338626914224875658495437917046660075800890110	40	23	23	1	16	6	6	1	253549	256001
65	0xa2d956	CERTIFIED	1	0xa2d956	0xa2d956	16033429781178494359518348253577245078029640800	9779893192376360914013744007833947575401551722	47	25	25	1	23	22	0	0	3051	5747	CERTIFIED	1	0xa2d956	0xa2d956	16033429781178494359518348253577245078029640800	9779893192376360914013744007833947575401551722	42	24	24	1	18	17	17	0	224439	227151	CERTIFIED	1	0xa2d956	0xa2d956	16033429781178494359518348253577245078029640800	8178268075875594359020982100433774726291640400	36	23	23	1	12	11	11	11	1836073	1839040	CERTIFIED	1	0xa2d956	0xa2d956	16033429781178494359518348253577245078029640800	8178268075875594359020982100433774726291640400	40	23	23	1	16	15	15	4	800547	803772
66	0x87bdb8	CERTIFIED	1	0x87bdb8	0x87bdb8	24130708711267124850430960672097090276760357996	17635872969859011484287079358389085791707716220	46	24	24	1	22	20	0	0	2769	5608	CERTIFIED	1	0x87bdb8	0x87bdb8	24130708711267124850430960672097090276760357996	17635872969859011484287079358389085791707716220	44	23	23	1	20	18	18	0	239475	241685	CERTIFIED	1	0x87bdb8	0x87bdb8	24130708711267124850430960672097090276760357996	16196185330549898784547857598170888799631488596	34	20	20	1	10	8	8	8	1430209	1433404	CERTIFIED	1	0x87bdb8	0x87bdb8	24130708711267124850430960672097090276760357996	8260884691234651923029004371307542318227945302	40	23	23	1	16	14	14	3	672455	675740
67	0x2ad137	CERTIFIED	1	0x2ad137	0x2ad137	15953266722224588901891904216831363366536372600	9779893192376360914013744007833947575401551722	47	24	24	1	23	24	0	0	3295	6363	CERTIFIED	1	0x2ad137	0x2ad137	15953266722224588901891904216831363366536372600	9779893192376360914013744007833947575401551722	42	24	24	1	18	19	17	0	228116	230585	CERTIFIED	1	0x2ad137	0x2ad137	15953266722224588901891904216831363366536372600	8178276338413120194429012439385754689649623298	36	22	22	1	12	13	11	13	2160005	2164380	CERTIFIED	1	0x2ad137	0x2ad137	15953266722224588901891904216831363366536372600	8178276338413120194429012439385754689649623298	40	23	23	1	16	17	15	5	1004286	1007869
68	0x2eba4c	CERTIFIED	1	0x2eba4c	0x2eba4c	314370993226991265964172817960	312823759113697464085105311522	1129	529	529	3	25	22	0	0	2999	28804	CERTIFIED	1	0x2eba4c	0x2eba4c	314370993226991265964172817960	312823759113697464085105311522	1129	529	529	3	25	22	19	0	242421	271033	CERTIFIED	1	0x2eba4c	0x2eba4c	314370993226991265964172817960	300053597633125870405295013378	40	24	24	1	16	13	13	13	2260869	2268386	CERTIFIED	1	0x2eba4c	0x2eba4c	314370993226991265964172817960	300053597633125870405295013378	40	24	24	1	16	13	13	3	638550	641984
69	0xc64d7d	CERTIFIED	1	0xc64d7d	0xc64d7d	340794771917571212685418529844	325679530036178181787232927064	48	25	25	1	24	25	0	0	3434	6330	CERTIFIED	1	0xc64d7d	0xc64d7d	340794771917571212685418529844	325679530036178181787232927064	48	25	25	1	24	25	21	0	266239	269678	CERTIFIED	1	0xc64d7d	0xc64d7d	340794771917571212685418529844	301473785145017791832503580214	40	23	23	1	16	17	15	17	2890761	2894911	CERTIFIED	1	0xc64d7d	0xc64d7d	340794771917571212685418529844	301473785145017791832503580214	40	23	23	1	16	17	15	5	983204	987029
70	0x2e1a25	CERTIFIED	1	0x2e1114	0x2e1114	42409624107974447759033722128	29996798819121674638297769598	1151	539	539	4	47	25	0	0	3390	32008	CERTIFIED	1	0x2e1114	0x2e1114	42409624107974447759033722128	29996798819121674638297769598	1148	539	539	4	44	22	19	0	240644	278918	CERTIFIED	1	0x2e1114	0x2e1114	42409624107974447759033722128	29474731991167889847466398738	1140	535	535	4	36	14	11	14	2365254	2393362	CERTIFIED	1	0x2e1114	0x2e1114	42409624107974447759033722128	29474731991167889847466398738	1144	537	537	4	40	18	15	5	954730	985956
71	0x1f83e8	CERTIFIED	1	0x1f83e8	0x1f83e8	22553984074527574916013360600	17141027896640956936170154056	1152	508	508	3	48	25	0	0	3479	32780	CERTIFIED	1	0x1f83e8	0x1f83e8	22553984074527574916013360600	17141027896640956936170154056	1152	508	508	3	48	25	21	0	257389	283364	CERTIFIED	1	0x1f83e8	0x1f83e8	22553984074527574916013360600	21093910368650263487239864098	1151	508	508	3	47	24	21	24	4231578	4259577	CERTIFIED	1	0x1f83e8	0x1f83e8	22553984074527574916013360600	17141027896640956936170154056	1152	508	508	3	48	25	21	5	1103887	1134682
72	0x73df6f	CERTIFIED	1	0x73df6f	0x73df6f	24052165190649413432434201675425511458002122188	17635872969859011484287079358389085791707716220	46	24	24	1	22	2	0	0	340	6216	CERTIFIED	1	0x73df6f	0x73df6f	24052165190649413432434201675425511458002122188	17635872969859011484287079358389085791707716220	46	24	24	1	22	2	0	0	345	2012	CERTIFIED	1	0x73df6f	0x73df6f	24052165190649413432434201675425511458002122188	16034264049592897746634625620564626429322513710	45	24	24	1	21	1	0	1	170918	172689	CERTIFIED	1	0x73df6f	0x73df6f	24052165190649413432434201675425511458002122188	17635872969859011484287079358389085791707716220	46	24	24	1	22	2	0	0	435	2388
73	0xa2d956	CERTIFIED	1	0xa2d956	0xa2d956	16033429781178494359518348253577245078029640800	9779893192376360914013744007833947575401551722	47	25	25	1	23	22	0	0	2980	5457	CERTIFIED	1	0xa2d956	0xa2d956	16033429781178494359518348253577245078029640800	9779893192376360914013744007833947575401551722	47	25	25	1	23	22	0	0	3588	5965	CERTIFIED	1	0xa2d956	0xa2d956	16033429781178494359518348253577245078029640800	15953283080371686001236351302612498936699511000	46	24	24	1	22	21	0	21	3167151	3171578	CERTIFIED	1	0xa2d956	0xa2d956	16033429781178494359518348253577245078029640800	9779893192376360914013744007833947575401551722	47	25	25	1	23	22	0	4	598497	602207
74	0x87bdb8	CERTIFIED	1	0x87bdb8	0x87bdb8	24130708711267124850430960672097090276760357996	17635872969859011484287079358389085791707716220	46	24	24	1	22	19	0	0	2508	4765	CERTIFIED	1	0x87bdb8	0x87bdb8	24130708711267124850430960672097090276760357996	17635872969859011484287079358389085791707716220	46	24	24	1	22	19	0	0	2903	4842	CERTIFIED	1	0x87bdb8	0x87bdb8	24130708711267124850430960672097090276760357996	16196185330549898784547857598170888799631488596	43	21	21	1	19	16	0	16	2617934	2621285	CERTIFIED	1	0x87bdb8	0x87bdb8	24130708711267124850430960672097090276760357996	17635872969859011484287079358389085791707716220	46	24	24	1	22	19	0	3	477594	480873
75	0x2ad137	CERTIFIED	1	0x2ad137	0x2ad137	15953266722224588901891904216831363366536372600	9779893192376360914013744007833947575401551722	47	24	24	1	23	24	0	0	3275	5894	CERTIFIED	1	0x2ad137	0x2ad137	15953266722224588901891904216831363366536372600	9779893192376360914013744007833947575401551722	47	24	24	1	23	24	0	0	3785	5859	CERTIFIED	1	0x2ad137	0x2ad137	15953266722224588901891904216831363366536372600	9779893192376360914013744007833947575401551722	47	24	24	1	23	24	0	23	3581135	3585604	CERTIFIED	1	0x2ad137	0x2ad137	15953266722224588901891904216831363366536372600	9779893192376360914013744007833947575401551722	47	24	24	1	23	24	0	5	818514	821865
76	0x2eba4c	CERTIFIED	1	0x2eba4c	0x2eba4c	314370993226991265964172817960	312823759113697464085105311522	1129	529	529	3	25	19	0	0	2623	33497	CERTIFIED	1	0x2eba4c	0x2eba4c	314370993226991265964172817960	312823759113697464085105311522	1129	529	529	3	25	19	0	0	3066	31363	CERTIFIED	1	0x2eba4c	0x2eba4c	314370993226991265964172817960	285727433452345917693324294360	46	23	23	1	22	16	0	16	2533696	2540777	CERTIFIED	1	0x2eba4c	0x2eba4c	314370993226991265964172817960	110031897511771437225091770924	48	25	25	1	24	18	0	3	472513	476116
77	0xc64d7d	CERTIFIED	1	0xc64d7d	0xc64d7d	340794771917571212685418529844	325679530036178181787232927064	48	25	25	1	24	25	0	0	3328	5769	CERTIFIED	1	0xc64d7d	0xc64d7d	340794771917571212685418529844	325679530036178181787232927064	48	25	25	1	24	25	0	0	3971	7145	CERTIFIED	1	0xc64d7d	0xc64d7d	340794771917571212685418529844	287191469739988715283456705924	46	25	25	1	22	23	0	23	3681234	3685704	CERTIFIED	1	0xc64d7d	0xc64d7d	340794771917571212685418529844	325679530036178181787232927064	48	25	25	1	24	25	0	5	788386	792297
78	0x2e1a25	CERTIFIED	1	0x2e1114	0x2e1114	42409624107974447759033722128	29996798819121674638297769598	1151	539	539	4	47	25	0	0	3337	32442	CERTIFIED	1	0x2e1114	0x2e1114	42409624107974447759033722128	29996798819121674638297769598	1151	539	539	4	47	25	0	0	3958	29455	CERTIFIED	1	0x2e1114	0x2e1114	42409624107974447759033722128	27894073621744542548898728898	1150	538	538	4	46	24	0	24	3734808	3763391	CERTIFIED	1	0x2e1114	0x2e1114	42409624107974447759033722128	29996798819121674638297769598	1151	539	539	4	47	25	0	5	768731	799882
79	0x1f83e8	CERTIFIED	1	0x1f83e8	0x1f83e8	22553984074527574916013360600	17141027896640956936170154056	1152	508	508	3	48	25	0	0	3262	31370	CERTIFIED	1	0x1f83e8	0x1f83e8	22553984074527574916013360600	17141027896640956936170154056	1152	508	508	3	48	25	0	0	3965	28220	CERTIFIED	1	0x1f83e8	0x1f83e8	22553984074527574916013360600	21093910368650263487239864098	1151	508	508	3	47	24	0	24	3883695	3909654	CERTIFIED	1	0x1f83e8	0x1f83e8	22553984074527574916013360600	17141027896640956936170154056	1152	508	508	3	48	25	0	5	838687	868497
80	0x46692	CERTIFIED	1	0x46692	0x46692	8258431053047235515006540714786008957922317008	1923913414893710343740408657278809359095387224	48	25	25	1	24	22	0	0	2947	9448	CERTIFIED	1	0x46692	0x46692	8258431053047235515006540714786008957922317008	1923913414893710343740408657278809359095387224	48	25	25	1	24	22	20	0	256680	259103	CERTIFIED	1	0x46692	0x46692	8258431053047235515006540714786008957922317008	1923913414893710343740408657278809359095387224	48	25	25	1	24	22	20	21	3517275	3521874	CERTIFIED	1	0x46692	0x46692	8258431053047235515006540714786008957922317008	1923913414893710343740408657278809359095387224	48	25	25	1	24	22	20	3	737962	742268
81	0x756cf6	CERTIFIED	1	0x756cf6	0x756cf6	16035867226477739917082912655423382813346100894	9779893192376360914013744007833947575401551722	47	24	24	1	23	22	0	0	3005	5355	CERTIFIED	1	0x756cf6	0x756cf6	16035867226477739917082912655423382813346100894	9779893192376360914013744007833947575401551722	43	24	24	1	19	18	18	0	231973	235075	CERTIFIED	1	0x756cf6	0x756cf6	16035867226477739917082912655423382813346100894	8259248959976232987729959369024594103395093004	36	24	24	1	12	11	11	11	1847736	1851117	CERTIFIED	1	0x756cf6	0x756cf6	16035867226477739917082912655423382813346100894	8178259731564064196438955669826716672936344004	40	24	24	1	16	15	15	4	795446	798843
82	0xe95f24	CERTIFIED	1	0xe95f24	0xe95f24	16034264049601242866962839864652116822873625302	9779893192376360914013744007833947575401551722	47	25	25	1	23	24	0	0	3302	6117	CERTIFIED	1	0xe95f24	0xe95f24	16034264049601242866962839864652116822873625302	9779893192376360914013744007833947575401551722	47	25	25	1	23	24	21	0	264101	266244	CERTIFIED	1	0xe95f24	0xe95f24	16034264049601242866962839864652116822873625302	8339403922494482877787949247696672614402246502	35	23	23	1	11	12	10	12	2030262	2034057	CERTIFIED	1	0xe95f24	0xe95f24	16034264049601242866962839864652116822873625302	8339403922494482877787949247696672614402246502	40	25	25	1	16	17	15	5	966816	970266
83	0x36dc9f	CERTIFIED	1	0x2db9df	0x2db9df	242983877324391274898328477032367116592943608	178140131008676883679667468266556422138461780	1150	531	531	2	46	24	0	0	3292	32584	CERTIFIED	1	0x2db9df	0x2db9df	242983877324391274898328477032367116592943608	178140131008676883679667468266556422138461780	1146	531	531	2	42	20	17	0	216494	243134	CERTIFIED	1	0x2db9df	0x2db9df	242983877324391274898328477032367116592943608	163573375378197662622229606609260582527900094	1140	530	530	2	36	14	11	14	2394346	2422173	CERTIFIED	1	0x2db9df	0x2db9df	242983877324391274898328477032367116592943608	85855940776144308029997125476408156884487890	1144	530	530	2	40	18	15	5	1026202	1052543
84	0xde76be	CERTIFIED	1	0xde3bbe	0xde3bbe	870097620158610301956201070470	814198825090445454468082317660	46	25	25	2	22	24	0	0	3266	10206	CERTIFIED	1	0xde3bbe	0xde3bbe	870097620158610301956201070470	814198825090445454468082317660	45	25	25	2	21	23	20	0	251447	254290	CERTIFIED	1	0xde3bbe	0xde3bbe	870097620158610301956201070470	789996938376409765000754816508	33	23	23	2	9	11	8	11	1900175	1903437	CERTIFIED	1	0xde3bbe	0xde3bbe	870097620158610301956201070470	314442425711853546987516147510	40	24	24	2	16	18	15	5	997971	1001628
85	0xaface1	CERTIFIED	1	0xafac41	0xafac41	30084479832880920971749457760	29996798819121674638297769598	1151	532	532	3	47	25	0	0	3446	32390	CERTIFIED	1	0xafac41	0xafac41	30084479832880920971749457760	29996798819121674638297769598	1149	532	532	3	45	23	20	0	245632	272442	CERTIFIED	1	0xafac41	0xafac41	30084479832880920971749457760	30076155432104566181318775942	1142	530	530	3	38	16	13	16	2705611	2737797	CERTIFIED	1	0xafac41	0xafac41	30084479832880920971749457760	30076155432104566181318775942	1144	531	531	3	40	18	15	5	976289	1006658
86	0x2a26ce	CERTIFIED	1	0x2a26ce	0x2a26ce	529983135086555408455999022658	325679530036178181787232927064	48	25	25	1	24	25	0	0	3412	6093	CERTIFIED	1	0x2a26ce	0x2a26ce	529983135086555408455999022658	325679530036178181787232927064	48	25	25	1	24	25	21	0	265092	267498	CERTIFIED	1	0x2a26ce	0x2a26ce	529983135086555408455999022658	300759575603783373796137348858	36	22	22	1	12	13	11	13	2210371	2217674	CERTIFIED	1	0x2a26ce	0x2a26ce	529983135086555408455999022658	300086918978084162853485540280	40	23	23	1	16	17	15	5	950015	953777
87	0xdc3531	CERTIFIED	1	0xdcb161	0xdcb161	56462448287851891053335689200	55708340664083110042553000682	1149	536	536	2	45	23	0	0	3072	32129	CERTIFIED	1	0xdcb161	0xdcb161	56462448287851891053335689200	55708340664083110042553000682	1140	533	533	2	36	14	11	0	136344	161485	CERTIFIED	1	0xdcb161	0xdcb161	56462448287851891053335689200	45151603612442047337680781898	1138	533	533	2	34	12	9	12	2014305	2040021	CERTIFIED	1	0xdcb161	0xdcb161	56462448287851891053335689200	55708340664083110042553000682	1140	533	533	2	36	14	11	4	797063	822739
88	0x46692	CERTIFIED	1	0x46692	0x46692	8258431053047235515006540714786008957922317008	1923913414893710343740408657278809359095387224	48	25	25	1	24	20	0	0	2719	9144	CERTIFIED	1	0x46692	0x46692	8258431053047235515006540714786008957922317008	1923913414893710343740408657278809359095387224	48	25	25	1	24	20	0	0	3225	5347	CERTIFIED	1	0x46692	0x46692	8258431053047235515006540714786008957922317008	1923913414893710343740408657278809359095387224	48	25	25	1	24	20	0	19	2976161	2980527	CERTIFIED	1	0x46692	0x46692	8258431053047235515006540714786008957922317008	1923913414893710343740408657278809359095387224	48	25	25	1	24	20	0	2	311202	314136
89	0x756cf6	CERTIFIED	1	0x756cf6	0x756cf6	16035867226477739917082912655423382813346100894	9779893192376360914013744007833947575401551722	47	24	24	1	23	22	0	0	3183	5607	CERTIFIED	1	0x756cf6	0x756cf6	16035867226477739917082912655423382813346100894	9779893192376360914013744007833947575401551722	47	24	24	1	23	22	0	0	3528	6268	CERTIFIED	1	0x756cf6	0x756cf6	16035867226477739917082912655423382813346100894	9779893192376360914013744007833947575401551722	47	24	24	1	23	22	0	21	3252270	3256274	CERTIFIED	1	0x756cf6	0x756cf6	16035867226477739917082912655423382813346100894	9779893192376360914013744007833947575401551722	47	24	24	1	23	22	0	4	608122	611513
90	0xe95f24	CERTIFIED	1	0xe95f24	0xe95f24	16034264049601242866962839864652116822873625302	9779893192376360914013744007833947575401551722	47	25	25	1	23	24	0	0	3220	5552	CERTIFIED	1	0xe95f24	0xe95f24	16034264049601242866962839864652116822873625302	9779893192376360914013744007833947575401551722	47	25	25	1	23	24	0	0	3760	5785	CERTIFIED	1	0xe95f24	0xe95f24	16034264049601242866962839864652116822873625302	8177450003695757818159390058339073964684084902	45	25	25	1	21	22	0	22	3447082	3451885	CERTIFIED	1	0xe95f24	0xe95f24	16034264049601242866962839864652116822873625302	9779893192376360914013744007833947575401551722	47	25	25	1	23	24	0	5	767092	770729
91	0x36dc9f	CERTIFIED	1	0x2db9df	0x2db9df	242983877324391274898328477032367116592943608	178140131008676883679667468266556422138461780	1150	530	530	2	46	24	0	0	3292	33208	CERTIFIED	1	0x2db9df	0x2db9df	242983877324391274898328477032367116592943608	178140131008676883679667468266556422138461780	1150	530	530	2	46	24	0	0	3840	31070	CERTIFIED	1	0x2db9df	0x2db9df	242983877324391274898328477032367116592943608	178140131008676883679667468266556422138461780	1150	530	530	2	46	24	0	23	3732352	3761140	CERTIFIED	1	0x2db9df	0x2db9df	242983877324391274898328477032367116592943608	178140131008676883679667468266556422138461780	1150	530	530	2	46	24	0	5	850720	883937
92	0xde76be	CERTIFIED	1	0xde3bbe	0xde3bbe	870097620158610301956201070470	814198825090445454468082317660	46	25	25	2	22	24	0	0	3524	10410	CERTIFIED	1	0xde3bbe	0xde3bbe	870097620158610301956201070470	814198825090445454468082317660	46	25	25	2	22	24	0	0	4114	6636	CERTIFIED	1	0xde3bbe	0xde3bbe	870097620158610301956201070470	789996938376409765000754816508	41	24	24	2	17	19	0	19	3047431	3051583	CERTIFIED	1	0xde3bbe	0xde3bbe	870097620158610301956201070470	814198825090445454468082317660	46	25	25	2	22	24	0	5	811005	814836
93	0xaface1	CERTIFIED	1	0xafac41	0xafac41	30084479832880920971749457760	29996798819121674638297769598	1151	532	532	3	47	25	0	0	3363	31512	CERTIFIED	1	0xafac41	0xafac41	30084479832880920971749457760	29996798819121674638297769598	1151	532	532	3	47	25	0	0	3943	30048	CERTIFIED	1	0xafac41	0xafac41	30084479832880920971749457760	29472627538723006464390517920	1150	532	532	3	46	24	0	24	3810165	3842709	CERTIFIED	1	0xafac41	0xafac41	30084479832880920971749457760	29996798819121674638297769598	1151	532	532	3	47	25	0	5	792935	823813
94	0x2a26ce	CERTIFIED	1	0x2a26ce	0x2a26ce	529983135086555408455999022658	325679530036178181787232927064	48	25	25	1	24	25	0	0	3389	5789	CERTIFIED	1	0x2a26ce	0x2a26ce	529983135086555408455999022658	325679530036178181787232927064	48	25	25	1	24	25	0	0	3933	6012	CERTIFIED	1	0x2a26ce	0x2a26ce	529983135086555408455999022658	272153496742215499943372012280	47	24	24	1	23	24	0	24	3661531	3670611	CERTIFIED	1	0x2a26ce	0x2a26ce	529983135086555408455999022658	325679530036178181787232927064	48	25	25	1	24	25	0	5	757406	761400
95	0xdc3531	CERTIFIED	1	0xdcb161	0xdcb161	56462448287851891053335689200	55708340664083110042553000682	1149	536	536	2	45	23	0	0	3078	32351	CERTIFIED	1	0xdcb161	0xdcb161	56462448287851891053335689200	55708340664083110042553000682	1149	536	536	2	45	23	0	0	3714	28803	CERTIFIED	1	0xdcb161	0xdcb161	56462448287851891053335689200	45151603612442047337680781898	1146	536	536	2	42	20	0	20	3132282	3160316	CERTIFIED	1	0xdcb161	0xdcb161	56462448287851891053335689200	55708340664083110042553000682	1149	536	536	2	45	23	0	5	843608	870008
96	0x1b375f	CERTIFIED	1	0x1b375f	0x1b375f	23969580880135885930399543356289205981268983106	17635872969859011484287079358389085791707716220	46	24	24	1	22	23	0	0	3460	9931	CERTIFIED	1	0x1b375f	0x1b375f	23969580880135885930399543356289205981268983106	17635872969859011484287079358389085791707716220	41	23	23	1	17	18	16	0	204038	206442	CERTIFIED	1	0x1b375f	0x1b375f	23969580880135885930399543356289205981268983106	8337776123272680516057489944700849485811887706	36	23	23	1	12	13	11	13	2241180	2244804	CERTIFIED	1	0x1b375f	0x1b375f	23969580880135885930399543356289205981268983106	8178276259943624319378626391768000381766408506	40	23	23	1	16	17	15	5	988979	992385
97	0x95846a	CERTIFIED	1	0x95846a	0x95846a	8500539685645391781661161771844822514780501604	1923913414893710343740408657278809359095387224	48	25	25	1	24	19	0	0	2541	5283	CERTIFIED	1	0x95846a	0x95846a	8500539685645391781661161771844822514780501604	1923913414893710343740408657278809359095387224	48	25	25	1	24	19	17	0	214252	217590	CERTIFIED	1	0x95846a	0x95846a	8500539685645391781661161771844822514780501604	8102971481426474086096069868195952720879912294	43	24	24	1	19	14	14	14	2371369	2375316	CERTIFIED	1	0x95846a	0x95846a	8500539685645391781661161771844822514780501604	1923913414893710343740408657278809359095387224	48	25	25	1	24	19	17	2	528094	531878
98	0x5ff19	CERTIFIED	1	0x5ff19	0x5ff19	71748424283451772867392249835475437691649766098	64771751634754914905927091461719915089544703208	40	22	22	1	16	12	0	0	1700	3621	CERTIFIED	1	0x5ff19	0x5ff19	71748424283451772867392249835475437691649766098	49059792079789613765380420760609638656932374212	34	19	19	1	10	6	6	0	75520	76987	CERTIFIED	1	0x5ff19	0x5ff19	71748424283451772867392249835475437691649766098	47697895487533023325483800806573709184567641600	29	18	18	1	5	1	1	1	189179	191319	CERTIFIED	1	0x5ff19	0x5ff19	71748424283451772867392249835475437691649766098	47697895487533023325483800806573709184567641600	32	18	18	1	8	4	4	1	222041	224137
99	0x9ba958	CERTIFIED	1	0x9ba958	0x9ba958	8339403756417814900001310186875931219169567800	1923913414893710343740408657278809359095387224	48	25	25	1	24	25	0	0	3342	6125	CERTIFIED	1	0x9ba958	0x9ba958	8339403756417814900001310186875931219169567800	1923913414893710343740408657278809359095387224	48	25	25	1	24	25	21	0	263833	266041	CERTIFIED	1	0x9ba958	0x9ba958	8339403756417814900001310186875931219169567800	8101335584083044624253966284543133929363246498	46	24	24	1	22	23	21	23	3829105	3833360	CERTIFIED	1	0x9ba958	0x9ba958	8339403756417814900001310186875931219169567800	1923913414893710343740408657278809359095387224	48	25	25	1	24	25	21	5	1053761	1057213
100	0xcfef93	CERTIFIED	1	0xdfdf27	0xdfdf27	801428269022020100282514631908	569939177563311818127657622362	47	25	25	2	23	24	0	0	3283	6385	CERTIFIED	1	0xdfdf27	0xdfdf27	801428269022020100282514631908	569939177563311818127657622362	46	25	25	2	22	23	21	0	264625	267062	CERTIFIED	1	0xdfdf27	0xdfdf27	801428269022020100282514631908	792106027138019267420612027748	32	23	23	2	8	9	7	9	1575900	1579380	CERTIFIED	1	0xdfdf27	0xdfdf27	801428269022020100282514631908	792106027138019267420612027748	32	23	23	2	8	9	7	4	745875	749127
101	0xe8d0	CERTIFIED	1	0xe8d0	0xe8d0	896449754616370141588851010110	814198825090445454468082317660	46	23	23	1	22	15	0	0	2194	4182	CERTIFIED	1	0xe8d0	0xe8d0	896449754616370141588851010110	814198825090445454468082317660	46	23	23	1	22	15	14	0	177362	180215	CERTIFIED	1	0xe8d0	0xe8d0	896449754616370141588851010110	367857782324843583837723508230	33	15	15	1	9	2	2	2	352083	353837	CERTIFIED	1	0xe8d0	0xe8d0	896449754616370141588851010110	367857782324843583837723508230	40	20	20	1	16	9	9	2	429282	431444
102	0x6395aa	CERTIFIED	1	0x63dafa	0x63dafa	85108183167956257915441144746	81419882509044545446808231766	1147	535	535	4	43	22	0	0	3068	31856	CERTIFIED	1	0x63dafa	0x63dafa	85108183167956257915441144746	68564111586563827744680616224	1140	534	534	4	36	15	11	0	136007	161889	CERTIFIED	1	0x63dafa	0x63dafa	85108183167956257915441144746	84353988831316267896682177920	1136	532	532	4	32	11	7	11	1824672	1851972	CERTIFIED	1	0x63dafa	0x63dafa	85108183167956257915441144746	84353988831316267896682177920	1136	532	532	4	32	11	7	4	722677	752363
103	0xa5ba6a	CERTIFIED	1	0xa45d6b	0xa45d6b	42259263380025783247828397058	29996798819121674638297769598	1151	547	547	9	47	26	0	0	3457	29690	CERTIFIED	1	0xa45d6b	0xa45d6b	42259263380025783247828397058	29996798819121674638297769598	1148	546	546	9	44	23	19	0	231134	255568	CERTIFIED	1	0xa45d6b	0xa45d6b	42259263380025783247828397058	41501424539738718734352440658	1139	546	546	9	35	14	10	14	2242137	2269418	CERTIFIED	1	0xa45d6b	0xa45d6b	42259263380025783247828397058	17934703609900403621239356174	1144	546	546	9	40	19	15	5	955072	986859
104	0x1b375f	CERTIFIED	1	0x1b375f	0x1b375f	23969580880135885930399543356289205981268983106	17635872969859011484287079358389085791707716220	46	23	23	1	22	23	0	0	3086	6169	CERTIFIED	1	0x1b375f	0x1b375f	23969580880135885930399543356289205981268983106	17635872969859011484287079358389085791707716220	46	23	23	1	22	23	0	0	3729	6103	CERTIFIED	1	0x1b375f	0x1b375f	23969580880135885930399543356289205981268983106	17635872969859011484287079358389085791707716220	46	23	23	1	22	23	0	22	3574505	3578564	CERTIFIED	1	0x1b375f	0x1b375f	23969580880135885930399543356289205981268983106	17635872969859011484287079358389085791707716220	46	23	23	1	22	23	0	5	821370	824851
105	0x95846a	CERTIFIED	1	0x95846a	0x95846a	8500539685645391781661161771844822514780501604	1923913414893710343740408657278809359095387224	48	25	25	1	24	14	0	0	1884	4027	CERTIFIED	1	0x95846a	0x95846a	8500539685645391781661161771844822514780501604	1923913414893710343740408657278809359095387224	48	25	25	1	24	14	0	0	2476	5099	CERTIFIED	1	0x95846a	0x95846a	8500539685645391781661161771844822514780501604	8017933613656260161386971539202920070108239694	47	25	25	1	23	13	0	13	2069355	2073204	CERTIFIED	1	0x95846a	0x95846a	8500539685645391781661161771844822514780501604	1923913414893710343740408657278809359095387224	48	25	25	1	24	14	0	1	157110	160196
106	0x5ff19	CERTIFIED	1	0x5ff19	0x5ff19	71748424283451772867392249835475437691649766098	64771751634754914905927091461719915089544703208	40	19	19	1	16	8	0	0	1078	2534	CERTIFIED	1	0x5ff19	0x5ff19	71748424283451772867392249835475437691649766098	64771751634754914905927091461719915089544703208	40	19	19	1	16	8	0	0	1298	2534	CERTIFIED	1	0x5ff19	0x5ff19	71748424283451772867392249835475437691649766098	47697895487533023325483800806573709184567641600	33	19	19	1	9	1	0	1	177585	179756	CERTIFIED	1	0x5ff19	0x5ff19	71748424283451772867392249835475437691649766098	64771751634754914905927091461719915089544703208	40	19	19	1	16	8	0	0	1463	3831
107	0x9ba958	CERTIFIED	1	0x9ba958	0x9ba958	8339403756417814900001310186875931219169567800	1923913414893710343740408657278809359095387224	48	25	25	1	24	25	0	0	3319	5759	CERTIFIED	1	0x9ba958	0x9ba958	8339403756417814900001310186875931219169567800	1923913414893710343740408657278809359095387224	48	25	25	1	24	25	0	0	3981	6032	CERTIFIED	1	0x9ba958	0x9ba958	8339403756417814900001310186875931219169567800	8017966329933674595865466377718211788455698000	47	25	25	1	23	24	0	24	3698955	3703941	CERTIFIED	1	0x9ba958	0x9ba958	8339403756417814900001310186875931219169567800	1923913414893710343740408657278809359095387224	48	25	25	1	24	25	0	5	790622	794142
108	0xcfef93	CERTIFIED	1	0xdfdf27	0xdfdf27	801428269022020100282514631908	569939177563311818127657622362	47	25	25	2	23	24	0	0	3330	6653	CERTIFIED	1	0xdfdf27	0xdfdf27	801428269022020100282514631908	569939177563311818127657622362	47	25	25	2	23	24	0	0	3791	6267	CERTIFIED	1	0xdfdf27	0xdfdf27	801428269022020100282514631908	792106027138019267420612027748	38	24	24	2	14	15	0	15	2492376	2495941	CERTIFIED	1	0xdfdf27	0xdfdf27	801428269022020100282514631908	792106027138019267420612027748	40	24	24	2	16	17	0	5	817556	821099
109	0xe8d0	CERTIFIED	1	0xe8d0	0xe8d0	896449754616370141588851010110	814198825090445454468082317660	46	23	23	1	22	9	0	0	1298	3079	CERTIFIED	1	0xe8d0	0xe8d0	896449754616370141588851010110	814198825090445454468082317660	46	23	23	1	22	9	0	0	1464	4041	CERTIFIED	1	0xe8d0	0xe8d0	896449754616370141588851010110	367857782324843583837723508230	40	17	17	1	16	3	0	3	484263	485844	CERTIFIED	1	0xe8d0	0xe8d0	896449754616370141588851010110	367857782324843583837723508230	40	17	17	1	16	3	0	1	159278	161023
110	0x6395aa	CERTIFIED	1	0x63dafa	0x63dafa	85108183167956257915441144746	81419882509044545446808231766	1147	534	534	4	43	22	0	0	3275	30570	CERTIFIED	1	0x63dafa	0x63dafa	85108183167956257915441144746	81419882509044545446808231766	1147	534	534	4	43	22	0	0	3679	28670	CERTIFIED	1	0x63dafa	0x63dafa	85108183167956257915441144746	84353988831316267896682177920	1143	533	533	4	39	18	0	18	2848125	2876412	CERTIFIED	1	0x63dafa	0x63dafa	85108183167956257915441144746	84353988831316267896682177920	1144	533	533	4	40	19	0	5	781467	812068
111	0xa5ba6a	CERTIFIED	1	0xa45d6b	0xa45d6b	42259263380025783247828397058	29996798819121674638297769598	1151	547	547	9	47	26	0	0	3763	31202	CERTIFIED	1	0xa45d6b	0xa45d6b	42259263380025783247828397058	29996798819121674638297769598	1151	547	547	9	47	26	0	0	4419	28089	CERTIFIED	1	0xa45d6b	0xa45d6b	42259263380025783247828397058	41501424539738718734352440658	1149	547	547	9	45	24	0	24	3640971	3670483	CERTIFIED	1	0xa45d6b	0xa45d6b	42259263380025783247828397058	29996798819121674638297769598	1151	547	547	9	47	26	0	5	803108	834801
112	0xb67ff2	CERTIFIED	1	0xb67ff2	0xb67ff2	8185555544072638147968715886138585576658660090	1923913414893710343740408657278809359095387224	48	25	25	1	24	12	0	0	1625	4538	CERTIFIED	1	0xb67ff2	0xb67ff2	8185555544072638147968715886138585576658660090	1923913414893710343740408657278809359095387224	48	25	25	1	24	12	10	0	132859	135189	CERTIFIED	1	0xb67ff2	0xb67ff2	8185555544072638147968715886138585576658660090	8107028298985412574285340525054748821002160890	43	24	24	1	19	7	7	7	1261072	1263603	CERTIFIED	1	0xb67ff2	0xb67ff2	8185555544072638147968715886138585576658660090	1923913414893710343740408657278809359095387224	48	25	25	1	24	12	10	1	288121	290938
113	0x3d4b2c	CERTIFIED	1	0x3d4b2c	0x3d4b2c	31985878513839937917305263051110870270546201600	25491852747341662054560414708944224008013880718	45	24	24	1	21	12	0	0	1637	3454	CERTIFIED	1	0x3d4b2c	0x3d4b2c	31985878513839937917305263051110870270546201600	25491852747341662054560414708944224008013880718	37	22	22	1	13	4	4	0	55784	58401	CERTIFIED	1	0x3d4b2c	0x3d4b2c	31985878513839937917305263051110870270546201600	24049735676577297559889217503708052494404943298	34	20	20	1	10	1	1	1	174270	176016	CERTIFIED	1	0x3d4b2c	0x3d4b2c	31985878513839937917305263051110870270546201600	25491852747341662054560414708944224008013880718	37	22	22	1	13	4	4	0	51066	52800
114	0xd0f0d	CERTIFIED	1	0xd0f0d	0xd0f0d	32149468410053179521285188500391220704494518396	25491852747341662054560414708944224008013880718	45	23	23	1	21	22	0	0	3019	5767	CERTIFIED	1	0xd0f0d	0xd0f0d	32149468410053179521285188500391220704494518396	25491852747341662054560414708944224008013880718	40	22	22	1	16	17	15	0	190223	192222	CERTIFIED	1	0xd0f0d	0xd0f0d	32149468410053179521285188500391220704494518396	8262487872308834064616943549794024979004447396	35	19	19	1	11	12	10	12	2092002	2095736	CERTIFIED	1	0xd0f0d	0xd0f0d	32149468410053179521285188500391220704494518396	25491852747341662054560414708944224008013880718	40	22	22	1	16	17	15	4	851490	855182
115	0xf08708	CERTIFIED	1	0xf08708	0xf08708	32066066276904891275878699833364561979044839906	25491852747341662054560414708944224008013880718	45	24	24	1	21	11	0	0	1493	3378	CERTIFIED	1	0xf08708	0xf08708	32066066276904891275878699833364561979044839906	25491852747341662054560414708944224008013880718	40	22	22	1	16	6	6	0	75020	76700	CERTIFIED	1	0xf08708	0xf08708	32066066276904891275878699833364561979044839906	8260099749251057189855937668758860733350248106	35	19	19	1	11	1	1	1	181010	182414	CERTIFIED	1	0xf08708	0xf08708	32066066276904891275878699833364561979044839906	25491852747341662054560414708944224008013880718	40	22	22	1	16	6	6	0	80001	82120
116	0x576f76	CERTIFIED	1	0x576f76	0x576f76	287905689934423664105411099592	287112217268736028680850080438	1131	534	534	6	27	17	0	0	2328	28373	CERTIFIED	1	0x576f76	0x576f76	287905689934423664105411099592	287112217268736028680850080438	1130	533	533	6	26	16	13	0	164468	192167	CERTIFIED	1	0x576f76	0x576f76	287905689934423664105411099592	272195048503274817449494320072	45	24	24	1	21	11	11	11	1943949	1950488	CERTIFIED	1	0x576f76	0x576f76	287905689934423664105411099592	123712883134542218942336467230	48	25	25	1	24	14	12	2	479383	482841
117	0xb5ced1	CERTIFIED	1	0xb5c750	0xb5c750	59359056829924134337794744000	55708340664083110042553000682	1149	533	533	15	45	24	0	0	3262	32651	CERTIFIED	1	0xb5c750	0xb5c750	59359056829924134337794744000	55708340664083110042553000682	1144	533	533	15	40	19	15	0	192673	221804	CERTIFIED	1	0xb5c750	0xb5c750	59359056829924134337794744000	42178049861171471885719931640	1139	531	531	15	35	14	10	14	2394017	2426111	CERTIFIED	1	0xb5c750	0xb5c750	59359056829924134337794744000	55708340664083110042553000682	1144	533	533	15	40	19	15	4	830348	869417
118	0xf7941a	CERTIFIED	1	0xff9410	0xff9410	123597964887340202395424714040	119987195276486698553191078392	1144	510	510	9	40	19	0	0	2620	28586	CERTIFIED	1	0xff9410	0xff9410	123597964887340202395424714040	107131424354005980851063462850	1137	508	508	9	33	12	8	0	99335	123252	CERTIFIED	1	0xff9410	0xff9410	123597964887340202395424714040	107131424354005980851063462850	1137	508	508	9	33	12	8	11	1935145	1966528	CERTIFIED	1	0xff9410	0xff9410	123597964887340202395424714040	107131424354005980851063462850	1137	508	508	9	33	12	8	4	721690	750686
119	0x564a80	CERTIFIED	1	0x564a80	0x564a80	545058824375145713129230981632	325679530036178181787232927064	48	25	25	1	24	25	0	0	3377	6240	CERTIFIED	1	0x564a80	0x564a80	545058824375145713129230981632	325679530036178181787232927064	48	25	25	1	24	25	21	0	266649	269091	CERTIFIED	1	0x564a80	0x564a80	545058824375145713129230981632	545056703466288303284463627546	34	18	18	1	10	11	9	11	1828168	1831111	CERTIFIED	1	0x564a80	0x564a80	545058824375145713129230981632	287191573868093753582099799666	40	23	23	1	16	17	15	5	1008422	1015013
120	0xb67ff2	CERTIFIED	1	0xb67ff2	0xb67ff2	8185555544072638147968715886138585576658660090	1923913414893710343740408657278809359095387224	48	25	25	1	24	23	0	0	3116	6124	CERTIFIED	1	0xb67ff2	0xb67ff2	8185555544072638147968715886138585576658660090	1923913414893710343740408657278809359095387224	48	25	25	1	24	23	0	0	3768	6038	CERTIFIED	1	0xb67ff2	0xb67ff2	8185555544072638147968715886138585576658660090	8017132065701120922814430043400285402593146808	47	25	25	1	23	22	0	22	3634670	3638439	CERTIFIED	1	0xb67ff2	0xb67ff2	8185555544072638147968715886138585576658660090	1923913414893710343740408657278809359095387224	48	25	25	1	24	23	0	4	647049	650321
121	0x3d4b2c	CERTIFIED	1	0x3d4b2c	0x3d4b2c	31985878513839937917305263051110870270546201600	25491852747341662054560414708944224008013880718	45	23	23	1	21	3	0	0	404	1767	CERTIFIED	1	0x3d4b2c	0x3d4b2c	31985878513839937917305263051110870270546201600	25491852747341662054560414708944224008013880718	45	23	23	1	21	3	0	0	488	2784	CERTIFIED	1	0x3d4b2c	0x3d4b2c	31985878513839937917305263051110870270546201600	24049735676577297559889217503708052494404943298	43	23	23	1	19	1	0	1	160785	162705	CERTIFIED	1	0x3d4b2c	0x3d4b2c	31985878513839937917305263051110870270546201600	25491852747341662054560414708944224008013880718	45	23	23	1	21	3	0	0	526	2265
122	0xd0f0d	CERTIFIED	1	0xd0f0d	0xd0f0d	32149468410053179521285188500391220704494518396	25491852747341662054560414708944224008013880718	45	22	22	1	21	22	0	0	2996	5171	CERTIFIED	1	0xd0f0d	0xd0f0d	32149468410053179521285188500391220704494518396	25491852747341662054560414708944224008013880718	45	22	22	1	21	22	0	0	3450	5170	CERTIFIED	1	0xd0f0d	0xd0f0d	32149468410053179521285188500391220704494518396	8258422792212455755630307868081923406968675502	44	21	21	1	20	21	0	21	3395479	3400099	CERTIFIED	1	0xd0f0d	0xd0f0d	32149468410053179521285188500391220704494518396	25491852747341662054560414708944224008013880718	45	22	22	1	21	22	0	5	788128	791467
123	0xf08708	CERTIFIED	1	0xf08708	0xf08708	32066066276904891275878699833364561979044839906	25491852747341662054560414708944224008013880718	45	25	25	1	21	1	0	0	151	1596	CERTIFIED	1	0xf08708	0xf08708	32066066276904891275878699833364561979044839906	25491852747341662054560414708944224008013880718	45	25	25	1	21	1	0	0	129	1545	CERTIFIED	1	0xf08708	0xf08708	32066066276904891275878699833364561979044839906	25491852747341662054560414708944224008013880718	45	25	25	1	21	1	0	0	152	1505	CERTIFIED	1	0xf08708	0xf08708	32066066276904891275878699833364561979044839906	25491852747341662054560414708944224008013880718	45	25	25	1	21	1	0	0	152	2161
124	0x576f76	CERTIFIED	1	0x576f76	0x576f76	287905689934423664105411099592	287112217268736028680850080438	1131	533	533	6	27	7	0	0	1122	25996	CERTIFIED	1	0x576f76	0x576f76	287905689934423664105411099592	287112217268736028680850080438	1131	533	533	6	27	7	0	0	1210	28744	CERTIFIED	1	0x576f76	0x576f76	287905689934423664105411099592	272195048503274817449494320072	47	24	24	1	23	3	0	3	527356	533408	CERTIFIED	1	0x576f76	0x576f76	287905689934423664105411099592	123712883134542218942336467230	48	25	25	1	24	4	0	1	160547	163321
125	0xb5ced1	CERTIFIED	1	0xb5c750	0xb5c750	59359056829924134337794744000	55708340664083110042553000682	1149	533	533	15	45	24	0	0	3177	33433	CERTIFIED	1	0xb5c750	0xb5c750	59359056829924134337794744000	55708340664083110042553000682	1149	533	533	15	45	24	0	0	4135	31432	CERTIFIED	1	0xb5c750	0xb5c750	59359056829924134337794744000	42178049861171471885719931640	1148	533	533	15	44	23	0	23	3737597	3771042	CERTIFIED	1	0xb5c750	0xb5c750	59359056829924134337794744000	55708340664083110042553000682	1149	533	533	15	45	24	0	5	801561	833476
126	0xf7941a	CERTIFIED	1	0xff9410	0xff9410	123597964887340202395424714040	119987195276486698553191078392	1144	511	511	9	40	19	0	0	2551	28422	CERTIFIED	1	0xff9410	0xff9410	123597964887340202395424714040	119987195276486698553191078392	1144	511	511	9	40	19	0	0	2955	26597	CERTIFIED	1	0xff9410	0xff9410	123597964887340202395424714040	119987195276486698553191078392	1144	511	511	9	40	19	0	18	2849716	2880935	CERTIFIED	1	0xff9410	0xff9410	123597964887340202395424714040	119987195276486698553191078392	1144	511	511	9	40	19	0	4	626072	655200
127	0x564a80	CERTIFIED	1	0x564a80	0x564a80	545058824375145713129230981632	325679530036178181787232927064	48	25	25	1	24	25	0	0	3352	6041	CERTIFIED	1	0x564a80	0x564a80	545058824375145713129230981632	325679530036178181787232927064	48	25	25	1	24	25	0	0	3978	6005	CERTIFIED	1	0x564a80	0x564a80	545058824375145713129230981632	545056703466288303284463627546	43	22	22	1	19	20	0	20	3075729	3079645	CERTIFIED	1	0x564a80	0x564a80	545058824375145713129230981632	325679530036178181787232927064	48	25	25	1	24	25	0	5	820959	828013
128	0x9cd215d2	CERTIFIED	1	0x9cd215d2	0x9cd215d2	221185583064035586908449307706674436736270319497614224718664902	168651685132527936382443441048211006833610187816410229311116228	62	32	32	1	30	27	0	0	5021	9643	CERTIFIED	1	0x9cd215d2	0x9cd215d2	221185583064035586908449307706674436736270319497614224718664902	168651685132527936382443441048211006833610187816410229311116228	55	31	31	1	23	20	20	0	485564	489191	CERTIFIED	1	0x9cd215d2	0x9cd215d2	221185583064035586908449307706674436736270319497614224718664902	147962642316808695066237291677782309575718271794624968827988102	47	28	28	1	15	12	12	12	5798712	5804411	CERTIFIED	1	0x9cd215d2	0x9cd215d2	221185583064035586908449307706674436736270319497614224718664902	76204309857065485814081499308462210928569632900347669065544102	48	29	29	1	16	13	13	3	1638878	1643304
129	0x6363c69c	CERTIFIED	1	0x6363c69c	0x6363c69c	297389590255641002565163666761150926188549398815676487284820800	241142321724579417809984920095249071174372461526972520857122326	61	31	31	1	29	22	0	0	4399	8116	CERTIFIED	1	0x6363c69c	0x6363c69c	297389590255641002565163666761150926188549398815676487284820800	241142321724579417809984920095249071174372461526972520857122326	55	30	30	1	23	16	16	0	381382	385315	CERTIFIED	1	0x6363c69c	0x6363c69c	297389590255641002565163666761150926188549398815676487284820800	296650041572896465900382887009119317590683055218807600353965698	40	23	23	1	8	1	1	1	506117	508522	CERTIFIED	1	0x6363c69c	0x6363c69c	297389590255641002565163666761150926188549398815676487284820800	296650041572896465900382887009119317590683055218807600353965698	40	23	23	1	8	1	1	1	493777	496765
130	0xd257fa7d	CERTIFIED	1	0xd257fa7d	0xd257fa7d	587337270925282172768041984311142417760063349924448448971539090	531104868092785343520150836283401328537421556369221687041146718	57	32	32	1	25	19	0	0	3740	7216	CERTIFIED	1	0xd257fa7d	0xd257fa7d	587337270925282172768041984311142417760063349924448448971539090	531104868092785343520150836283401328537421556369221687041146718	47	31	31	1	15	9	9	0	215475	218425	CERTIFIED	1	0xd257fa7d	0xd257fa7d	587337270925282172768041984311142417760063349924448448971539090	221193053991838391083733711264038098107076536592233464114853808	39	26	26	1	7	1	1	1	483063	485799	CERTIFIED	1	0xd257fa7d	0xd257fa7d	587337270925282172768041984311142417760063349924448448971539090	221193053991838391083733711264038098107076536592233464114853808	40	26	26	1	8	2	2	1	508004	510808
131	0xa31b3805	CERTIFIED	1	0xa31b3805	0xa31b3805	2294046309039234491215221131988907693029301996838345966576694	1703552375076039761438822636850616230642527149660709386980972	2046	953	953	1	62	31	0	0	5727	60511	CERTIFIED	1	0xa31b3805	0xa31b3805	2294046309039234491215221131988907693029301996838345966576694	1703552375076039761438822636850616230642527149660709386980972	2043	951	951	1	59	28	26	0	606135	659181	CERTIFIED	1	0xa31b3805	0xa31b3805	2294046309039234491215221131988907693029301996838345966576694	2226800050195124485497487540583797467781132754370839517570612	2031	947	947	1	47	16	14	16	7711946	7767097	CERTIFIED	1	0xa31b3805	0xa31b3805	2294046309039234491215221131988907693029301996838345966576694	1531931519374756417195161222481659898392874588810590284985294	2032	947	947	1	48	17	15	5	2701771	2749363
132	0xbdc69aa9	CERTIFIED	1	0xadc29aa8	0xadc29aa8	972440986839346557959294570262482687702	824827895632067085426034069452813892172	2046	977	977	3	62	32	0	0	5930	63104	CERTIFIED	1	0xadc29aa8	0xadc29aa8	972440986839346557959294570262482687702	824827895632067085426034069452813892172	2044	977	977	3	60	30	27	0	649078	703915	CERTIFIED	1	0xadc29aa8	0xadc29aa8	972440986839346557959294570262482687702	740663758820649198270033514556299618862	2030	975	975	3	46	16	13	16	7547752	7607039	CERTIFIED	1	0xadc29aa8	0xadc29aa8	972440986839346557959294570262482687702	330127913676921655925522589840525111098	2032	975	975	3	48	18	15	5	2617660	2676931
133	0x18b1c51f	CERTIFIED	1	0x58b1c71e	0x58b1c71e	768785705604097074653914612212158028200	606491099729461092225025051068245508950	2047	967	967	2	63	33	0	0	6545	66073	CERTIFIED	1	0x58b1c71e	0x58b1c71e	768785705604097074653914612212158028200	606491099729461092225025051068245508950	2047	967	967	2	63	33	29	0	687484	748990	CERTIFIED	1	0x58b1c71e	0x58b1c71e	768785705604097074653914612212158028200	486572377140113369977931463693180226040	2031	962	962	2	47	17	14	17	8302668	8362879	CERTIFIED	1	0x58b1c71e	0x58b1c71e	768785705604097074653914612212158028200	486572377140113369977931463693180226040	2032	963	963	2	48	18	15	5	2613044	2670379
134	0x5d7bdca4	CERTIFIED	1	0x5d7bdca4	0x5d7bdca4	280298476563619210013458604912293175054	273240200720220365760327075639167450348	31786	13848	13848	10	74	43	0	0	8408	889128	CERTIFIED	1	0x5d7bdca4	0x5d7bdca4	280298476563619210013458604912293175054	261748790409556892433958179934716482810	31782	13847	13847	10	70	39	34	0	804049	1745739	CERTIFIED	1	0x5d7bdca4	0x5d7bdca4	280298476563619210013458604912293175054	171803780480087431344069170559730581290	2048	974	974	1	64	33	29	33	15470901	15533140	CERTIFIED	1	0x5d7bdca4	0x5d7bdca4	280298476563619210013458604912293175054	171803780480087431344069170559730581290	2048	974	974	1	64	33	29	6	3386575	3446257
135	0x60af695b	CERTIFIED	1	0x64bcc85b	0x64bcc85b	26990440849877735513115517200080295920	20429173885623952580211370141246164512	31808	13587	13587	3	96	35	0	0	6340	667943	CERTIFIED	1	0x64bcc85b	0x64bcc85b	26990440849877735513115517200080295920	20429173885623952580211370141246164512	31808	13587	13587	3	96	35	29	0	695086	1375019	CERTIFIED	1	0x64bcc85b	0x64bcc85b	26990440849877735513115517200080295920	18717503074359922370849658283321364102	31806	13587	13587	3	94	33	29	33	15589996	16271428	CERTIFIED	1	0x64bcc85b	0x64bcc85b	26990440849877735513115517200080295920	20429173885623952580211370141246164512	31808	13587	13587	3	96	35	29	5	3070921	3734689
136	0x9cd215d2	CERTIFIED	1	0x9cd215d2	0x9cd215d2	221185583064035586908449307706674436736270319497614224718664902	168651685132527936382443441048211006833610187816410229311116228	62	32	32	1	30	24	0	0	4146	9291	CERTIFIED	1	0x9cd215d2	0x9cd215d2	221185583064035586908449307706674436736270319497614224718664902	168651685132527936382443441048211006833610187816410229311116228	62	32	32	1	30	24	0	0	4899	8190	CERTIFIED	1	0x9cd215d2	0x9cd215d2	221185583064035586908449307706674436736270319497614224718664902	147962642316808695066237291677782309575718271794624968827988102	61	31	31	1	29	23	0	23	9556505	9564286	CERTIFIED	1	0x9cd215d2	0x9cd215d2	221185583064035586908449307706674436736270319497614224718664902	168651685132527936382443441048211006833610187816410229311116228	62	32	32	1	30	24	0	2	826662	832423
137	0x6363c69c	CERTIFIED	1	0x6363c69c	0x6363c69c	297389590255641002565163666761150926188549398815676487284820800	241142321724579417809984920095249071174372461526972520857122326	61	32	32	1	29	15	0	0	2632	5589	CERTIFIED	1	0x6363c69c	0x6363c69c	297389590255641002565163666761150926188549398815676487284820800	241142321724579417809984920095249071174372461526972520857122326	61	32	32	1	29	15	0	0	3006	6972	CERTIFIED	1	0x6363c69c	0x6363c69c	297389590255641002565163666761150926188549398815676487284820800	296650041572896465900382887009119317590683055218807600353965698	47	25	25	1	15	1	0	1	436289	438900	CERTIFIED	1	0x6363c69c	0x6363c69c	297389590255641002565163666761150926188549398815676487284820800	296650041572896465900382887009119317590683055218807600353965698	48	25	25	1	16	2	0	1	436383	438719
138	0xd257fa7d	CERTIFIED	1	0xd257fa7d	0xd257fa7d	587337270925282172768041984311142417760063349924448448971539090	531104868092785343520150836283401328537421556369221687041146718	57	30	30	1	25	14	0	0	2449	5527	CERTIFIED	1	0xd257fa7d	0xd257fa7d	587337270925282172768041984311142417760063349924448448971539090	531104868092785343520150836283401328537421556369221687041146718	57	30	30	1	25	14	0	0	2871	5398	CERTIFIED	1	0xd257fa7d	0xd257fa7d	587337270925282172768041984311142417760063349924448448971539090	221193053991838391083733711264038098107076536592233464114853808	44	26	26	1	12	1	0	1	441279	444103	CERTIFIED	1	0xd257fa7d	0xd257fa7d	587337270925282172768041984311142417760063349924448448971539090	221193053991838391083733711264038098107076536592233464114853808	48	26	26	1	16	5	0	1	431028	434149
139	0xa31b3805	CERTIFIED	1	0xa31b3805	0xa31b3805	2294046309039234491215221131988907693029301996838345966576694	1703552375076039761438822636850616230642527149660709386980972	2046	953	953	1	62	31	0	0	5325	56660	CERTIFIED	1	0xa31b3805	0xa31b3805	2294046309039234491215221131988907693029301996838345966576694	1703552375076039761438822636850616230642527149660709386980972	2046	953	953	1	62	31	0	0	6198	53783	CERTIFIED	1	0xa31b3805	0xa31b3805	2294046309039234491215221131988907693029301996838345966576694	2226800050195124485497487540583797467781132754370839517570612	2045	953	953	1	61	30	0	30	12806521	12859164	CERTIFIED	1	0xa31b3805	0xa31b3805	2294046309039234491215221131988907693029301996838345966576694	1703552375076039761438822636850616230642527149660709386980972	2046	953	953	1	62	31	0	5	2166615	2212089
140	0xbdc69aa9	CERTIFIED	1	0xadc29aa8	0xadc29aa8	972440986839346557959294570262482687702	824827895632067085426034069452813892172	2046	977	977	3	62	32	0	0	5572	59360	CERTIFIED	1	0xadc29aa8	0xadc29aa8	972440986839346557959294570262482687702	824827895632067085426034069452813892172	2046	977	977	3	62	32	0	0	6485	56536	CERTIFIED	1	0xadc29aa8	0xadc29aa8	972440986839346557959294570262482687702	740663758820649198270033514556299618862	2042	977	977	3	58	28	0	28	11486720	11540960	CERTIFIED	1	0xadc29aa8	0xadc29aa8	972440986839346557959294570262482687702	824827895632067085426034069452813892172	2046	977	977	3	62	32	0	5	2094359	2148492
141	0x18b1c51f	CERTIFIED	1	0x58b1c71e	0x58b1c71e	768785705604097074653914612212158028200	606491099729461092225025051068245508950	2047	967	967	2	63	33	0	0	5557	56271	CERTIFIED	1	0x58b1c71e	0x58b1c71e	768785705604097074653914612212158028200	606491099729461092225025051068245508950	2047	967	967	2	63	33	0	0	6635	58284	CERTIFIED	1	0x58b1c71e	0x58b1c71e	768785705604097074653914612212158028200	486572377140113369977931463693180226040	2045	966	966	2	61	31	0	31	13310729	13373021	CERTIFIED	1	0x58b1c71e	0x58b1c71e	768785705604097074653914612212158028200	606491099729461092225025051068245508950	2047	967	967	2	63	33	0	5	2141137	2194271
142	0x5d7bdca4	CERTIFIED	1	0x5d7bdca4	0x5d7bdca4	280298476563619210013458604912293175054	273240200720220365760327075639167450348	31786	13848	13848	10	74	43	0	0	7506	788736	CERTIFIED	1	0x5d7bdca4	0x5d7bdca4	280298476563619210013458604912293175054	273240200720220365760327075639167450348	31786	13848	13848	10	74	43	0	0	8864	640145	CERTIFIED	1	0x5d7bdca4	0x5d7bdca4	280298476563619210013458604912293175054	171803780480087431344069170559730581290	2048	974	974	1	64	33	0	33	13967598	14031505	CERTIFIED	1	0x5d7bdca4	0x5d7bdca4	280298476563619210013458604912293175054	171803780480087431344069170559730581290	2048	974	974	1	64	33	0	6	2563930	2621119
143	0x60af695b	CERTIFIED	1	0x64bcc85b	0x64bcc85b	26990440849877735513115517200080295920	20429173885623952580211370141246164512	31808	13587	13587	3	96	35	0	0	6499	617236	CERTIFIED	1	0x64bcc85b	0x64bcc85b	26990440849877735513115517200080295920	20429173885623952580211370141246164512	31808	13587	13587	3	96	35	0	0	7666	620711	CERTIFIED	1	0x64bcc85b	0x64bcc85b	26990440849877735513115517200080295920	18079002479886769255695957065576940404	31807	13587	13587	3	95	34	0	34	14446324	15059647	CERTIFIED	1	0x64bcc85b	0x64bcc85b	26990440849877735513115517200080295920	20429173885623952580211370141246164512	31808	13587	13587	3	96	35	0	5	2221629	2837448
144	0x4a5e6dc6	CERTIFIED	1	0x4a5e6dc6	0x4a5e6dc6	75464611778248628150604249544391349036767710093319022085344498	23670411948424973527360482954134878152085640395285646219104032	64	33	33	1	32	4	0	0	785	4894	CERTIFIED	1	0x4a5e6dc6	0x4a5e6dc6	75464611778248628150604249544391349036767710093319022085344498	23670411948424973527360482954134878152085640395285646219104032	64	33	33	1	32	4	2	0	61729	64900	CERTIFIED	1	0x4a5e6dc6	0x4a5e6dc6	75464611778248628150604249544391349036767710093319022085344498	73977660789151407405274612465882702891292369297238140387843298	61	32	32	1	29	1	1	1	465441	468183	CERTIFIED	1	0x4a5e6dc6	0x4a5e6dc6	75464611778248628150604249544391349036767710093319022085344498	23670411948424973527360482954134878152085640395285646219104032	64	33	33	1	32	4	2	0	45558	48462
145	0xc94a8dd5	CERTIFIED	1	0xc94a8dd5	0xc94a8dd5	75464609491299838601498084175119855517947897950886714758087800	23670411948424973527360482954134878152085640395285646219104032	64	33	33	1	32	21	0	0	3607	7625	CERTIFIED	1	0xc94a8dd5	0xc94a8dd5	75464609491299838601498084175119855517947897950886714758087800	23670411948424973527360482954134878152085640395285646219104032	64	33	33	1	32	21	19	0	423440	427144	CERTIFIED	1	0xc94a8dd5	0xc94a8dd5	75464609491299838601498084175119855517947897950886714758087800	74725060808553706931523735948812205795831887200417520217727800	59	32	32	1	27	16	16	16	7171074	7176570	CERTIFIED	1	0xc94a8dd5	0xc94a8dd5	75464609491299838601498084175119855517947897950886714758087800	23670411948424973527360482954134878152085640395285646219104032	64	33	33	1	32	21	19	1	839363	844057
146	0xbba4060b	CERTIFIED	1	0xbba4060b	0xbba4060b	73992530268394647018399781368437316177349880671936981314573804	23670411948424973527360482954134878152085640395285646219104032	64	33	33	1	32	1	0	0	178	2433	CERTIFIED	1	0xbba4060b	0xbba4060b	73992530268394647018399781368437316177349880671936981314573804	23670411948424973527360482954134878152085640395285646219104032	64	33	33	1	32	1	0	0	185	2381	CERTIFIED	1	0xbba4060b	0xbba4060b	73992530268394647018399781368437316177349880671936981314573804	23670411948424973527360482954134878152085640395285646219104032	64	33	33	1	32	1	0	0	207	3525	CERTIFIED	1	0xbba4060b	0xbba4060b	73992530268394647018399781368437316177349880671936981314573804	23670411948424973527360482954134878152085640395285646219104032	64	33	33	1	32	1	0	0	191	2861
147	0x85f2489c	CERTIFIED	1	0x85f2489c	0x85f2489c	2234349545807287537116876739875707508862773334231012755869004	1703552375076039761438822636850616230642527149660709386980972	2046	968	968	1	62	31	0	0	5358	57115	CERTIFIED	1	0x85f2489c	0x85f2489c	2234349545807287537116876739875707508862773334231012755869004	1703552375076039761438822636850616230642527149660709386980972	2043	967	967	1	59	28	26	0	592896	641625	CERTIFIED	1	0x85f2489c	0x85f2489c	2234349545807287537116876739875707508862773334231012755869004	1509440907795140942543921497739463413770597179765565697220804	2032	964	964	1	48	17	15	17	7555903	7609524	CERTIFIED	1	0x85f2489c	0x85f2489c	2234349545807287537116876739875707508862773334231012755869004	1509440907795140942543921497739463413770597179765565697220804	2032	964	964	1	48	17	15	5	2522052	2566585
148	0xd219af4	CERTIFIED	1	0xd219af4	0xd219af4	5110657447299742454366150899449118037636	4973227017781580956245205418759613173390	2027	961	961	1	43	44	0	0	7553	60365	CERTIFIED	1	0xd219af4	0xd219af4	5110657447299742454366150899449118037636	4754890221878974963044196400375044790168	2023	958	958	1	39	40	35	0	805167	856010	CERTIFIED	1	0xd219af4	0xd219af4	5110657447299742454366150899449118037636	2112707825592961420290574778488738765160	64	33	33	1	32	33	29	33	15271349	15287585	CERTIFIED	1	0xd219af4	0xd219af4	5110657447299742454366150899449118037636	2112707825592961420290574778488738765160	64	33	33	1	32	33	29	6	3241604	3248307
149	0xe8287744	CERTIFIED	1	0xe8287744	0xe8287744	9025264990451939267250456274819426073396	7374931772710246881456304620989865388832	64	33	33	1	32	33	0	0	5674	9859	CERTIFIED	1	0xe8287744	0xe8287744	9025264990451939267250456274819426073396	7374931772710246881456304620989865388832	64	33	33	1	32	33	29	0	679342	684538	CERTIFIED	1	0xe8287744	0xe8287744	9025264990451939267250456274819426073396	5556877058079299173019872994529273278942	47	28	28	1	15	16	14	16	7093525	7099447	CERTIFIED	1	0xe8287744	0xe8287744	9025264990451939267250456274819426073396	5556877058079299173019872994529273278942	48	28	28	1	16	17	15	5	2466017	2471613
150	0x98e778c9	CERTIFIED	1	0x98e778c9	0x98e778c9	766241370858928221014664195990621822218	606491099729461092225025051068245508950	2047	971	971	2	63	32	0	0	6018	58693	CERTIFIED	1	0x98e778c9	0x98e778c9	766241370858928221014664195990621822218	606491099729461092225025051068245508950	2046	970	970	2	62	31	29	0	663444	712669	CERTIFIED	1	0x98e778c9	0x98e778c9	766241370858928221014664195990621822218	704880975260482982543644687592914008128	2031	966	966	2	47	16	14	16	7203801	7251971	CERTIFIED	1	0x98e778c9	0x98e778c9	766241370858928221014664195990621822218	500050132672427510327133210466305805418	2032	966	966	2	48	17	15	5	2516217	2569771
151	0x6f411aba	CERTIFIED	1	0x6341045e	0x6341045e	62198491771923087967282278991506174152	54903404817614372559318057254599067126	31805	13719	13719	7	93	31	0	0	5437	653559	CERTIFIED	1	0x6341045e	0x6341045e	62198491771923087967282278991506174152	54903404817614372559318057254599067126	31799	13717	13717	7	87	25	22	0	481463	1109529	CERTIFIED	1	0x6341045e	0x6341045e	62198491771923087967282278991506174152	61324758458852065751654428603656219512	31790	13715	13715	7	78	16	13	16	7115602	7789761	CERTIFIED	1	0x6341045e	0x6341045e	62198491771923087967282278991506174152	29475103463854156859520130804051805822	31792	13715	13715	7	80	18	15	5	2557612	3354299
152	0x4a5e6dc6	CERTIFIED	1	0x4a5e6dc6	0x4a5e6dc6	75464611778248628150604249544391349036767710093319022085344498	23670411948424973527360482954134878152085640395285646219104032	64	33	33	1	32	7	0	0	1299	5616	CERTIFIED	1	0x4a5e6dc6	0x4a5e6dc6	75464611778248628150604249544391349036767710093319022085344498	23670411948424973527360482954134878152085640395285646219104032	64	33	33	1	32	7	0	0	1449	4690	CERTIFIED	1	0x4a5e6dc6	0x4a5e6dc6	75464611778248628150604249544391349036767710093319022085344498	73977660789151407405274612465882702891292369297238140387843298	63	32	32	1	31	6	0	6	2594615	2598563	CERTIFIED	1	0x4a5e6dc6	0x4a5e6dc6	75464611778248628150604249544391349036767710093319022085344498	23670411948424973527360482954134878152085640395285646219104032	64	33	33	1	32	7	0	0	1561	5428
153	0xc94a8dd5	CERTIFIED	1	0xc94a8dd5	0xc94a8dd5	75464609491299838601498084175119855517947897950886714758087800	23670411948424973527360482954134878152085640395285646219104032	64	33	33	1	32	10	0	0	1881	7238	CERTIFIED	1	0xc94a8dd5	0xc94a8dd5	75464609491299838601498084175119855517947897950886714758087800	23670411948424973527360482954134878152085640395285646219104032	64	33	33	1	32	10	0	0	2017	5628	CERTIFIED	1	0xc94a8dd5	0xc94a8dd5	75464609491299838601498084175119855517947897950886714758087800	74724758158651675242078475792934007870938826765079242620097498	62	33	33	1	30	8	0	8	3296230	3300578	CERTIFIED	1	0xc94a8dd5	0xc94a8dd5	75464609491299838601498084175119855517947897950886714758087800	23670411948424973527360482954134878152085640395285646219104032	64	33	33	1	32	10	0	0	4110	7933
154	0xbba4060b	CERTIFIED	1	0xbba4060b	0xbba4060b	73992530268394647018399781368437316177349880671936981314573804	23670411948424973527360482954134878152085640395285646219104032	64	33	33	1	32	1	0	0	209	2705	CERTIFIED	1	0xbba4060b	0xbba4060b	73992530268394647018399781368437316177349880671936981314573804	23670411948424973527360482954134878152085640395285646219104032	64	33	33	1	32	1	0	0	192	2246	CERTIFIED	1	0xbba4060b	0xbba4060b	73992530268394647018399781368437316177349880671936981314573804	23670411948424973527360482954134878152085640395285646219104032	64	33	33	1	32	1	0	0	221	3325	CERTIFIED	1	0xbba4060b	0xbba4060b	73992530268394647018399781368437316177349880671936981314573804	23670411948424973527360482954134878152085640395285646219104032	64	33	33	1	32	1	0	0	207	2879
155	0x85f2489c	CERTIFIED	1	0x85f2489c	0x85f2489c	2234349545807287537116876739875707508862773334231012755869004	1703552375076039761438822636850616230642527149660709386980972	2046	969	969	1	62	31	0	0	5334	62696	CERTIFIED	1	0x85f2489c	0x85f2489c	2234349545807287537116876739875707508862773334231012755869004	1703552375076039761438822636850616230642527149660709386980972	2046	969	969	1	62	31	0	0	6156	54689	CERTIFIED	1	0x85f2489c	0x85f2489c	2234349545807287537116876739875707508862773334231012755869004	1703552375076039761438822636850616230642527149660709386980972	2046	969	969	1	62	31	0	30	12664090	12717666	CERTIFIED	1	0x85f2489c	0x85f2489c	2234349545807287537116876739875707508862773334231012755869004	1703552375076039761438822636850616230642527149660709386980972	2046	969	969	1	62	31	0	5	2149581	2195090
156	0xd219af4	CERTIFIED	1	0xd219af4	0xd219af4	5110657447299742454366150899449118037636	4973227017781580956245205418759613173390	2027	959	959	1	43	44	0	0	8091	60325	CERTIFIED	1	0xd219af4	0xd219af4	5110657447299742454366150899449118037636	4973227017781580956245205418759613173390	2027	959	959	1	43	44	0	0	9333	57604	CERTIFIED	1	0xd219af4	0xd219af4	5110657447299742454366150899449118037636	2112707825592961420290574778488738765160	64	33	33	1	32	33	0	33	14107331	14121956	CERTIFIED	1	0xd219af4	0xd219af4	5110657447299742454366150899449118037636	2112707825592961420290574778488738765160	64	33	33	1	32	33	0	6	2585929	2591950
157	0xe8287744	CERTIFIED	1	0xe8287744	0xe8287744	9025264990451939267250456274819426073396	7374931772710246881456304620989865388832	64	33	33	1	32	33	0	0	5703	9531	CERTIFIED	1	0xe8287744	0xe8287744	9025264990451939267250456274819426073396	7374931772710246881456304620989865388832	64	33	33	1	32	33	0	0	7044	11426	CERTIFIED	1	0xe8287744	0xe8287744	9025264990451939267250456274819426073396	5083203697993061231431700928497163884996	61	33	33	1	29	30	0	30	12636592	12645207	CERTIFIED	1	0xe8287744	0xe8287744	9025264990451939267250456274819426073396	7374931772710246881456304620989865388832	64	33	33	1	32	33	0	5	2100642	2106361
158	0x98e778c9	CERTIFIED	1	0x98e778c9	0x98e778c9	766241370858928221014664195990621822218	606491099729461092225025051068245508950	2047	971	971	2	63	32	0	0	5862	57061	CERTIFIED	1	0x98e778c9	0x98e778c9	766241370858928221014664195990621822218	606491099729461092225025051068245508950	2047	971	971	2	63	32	0	0	6750	54973	CERTIFIED	1	0x98e778c9	0x98e778c9	766241370858928221014664195990621822218	704880975260482982543644687592914008128	2045	970	970	2	61	30	0	30	12877495	12928342	CERTIFIED	1	0x98e778c9	0x98e778c9	766241370858928221014664195990621822218	606491099729461092225025051068245508950	2047	971	971	2	63	32	0	5	2144841	2198417
159	0x6f411aba	CERTIFIED	1	0x6341045e	0x6341045e	62198491771923087967282278991506174152	54903404817614372559318057254599067126	31805	13719	13719	7	93	31	0	0	5303	628766	CERTIFIED	1	0x6341045e	0x6341045e	62198491771923087967282278991506174152	54903404817614372559318057254599067126	31805	13719	13719	7	93	31	0	0	6427	635803	CERTIFIED	1	0x6341045e	0x6341045e	62198491771923087967282278991506174152	61324758458852065751654428603656219512	31803	13719	13719	7	91	29	0	29	12332050	13002714	CERTIFIED	1	0x6341045e	0x6341045e	62198491771923087967282278991506174152	54903404817614372559318057254599067126	31805	13719	13719	7	93	31	0	5	2217202	2979282
160	0xd301e122	CERTIFIED	1	0xd301e122	0xd301e122	221192905358573160132900817345637369589286019146013682323802792	168651685132527936382443441048211006833610187816410229311116228	62	33	33	2	30	31	0	0	5352	10219	CERTIFIED	1	0xd301e122	0xd301e122	221192905358573160132900817345637369589286019146013682323802792	168651685132527936382443441048211006833610187816410229311116228	57	31	31	2	25	26	24	0	570822	575081	CERTIFIED	1	0xd301e122	0xd301e122	221192905358573160132900817345637369589286019146013682323802792	220438335513411050918139589099472782282075325770198105887267306	46	25	25	2	14	15	13	15	6753795	6759675	CERTIFIED	1	0xd301e122	0xd301e122	221192905358573160132900817345637369589286019146013682323802792	78453524284411591620975013740943526730462969872115562099133106	48	27	27	2	16	17	15	5	2488680	2493349
161	0x2c9a862e	CERTIFIED	1	0x25350d4e	0x25350d4e	1509439344609126234188947598242610433806657716505416687973004	971323722631075302574767292941140833261090041473211492576870	2047	980	980	3	63	33	0	0	5705	52860	CERTIFIED	1	0x25350d4e	0x25350d4e	1509439344609126234188947598242610433806657716505416687973004	971323722631075302574767292941140833261090041473211492576870	2039	980	980	3	55	25	22	0	487677	530259	CERTIFIED	1	0x25350d4e	0x25350d4e	1509439344609126234188947598242610433806657716505416687973004	784758662855994402932181347029295941031087132747984629355898	2032	979	979	3	48	18	15	18	7916620	7969543	CERTIFIED	1	0x25350d4e	0x25350d4e	1509439344609126234188947598242610433806657716505416687973004	784758662855994402932181347029295941031087132747984629355898	2032	979	979	3	48	18	15	5	2417735	2467738
162	0xb09f89c5	CERTIFIED	1	0x713f8945	0x713f8945	5215643159913453838961028657022970212520345045400431764518000	4632466984855897596895044012488517820168275582410700964597380	2042	962	962	7	58	32	0	0	5541	64552	CERTIFIED	1	0x713f8945	0x713f8945	5215643159913453838961028657022970212520345045400431764518000	3900238332410933138030988668579042422786838474223203070193278	2031	960	960	7	47	21	14	0	311989	360025	CERTIFIED	1	0x713f8945	0x713f8945	5215643159913453838961028657022970212520345045400431764518000	5193001596698977579523711449607127245962941013928404234923306	2028	957	957	7	44	18	11	18	7881483	7938857	CERTIFIED	1	0x713f8945	0x713f8945	5215643159913453838961028657022970212520345045400431764518000	3900238332410933138030988668579042422786838474223203070193278	2031	960	960	7	47	21	14	4	1992088	2047280
163	0xa95c20f1	CERTIFIED	1	0xa95c20f1	0xa95c20f1	1502045413425209153998915545091629119005375471393940200569804	971323722631075302574767292941140833261090041473211492576870	2047	963	963	2	63	32	0	0	5573	55631	CERTIFIED	1	0xa95c20f1	0xa95c20f1	1502045413425209153998915545091629119005375471393940200569804	971323722631075302574767292941140833261090041473211492576870	2042	962	962	2	58	27	25	0	564455	609567	CERTIFIED	1	0xa95c20f1	0xa95c20f1	1502045413425209153998915545091629119005375471393940200569804	814950475858207434219363676519048028723693935025234170007694	2040	961	961	2	56	25	23	25	11331075	11381643	CERTIFIED	1	0xa95c20f1	0xa95c20f1	1502045413425209153998915545091629119005375471393940200569804	971323722631075302574767292941140833261090041473211492576870	2042	962	962	2	58	27	25	5	2729191	2779305
164	0x4688f0da	CERTIFIED	1	0x4688f0da	0x4688f0da	5825648381394313912260438226864801794164	5628237405489398935848232473913318323056	2024	949	949	1	40	15	0	0	2703	53324	CERTIFIED	1	0x4688f0da	0x4688f0da	5825648381394313912260438226864801794164	5409900609586792942647223455528749939834	2021	947	947	1	37	12	9	0	208485	255803	CERTIFIED	1	0x4688f0da	0x4688f0da	5825648381394313912260438226864801794164	5107976486857097619901889243495585573084	59	31	31	1	27	2	2	2	910213	920258	CERTIFIED	1	0x4688f0da	0x4688f0da	5825648381394313912260438226864801794164	2839796842325692796339348804892654342488	64	33	33	1	32	7	5	1	550120	553488
165	0xbfe4573f	CERTIFIED	1	0xbfe44c7e	0xbfe44c7e	1432665073179475547302117578251762849768	1261501487437279071828052106221950658616	2044	939	939	3	60	31	0	0	5362	54129	CERTIFIED	1	0xbfe44c7e	0xbfe44c7e	1432665073179475547302117578251762849768	1261501487437279071828052106221950658616	2043	939	939	3	59	30	26	0	587587	631925	CERTIFIED	1	0xbfe44c7e	0xbfe44c7e	1432665073179475547302117578251762849768	801884084664196862120701528450053125414	2027	936	936	3	43	14	10	14	6341446	6394201	CERTIFIED	1	0xbfe44c7e	0xbfe44c7e	1432665073179475547302117578251762849768	559959657071281634197145829408980124614	2032	936	936	3	48	19	15	5	2523764	2574801
166	0xce45ebc6	CERTIFIED	1	0xc72bebe6	0xc72bebe6	753396995725397595020161992665814889352	606491099729461092225025051068245508950	2047	963	963	4	63	33	0	0	5689	56991	CERTIFIED	1	0xc72bebe6	0xc72bebe6	753396995725397595020161992665814889352	606491099729461092225025051068245508950	2045	963	963	4	61	31	28	0	628307	675924	CERTIFIED	1	0xc72bebe6	0xc72bebe6	753396995725397595020161992665814889352	512079442350497185126805046694159503476	2032	961	961	4	48	18	15	18	8125723	8179933	CERTIFIED	1	0xc72bebe6	0xc72bebe6	753396995725397595020161992665814889352	512079442350497185126805046694159503476	2032	961	961	4	48	18	15	5	2517711	2569950
167	0x3fed915d	CERTIFIED	1	0x3fed915d	0x3fed915d	9488415856777195004518975967599973008952	7374931772710246881456304620989865388832	64	33	33	1	32	24	0	0	4179	8098	CERTIFIED	1	0x3fed915d	0x3fed915d	9488415856777195004518975967599973008952	7374931772710246881456304620989865388832	64	33	33	1	32	24	22	0	500595	503698	CERTIFIED	1	0x3fed915d	0x3fed915d	9488415856777195004518975967599973008952	6490767151381013988924864076867561021466	48	31	31	1	16	8	8	8	3550876	3554229	CERTIFIED	1	0x3fed915d	0x3fed915d	9488415856777195004518975967599973008952	6490767151381013988924864076867561021466	48	31	31	1	16	8	8	1	613864	624271
168	0xd301e122	CERTIFIED	1	0xd301e122	0xd301e122	221192905358573160132900817345637369589286019146013682323802792	168651685132527936382443441048211006833610187816410229311116228	62	33	33	2	30	31	0	0	5309	9608	CERTIFIED	1	0xd301e122	0xd301e122	221192905358573160132900817345637369589286019146013682323802792	168651685132527936382443441048211006833610187816410229311116228	62	33	33	2	30	31	0	0	6240	9515	CERTIFIED	1	0xd301e122	0xd301e122	221192905358573160132900817345637369589286019146013682323802792	220438335513411050918139589099472782282075325770198105887267306	58	30	30	2	26	27	0	27	11907144	11914572	CERTIFIED	1	0xd301e122	0xd301e122	221192905358573160132900817345637369589286019146013682323802792	168651685132527936382443441048211006833610187816410229311116228	62	33	33	2	30	31	0	5	2262197	2268437
169	0x2c9a862e	CERTIFIED	1	0x25350d4e	0x25350d4e	1509439344609126234188947598242610433806657716505416687973004	971323722631075302574767292941140833261090041473211492576870	2047	980	980	3	63	33	0	0	5625	54408	CERTIFIED	1	0x25350d4e	0x25350d4e	1509439344609126234188947598242610433806657716505416687973004	971323722631075302574767292941140833261090041473211492576870	2047	980	980	3	63	33	0	0	6917	53141	CERTIFIED	1	0x25350d4e	0x25350d4e	1509439344609126234188947598242610433806657716505416687973004	1486948717470758283314723695315573473227821711734426117484902	2046	979	979	3	62	32	0	32	13184435	13240185	CERTIFIED	1	0x25350d4e	0x25350d4e	1509439344609126234188947598242610433806657716505416687973004	971323722631075302574767292941140833261090041473211492576870	2047	980	980	3	63	33	0	5	2053051	2106039
170	0xb09f89c5	CERTIFIED	1	0x713f8945	0x713f8945	5215643159913453838961028657022970212520345045400431764518000	4632466984855897596895044012488517820168275582410700964597380	2042	961	961	7	58	32	0	0	5471	53631	CERTIFIED	1	0x713f8945	0x713f8945	5215643159913453838961028657022970212520345045400431764518000	4632466984855897596895044012488517820168275582410700964597380	2042	961	961	7	58	32	0	0	6361	52568	CERTIFIED	1	0x713f8945	0x713f8945	5215643159913453838961028657022970212520345045400431764518000	5193001596698977579523711449607127245962941013928404234923306	2038	958	958	7	54	28	0	28	11894245	11952857	CERTIFIED	1	0x713f8945	0x713f8945	5215643159913453838961028657022970212520345045400431764518000	4632466984855897596895044012488517820168275582410700964597380	2042	961	961	7	58	32	0	5	2137625	2191240
171	0xa95c20f1	CERTIFIED	1	0xa95c20f1	0xa95c20f1	1502045413425209153998915545091629119005375471393940200569804	971323722631075302574767292941140833261090041473211492576870	2047	963	963	2	63	32	0	0	6010	56693	CERTIFIED	1	0xa95c20f1	0xa95c20f1	1502045413425209153998915545091629119005375471393940200569804	971323722631075302574767292941140833261090041473211492576870	2047	963	963	2	63	32	0	0	6899	54256	CERTIFIED	1	0xa95c20f1	0xa95c20f1	1502045413425209153998915545091629119005375471393940200569804	1501892151814110176542761741623097844269126225786904629023694	2046	963	963	2	62	31	0	31	13579179	13633686	CERTIFIED	1	0xa95c20f1	0xa95c20f1	1502045413425209153998915545091629119005375471393940200569804	971323722631075302574767292941140833261090041473211492576870	2047	963	963	2	63	32	0	5	2245347	2294614
172	0x4688f0da	CERTIFIED	1	0x4688f0da	0x4688f0da	5825648381394313912260438226864801794164	5628237405489398935848232473913318323056	2024	947	947	1	40	21	0	0	3647	52666	CERTIFIED	1	0x4688f0da	0x4688f0da	5825648381394313912260438226864801794164	5628237405489398935848232473913318323056	2024	947	947	1	40	21	0	0	4326	51389	CERTIFIED	1	0x4688f0da	0x4688f0da	5825648381394313912260438226864801794164	4623446508229717549246864230603866163644	63	32	32	1	31	12	0	12	5165292	5177406	CERTIFIED	1	0x4688f0da	0x4688f0da	5825648381394313912260438226864801794164	2839796842325692796339348804892654342488	64	33	33	1	32	13	0	1	428615	432752
173	0xbfe4573f	CERTIFIED	1	0xbfe44c7e	0xbfe44c7e	1432665073179475547302117578251762849768	1261501487437279071828052106221950658616	2044	939	939	3	60	31	0	0	5398	63168	CERTIFIED	1	0xbfe44c7e	0xbfe44c7e	1432665073179475547302117578251762849768	1261501487437279071828052106221950658616	2044	939	939	3	60	31	0	0	6244	47844	CERTIFIED	1	0xbfe44c7e	0xbfe44c7e	1432665073179475547302117578251762849768	801884084664196862120701528450053125414	2037	939	939	3	53	24	0	24	10822510	10877010	CERTIFIED	1	0xbfe44c7e	0xbfe44c7e	1432665073179475547302117578251762849768	1261501487437279071828052106221950658616	2044	939	939	3	60	31	0	5	2337984	2391823
174	0xce45ebc6	CERTIFIED	1	0xc72bebe6	0xc72bebe6	753396995725397595020161992665814889352	606491099729461092225025051068245508950	2047	963	963	4	63	33	0	0	5511	55109	CERTIFIED	1	0xc72bebe6	0xc72bebe6	753396995725397595020161992665814889352	606491099729461092225025051068245508950	2047	963	963	4	63	33	0	0	6596	52705	CERTIFIED	1	0xc72bebe6	0xc72bebe6	753396995725397595020161992665814889352	474444328984762196402840952439132981316	2046	963	963	4	62	32	0	32	13997734	14055523	CERTIFIED	1	0xc72bebe6	0xc72bebe6	753396995725397595020161992665814889352	606491099729461092225025051068245508950	2047	963	963	4	63	33	0	5	2161177	2212895
175	0x3fed915d	CERTIFIED	1	0x3fed915d	0x3fed915d	9488415856777195004518975967599973008952	7374931772710246881456304620989865388832	64	33	33	1	32	17	0	0	2912	6048	CERTIFIED	1	0x3fed915d	0x3fed915d	9488415856777195004518975967599973008952	7374931772710246881456304620989865388832	64	33	33	1	32	17	0	0	3330	5889	CERTIFIED	1	0x3fed915d	0x3fed915d	9488415856777195004518975967599973008952	4949674858332948276975235813109446457552	62	31	31	1	30	15	0	15	6322776	6326745	CERTIFIED	1	0x3fed915d	0x3fed915d	9488415856777195004518975967599973008952	7374931772710246881456304620989865388832	64	33	33	1	32	17	0	1	426980	437131
176	0xd984e3b8	CERTIFIED	1	0xd984e3b8	0xd984e3b8	147215470245578408847538212507173576165695027302018068087391000	96161048540476454954901962001172942492847914105847937765110130	63	33	33	1	31	16	0	0	2808	6805	CERTIFIED	1	0xd984e3b8	0xd984e3b8	147215470245578408847538212507173576165695027302018068087391000	96161048540476454954901962001172942492847914105847937765110130	57	32	32	1	25	10	10	0	228687	231359	CERTIFIED	1	0xd984e3b8	0xd984e3b8	147215470245578408847538212507173576165695027302018068087391000	76211859352364948724418047576529706768087177951739854008239600	48	29	29	1	16	1	1	1	455742	457853	CERTIFIED	1	0xd984e3b8	0xd984e3b8	147215470245578408847538212507173576165695027302018068087391000	76211859352364948724418047576529706768087177951739854008239600	48	29	29	1	16	1	1	1	457201	459540
177	0x96e9a343	CERTIFIED	1	0x96e9a343	0x96e9a343	221925286471394647560977097471743827297284700244831621162291400	168651685132527936382443441048211006833610187816410229311116228	62	32	32	1	30	31	0	0	5305	9360	CERTIFIED	1	0x96e9a343	0x96e9a343	221925286471394647560977097471743827297284700244831621162291400	168651685132527936382443441048211006833610187816410229311116228	59	32	32	1	27	28	26	0	599265	603502	CERTIFIED	1	0x96e9a343	0x96e9a343	221925286471394647560977097471743827297284700244831621162291400	221200526482897920999980391861329414950198379131301574242577498	43	25	25	1	11	12	10	12	5661588	5666582	CERTIFIED	1	0x96e9a343	0x96e9a343	221925286471394647560977097471743827297284700244831621162291400	76211630633916427253882083978664603569598961637497265120823298	48	28	28	1	16	17	15	5	2468792	2473365
178	0x7b044840	CERTIFIED	1	0x7b044840	0x7b044840	368401052485821052529488512948592337382040708308073948168790988	313632958316630899237526399142287135515134735237534812403128424	60	32	32	1	28	29	0	0	5020	8763	CERTIFIED	1	0x7b044840	0x7b044840	368401052485821052529488512948592337382040708308073948168790988	313632958316630899237526399142287135515134735237534812403128424	53	29	29	1	21	22	20	0	462998	465910	CERTIFIED	1	0x7b044840	0x7b044840	368401052485821052529488512948592337382040708308073948168790988	367646331689100253948768727727589688138190419500599949554200310	43	22	22	1	11	12	10	12	5525032	5531590	CERTIFIED	1	0x7b044840	0x7b044840	368401052485821052529488512948592337382040708308073948168790988	77676313592251366495595269790409987956609764462509807668851110	48	25	25	1	16	17	15	5	2503382	2508696
179	0x7772295a	CERTIFIED	1	0x7772295a	0x7772295a	3003935262649193556707642953758294082697757121923688927834302	2435781027521004220302877980760091628023964257848207281385074	2045	970	970	4	61	30	0	0	5517	61125	CERTIFIED	1	0x7772295a	0x7772295a	3003935262649193556707642953758294082697757121923688927834302	2435781027521004220302877980760091628023964257848207281385074	2040	968	968	4	56	25	23	0	555338	605236	CERTIFIED	1	0x7772295a	0x7772295a	3003935262649193556707642953758294082697757121923688927834302	2234122328869054416412882410236782453333885364547399060810204	2031	967	967	4	47	16	14	16	7004881	7055449	CERTIFIED	1	0x7772295a	0x7772295a	3003935262649193556707642953758294082697757121923688927834302	1516987323002961354675537783365675232028062397698581266165302	2032	967	967	4	48	17	15	5	2867270	2917918
180	0x7e798921	CERTIFIED	1	0x7e798921	0x7e798921	11100166710299115914702937464093907535640	7374931772710246881456304620989865388832	64	33	33	1	32	33	0	0	5791	17615	CERTIFIED	1	0x7e798921	0x7e798921	11100166710299115914702937464093907535640	7374931772710246881456304620989865388832	64	33	33	1	32	33	29	0	682199	686157	CERTIFIED	1	0x7e798921	0x7e798921	11100166710299115914702937464093907535640	10155285679002558011356215803938417292720	45	29	29	1	13	14	12	14	6438458	6446446	CERTIFIED	1	0x7e798921	0x7e798921	11100166710299115914702937464093907535640	5788549760950438147336035436247049628280	48	29	29	1	16	17	15	5	2547418	2556115
181	0x4d1d5693	CERTIFIED	1	0x2e1d5e93	0x2e1d5e93	512747250740179366568985819651112737098	388154303826855099024016032683677125728	2048	974	974	3	64	34	0	0	5722	57687	CERTIFIED	1	0x2e1d5e93	0x2e1d5e93	512747250740179366568985819651112737098	388154303826855099024016032683677125728	2048	974	974	3	64	34	29	0	652408	698344	CERTIFIED	1	0x2e1d5e93	0x2e1d5e93	512747250740179366568985819651112737098	318636498250377549118427206473745941200	2032	972	972	3	48	18	15	18	7933044	7990113	CERTIFIED	1	0x2e1d5e93	0x2e1d5e93	512747250740179366568985819651112737098	318636498250377549118427206473745941200	2032	972	972	3	48	18	15	5	2441905	2495257
182	0xd2e5ecc0	CERTIFIED	1	0xe5cbd982	0xe5cbd982	5787271261962113008968264193830366473858	5628237405489398935848232473913318323056	2024	953	953	3	40	41	0	0	7154	50815	CERTIFIED	1	0xe5cbd982	0xe5cbd982	5787271261962113008968264193830366473858	5409900609586792942647223455528749939834	2022	952	952	3	38	39	34	0	783878	832522	CERTIFIED	1	0xe5cbd982	0xe5cbd982	5787271261962113008968264193830366473858	5327050992393911807310522907723582576280	51	31	31	2	19	20	18	20	9110798	9126286	CERTIFIED	1	0xe5cbd982	0xe5cbd982	5787271261962113008968264193830366473858	2341830331214713222299176253057690226862	64	33	33	2	32	33	29	6	3306159	3313559
183	0x99b4aa54	CERTIFIED	1	0x98da542e	0x98da542e	741937050166143595034238142493011734302	606491099729461092225025051068245508950	2047	984	984	8	63	33	0	0	5745	56159	CERTIFIED	1	0x98da542e	0x98da542e	741937050166143595034238142493011734302	606491099729461092225025051068245508950	2046	983	983	8	62	32	29	0	654532	701795	CERTIFIED	1	0x98da542e	0x98da542e	741937050166143595034238142493011734302	704877340337638694483350193525475641444	2031	981	981	8	47	17	14	17	7234929	7286333	CERTIFIED	1	0x98da542e	0x98da542e	741937050166143595034238142493011734302	293772048050267823182007848058876810218	2032	981	981	8	48	18	15	5	2391811	2443163
184	0xd984e3b8	CERTIFIED	1	0xd984e3b8	0xd984e3b8	147215470245578408847538212507173576165695027302018068087391000	96161048540476454954901962001172942492847914105847937765110130	63	33	33	1	31	1	0	0	221	11365	CERTIFIED	1	0xd984e3b8	0xd984e3b8	147215470245578408847538212507173576165695027302018068087391000	96161048540476454954901962001172942492847914105847937765110130	63	33	33	1	31	1	0	0	196	2984	CERTIFIED	1	0xd984e3b8	0xd984e3b8	147215470245578408847538212507173576165695027302018068087391000	96161048540476454954901962001172942492847914105847937765110130	63	33	33	1	31	1	0	0	176	2338	CERTIFIED	1	0xd984e3b8	0xd984e3b8	147215470245578408847538212507173576165695027302018068087391000	96161048540476454954901962001172942492847914105847937765110130	63	33	33	1	31	1	0	0	179	2201
185	0x96e9a343	CERTIFIED	1	0x96e9a343	0x96e9a343	221925286471394647560977097471743827297284700244831621162291400	168651685132527936382443441048211006833610187816410229311116228	62	32	32	1	30	31	0	0	5284	8843	CERTIFIED	1	0x96e9a343	0x96e9a343	221925286471394647560977097471743827297284700244831621162291400	168651685132527936382443441048211006833610187816410229311116228	62	32	32	1	30	31	0	0	6678	9931	CERTIFIED	1	0x96e9a343	0x96e9a343	221925286471394647560977097471743827297284700244831621162291400	221200526482897920999980391861329414950198379131301574242577498	53	29	29	1	21	22	0	22	9259986	9265970	CERTIFIED	1	0x96e9a343	0x96e9a343	221925286471394647560977097471743827297284700244831621162291400	168651685132527936382443441048211006833610187816410229311116228	62	32	32	1	30	31	0	5	2097611	2102772
186	0x7b044840	CERTIFIED	1	0x7b044840	0x7b044840	368401052485821052529488512948592337382040708308073948168790988	313632958316630899237526399142287135515134735237534812403128424	60	32	32	1	28	29	0	0	5027	8433	CERTIFIED	1	0x7b044840	0x7b044840	368401052485821052529488512948592337382040708308073948168790988	313632958316630899237526399142287135515134735237534812403128424	60	32	32	1	28	29	0	0	5863	8517	CERTIFIED	1	0x7b044840	0x7b044840	368401052485821052529488512948592337382040708308073948168790988	367646331689100253948768727727589688138190419500599949554200310	52	27	27	1	20	21	0	21	9016135	9021984	CERTIFIED	1	0x7b044840	0x7b044840	368401052485821052529488512948592337382040708308073948168790988	313632958316630899237526399142287135515134735237534812403128424	60	32	32	1	28	29	0	5	2129160	2134315
187	0x7772295a	CERTIFIED	1	0x7772295a	0x7772295a	3003935262649193556707642953758294082697757121923688927834302	2435781027521004220302877980760091628023964257848207281385074	2045	970	970	4	61	30	0	0	5305	56993	CERTIFIED	1	0x7772295a	0x7772295a	3003935262649193556707642953758294082697757121923688927834302	2435781027521004220302877980760091628023964257848207281385074	2045	970	970	4	61	30	0	0	6039	53509	CERTIFIED	1	0x7772295a	0x7772295a	3003935262649193556707642953758294082697757121923688927834302	2234122328869054416412882410236782453333885364547399060810204	2044	970	970	4	60	29	0	29	11873942	11923871	CERTIFIED	1	0x7772295a	0x7772295a	3003935262649193556707642953758294082697757121923688927834302	2435781027521004220302877980760091628023964257848207281385074	2045	970	970	4	61	30	0	5	2128239	2172998
188	0x7e798921	CERTIFIED	1	0x7e798921	0x7e798921	11100166710299115914702937464093907535640	7374931772710246881456304620989865388832	64	33	33	1	32	33	0	0	5677	16871	CERTIFIED	1	0x7e798921	0x7e798921	11100166710299115914702937464093907535640	7374931772710246881456304620989865388832	64	33	33	1	32	33	0	0	6735	10070	CERTIFIED	1	0x7e798921	0x7e798921	11100166710299115914702937464093907535640	10155285679002558011356215803938417292720	57	32	32	1	25	26	0	26	11165515	11172260	CERTIFIED	1	0x7e798921	0x7e798921	11100166710299115914702937464093907535640	7374931772710246881456304620989865388832	64	33	33	1	32	33	0	5	2134217	2139364
189	0x4d1d5693	CERTIFIED	1	0x2e1d5e93	0x2e1d5e93	512747250740179366568985819651112737098	388154303826855099024016032683677125728	2048	974	974	3	64	34	0	0	5666	57435	CERTIFIED	1	0x2e1d5e93	0x2e1d5e93	512747250740179366568985819651112737098	388154303826855099024016032683677125728	2048	974	974	3	64	34	0	0	6808	50980	CERTIFIED	1	0x2e1d5e93	0x2e1d5e93	512747250740179366568985819651112737098	280402535310956562648292269464003586080	2047	974	974	3	63	33	0	33	13816848	13873050	CERTIFIED	1	0x2e1d5e93	0x2e1d5e93	512747250740179366568985819651112737098	388154303826855099024016032683677125728	2048	974	974	3	64	34	0	5	2081311	2133970
190	0xd2e5ecc0	CERTIFIED	1	0xe5cbd982	0xe5cbd982	5787271261962113008968264193830366473858	5628237405489398935848232473913318323056	2024	954	954	3	40	41	0	0	7549	53349	CERTIFIED	1	0xe5cbd982	0xe5cbd982	5787271261962113008968264193830366473858	5628237405489398935848232473913318323056	2024	954	954	3	40	41	0	0	8666	58622	CERTIFIED	1	0xe5cbd982	0xe5cbd982	5787271261962113008968264193830366473858	5095202746751254058763739847202755757320	61	33	33	2	29	30	0	30	13671165	13693058	CERTIFIED	1	0xe5cbd982	0xe5cbd982	5787271261962113008968264193830366473858	2341830331214713222299176253057690226862	64	33	33	2	32	33	0	6	2746971	2754119
191	0x99b4aa54	CERTIFIED	1	0x98da542e	0x98da542e	741937050166143595034238142493011734302	606491099729461092225025051068245508950	2047	984	984	8	63	33	0	0	5741	55023	CERTIFIED	1	0x98da542e	0x98da542e	741937050166143595034238142493011734302	606491099729461092225025051068245508950	2047	984	984	8	63	33	0	0	6582	51875	CERTIFIED	1	0x98da542e	0x98da542e	741937050166143595034238142493011734302	704877340337638694483350193525475641444	2045	983	983	8	61	31	0	31	12483460	12534374	CERTIFIED	1	0x98da542e	0x98da542e	741937050166143595034238142493011734302	606491099729461092225025051068245508950	2047	984	984	8	63	33	0	5	2149691	2203697
192	0x88ba	CERTIFIED	1	0x88be	0x88be	4317757109944347918153160211400	3544482916097431496532658709208	28	15	15	5	12	15	0	0	1509	4552	CERTIFIED	1	0x88be	0x88be	4317757109944347918153160211400	3544482916097431496532658709208	23	14	14	5	7	10	6	0	54470	56135	CERTIFIED	1	0x88be	0x88be	4317757109944347918153160211400	3457963784107474376163998253498	18	10	10	5	2	5	1	5	240694	242359	CERTIFIED	1	0x88be	0x88be	4317757109944347918153160211400	3457963784107474376163998253498	18	10	10	5	2	5	1	2	93658	95076
193	0xb10a	CERTIFIED	1	0xb106	0xb106	4326706937812275743250727586196	3544482916097431496532658709208	28	16	16	4	12	14	0	0	1506	3315	CERTIFIED	1	0xb106	0xb106	4326706937812275743250727586196	3544482916097431496532658709208	23	14	14	3	7	9	6	0	42954	44831	CERTIFIED	1	0xb106	0xb106	4326706937812275743250727586196	3466737221567720623783959065796	19	10	10	3	3	5	2	5	236497	238134	CERTIFIED	1	0xb106	0xb106	4326706937812275743250727586196	3466737221567720623783959065796	20	11	11	3	4	6	3	3	147474	148671
194	0xeda2	CERTIFIED	1	0xece2	0xece2	17905887653685155360081792298	10003739662188235061515228086	511	225	225	11	31	17	0	0	1856	14447	CERTIFIED	1	0xece2	0xece2	17905887653685155360081792298	10003739662188235061515228086	511	225	225	11	31	17	13	0	71803	82870	CERTIFIED	1	0xece2	0xece2	17905887653685155360081792298	17728592954394458919698506404	503	223	223	11	23	9	6	9	443777	458038	CERTIFIED	1	0xece2	0xece2	17905887653685155360081792298	17728592954394458919698506404	504	223	223	11	24	10	7	4	215293	229591
195	0x3df1	CERTIFIED	1	0x7bf1	0x7bf1	94495267154610677734	84694708692985716826	27	16	16	3	11	12	0	0	1296	2701	CERTIFIED	1	0x7bf1	0x7bf1	94495267154610677734	70312588348893802648	24	15	15	3	8	9	7	0	41888	43123	CERTIFIED	1	0x7bf1	0x7bf1	94495267154610677734	77720669873267141734	19	14	14	3	3	4	2	4	195592	196683	CERTIFIED	1	0x7bf1	0x7bf1	94495267154610677734	77720669873267141734	20	14	14	3	4	5	3	3	166004	167475
196	0xb946	CERTIFIED	1	0xb9a3	0xb9a3	32936688781400236498	27166227316618060114	31	17	17	2	15	16	0	0	1719	3398	CERTIFIED	1	0xb9a3	0xb9a3	32936688781400236498	27166227316618060114	30	17	17	2	14	15	13	0	92460	94416	CERTIFIED	1	0xb9a3	0xb9a3	32936688781400236498	17708856290803729600	24	15	15	2	8	9	7	9	452365	454344	CERTIFIED	1	0xb9a3	0xb9a3	32936688781400236498	17708856290803729600	24	15	15	2	8	9	7	4	217740	219523
197	0xc880	CERTIFIED	1	0xc880	0xc880	32888461814216373832	27166227316618060114	31	17	17	1	15	16	0	0	1584	2819	CERTIFIED	1	0xc880	0xc880	32888461814216373832	27166227316618060114	27	16	16	1	11	12	10	0	60146	61662	CERTIFIED	1	0xc880	0xc880	32888461814216373832	20822990025274994266	24	13	13	1	8	9	7	9	456437	457556	CERTIFIED	1	0xc880	0xc880	32888461814216373832	20822990025274994266	24	13	13	1	8	9	7	4	208093	208960
198	0x3a46	CERTIFIED	1	0x3a46	0x3a46	18547941077371337218	12784106972526145936	32	17	17	1	16	17	0	0	1742	2957	CERTIFIED	1	0x3a46	0x3a46	18547941077371337218	12784106972526145936	32	17	17	1	16	17	13	0	71766	72997	CERTIFIED	1	0x3a46	0x3a46	18547941077371337218	16951914510944357320	30	16	16	1	14	15	13	15	747698	749784	CERTIFIED	1	0x3a46	0x3a46	18547941077371337218	12784106972526145936	32	17	17	1	16	17	13	4	239278	241190
199	0xa2bb27	CERTIFIED	1	0xa2bb27	0xa2bb27	16115253191215637050035587513382761073416265702	9779893192376360914013744007833947575401551722	47	25	25	2	23	24	0	0	3296	6456	CERTIFIED	1	0xa2bb27	0xa2bb27	16115253191215637050035587513382761073416265702	9779893192376360914013744007833947575401551722	42	24	24	2	18	19	17	0	215143	217450	CERTIFIED	1	0xa2bb27	0xa2bb27	16115253191215637050035587513382761073416265702	16035049236915021170961178691050153438326119502	35	23	23	2	11	12	10	12	1855032	1857402	CERTIFIED	1	0xa2bb27	0xa2bb27	16115253191215637050035587513382761073416265702	8178276173188080296488194029354953121851396302	40	24	24	2	16	17	15	5	963182	966294
200	0xad1789	CERTIFIED	1	0xad1789	0xad1789	23970423489532108694566479139757355799315770600	17635872969859011484287079358389085791707716220	46	25	25	1	22	23	0	0	3115	6123	CERTIFIED	1	0xad1789	0xad1789	23970423489532108694566479139757355799315770600	17635872969859011484287079358389085791707716220	36	24	24	1	12	13	11	0	140127	142297	CERTIFIED	1	0xad1789	0xad1789	23970423489532108694566479139757355799315770600	23970398786264257704304888950362331053642794698	32	20	20	1	8	9	7	9	1428601	1430584	CERTIFIED	1	0xad1789	0xad1789	23970423489532108694566479139757355799315770600	23970398786264257704304888950362331053642794698	32	20	20	1	8	9	7	4	667807	670078
201	0x79adf4	CERTIFIED	1	0x79adf4	0x79adf4	8099733148254766012832032252889188223828112294	1923913414893710343740408657278809359095387224	48	25	25	1	24	6	0	0	805	2658	CERTIFIED	1	0x79adf4	0x79adf4	8099733148254766012832032252889188223828112294	1923913414893710343740408657278809359095387224	48	25	25	1	24	6	4	0	51621	54272	CERTIFIED	1	0x79adf4	0x79adf4	8099733148254766012832032252889188223828112294	8019561331921797353182242197284402885023511494	47	24	24	1	23	5	4	5	812446	814442	CERTIFIED	1	0x79adf4	0x79adf4	8099733148254766012832032252889188223828112294	1923913414893710343740408657278809359095387224	48	25	25	1	24	6	4	0	50929	53389
202	0x63615b	CERTIFIED	1	0xc6c2bb	0xc6c2bb	802811469343924390315299128538	569939177563311818127657622362	47	25	25	2	23	24	0	0	3224	5684	CERTIFIED	1	0xc6c2bb	0xc6c2bb	802811469343924390315299128538	569939177563311818127657622362	45	24	24	2	21	22	20	0	291301	293692	CERTIFIED	1	0xc6c2bb	0xc6c2bb	802811469343924390315299128538	314333732060718573765152546898	36	23	23	2	12	13	11	13	2043464	2046720	CERTIFIED	1	0xc6c2bb	0xc6c2bb	802811469343924390315299128538	314333732060718573765152546898	40	23	23	2	16	17	15	5	897656	900557
203	0xa4136f	CERTIFIED	1	0xa4136f	0xa4136f	547162158777737988951445377120	325679530036178181787232927064	48	25	25	1	24	21	0	0	2843	5625	CERTIFIED	1	0xa4136f	0xa4136f	547162158777737988951445377120	325679530036178181787232927064	48	25	25	1	24	21	19	0	240513	242747	CERTIFIED	1	0xa4136f	0xa4136f	547162158777737988951445377120	544275233471124110824425810978	35	21	21	1	11	8	8	8	1276116	1278159	CERTIFIED	1	0xa4136f	0xa4136f	547162158777737988951445377120	327264463745002326051329032680	40	22	22	1	16	13	13	3	620471	623385
204	0x72af8c	CERTIFIED	1	0x725f1e	0x725f1e	57330864877704246310460402364	55708340664083110042553000682	1149	533	533	7	45	26	0	0	3654	29760	CERTIFIED	1	0x725f1e	0x725f1e	57330864877704246310460402364	55708340664083110042553000682	1142	532	532	7	38	19	13	0	162817	191179	CERTIFIED	1	0x725f1e	0x725f1e	57330864877704246310460402364	42215634067476225885223017498	1139	532	532	7	35	16	10	16	2445290	2474155	CERTIFIED	1	0x725f1e	0x725f1e	57330864877704246310460402364	55708340664083110042553000682	1142	532	532	7	38	19	13	4	748344	776701
205	0xd3626c	CERTIFIED	1	0xd4c24c	0xd4c24c	56577196611815949558922683444	55708340664083110042553000682	1149	544	544	6	45	23	0	0	3090	32411	CERTIFIED	1	0xd4c24c	0xd4c24c	56577196611815949558922683444	55708340664083110042553000682	1140	541	541	6	36	14	11	0	145141	174552	CERTIFIED	1	0xd4c24c	0xd4c24c	56577196611815949558922683444	42929953123725753637724935098	1139	541	541	6	35	13	10	13	1964398	1993847	CERTIFIED	1	0xd4c24c	0xd4c24c	56577196611815949558922683444	55708340664083110042553000682	1140	541	541	6	36	14	11	4	693798	724196
206	0x638fd5e7	CERTIFIED	1	0x638fd5e7	0x638fd5e7	226378429088840035414199626057208882523766391465568729135419208	168651685132527936382443441048211006833610187816410229311116228	62	32	32	1	30	31	0	0	5349	9514	CERTIFIED	1	0x638fd5e7	0x638fd5e7	226378429088840035414199626057208882523766391465568729135419208	168651685132527936382443441048211006833610187816410229311116228	59	31	31	1	27	28	26	0	602507	606047	CERTIFIED	1	0x638fd5e7	0x638fd5e7	226378429088840035414199626057208882523766391465568729135419208	222672383078395089234191363960463270002059369837075806029854290	46	29	29	1	14	15	13	15	6238784	6243012	CERTIFIED	1	0x638fd5e7	0x638fd5e7	226378429088840035414199626057208882523766391465568729135419208	77691259328945148591122529338438999146799933658443347445989008	48	30	30	1	16	17	15	5	2333152	2338254
207	0x23f018a8	CERTIFIED	1	0x22d80c4c	0x22d80c4c	1517516396390014153905901082362537765492536385430864612973510	971323722631075302574767292941140833261090041473211492576870	2047	947	947	5	63	33	0	0	5669	57077	CERTIFIED	1	0x22d80c4c	0x22d80c4c	1517516396390014153905901082362537765492536385430864612973510	971323722631075302574767292941140833261090041473211492576870	2046	947	947	5	62	32	29	0	647339	695668	CERTIFIED	1	0x22d80c4c	0x22d80c4c	1517516396390014153905901082362537765492536385430864612973510	822496898765673625443984908282021586767051425376354615112192	2043	946	946	5	59	29	26	29	13200131	13253669	CERTIFIED	1	0x22d80c4c	0x22d80c4c	1517516396390014153905901082362537765492536385430864612973510	971323722631075302574767292941140833261090041473211492576870	2046	947	947	5	62	32	29	5	2849997	2903518
208	0x5eec10f5	CERTIFIED	1	0x5ee820f3	0x5ee820f3	3736391070121762886755157187633713752824605852775604429377600	3168009679965968679166933324669567025405401366035705175789176	2044	960	960	9	60	30	0	0	5182	58861	CERTIFIED	1	0x5ee820f3	0x5ee820f3	3736391070121762886755157187633713752824605852775604429377600	3168009679965968679166933324669567025405401366035705175789176	2037	957	957	9	53	23	20	0	447685	497645	CERTIFIED	1	0x5ee820f3	0x5ee820f3	3736391070121762886755157187633713752824605852775604429377600	2988766144065399195704440890901772955675912885684001456538400	2029	955	955	9	45	15	12	15	6808174	6861080	CERTIFIED	1	0x5ee820f3	0x5ee820f3	3736391070121762886755157187633713752824605852775604429377600	1509442440184929405327346514694044837669755963120249678205706	2032	956	956	9	48	18	15	5	2487854	2539760
209	0x263a92dc	CERTIFIED	1	0x263a92dc	0x263a92dc	5327009759235713784785347318455507703142	5191563813684186949446214437144181556612	2026	968	968	5	42	12	0	0	2166	44705	CERTIFIED	1	0x263a92dc	0x263a92dc	5327009759235713784785347318455507703142	5191563813684186949446214437144181556612	2022	964	964	5	38	8	5	0	122772	174008	CERTIFIED	1	0x263a92dc	0x263a92dc	5327009759235713784785347318455507703142	2123392732965148125033038215005645247106	64	33	33	1	32	2	0	2	852246	863115	CERTIFIED	1	0x263a92dc	0x263a92dc	5327009759235713784785347318455507703142	2123392732965148125033038215005645247106	64	33	33	1	32	2	0	1	425676	428910
210	0x5dd32899	CERTIFIED	1	0x2ba60899	0x2ba60899	1191987606257672644641562463038252879346	1043164691534673078627043087837382275394	2045	973	973	3	61	32	0	0	5549	55630	CERTIFIED	1	0x2ba60899	0x2ba60899	1191987606257672644641562463038252879346	1043164691534673078627043087837382275394	2039	971	971	3	55	26	22	0	493556	540160	CERTIFIED	1	0x2ba60899	0x2ba60899	1191987606257672644641562463038252879346	946867201004923415984194955894812023626	2030	968	968	3	46	17	13	17	7543615	7596877	CERTIFIED	1	0x2ba60899	0x2ba60899	1191987606257672644641562463038252879346	499409781363987741224440319535988538480	2032	969	969	3	48	19	15	5	2460126	2512962
211	0xd1520215	CERTIFIED	1	0xd104051d	0xd104051d	281812365506728559752022303017616166530	273240200720220365760327075639167450348	31786	13394	13394	50	74	44	0	0	7673	783107	CERTIFIED	1	0xd104051d	0xd104051d	281812365506728559752022303017616166530	273240200720220365760327075639167450348	31782	13390	13390	50	70	40	34	0	778147	1381209	CERTIFIED	1	0xd104051d	0xd104051d	281812365506728559752022303017616166530	280938381676820617464168675996931458008	2045	958	958	2	61	31	28	31	12583443	12629970	CERTIFIED	1	0xd104051d	0xd104051d	281812365506728559752022303017616166530	196735421814016663171676313591573703406	2048	958	958	2	64	34	29	6	3254078	3304444
212	0x6af1fb56	CERTIFIED	1	0x76f5fb16	0x76f5fb16	716978979763370392312818132953555533550	606491099729461092225025051068245508950	2047	963	963	3	63	34	0	0	5914	57940	CERTIFIED	1	0x76f5fb16	0x76f5fb16	716978979763370392312818132953555533550	606491099729461092225025051068245508950	2044	963	963	3	60	31	27	0	617218	666685	CERTIFIED	1	0x76f5fb16	0x76f5fb16	716978979763370392312818132953555533550	704237445617768189966406817909765090076	2031	961	961	3	47	18	14	18	8146127	8199842	CERTIFIED	1	0x76f5fb16	0x76f5fb16	716978979763370392312818132953555533550	524344960091844002846330380002524197316	2032	961	961	3	48	19	15	5	2481979	2535390
213	0xdaea38ea	CERTIFIED	1	0xdaea38ea	0xdaea38ea	4892290411602820619734137816912805218044	4754890221878974963044196400375044790168	2028	972	972	2	44	45	0	0	7733	50500	CERTIFIED	1	0xdaea38ea	0xdaea38ea	4892290411602820619734137816912805218044	4754890221878974963044196400375044790168	2023	969	969	2	39	40	35	0	800439	850275	CERTIFIED	1	0xdaea38ea	0xdaea38ea	4892290411602820619734137816912805218044	4866012864547730758251218768944181357084	59	33	33	1	27	28	26	28	12446203	12460835	CERTIFIED	1	0xdaea38ea	0xdaea38ea	4892290411602820619734137816912805218044	1930056656355322659570585128940696439418	64	33	33	1	32	33	29	6	3185550	3191700
