trial_kind,trial_index,trial_seed,code_seed,family,alignment_schedule,n,k,rate,rate_label,p_num,p_den,p_s,odds_denominator,forced_error_weight,observed_error_weight,deletion_position,transmitted_word_hex,observation_hex,max_histories,exhaustive_status,exhaustive_time_ns,exhaustive_score,exhaustive_tie_count,disagreement,disagreement_reason,ind_bound_mode,ind_alignment_schedule,ind_status,ind_decoded_word_hex,ind_tie_count,ind_tie_words_hex,ind_incumbent_score,ind_final_bound,ind_stopping_margin,ind_q_hist,ind_q_disc,ind_q_code,ind_q_score,ind_duplicate_count,ind_duplicate_fraction,ind_frontier_updates,ind_bound_calls,ind_independent_bound_calls,ind_chain_dp_calls,ind_chain_skipped_proven_equal,ind_uac_dp_calls,ind_chain_cache_hits,ind_uac_cache_hits,ind_bound_time_ns,ind_independent_bound_time_ns,ind_chain_dp_time_ns,ind_uac_dp_time_ns,ind_membership_time_ns,ind_scoring_time_ns,ind_total_time_ns,ind_stop_min_shell,ind_stop_max_shell,ind_max_shell_entered,ind_max_histories,ind_complete,cr_bound_mode,cr_alignment_schedule,cr_status,cr_decoded_word_hex,cr_tie_count,cr_tie_words_hex,cr_incumbent_score,cr_final_bound,cr_stopping_margin,cr_q_hist,cr_q_disc,cr_q_code,cr_q_score,cr_duplicate_count,cr_duplicate_fraction,cr_frontier_updates,cr_bound_calls,cr_independent_bound_calls,cr_chain_dp_calls,cr_chain_skipped_proven_equal,cr_uac_dp_calls,cr_chain_cache_hits,cr_uac_cache_hits,cr_bound_time_ns,cr_independent_bound_time_ns,cr_chain_dp_time_ns,cr_uac_dp_time_ns,cr_membership_time_ns,cr_scoring_time_ns,cr_total_time_ns,cr_stop_min_shell,cr_stop_max_shell,cr_max_shell_entered,cr_max_histories,cr_complete,ac_bound_mode,ac_alignment_schedule,ac_status,ac_decoded_word_hex,ac_tie_count,ac_tie_words_hex,ac_incumbent_score,ac_final_bound,ac_stopping_margin,ac_q_hist,ac_q_disc,ac_q_code,ac_q_score,ac_duplicate_count,ac_duplicate_fraction,ac_frontier_updates,ac_bound_calls,ac_independent_bound_calls,ac_chain_dp_calls,ac_chain_skipped_proven_equal,ac_uac_dp_calls,ac_chain_cache_hits,ac_uac_cache_hits,ac_bound_time_ns,ac_independent_bound_time_ns,ac_chain_dp_time_ns,ac_uac_dp_time_ns,ac_membership_time_ns,ac_scoring_time_ns,ac_total_time_ns,ac_stop_min_shell,ac_stop_max_shell,ac_max_shell_entered,ac_max_histories,ac_complete,q_hist_improvement_ind_over_cr,q_code_improvement_ind_over_cr,walltime_improvement_ind_over_cr,q_hist_improvement_ind_over_ac,q_code_improvement_ind_over_ac,walltime_improvement_ind_over_ac
natural,0,4062926604219850398,3653728495638284649,crc_defined_linear,even_odd,16,11,0.6875,R2_3,1,100,0.01,99,,0,4,0xe932,0x7492,1500000,PASS,8238019,1755044714199112425922763779200,1,False,,independent,even_odd,CERTIFIED,0xe932,1,0xe932,1755044714199112425922763779200,990370226556635271090007580514,764674487642477154832756198686,31,17,17,1,14,0.45161290322580644,15,13,15,0,0,0,0,0,52593,52593,0,0,9746,6982,96303,0,1,0,1500000,True,chain_relaxed,even_odd,CERTIFIED,0xe932,1,0xe932,1755044714199112425922763779200,990370226556635271090007580514,764674487642477154832756198686,31,17,17,1,14,0.45161290322580644,15,13,15,12,0,0,0,0,2383433,68077,2315356,0,14067,7160,2459533,0,1,0,1500000,True,alignment_consistent,even_odd,CERTIFIED,0xe932,1,0xe932,1755044714199112425922763779200,886209385510569229042411100898,868835328688543196880352678302,23,15,15,1,8,0.34782608695652173,7,5,7,5,0,5,0,0,6271244,37260,976176,5257808,14969,6758,6335522,0,1,0,1500000,True,1.0,1.0,0.03915499405781504,1.3478260869565217,1.1333333333333333,0.01520048387488829
natural,1,16918733131200868211,3653728495638284649,crc_defined_linear,even_odd,16,11,0.6875,R2_3,1,100,0.01,99,,0,10,0x7ccc,0x3ccc,1500000,PASS,8558713,4326531442651496699741202043698,1,False,,independent,even_odd,CERTIFIED,0x7ccc,1,0x7ccc,4326531442651496699741202043698,3544482916097431496532658709208,782048526554065203208543334490,28,15,15,2,13,0.4642857142857143,12,7,12,0,0,0,0,0,36910,36910,0,0,7161,9838,71770,0,1,0,1500000,True,chain_relaxed,even_odd,CERTIFIED,0x7ccc,1,0x7ccc,4326531442651496699741202043698,3544482916097431496532658709208,782048526554065203208543334490,24,13,13,1,11,0.4583333333333333,8,3,8,3,0,0,0,0,702337,32036,670301,0,6405,6330,744242,0,1,0,1500000,True,alignment_consistent,even_odd,CERTIFIED,0x7ccc,1,0x7ccc,4326531442651496699741202043698,1755043836857147942634044379600,2571487605794348757107157664098,22,13,13,1,9,0.4090909090909091,6,1,6,1,0,1,0,0,1195691,21229,174182,1000280,6717,5973,1227260,0,1,0,1500000,True,1.1666666666666667,1.1538461538461537,0.09643368689216679,1.2727272727272727,1.1538461538461537,0.058479865717125955
natural,2,6848326092628658641,3653728495638284649,crc_defined_linear,even_odd,16,11,0.6875,R2_3,1,100,0.01,99,,0,5,0xc738,0x6398,1500000,PASS,8331904,3483848013038093868592125462498,1,False,,independent,even_odd,CERTIFIED,0xc398,1,0xc398,3483848013038093868592125462498,2693112019583832754718441666310,790735993454261113873683796188,29,16,16,2,13,0.4482758620689655,13,14,13,0,0,0,0,0,72287,72287,0,0,11268,12798,124946,0,1,0,1500000,True,chain_relaxed,even_odd,CERTIFIED,0xc398,1,0xc398,3483848013038093868592125462498,1841741123070234012904224623412,1642106889967859855687900839086,24,15,15,2,9,0.375,8,9,8,7,2,0,0,0,1450981,35899,1415082,0,11731,12496,1511559,0,1,0,1500000,True,alignment_consistent,even_odd,CERTIFIED,0xc398,1,0xc398,3483848013038093868592125462498,2606502485561657754252959811000,877345527476436114339165651498,22,13,13,2,9,0.4090909090909091,6,7,6,5,2,7,0,0,8635818,35080,1010351,7590387,13101,15468,8720154,0,1,0,1500000,True,1.2083333333333333,1.0666666666666667,0.08266035265576799,1.3181818181818181,1.2307692307692308,0.014328416677044924
natural,3,10059961040549860224,3653728495638284649,crc_defined_linear,even_odd,16,11,0.6875,R2_3,1,100,0.01,99,,0,1,0x317,0x18b,1500000,PASS,8321989,2588952951757864733127837557004,1,False,,independent,even_odd,CERTIFIED,0x317,1,0x317,2588952951757864733127837557004,1841741123070234012904224623412,747211828687630720223612933592,30,15,15,1,15,0.5,14,14,14,0,0,0,0,0,44761,44761,0,0,7214,5715,78395,0,1,0,1500000,True,chain_relaxed,even_odd,CERTIFIED,0x317,1,0x317,2588952951757864733127837557004,1841741123070234012904224623412,747211828687630720223612933592,30,15,15,1,15,0.5,14,14,14,12,1,0,0,0,2342443,58376,2284067,0,10254,4980,2398348,0,1,0,1500000,True,alignment_consistent,even_odd,CERTIFIED,0x317,1,0x317,2588952951757864733127837557004,912361275812289949940800004004,1676591675945574783187037553000,22,11,11,1,11,0.5,6,6,6,5,1,6,0,0,7290124,31693,962940,6295491,10327,5397,7346219,0,1,0,1500000,True,1.0,1.0,0.03268708294209181,1.3636363636363635,1.3636363636363635,0.010671476034134021
natural,2,17599980546233328827,3653728495638284649,crc_defined_linear,even_odd,16,11,0.6875,R2_3,1,20,0.05,19,,0,2,0xdd51,0x6ea9,1500000,PASS,8343359,47185783755522992782,1,False,,independent,even_odd,CERTIFIED,0xdd51,1,0xdd51,47185783755522992782,41548347660709974292,5637436094813018490,30,17,17,2,13,0.43333333333333335,14,15,14,0,0,0,0,0,40403,40403,0,0,8515,10183,81141,0,1,0,1500000,True,chain_relaxed,even_odd,CERTIFIED,0xdd51,1,0xdd51,47185783755522992782,41548347660709974292,5637436094813018490,24,17,17,2,7,0.2916666666666667,8,9,8,7,2,0,0,0,1281290,29292,1251998,0,14778,10617,1336960,0,1,0,1500000,True,alignment_consistent,even_odd,CERTIFIED,0xdd51,1,0xdd51,47185783755522992782,46470883002699972796,714900752823019986,22,16,16,2,6,0.2727272727272727,6,7,6,5,2,7,0,0,7556737,28725,906583,6621429,13413,12190,7634080,0,1,0,1500000,True,1.25,1.0,0.060690671373863095,1.3636363636363635,1.0625,0.010628785655900908
natural,3,12950514695121228515,3653728495638284649,crc_defined_linear,even_odd,16,11,0.6875,R2_3,1,20,0.05,19,,0,9,0x85d0,0x43d0,1500000,PASS,8049802,18592311281191345276,1,False,,independent,even_odd,CERTIFIED,0x85d0,1,0x85d0,18592311281191345276,12784106972526145936,5808204308665199340,32,17,17,2,15,0.46875,16,17,16,0,0,0,0,0,44960,44960,0,0,8874,10353,87280,1,1,0,1500000,True,chain_relaxed,even_odd,CERTIFIED,0x85d0,1,0x85d0,18592311281191345276,12784106972526145936,5808204308665199340,32,17,17,2,15,0.46875,16,17,16,13,3,0,0,0,2325552,58870,2266682,0,10361,10476,2391871,1,1,0,1500000,True,alignment_consistent,even_odd,CERTIFIED,0x85d0,1,0x85d0,18592311281191345276,18589773019760615662,2538261430729614,29,15,15,2,14,0.4827586206896552,13,14,13,12,2,14,0,0,16846130,65978,2331006,14449146,14309,10871,16943341,0,1,0,1500000,True,1.0,1.0,0.036490262225680234,1.103448275862069,1.1333333333333333,0.005151286278190352
natural,0,1668764813382910015,3653728495638284649,crc_defined_linear,even_odd,16,11,0.6875,R2_3,1,20,0.05,19,,1,2,0x2246,0x112a,1500000,PASS,8082463,16827962422666220764,1,False,,independent,even_odd,CERTIFIED,0x512a,1,0x512a,16827962422666220764,12784106972526145936,4043855450140074828,32,17,17,1,15,0.46875,16,9,16,0,0,0,0,0,45092,45092,0,0,8010,5919,85922,1,1,0,1500000,True,chain_relaxed,even_odd,CERTIFIED,0x512a,1,0x512a,16827962422666220764,12784106972526145936,4043855450140074828,32,17,17,1,15,0.46875,16,9,16,7,1,0,0,0,1274878,52387,1222491,0,8726,4686,1320589,1,1,0,1500000,True,alignment_consistent,even_odd,CERTIFIED,0x512a,1,0x512a,16827962422666220764,12784106972526145936,4043855450140074828,32,17,17,1,15,0.46875,16,9,16,7,1,8,0,0,8539012,59027,1260950,7219035,10926,5307,8600424,1,1,0,1500000,True,1.0,1.0,0.06506339216819161,1.0,1.0,0.009990437680746903
natural,1,16565716841175452632,3653728495638284649,crc_defined_linear,even_odd,16,11,0.6875,R2_3,1,20,0.05,19,,1,11,0x14e1,0x4ce1,1500000,PASS,8656825,3377751547012758124,1,False,,independent,even_odd,CERTIFIED,0x9861,1,0x9861,3377751547012758124,2943708842357994130,434042704654763994,509,229,229,4,280,0.550098231827112,29,15,29,0,0,0,0,0,81085,81085,0,0,90587,17791,297792,1,2,1,1500000,True,chain_relaxed,even_odd,CERTIFIED,0x9861,1,0x9861,3377751547012758124,2943708842357994130,434042704654763994,504,227,227,4,277,0.5496031746031746,24,10,24,7,3,0,0,0,1368511,94409,1274102,0,99245,20148,1632328,1,2,1,1500000,True,alignment_consistent,even_odd,CERTIFIED,0x9861,1,0x9861,3377751547012758124,3284933657623606564,92817889389151560,502,227,227,4,275,0.547808764940239,22,8,22,5,3,7,0,1,7970388,68117,858466,7043805,89209,19933,8203058,1,2,1,1500000,True,1.0099206349206349,1.0088105726872247,0.18243392259398847,1.0139442231075697,1.0088105726872247,0.036302559362618184
natural,0,4062926604219850398,3653728495638284649,crc_defined_linear,forward,16,11,0.6875,R2_3,1,100,0.01,99,,0,4,0xe932,0x7492,1500000,PASS,9344414,1755044714199112425922763779200,1,False,,independent,forward,CERTIFIED,0xe932,1,0xe932,1755044714199112425922763779200,990370226556635271090007580514,764674487642477154832756198686,31,17,17,1,14,0.45161290322580644,15,11,15,0,0,0,0,0,49445,49445,0,0,8332,6768,86079,0,1,0,1500000,True,chain_relaxed,forward,CERTIFIED,0xe932,1,0xe932,1755044714199112425922763779200,990370226556635271090007580514,764674487642477154832756198686,31,17,17,1,14,0.45161290322580644,15,11,15,0,10,0,0,0,47013,47013,0,0,7257,5401,82938,0,1,0,1500000,True,alignment_consistent,forward,CERTIFIED,0xe932,1,0xe932,1755044714199112425922763779200,886209385510569229042411100898,868835328688543196880352678302,29,17,17,1,12,0.41379310344827586,13,9,13,0,9,9,0,0,8778224,54855,0,8723369,12086,5304,8837928,0,1,0,1500000,True,1.0,1.0,1.0378716631700788,1.0689655172413792,1.0,0.009739726324993822
natural,1,16918733131200868211,3653728495638284649,crc_defined_linear,forward,16,11,0.6875,R2_3,1,100,0.01,99,,0,10,0x7ccc,0x3ccc,1500000,PASS,8685809,4326531442651496699741202043698,1,False,,independent,forward,CERTIFIED,0x7ccc,1,0x7ccc,4326531442651496699741202043698,3544482916097431496532658709208,782048526554065203208543334490,28,16,16,2,12,0.42857142857142855,12,11,12,0,0,0,0,0,44170,44170,0,0,9157,13276,91898,0,1,0,1500000,True,chain_relaxed,forward,CERTIFIED,0x7ccc,1,0x7ccc,4326531442651496699741202043698,3544482916097431496532658709208,782048526554065203208543334490,28,16,16,2,12,0.42857142857142855,12,11,12,0,10,0,0,0,77340,77340,0,0,14746,32839,184111,0,1,0,1500000,True,alignment_consistent,forward,CERTIFIED,0x7ccc,1,0x7ccc,4326531442651496699741202043698,1755043836857147942634044379600,2571487605794348757107157664098,27,16,16,2,11,0.4074074074074074,11,10,11,0,10,10,0,0,11103924,64814,0,11039110,63172,18855,11252255,0,1,0,1500000,True,1.0,1.0,0.4991445378059975,1.037037037037037,1.0,0.008167074066487118
natural,2,6848326092628658641,3653728495638284649,crc_defined_linear,forward,16,11,0.6875,R2_3,1,100,0.01,99,,0,5,0xc738,0x6398,1500000,PASS,8503183,3483848013038093868592125462498,1,False,,independent,forward,CERTIFIED,0xc398,1,0xc398,3483848013038093868592125462498,2693112019583832754718441666310,790735993454261113873683796188,29,16,16,2,13,0.4482758620689655,13,14,13,0,0,0,0,0,40636,40636,0,0,8473,11398,82071,0,1,0,1500000,True,chain_relaxed,forward,CERTIFIED,0xc398,1,0xc398,3483848013038093868592125462498,2693112019583832754718441666310,790735993454261113873683796188,29,16,16,2,13,0.4482758620689655,13,14,13,0,13,0,0,0,40308,40308,0,0,7111,9681,81392,0,1,0,1500000,True,alignment_consistent,forward,CERTIFIED,0xc398,1,0xc398,3483848013038093868592125462498,2606502485561657754252959811000,877345527476436114339165651498,27,14,14,2,13,0.48148148148148145,11,12,11,0,12,12,0,0,13170551,59842,0,13110709,13763,16327,13264773,0,1,0,1500000,True,1.0,1.0,1.0083423432278356,1.0740740740740742,1.1428571428571428,0.006187139425604947
natural,3,10059961040549860224,3653728495638284649,crc_defined_linear,forward,16,11,0.6875,R2_3,1,100,0.01,99,,0,1,0x317,0x18b,1500000,PASS,8145508,2588952951757864733127837557004,1,False,,independent,forward,CERTIFIED,0x317,1,0x317,2588952951757864733127837557004,1841741123070234012904224623412,747211828687630720223612933592,30,15,15,1,15,0.5,14,14,14,0,0,0,0,0,47657,47657,0,0,7674,6091,83069,0,1,0,1500000,True,chain_relaxed,forward,CERTIFIED,0x317,1,0x317,2588952951757864733127837557004,1841741123070234012904224623412,747211828687630720223612933592,30,15,15,1,15,0.5,14,14,14,0,13,0,0,0,45145,45145,0,0,7025,5282,81848,0,1,0,1500000,True,alignment_consistent,forward,CERTIFIED,0x317,1,0x317,2588952951757864733127837557004,912361275812289949940800004004,1676591675945574783187037553000,26,11,11,1,15,0.5769230769230769,10,10,10,0,10,10,0,0,10725200,48551,0,10676649,8931,5364,10783532,0,1,0,1500000,True,1.0,1.0,1.0149178965887988,1.1538461538461537,1.3636363636363635,0.007703320210854848
natural,2,17599980546233328827,3653728495638284649,crc_defined_linear,forward,16,11,0.6875,R2_3,1,20,0.05,19,,0,2,0xdd51,0x6ea9,1500000,PASS,8536737,47185783755522992782,1,False,,independent,forward,CERTIFIED,0xdd51,1,0xdd51,47185783755522992782,41548347660709974292,5637436094813018490,30,17,17,2,13,0.43333333333333335,14,15,14,0,0,0,0,0,46271,46271,0,0,11163,13783,100956,0,1,0,1500000,True,chain_relaxed,forward,CERTIFIED,0xdd51,1,0xdd51,47185783755522992782,41548347660709974292,5637436094813018490,30,17,17,2,13,0.43333333333333335,14,15,14,0,14,0,0,0,44347,44347,0,0,8642,11112,93734,0,1,0,1500000,True,alignment_consistent,forward,CERTIFIED,0xdd51,1,0xdd51,47185783755522992782,46470883002699972796,714900752823019986,26,16,16,2,10,0.38461538461538464,10,11,10,0,11,11,0,0,10469555,44546,0,10425009,11708,11214,10543990,0,1,0,1500000,True,1.0,1.0,1.0770478161606247,1.1538461538461537,1.0625,0.00957474352688119
natural,3,12950514695121228515,3653728495638284649,crc_defined_linear,forward,16,11,0.6875,R2_3,1,20,0.05,19,,0,9,0x85d0,0x43d0,1500000,PASS,7815960,18592311281191345276,1,False,,independent,forward,CERTIFIED,0x85d0,1,0x85d0,18592311281191345276,12784106972526145936,5808204308665199340,32,17,17,2,15,0.46875,16,17,16,0,0,0,0,0,47651,47651,0,0,8362,10334,91219,1,1,0,1500000,True,chain_relaxed,forward,CERTIFIED,0x85d0,1,0x85d0,18592311281191345276,12784106972526145936,5808204308665199340,32,17,17,2,15,0.46875,16,17,16,0,16,0,0,0,47989,47989,0,0,7675,9466,93511,1,1,0,1500000,True,alignment_consistent,forward,CERTIFIED,0x85d0,1,0x85d0,18592311281191345276,16157322821258922436,2434988459932422840,31,17,17,2,14,0.45161290322580644,15,16,15,0,16,16,0,0,16127540,66165,0,16061375,15718,11977,16219836,0,1,0,1500000,True,1.0,1.0,0.9754895146025602,1.032258064516129,1.0,0.005623916296071058
natural,0,1668764813382910015,3653728495638284649,crc_defined_linear,forward,16,11,0.6875,R2_3,1,20,0.05,19,,1,2,0x2246,0x112a,1500000,PASS,8376580,16827962422666220764,1,False,,independent,forward,CERTIFIED,0x512a,1,0x512a,16827962422666220764,12784106972526145936,4043855450140074828,32,17,17,1,15,0.46875,16,2,16,0,0,0,0,0,51506,51506,0,0,8849,6208,90683,1,1,0,1500000,True,chain_relaxed,forward,CERTIFIED,0x512a,1,0x512a,16827962422666220764,12784106972526145936,4043855450140074828,32,17,17,1,15,0.46875,16,2,16,0,1,0,0,0,50519,50519,0,0,7806,5445,82803,1,1,0,1500000,True,alignment_consistent,forward,CERTIFIED,0x512a,1,0x512a,16827962422666220764,12784106972526145936,4043855450140074828,32,17,17,1,15,0.46875,16,2,16,0,1,1,0,0,1000581,50750,0,949831,8007,5432,1033371,1,1,0,1500000,True,1.0,1.0,1.095165634095383,1.0,1.0,0.0877545431408468
natural,1,16565716841175452632,3653728495638284649,crc_defined_linear,forward,16,11,0.6875,R2_3,1,20,0.05,19,,1,11,0x14e1,0x4ce1,1500000,PASS,8072227,3377751547012758124,1,False,,independent,forward,CERTIFIED,0x9861,1,0x9861,3377751547012758124,2943708842357994130,434042704654763994,509,229,229,4,280,0.550098231827112,29,15,29,0,0,0,0,0,81454,81454,0,0,88670,19481,299441,1,2,1,1500000,True,chain_relaxed,forward,CERTIFIED,0x9861,1,0x9861,3377751547012758124,2943708842357994130,434042704654763994,509,229,229,4,280,0.550098231827112,29,15,29,0,14,0,0,0,110323,110323,0,0,118711,23737,404269,1,2,1,1500000,True,alignment_consistent,forward,CERTIFIED,0x9861,1,0x9861,3377751547012758124,3284933657623606564,92817889389151560,507,229,229,4,278,0.5483234714003945,27,13,27,0,13,12,0,1,13099976,114909,0,12985067,130647,30828,13470550,1,2,1,1500000,True,1.0,1.0,0.7406974069245973,1.0039447731755424,1.0,0.022229307637772772
natural,0,10953188779240367430,16550687512661138991,random_systematic_linear,even_odd,16,11,0.6875,R2_3,1,100,0.01,99,,0,13,0x653d,0x253d,1500000,PASS,8177349,1746267731290740359187523491498,1,False,,independent,even_odd,CERTIFIED,0x653d,1,0x653d,1746267731290740359187523491498,990370226556635271090007580514,755897504734105088097515910984,31,16,16,1,15,0.4838709677419355,15,8,15,0,0,0,0,0,49007,49007,0,0,7783,5335,85073,0,1,0,1500000,True,chain_relaxed,even_odd,CERTIFIED,0x653d,1,0x653d,1746267731290740359187523491498,990370226556635271090007580514,755897504734105088097515910984,28,16,16,1,12,0.42857142857142855,12,5,12,5,0,0,0,0,1025096,43938,981158,0,7319,5090,1065118,0,1,0,1500000,True,alignment_consistent,even_odd,CERTIFIED,0x653d,1,0x653d,1746267731290740359187523491498,895073225274347885104309819200,851194506016392474083213672298,24,15,15,1,9,0.375,8,1,8,1,0,1,0,0,1203153,28994,187966,986193,8921,5709,1237772,0,1,0,1500000,True,1.1071428571428572,1.0,0.07987190151701501,1.2916666666666667,1.0666666666666667,0.06873075170548372
natural,2,1481766409524052811,16550687512661138991,random_systematic_linear,even_odd,16,11,0.6875,R2_3,1,100,0.01,99,,0,14,0x8a00,0x4a00,1500000,PASS,8346275,2597638699246859637053881611690,1,False,,independent,even_odd,CERTIFIED,0x8a00,1,0x8a00,2597638699246859637053881611690,1841741123070234012904224623412,755897576176625624149656988278,30,16,16,1,14,0.4666666666666667,14,15,14,0,0,0,0,0,44890,44890,0,0,8324,6249,80249,0,1,0,1500000,True,chain_relaxed,even_odd,CERTIFIED,0x8a00,1,0x8a00,2597638699246859637053881611690,1841741123070234012904224623412,755897576176625624149656988278,27,15,15,1,12,0.4444444444444444,11,12,11,10,2,0,0,0,1830600,45122,1785478,0,10876,5220,1886396,0,1,0,1500000,True,alignment_consistent,even_odd,CERTIFIED,0x8a00,1,0x8a00,2597638699246859637053881611690,1737580273792454638970536092408,860058425454404998083345519282,23,11,11,1,12,0.5217391304347826,7,8,7,6,2,8,0,0,9401033,33297,1123115,8244621,11009,5865,9463490,0,1,0,1500000,True,1.1111111111111112,1.0666666666666667,0.042540908695735145,1.3043478260869565,1.4545454545454546,0.008479852570246284
natural,3,15393583402315291345,16550687512661138991,random_systematic_linear,even_odd,16,11,0.6875,R2_3,1,100,0.01,99,,0,1,0x878e,0x43c6,1500000,PASS,8175129,2615279459336693701300237460400,1,False,,independent,even_odd,CERTIFIED,0x878e,1,0x878e,2615279459336693701300237460400,1841741123070234012904224623412,773538336266459688396012836988,30,16,16,1,14,0.4666666666666667,14,13,14,0,0,0,0,0,44825,44825,0,0,7906,5993,82319,0,1,0,1500000,True,chain_relaxed,even_odd,CERTIFIED,0x878e,1,0x878e,2615279459336693701300237460400,1841741123070234012904224623412,773538336266459688396012836988,28,15,15,1,13,0.4642857142857143,12,11,12,11,0,0,0,0,2137686,49197,2088489,0,9421,5200,2192472,0,1,0,1500000,True,alignment_consistent,even_odd,CERTIFIED,0x878e,1,0x878e,2615279459336693701300237460400,1755220227354354210365047750200,860059231982339490935189710200,22,12,12,1,10,0.45454545454545453,6,5,6,5,0,5,0,0,5929267,25284,925883,4978100,7020,5361,5971767,0,1,0,1500000,True,1.0714285714285714,1.0666666666666667,0.03754620355470902,1.3636363636363635,1.3333333333333333,0.013784697226130892
natural,1,2784957352629475119,16550687512661138991,random_systematic_linear,even_odd,16,11,0.6875,R2_3,1,100,0.01,99,,1,1,0x53e5,0x29f1,1500000,PASS,8447019,886649023452644181966910142898,1,False,,independent,even_odd,CERTIFIED,0x53e5,1,0x53e5,886649023452644181966910142898,138999330043036529275790537616,747649693409607652691119605282,32,17,17,1,15,0.46875,16,15,16,0,0,0,0,0,50656,50656,0,0,8233,5800,88300,1,1,0,1500000,True,chain_relaxed,even_odd,CERTIFIED,0x53e5,1,0x53e5,886649023452644181966910142898,138999330043036529275790537616,747649693409607652691119605282,32,17,17,1,15,0.46875,16,15,16,13,1,0,0,0,2375640,62975,2312665,0,11706,5916,2454526,1,1,0,1500000,True,alignment_consistent,even_odd,CERTIFIED,0x53e5,1,0x53e5,886649023452644181966910142898,868834460395004240275467922098,17814563057639941691442220800,28,16,16,1,12,0.42857142857142855,12,11,12,11,0,11,0,0,13246101,53034,1993961,11199106,10849,5503,13323462,0,1,0,1500000,True,1.0,1.0,0.03597435920418036,1.1428571428571428,1.0625,0.006627406600476663
natural,3,15610754292776958639,16550687512661138991,random_systematic_linear,even_odd,16,11,0.6875,R2_3,1,20,0.05,19,,0,15,0xcc2,0xcc2,1500000,PASS,8553991,62411526502617156334,1,False,,independent,even_odd,CERTIFIED,0xcc2,1,0xcc2,62411526502617156334,55930468004801888470,6481058497815267864,29,15,15,1,14,0.4827586206896552,13,14,13,0,0,0,0,0,61250,61250,0,0,7717,5283,96377,0,1,0,1500000,True,chain_relaxed,even_odd,CERTIFIED,0xcc2,1,0xcc2,62411526502617156334,55930468004801888470,6481058497815267864,27,14,14,1,13,0.48148148148148145,11,12,11,10,2,0,0,0,1805468,40480,1764988,0,9267,5029,1855756,0,1,0,1500000,True,alignment_consistent,even_odd,CERTIFIED,0xcc2,1,0xcc2,62411526502617156334,18510204041866874284,43901322460750282050,23,11,11,1,12,0.5217391304347826,7,8,7,6,2,8,0,0,9092400,31754,1078328,7982318,10442,5177,9148003,0,1,0,1500000,True,1.0740740740740742,1.0714285714285714,0.05193409047310099,1.2608695652173914,1.3636363636363635,0.010535304809147964
natural,0,15356371144814280746,16550687512661138991,random_systematic_linear,even_odd,16,11,0.6875,R2_3,1,20,0.05,19,,1,1,0x82e3,0x4175,1500000,PASS,7777652,5048694274402767040,1,False,,independent,even_odd,CERTIFIED,0x81f5,1,0x81f5,5048694274402767040,4457616246999248254,591078027403518786,507,227,227,11,280,0.5522682445759369,27,14,27,0,0,0,0,0,75267,75267,0,0,88912,44173,330196,1,2,1,1500000,True,chain_relaxed,even_odd,CERTIFIED,0x81f5,1,0x81f5,5048694274402767040,4457616246999248254,591078027403518786,502,226,226,11,276,0.549800796812749,22,9,22,5,4,0,0,0,877080,63810,813270,0,85032,42816,1116466,1,2,1,1500000,True,alignment_consistent,even_odd,CERTIFIED,0x81f5,1,0x81f5,5048694274402767040,4457616246999248254,591078027403518786,502,226,226,11,276,0.549800796812749,22,9,22,5,4,6,0,2,6453022,68824,828973,5555225,89749,46728,6715699,1,2,1,1500000,True,1.0099601593625498,1.0044247787610618,0.2957510573541872,1.0099601593625498,1.0044247787610618,0.049167778365290044
natural,2,1041488539607931411,16550687512661138991,random_systematic_linear,even_odd,16,11,0.6875,R2_3,1,20,0.05,19,,1,9,0x7337,0x393f,1500000,PASS,8576888,20061738122819950924,1,False,,independent,even_odd,CERTIFIED,0x727b,1,0x727b,20061738122819950924,12784106972526145936,7277631150293804988,32,17,17,1,15,0.46875,16,17,16,0,0,0,0,0,45104,45104,0,0,8445,5797,80650,1,1,0,1500000,True,chain_relaxed,even_odd,CERTIFIED,0x727b,1,0x727b,20061738122819950924,12784106972526145936,7277631150293804988,32,17,17,1,15,0.46875,16,17,16,13,3,0,0,0,2305848,61090,2244758,0,10058,4995,2367245,1,1,0,1500000,True,alignment_consistent,even_odd,CERTIFIED,0x727b,1,0x727b,20061738122819950924,17706789119444631244,2354949003375319680,27,15,15,1,12,0.4444444444444444,11,12,11,10,2,12,0,0,13728777,51057,1772078,11905642,10685,5420,13802115,0,1,0,1500000,True,1.0,1.0,0.034069139442685484,1.1851851851851851,1.1333333333333333,0.005843307348185405
natural,1,7459567400444344887,16550687512661138991,random_systematic_linear,even_odd,16,11,0.6875,R2_3,1,20,0.05,19,,2,8,0x75fb,0x72fb,1500000,PASS,8773319,3282603886412768266,1,False,,independent,even_odd,CERTIFIED,0xf2db,1,0xf2db,3282603886412768266,2943708842357994130,338895044054774136,509,226,226,7,283,0.555992141453831,29,15,29,0,0,0,0,0,80351,80351,0,0,95687,31858,320235,1,2,1,1500000,True,chain_relaxed,even_odd,CERTIFIED,0xf2db,1,0xf2db,3282603886412768266,2943708842357994130,338895044054774136,507,226,226,7,281,0.5542406311637081,27,13,27,10,3,0,0,0,1703562,80138,1623424,0,87523,29378,1946962,1,2,1,1500000,True,alignment_consistent,even_odd,CERTIFIED,0xf2db,1,0xf2db,3282603886412768266,1771014636225232396,1511589250187535870,503,226,226,7,277,0.5506958250497018,23,9,23,6,3,8,0,1,9000224,77484,1008273,7914467,100370,29986,9265462,1,2,1,1500000,True,1.0039447731755424,1.0,0.16447932728014208,1.0119284294234592,1.0,0.03456222690244696
natural,0,10953188779240367430,16550687512661138991,random_systematic_linear,forward,16,11,0.6875,R2_3,1,100,0.01,99,,0,13,0x653d,0x253d,1500000,PASS,8111878,1746267731290740359187523491498,1,False,,independent,forward,CERTIFIED,0x653d,1,0x653d,1746267731290740359187523491498,990370226556635271090007580514,755897504734105088097515910984,31,16,16,1,15,0.4838709677419355,15,2,15,0,0,0,0,0,58020,58020,0,0,18326,24979,213165,0,1,0,1500000,True,chain_relaxed,forward,CERTIFIED,0x653d,1,0x653d,1746267731290740359187523491498,990370226556635271090007580514,755897504734105088097515910984,31,16,16,1,15,0.4838709677419355,15,2,15,0,1,0,0,0,45134,45134,0,0,7176,5523,78205,0,1,0,1500000,True,alignment_consistent,forward,CERTIFIED,0x653d,1,0x653d,1746267731290740359187523491498,1728980567045423131113300151800,17287164245317228074223339698,30,16,16,1,14,0.4666666666666667,14,1,14,0,1,1,0,0,1122912,41034,0,1081878,6824,5196,1153155,0,1,0,1500000,True,1.0,1.0,2.7257208618374786,1.0333333333333334,1.0,0.18485372738270223
natural,2,1481766409524052811,16550687512661138991,random_systematic_linear,forward,16,11,0.6875,R2_3,1,100,0.01,99,,0,14,0x8a00,0x4a00,1500000,PASS,8425550,2597638699246859637053881611690,1,False,,independent,forward,CERTIFIED,0x8a00,1,0x8a00,2597638699246859637053881611690,1841741123070234012904224623412,755897576176625624149656988278,30,16,16,1,14,0.4666666666666667,14,15,14,0,0,0,0,0,44197,44197,0,0,8944,6798,82950,0,1,0,1500000,True,chain_relaxed,forward,CERTIFIED,0x8a00,1,0x8a00,2597638699246859637053881611690,1841741123070234012904224623412,755897576176625624149656988278,30,16,16,1,14,0.4666666666666667,14,15,14,0,14,0,0,0,42957,42957,0,0,6999,5704,80328,0,1,0,1500000,True,alignment_consistent,forward,CERTIFIED,0x8a00,1,0x8a00,2597638699246859637053881611690,1737580273792454638970536092408,860058425454404998083345519282,29,15,15,1,14,0.4827586206896552,13,14,13,0,14,14,0,0,14323627,62010,0,14261617,25198,25128,14513724,0,1,0,1500000,True,1.0,1.0,1.0326411711980878,1.0344827586206897,1.0666666666666667,0.005715280240963656
natural,3,15393583402315291345,16550687512661138991,random_systematic_linear,forward,16,11,0.6875,R2_3,1,100,0.01,99,,0,1,0x878e,0x43c6,1500000,PASS,8149582,2615279459336693701300237460400,1,False,,independent,forward,CERTIFIED,0x878e,1,0x878e,2615279459336693701300237460400,1841741123070234012904224623412,773538336266459688396012836988,30,16,16,1,14,0.4666666666666667,14,13,14,0,0,0,0,0,58106,58106,0,0,18016,25175,199351,0,1,0,1500000,True,chain_relaxed,forward,CERTIFIED,0x878e,1,0x878e,2615279459336693701300237460400,1841741123070234012904224623412,773538336266459688396012836988,30,16,16,1,14,0.4666666666666667,14,13,14,0,12,0,0,0,50576,50576,0,0,8498,6646,97722,0,1,0,1500000,True,alignment_consistent,forward,CERTIFIED,0x878e,1,0x878e,2615279459336693701300237460400,1755220227354354210365047750200,860059231982339490935189710200,27,13,13,1,14,0.5185185185185185,11,10,11,0,10,10,0,0,10299908,52377,0,10247531,8028,5492,10355834,0,1,0,1500000,True,1.0,1.0,2.039980761752727,1.1111111111111112,1.2307692307692308,0.019250115442174913
natural,1,2784957352629475119,16550687512661138991,random_systematic_linear,forward,16,11,0.6875,R2_3,1,100,0.01,99,,1,1,0x53e5,0x29f1,1500000,PASS,8166462,886649023452644181966910142898,1,False,,independent,forward,CERTIFIED,0x53e5,1,0x53e5,886649023452644181966910142898,138999330043036529275790537616,747649693409607652691119605282,32,17,17,1,15,0.46875,16,14,16,0,0,0,0,0,50157,50157,0,0,8523,5932,85152,1,1,0,1500000,True,chain_relaxed,forward,CERTIFIED,0x53e5,1,0x53e5,886649023452644181966910142898,138999330043036529275790537616,747649693409607652691119605282,32,17,17,1,15,0.46875,16,14,16,0,13,0,0,0,57302,57302,0,0,17539,26660,214302,1,1,0,1500000,True,alignment_consistent,forward,CERTIFIED,0x53e5,1,0x53e5,886649023452644181966910142898,868834460395004240275467922098,17814563057639941691442220800,31,16,16,1,15,0.4838709677419355,15,13,15,0,13,13,0,0,13295863,65378,0,13230485,11036,5820,13367613,0,1,0,1500000,True,1.0,1.0,0.39734580171906936,1.032258064516129,1.0625,0.006370022830553219
natural,3,15610754292776958639,16550687512661138991,random_systematic_linear,forward,16,11,0.6875,R2_3,1,20,0.05,19,,0,15,0xcc2,0xcc2,1500000,PASS,8242021,62411526502617156334,1,False,,independent,forward,CERTIFIED,0xcc2,1,0xcc2,62411526502617156334,55930468004801888470,6481058497815267864,29,14,14,1,15,0.5172413793103449,13,14,13,0,0,0,0,0,36689,36689,0,0,6997,5499,69455,0,1,0,1500000,True,chain_relaxed,forward,CERTIFIED,0xcc2,1,0xcc2,62411526502617156334,55930468004801888470,6481058497815267864,29,14,14,1,15,0.5172413793103449,13,14,13,0,13,0,0,0,39922,39922,0,0,6190,5434,75211,0,1,0,1500000,True,alignment_consistent,forward,CERTIFIED,0xcc2,1,0xcc2,62411526502617156334,55930468004801888470,6481058497815267864,29,14,14,1,15,0.5172413793103449,13,14,13,0,13,13,0,0,13073413,55293,0,13018120,11828,5280,13141632,0,1,0,1500000,True,1.0,1.0,0.9234686415550917,1.0,1.0,0.0052851122295921845
natural,0,15356371144814280746,16550687512661138991,random_systematic_linear,forward,16,11,0.6875,R2_3,1,20,0.05,19,,1,1,0x82e3,0x4175,1500000,PASS,8306945,5048694274402767040,1,False,,independent,forward,CERTIFIED,0x81f5,1,0x81f5,5048694274402767040,4457616246999248254,591078027403518786,507,226,226,11,281,0.5542406311637081,27,14,27,0,0,0,0,0,80876,80876,0,0,90148,61351,358635,1,2,1,1500000,True,chain_relaxed,forward,CERTIFIED,0x81f5,1,0x81f5,5048694274402767040,4457616246999248254,591078027403518786,507,226,226,11,281,0.5542406311637081,27,14,27,0,13,0,0,0,73666,73666,0,0,85280,44466,316122,1,2,1,1500000,True,alignment_consistent,forward,CERTIFIED,0x81f5,1,0x81f5,5048694274402767040,2567580530186596822,2481113744216170218,506,225,225,11,281,0.5553359683794467,26,13,26,0,13,11,0,2,10267796,85306,0,10182490,87691,48117,10536554,1,2,1,1500000,True,1.0,1.0,1.1344828895173382,1.0019762845849802,1.0044444444444445,0.034037219379315094
natural,2,1041488539607931411,16550687512661138991,random_systematic_linear,forward,16,11,0.6875,R2_3,1,20,0.05,19,,1,9,0x7337,0x393f,1500000,PASS,7865066,20061738122819950924,1,False,,independent,forward,CERTIFIED,0x727b,1,0x727b,20061738122819950924,12784106972526145936,7277631150293804988,32,17,17,1,15,0.46875,16,17,16,0,0,0,0,0,44219,44219,0,0,8107,5673,78906,1,1,0,1500000,True,chain_relaxed,forward,CERTIFIED,0x727b,1,0x727b,20061738122819950924,12784106972526145936,7277631150293804988,32,17,17,1,15,0.46875,16,17,16,0,16,0,0,0,46339,46339,0,0,7136,5329,85466,1,1,0,1500000,True,alignment_consistent,forward,CERTIFIED,0x727b,1,0x727b,20061738122819950924,16110849984400186414,3950888138419764510,31,16,16,1,15,0.4838709677419355,15,16,15,0,16,16,0,0,15932643,63699,0,15868944,11049,5445,16011474,0,1,0,1500000,True,1.0,1.0,0.9232443310790256,1.032258064516129,1.0625,0.004928090942782657
natural,1,7459567400444344887,16550687512661138991,random_systematic_linear,forward,16,11,0.6875,R2_3,1,20,0.05,19,,2,8,0x75fb,0x72fb,1500000,PASS,7845241,3282603886412768266,1,False,,independent,forward,CERTIFIED,0xf2db,1,0xf2db,3282603886412768266,2943708842357994130,338895044054774136,509,227,227,7,282,0.5540275049115914,29,15,29,0,0,0,0,0,81189,81189,0,0,88255,29821,308461,1,2,1,1500000,True,chain_relaxed,forward,CERTIFIED,0xf2db,1,0xf2db,3282603886412768266,2943708842357994130,338895044054774136,509,227,227,7,282,0.5540275049115914,29,15,29,0,14,0,0,0,85939,85939,0,0,104642,33067,380986,1,2,1,1500000,True,alignment_consistent,forward,CERTIFIED,0xf2db,1,0xf2db,3282603886412768266,2943708842357994130,338895044054774136,509,227,227,7,282,0.5540275049115914,29,15,29,0,14,13,0,1,12584940,132888,0,12452052,91091,30981,12851900,1,2,1,1500000,True,1.0,1.0,0.8096386743869853,1.0,1.0,0.02400119826640419
natural,3,2031559735001311111,12037571058189918731,crc_defined_linear,even_odd,16,12,0.75,R3_4,1,100,0.01,99,,0,15,0x5dee,0x5dee,1500000,PASS,15882173,1781107088579441223419523582306,1,False,,independent,even_odd,CERTIFIED,0xbbce,1,0xbbce,1781107088579441223419523582306,990370226556635271090007580514,790736862022805952329516001792,31,17,17,3,14,0.45161290322580644,15,16,15,0,0,0,0,0,45620,45620,0,0,7056,14521,89582,0,1,0,1500000,True,chain_relaxed,even_odd,CERTIFIED,0xbbce,1,0xbbce,1781107088579441223419523582306,990370226556635271090007580514,790736862022805952329516001792,30,17,17,3,13,0.43333333333333335,14,15,14,13,2,0,0,0,2292611,54301,2238310,0,7794,13207,2355452,0,1,0,1500000,True,alignment_consistent,even_odd,CERTIFIED,0xbbce,1,0xbbce,1781107088579441223419523582306,1754957848660733625760052832906,26149239918707597659470749400,22,16,16,3,6,0.2727272727272727,6,7,6,5,2,7,0,0,7939509,26951,890299,7022259,9496,15703,7999228,0,1,0,1500000,True,1.0333333333333334,1.0,0.03803176630217894,1.4090909090909092,1.0625,0.01119883068716131
natural,0,12094296838378949706,12037571058189918731,crc_defined_linear,even_odd,16,12,0.75,R3_4,1,100,0.01,99,,1,0,0x45c8,0x22c4,1500000,PASS,16024336,3466559962591494207850520297694,1,False,,independent,even_odd,CERTIFIED,0x4584,1,0x4584,3466559962591494207850520297694,2693112019583832754718441666310,773447943007661453132078631384,29,15,15,1,14,0.4827586206896552,13,14,13,0,0,0,0,0,41408,41408,0,0,6332,6022,74552,0,1,0,1500000,True,chain_relaxed,even_odd,CERTIFIED,0x4584,1,0x4584,3466559962591494207850520297694,2693112019583832754718441666310,773447943007661453132078631384,25,14,14,1,11,0.44,9,10,9,8,2,0,0,0,1498095,35767,1462328,0,8102,5135,1541553,0,1,0,1500000,True,alignment_consistent,even_odd,CERTIFIED,0x4584,1,0x4584,3466559962591494207850520297694,3457785638747289761348762467494,8774323844204446501757830200,19,9,9,1,10,0.5263157894736842,3,4,3,2,2,4,0,0,4468016,13450,376698,4077868,6092,5248,4501726,0,1,0,1500000,True,1.16,1.0714285714285714,0.04836161974320701,1.5263157894736843,1.6666666666666667,0.01656075913993877
natural,2,12796729787936565931,12037571058189918731,crc_defined_linear,even_odd,16,12,0.75,R3_4,1,100,0.01,99,,1,2,0x165c,0x4b2c,1500000,PASS,16004197,2606415637570118243756023252698,1,False,,independent,even_odd,CERTIFIED,0x962c,1,0x962c,2606415637570118243756023252698,1841741123070234012904224623412,764674514499884230851798629286,30,16,16,1,14,0.4666666666666667,14,15,14,0,0,0,0,0,44508,44508,0,0,7105,5773,77534,0,1,0,1500000,True,chain_relaxed,even_odd,CERTIFIED,0x962c,1,0x962c,2606415637570118243756023252698,1841741123070234012904224623412,764674514499884230851798629286,26,15,15,1,11,0.4230769230769231,10,11,10,9,2,0,0,0,1651909,39212,1612697,0,8626,5241,1699288,0,1,0,1500000,True,alignment_consistent,even_odd,CERTIFIED,0x962c,1,0x962c,2606415637570118243756023252698,2606415628707173908669739250600,8862944335086284002098,20,11,11,1,9,0.45,4,5,4,3,2,5,0,0,5591845,18836,557093,5015916,7559,5552,5635440,0,1,0,1500000,True,1.1538461538461537,1.0666666666666667,0.04562734509983005,1.5,1.4545454545454546,0.01375828684184376
natural,1,2055147292991190666,12037571058189918731,crc_defined_linear,even_odd,16,12,0.75,R3_4,1,100,0.01,99,,2,0,0x92d,0x2416,1500000,PASS,16163248,1772507382554051337138571895004,1,False,,independent,even_odd,CERTIFIED,0x4836,1,0x4836,1772507382554051337138571895004,990370226556635271090007580514,782137155997416066048564314490,31,16,16,2,15,0.4838709677419355,15,13,15,0,0,0,0,0,69923,69923,0,0,7448,10926,110741,0,1,0,1500000,True,chain_relaxed,even_odd,CERTIFIED,0x4836,1,0x4836,1772507382554051337138571895004,990370226556635271090007580514,782137155997416066048564314490,29,16,16,2,13,0.4482758620689655,13,11,13,11,0,0,0,0,1994260,49396,1944864,0,10093,11727,2061207,0,1,0,1500000,True,alignment_consistent,even_odd,CERTIFIED,0x4836,1,0x4836,1772507382554051337138571895004,1746271276737961888502263605204,26236105816089448636308289800,23,13,13,1,10,0.43478260869565216,7,5,7,5,0,5,0,0,6058512,27687,915791,5115034,7923,5495,6100960,0,1,0,1500000,True,1.0689655172413792,1.0,0.053726287558697405,1.3478260869565217,1.2307692307692308,0.01815140568041751
natural,0,3172529535997595530,12037571058189918731,crc_defined_linear,even_odd,16,12,0.75,R3_4,1,20,0.05,19,,0,11,0xc91c,0x611c,1500000,PASS,15032560,18510314401059514702,2,False,,independent,even_odd,CERTIFIED,0xc91c,2,0xc91c 0xd11c,18510314401059514702,12784106972526145936,5726207428533368766,32,17,17,2,15,0.46875,16,10,16,0,0,0,0,0,48847,48847,0,0,7743,9443,87882,1,1,0,1500000,True,chain_relaxed,even_odd,CERTIFIED,0xc91c,2,0xc91c 0xd11c,18510314401059514702,12784106972526145936,5726207428533368766,32,17,17,2,15,0.46875,16,10,16,8,1,0,0,0,1406596,51169,1355427,0,8725,9503,1457618,1,1,0,1500000,True,alignment_consistent,even_odd,CERTIFIED,0xc91c,2,0xc91c 0xd11c,18510314401059514702,16949934159559524556,1560380241499990146,30,17,17,2,13,0.43333333333333335,14,8,14,8,0,8,0,0,9141757,51371,1354868,7735518,9590,10569,9202903,0,1,0,1500000,True,1.0,1.0,0.060291516707395215,1.0666666666666667,1.0,0.009549378060379426
natural,1,162072895600762182,12037571058189918731,crc_defined_linear,even_odd,16,12,0.75,R3_4,1,20,0.05,19,,0,3,0x6fd0,0x37e8,1500000,PASS,15185991,61578976753337842942,1,False,,independent,even_odd,CERTIFIED,0x6fd0,1,0x6fd0,61578976753337842942,55930468004801888470,5648508748535954472,29,16,16,2,13,0.4482758620689655,13,14,13,0,0,0,0,0,41460,41460,0,0,8938,9471,79178,0,1,0,1500000,True,chain_relaxed,even_odd,CERTIFIED,0x6fd0,1,0x6fd0,61578976753337842942,55930468004801888470,5648508748535954472,24,15,15,2,9,0.375,8,9,8,7,2,0,0,0,1253950,30906,1223044,0,8071,9421,1306483,0,1,0,1500000,True,alignment_consistent,even_odd,CERTIFIED,0x6fd0,1,0x6fd0,61578976753337842942,47396060560340443276,14182916192997399666,20,14,14,2,6,0.3,4,5,4,3,2,5,0,0,5493338,16520,537485,4939333,8341,10627,5539549,0,1,0,1500000,True,1.2083333333333333,1.0666666666666667,0.06060392672541472,1.45,1.1428571428571428,0.01429322134347038
natural,2,6130416349737524288,12037571058189918731,crc_defined_linear,even_odd,16,12,0.75,R3_4,1,20,0.05,19,,0,10,0x8ad9,0x46d9,1500000,PASS,15060236,16954121694797165680,1,False,,independent,even_odd,CERTIFIED,0x8ad9,1,0x8ad9,16954121694797165680,12784106972526145936,4170014722271019744,32,17,17,1,15,0.46875,16,17,16,0,0,0,0,0,44319,44319,0,0,7128,5609,76957,1,1,0,1500000,True,chain_relaxed,even_odd,CERTIFIED,0x8ad9,1,0x8ad9,16954121694797165680,12784106972526145936,4170014722271019744,32,17,17,1,15,0.46875,16,17,16,13,3,0,0,0,2223597,53294,2170303,0,8638,5008,2277883,1,1,0,1500000,True,alignment_consistent,even_odd,CERTIFIED,0x8ad9,1,0x8ad9,16954121694797165680,16110848406763612960,843273288033552720,31,17,17,1,14,0.45161290322580644,15,16,15,13,3,16,0,0,17329221,63515,2241417,15024289,12331,5819,17415747,0,1,0,1500000,True,1.0,1.0,0.03378443932370539,1.032258064516129,1.0,0.0044188170625124494
natural,3,14171197638666313793,12037571058189918731,crc_defined_linear,even_odd,16,12,0.75,R3_4,1,20,0.05,19,,0,9,0xa1bd,0x51bd,1500000,PASS,15494487,63216823339692846502,1,False,,independent,even_odd,CERTIFIED,0xa1bd,1,0xa1bd,63216823339692846502,55930468004801888470,7286355334890958032,29,16,16,1,13,0.4482758620689655,13,14,13,0,0,0,0,0,36787,36787,0,0,6564,5525,68603,0,1,0,1500000,True,chain_relaxed,even_odd,CERTIFIED,0xa1bd,1,0xa1bd,63216823339692846502,55930468004801888470,7286355334890958032,24,16,16,1,8,0.3333333333333333,8,9,8,7,2,0,0,0,1237640,29360,1208280,0,8160,4909,1279406,0,1,0,1500000,True,alignment_consistent,even_odd,CERTIFIED,0xa1bd,1,0xa1bd,63216823339692846502,33687125482976518876,29529697856716327626,22,14,14,1,8,0.36363636363636365,6,7,6,5,2,7,0,0,7682732,25471,896091,6761170,8019,5025,7728761,0,1,0,1500000,True,1.2083333333333333,1.0,0.053620977234748,1.3181818181818181,1.1428571428571428,0.008876325713785172
natural,3,2031559735001311111,12037571058189918731,crc_defined_linear,forward,16,12,0.75,R3_4,1,100,0.01,99,,0,15,0x5dee,0x5dee,1500000,PASS,16465388,1781107088579441223419523582306,1,False,,independent,forward,CERTIFIED,0xbbce,1,0xbbce,1781107088579441223419523582306,990370226556635271090007580514,790736862022805952329516001792,31,17,17,3,14,0.45161290322580644,15,16,15,0,0,0,0,0,46424,46424,0,0,7458,18455,94398,0,1,0,1500000,True,chain_relaxed,forward,CERTIFIED,0xbbce,1,0xbbce,1781107088579441223419523582306,990370226556635271090007580514,790736862022805952329516001792,31,17,17,3,14,0.45161290322580644,15,16,15,0,15,0,0,0,44897,44897,0,0,6467,13507,91331,0,1,0,1500000,True,alignment_consistent,forward,CERTIFIED,0xbbce,1,0xbbce,1781107088579441223419523582306,1754957848660733625760052832906,26149239918707597659470749400,27,16,16,3,11,0.4074074074074074,11,12,11,0,12,12,0,0,12131045,47246,0,12083799,8920,15317,12199129,0,1,0,1500000,True,1.0,1.0,1.0335811498833911,1.1481481481481481,1.0625,0.0077380934327360585
natural,0,12094296838378949706,12037571058189918731,crc_defined_linear,forward,16,12,0.75,R3_4,1,100,0.01,99,,1,0,0x45c8,0x22c4,1500000,PASS,15992516,3466559962591494207850520297694,1,False,,independent,forward,CERTIFIED,0x4584,1,0x4584,3466559962591494207850520297694,2693112019583832754718441666310,773447943007661453132078631384,29,15,15,1,14,0.4827586206896552,13,14,13,0,0,0,0,0,41090,41090,0,0,7343,9420,80227,0,1,0,1500000,True,chain_relaxed,forward,CERTIFIED,0x4584,1,0x4584,3466559962591494207850520297694,2693112019583832754718441666310,773447943007661453132078631384,29,15,15,1,14,0.4827586206896552,13,14,13,0,13,0,0,0,42509,42509,0,0,7963,5167,91177,0,1,0,1500000,True,alignment_consistent,forward,CERTIFIED,0x4584,1,0x4584,3466559962591494207850520297694,3457785638747289761348762467494,8774323844204446501757830200,20,9,9,1,11,0.55,4,5,4,0,5,5,0,0,5103819,19034,0,5084785,5882,5387,5139767,0,1,0,1500000,True,1.0,1.0,0.8799039231385108,1.45,1.6666666666666667,0.015609073329588675
natural,2,12796729787936565931,12037571058189918731,crc_defined_linear,forward,16,12,0.75,R3_4,1,100,0.01,99,,1,2,0x165c,0x4b2c,1500000,PASS,15936098,2606415637570118243756023252698,1,False,,independent,forward,CERTIFIED,0x962c,1,0x962c,2606415637570118243756023252698,1841741123070234012904224623412,764674514499884230851798629286,30,16,16,1,14,0.4666666666666667,14,15,14,0,0,0,0,0,43262,43262,0,0,6947,6058,76288,0,1,0,1500000,True,chain_relaxed,forward,CERTIFIED,0x962c,1,0x962c,2606415637570118243756023252698,1841741123070234012904224623412,764674514499884230851798629286,30,16,16,1,14,0.4666666666666667,14,15,14,0,14,0,0,0,42755,42755,0,0,5969,5191,78221,0,1,0,1500000,True,alignment_consistent,forward,CERTIFIED,0x962c,1,0x962c,2606415637570118243756023252698,2606415628707173908669739250600,8862944335086284002098,23,12,12,1,11,0.4782608695652174,7,8,7,0,8,8,0,0,7897269,32979,0,7864290,8686,9060,7956133,0,1,0,1500000,True,1.0,1.0,0.9752879661471984,1.3043478260869565,1.3333333333333333,0.009588577767616504
natural,1,2055147292991190666,12037571058189918731,crc_defined_linear,forward,16,12,0.75,R3_4,1,100,0.01,99,,2,0,0x92d,0x2416,1500000,PASS,15962780,1772507382554051337138571895004,1,False,,independent,forward,CERTIFIED,0x4836,1,0x4836,1772507382554051337138571895004,990370226556635271090007580514,782137155997416066048564314490,31,16,16,2,15,0.4838709677419355,15,11,15,0,0,0,0,0,46384,46384,0,0,7355,10860,86357,0,1,0,1500000,True,chain_relaxed,forward,CERTIFIED,0x4836,1,0x4836,1772507382554051337138571895004,990370226556635271090007580514,782137155997416066048564314490,31,16,16,2,15,0.4838709677419355,15,11,15,0,10,0,0,0,48202,48202,0,0,7030,13706,97405,0,1,0,1500000,True,alignment_consistent,forward,CERTIFIED,0x4836,1,0x4836,1772507382554051337138571895004,1746271276737961888502263605204,26236105816089448636308289800,28,14,14,1,14,0.5,12,8,12,0,8,8,0,0,8077225,48244,0,8028981,9343,4851,8127718,0,1,0,1500000,True,1.0,1.0,0.8865766644422771,1.1071428571428572,1.1428571428571428,0.010624999538615882
natural,0,3172529535997595530,12037571058189918731,crc_defined_linear,forward,16,12,0.75,R3_4,1,20,0.05,19,,0,11,0xc91c,0x611c,1500000,PASS,15690161,18510314401059514702,2,False,,independent,forward,CERTIFIED,0xc91c,2,0xc91c 0xd11c,18510314401059514702,12784106972526145936,5726207428533368766,32,17,17,2,15,0.46875,16,5,16,0,0,0,0,0,45220,45220,0,0,7258,9506,82874,1,1,0,1500000,True,chain_relaxed,forward,CERTIFIED,0xc91c,2,0xc91c 0xd11c,18510314401059514702,12784106972526145936,5726207428533368766,32,17,17,2,15,0.46875,16,5,16,0,4,0,0,0,42740,42740,0,0,6558,8995,77485,1,1,0,1500000,True,alignment_consistent,forward,CERTIFIED,0xc91c,2,0xc91c 0xd11c,18510314401059514702,16949934159559524556,1560380241499990146,30,17,17,2,13,0.43333333333333335,14,3,14,0,3,3,0,0,2955692,39746,0,2915946,7553,10210,2994580,0,1,0,1500000,True,1.0,1.0,1.0695489449570885,1.0666666666666667,1.0,0.02767466556244949
natural,1,162072895600762182,12037571058189918731,crc_defined_linear,forward,16,12,0.75,R3_4,1,20,0.05,19,,0,3,0x6fd0,0x37e8,1500000,PASS,15007304,61578976753337842942,1,False,,independent,forward,CERTIFIED,0x6fd0,1,0x6fd0,61578976753337842942,55930468004801888470,5648508748535954472,29,16,16,2,13,0.4482758620689655,13,14,13,0,0,0,0,0,38533,38533,0,0,7111,9863,75445,0,1,0,1500000,True,chain_relaxed,forward,CERTIFIED,0x6fd0,1,0x6fd0,61578976753337842942,55930468004801888470,5648508748535954472,29,16,16,2,13,0.4482758620689655,13,14,13,0,13,0,0,0,37168,37168,0,0,6748,9613,83762,0,1,0,1500000,True,alignment_consistent,forward,CERTIFIED,0x6fd0,1,0x6fd0,61578976753337842942,47396060560340443276,14182916192997399666,22,15,15,2,7,0.3181818181818182,6,7,6,0,7,7,0,0,6976871,26020,0,6950851,9303,10098,7028387,0,1,0,1500000,True,1.0,1.0,0.9007067644039063,1.3181818181818181,1.0666666666666667,0.01073432638242601
natural,2,6130416349737524288,12037571058189918731,crc_defined_linear,forward,16,12,0.75,R3_4,1,20,0.05,19,,0,10,0x8ad9,0x46d9,1500000,PASS,15021199,16954121694797165680,1,False,,independent,forward,CERTIFIED,0x8ad9,1,0x8ad9,16954121694797165680,12784106972526145936,4170014722271019744,32,17,17,1,15,0.46875,16,17,16,0,0,0,0,0,42818,42818,0,0,6886,5208,74029,1,1,0,1500000,True,chain_relaxed,forward,CERTIFIED,0x8ad9,1,0x8ad9,16954121694797165680,12784106972526145936,4170014722271019744,32,17,17,1,15,0.46875,16,17,16,0,16,0,0,0,42115,42115,0,0,6108,4622,77794,1,1,0,1500000,True,alignment_consistent,forward,CERTIFIED,0x8ad9,1,0x8ad9,16954121694797165680,16110848406763612960,843273288033552720,31,17,17,1,14,0.45161290322580644,15,16,15,0,16,16,0,0,15136645,59455,0,15077190,14193,5296,15219196,0,1,0,1500000,True,1.0,1.0,0.9516029513844255,1.032258064516129,1.0,0.004864185992479498
natural,3,14171197638666313793,12037571058189918731,crc_defined_linear,forward,16,12,0.75,R3_4,1,20,0.05,19,,0,9,0xa1bd,0x51bd,1500000,PASS,15474079,63216823339692846502,1,False,,independent,forward,CERTIFIED,0xa1bd,1,0xa1bd,63216823339692846502,55930468004801888470,7286355334890958032,29,16,16,1,13,0.4482758620689655,13,14,13,0,0,0,0,0,38322,38322,0,0,6664,5503,71172,0,1,0,1500000,True,chain_relaxed,forward,CERTIFIED,0xa1bd,1,0xa1bd,63216823339692846502,55930468004801888470,7286355334890958032,29,16,16,1,13,0.4482758620689655,13,14,13,0,13,0,0,0,40005,40005,0,0,6224,5113,74777,0,1,0,1500000,True,alignment_consistent,forward,CERTIFIED,0xa1bd,1,0xa1bd,63216823339692846502,33687125482976518876,29529697856716327626,26,13,13,1,13,0.5,10,11,10,0,11,11,0,0,10511123,44601,0,10466522,7347,4747,10564348,0,1,0,1500000,True,1.0,1.0,0.9517899889003303,1.1153846153846154,1.2307692307692308,0.006736998819046855
natural,0,15245516707207322254,5142945076974345042,random_systematic_linear,even_odd,16,12,0.75,R3_4,1,100,0.01,99,,0,15,0x26dc,0x26dc,1500000,PASS,16583639,1728981453519810402314087980800,1,False,,independent,even_odd,CERTIFIED,0x26dc,1,0x26dc,1728981453519810402314087980800,990370226556635271090007580514,738611226963175131224080400286,31,16,16,2,15,0.4838709677419355,15,16,15,0,0,0,0,0,47085,47085,0,0,7223,10230,89936,0,1,0,1500000,True,chain_relaxed,even_odd,CERTIFIED,0x26dc,1,0x26dc,1728981453519810402314087980800,990370226556635271090007580514,738611226963175131224080400286,26,16,16,2,10,0.38461538461538464,10,11,10,9,2,0,0,0,1643731,38872,1604859,0,8314,10361,1694438,0,1,0,1500000,True,alignment_consistent,even_odd,CERTIFIED,0x26dc,1,0x26dc,1728981453519810402314087980800,886385767237096309525453359600,842595686282714092788634621200,24,15,15,1,9,0.375,8,9,8,7,2,9,0,0,10889392,39645,1343876,9505871,11385,5329,10952406,0,1,0,1500000,True,1.1923076923076923,1.0,0.053077185473885735,1.2916666666666667,1.0666666666666667,0.00821152904667705
natural,1,11765389814666354182,5142945076974345042,random_systematic_linear,even_odd,16,12,0.75,R3_4,1,100,0.01,99,,1,0,0xb211,0x5948,1500000,PASS,16967910,868835355639147861783754102596,1,False,,independent,even_odd,CERTIFIED,0x5948,1,0x5948,868835355639147861783754102596,138999330043036529275790537616,729836025596111332507963564980,32,17,17,1,15,0.46875,16,17,16,0,0,0,0,0,51528,51528,0,0,8480,6486,89398,1,1,0,1500000,True,chain_relaxed,even_odd,CERTIFIED,0x5948,1,0x5948,868835355639147861783754102596,138999330043036529275790537616,729836025596111332507963564980,32,17,17,1,15,0.46875,16,17,16,13,3,0,0,0,2360547,62837,2297710,0,11300,5396,2429051,1,1,0,1500000,True,alignment_consistent,even_odd,CERTIFIED,0x5948,1,0x5948,868835355639147861783754102596,138999330043036529275790537616,729836025596111332507963564980,32,17,17,1,15,0.46875,16,17,16,13,3,16,0,0,18863514,79883,2427768,16355863,15596,5363,18959885,1,1,0,1500000,True,1.0,1.0,0.03680367353340873,1.0,1.0,0.004715112987235945
natural,2,5082757598455968474,5142945076974345042,random_systematic_linear,even_odd,16,12,0.75,R3_4,1,100,0.01,99,,1,8,0x9356,0x4916,1500000,PASS,16853531,3457874277232634339781861065796,1,False,,independent,even_odd,CERTIFIED,0x9216,1,0x9216,3457874277232634339781861065796,2693112019583832754718441666310,764762257648801585063419399486,29,16,16,3,13,0.4482758620689655,13,14,13,0,0,0,0,0,40290,40290,0,0,7012,15511,83302,0,1,0,1500000,True,chain_relaxed,even_odd,CERTIFIED,0x9216,1,0x9216,3457874277232634339781861065796,1841741123070234012904224623412,1616133154162400326877636442384,24,15,15,3,9,0.375,8,9,8,7,2,0,0,0,1316055,31839,1284216,0,9481,15314,1372041,0,1,0,1500000,True,alignment_consistent,even_odd,CERTIFIED,0x9216,1,0x9216,3457874277232634339781861065796,2597990522595660531930232085796,859883754636973807851628980000,20,11,11,3,9,0.45,4,5,4,3,2,5,0,0,5668508,19348,559018,5090142,9850,21487,5742654,0,1,0,1500000,True,1.2083333333333333,1.0666666666666667,0.06071392910270174,1.45,1.4545454545454546,0.014505836499987636
natural,3,2514091789456056279,5142945076974345042,random_systematic_linear,even_odd,16,12,0.75,R3_4,1,100,0.01,99,,1,12,0x5a53,0x2a52,1500000,PASS,17224117,1746356378818992077254648558302,1,False,,independent,even_odd,CERTIFIED,0x5652,1,0x5652,1746356378818992077254648558302,990370226556635271090007580514,755986152262356806164640977788,31,16,16,1,15,0.4838709677419355,15,10,15,0,0,0,0,0,47743,47743,0,0,7454,6284,88258,0,1,0,1500000,True,chain_relaxed,even_odd,CERTIFIED,0x5652,1,0x5652,1746356378818992077254648558302,990370226556635271090007580514,755986152262356806164640977788,26,16,16,1,10,0.38461538461538464,10,5,10,5,0,0,0,0,935038,38129,896909,0,8248,5254,975693,0,1,0,1500000,True,alignment_consistent,even_odd,CERTIFIED,0x5652,1,0x5652,1746356378818992077254648558302,1737669797941924374310226178702,8686580877067702944422379600,22,13,13,1,9,0.4090909090909091,6,1,6,1,0,1,0,0,1175157,20081,176319,978757,5313,5301,1202095,0,1,0,1500000,True,1.1923076923076923,1.0,0.09045673177936092,1.4090909090909092,1.2307692307692308,0.07342015398117453
natural,1,6711056891549545654,5142945076974345042,random_systematic_linear,even_odd,16,12,0.75,R3_4,1,20,0.05,19,,0,11,0x887f,0x407f,1500000,PASS,15658260,21110597698053043618,2,False,,independent,even_odd,CERTIFIED,0x817f,2,0x817f 0x887f,21110597698053043618,12784106972526145936,8326490725526897682,32,17,17,3,15,0.46875,16,17,16,0,0,0,0,0,45217,45217,0,0,7961,14505,91110,1,1,0,1500000,True,chain_relaxed,even_odd,CERTIFIED,0x817f,2,0x817f 0x887f,21110597698053043618,12784106972526145936,8326490725526897682,32,17,17,3,15,0.46875,16,17,16,13,3,0,0,0,2244878,57326,2187552,0,11038,15688,2320400,1,1,0,1500000,True,alignment_consistent,even_odd,CERTIFIED,0x817f,2,0x817f 0x887f,21110597698053043618,16289997804326944960,4820599893726098658,31,17,17,3,14,0.45161290322580644,15,16,15,13,3,16,0,0,17805240,61546,2210528,15533166,12632,16305,17896039,0,1,0,1500000,True,1.0,1.0,0.039264781934149284,1.032258064516129,1.0,0.005091070711233922
natural,2,2744586836280056973,5142945076974345042,random_systematic_linear,even_odd,16,12,0.75,R3_4,1,20,0.05,19,,0,5,0x87a8,0x43c8,1500000,PASS,15264001,49834998717693681076,1,False,,independent,even_odd,CERTIFIED,0x8788,1,0x8788,49834998717693681076,41548347660709974292,8286651056983706784,30,16,16,4,14,0.4666666666666667,14,15,14,0,0,0,0,0,40234,40234,0,0,7098,18097,85675,0,1,0,1500000,True,chain_relaxed,even_odd,CERTIFIED,0x8788,1,0x8788,49834998717693681076,41548347660709974292,8286651056983706784,28,15,15,4,13,0.4642857142857143,12,13,12,11,2,0,0,0,1981985,44149,1937836,0,8865,18025,2046709,0,1,0,1500000,True,alignment_consistent,even_odd,CERTIFIED,0x8788,1,0x8788,49834998717693681076,33731054250025965262,16103944467667715814,22,11,11,3,11,0.5,6,7,6,5,2,7,0,0,7881828,25376,949200,6907252,8102,15051,7943237,0,1,0,1500000,True,1.0714285714285714,1.0666666666666667,0.041859883354204236,1.3636363636363635,1.4545454545454546,0.010785905040980145
natural,0,5074688560385497074,5142945076974345042,random_systematic_linear,even_odd,16,12,0.75,R3_4,1,20,0.05,19,,1,8,0xf050,0x7854,1500000,PASS,15150335,79945058143370286898,1,False,,independent,even_odd,CERTIFIED,0xf054,1,0xf054,79945058143370286898,70312588348893802648,9632469794476484250,28,16,16,1,12,0.42857142857142855,12,13,12,0,0,0,0,0,34579,34579,0,0,7322,5574,69741,0,1,0,1500000,True,chain_relaxed,even_odd,CERTIFIED,0xf054,1,0xf054,79945058143370286898,55930468004801888470,24014590138568398428,23,15,15,1,8,0.34782608695652173,7,8,7,6,2,0,0,0,1108263,26766,1081497,0,8327,4935,1149056,0,1,0,1500000,True,alignment_consistent,even_odd,CERTIFIED,0xf054,1,0xf054,79945058143370286898,79146051168866831080,799006974503455818,21,13,13,1,8,0.38095238095238093,5,6,5,4,2,6,0,0,6536510,22049,711705,5802756,9422,5030,6582727,0,1,0,1500000,True,1.2173913043478262,1.0666666666666667,0.06069416982288069,1.3333333333333333,1.2307692307692308,0.01059454539129452
natural,3,15499047002249595750,5142945076974345042,random_systematic_linear,even_odd,16,12,0.75,R3_4,1,20,0.05,19,,2,1,0x9dc1,0x4e71,1500000,PASS,15227773,4125981064736232142,1,False,,independent,even_odd,CERTIFIED,0x9ca1,1,0x9ca1,4125981064736232142,3700662544678621192,425318520057610950,508,230,230,13,278,0.547244094488189,28,15,28,0,0,0,0,0,76298,76298,0,0,78383,51874,322677,1,2,1,1500000,True,chain_relaxed,even_odd,CERTIFIED,0x9ca1,1,0x9ca1,4125981064736232142,3700662544678621192,425318520057610950,503,229,229,13,274,0.5447316103379721,23,10,23,6,4,0,0,0,1065597,68174,997423,0,78607,51521,1319233,1,2,1,1500000,True,alignment_consistent,even_odd,CERTIFIED,0x9ca1,1,0x9ca1,4125981064736232142,3326980510019605822,799000554716626320,502,229,229,13,273,0.5438247011952191,22,9,22,5,4,7,0,2,7739682,67910,838727,6833045,81964,52061,7999333,1,2,1,1500000,True,1.0099403578528827,1.0043668122270741,0.244594396895772,1.0119521912350598,1.0043668122270741,0.040337988179764486
natural,0,15245516707207322254,5142945076974345042,random_systematic_linear,forward,16,12,0.75,R3_4,1,100,0.01,99,,0,15,0x26dc,0x26dc,1500000,PASS,16152622,1728981453519810402314087980800,1,False,,independent,forward,CERTIFIED,0x26dc,1,0x26dc,1728981453519810402314087980800,990370226556635271090007580514,738611226963175131224080400286,31,16,16,2,15,0.4838709677419355,15,16,15,0,0,0,0,0,47045,47045,0,0,7505,15759,95339,0,1,0,1500000,True,chain_relaxed,forward,CERTIFIED,0x26dc,1,0x26dc,1728981453519810402314087980800,990370226556635271090007580514,738611226963175131224080400286,31,16,16,2,15,0.4838709677419355,15,16,15,0,15,0,0,0,46365,46365,0,0,5910,9789,89086,0,1,0,1500000,True,alignment_consistent,forward,CERTIFIED,0x26dc,1,0x26dc,1728981453519810402314087980800,990370226556635271090007580514,738611226963175131224080400286,31,16,16,2,15,0.4838709677419355,15,16,15,0,15,15,0,0,15951891,79026,0,15872865,14424,11345,16046330,0,1,0,1500000,True,1.0,1.0,1.0701906023393126,1.0,1.0,0.005941483192730051
natural,1,11765389814666354182,5142945076974345042,random_systematic_linear,forward,16,12,0.75,R3_4,1,100,0.01,99,,1,0,0xb211,0x5948,1500000,PASS,16850789,868835355639147861783754102596,1,False,,independent,forward,CERTIFIED,0x5948,1,0x5948,868835355639147861783754102596,138999330043036529275790537616,729836025596111332507963564980,32,17,17,1,15,0.46875,16,17,16,0,0,0,0,0,49685,49685,0,0,7410,6900,85172,1,1,0,1500000,True,chain_relaxed,forward,CERTIFIED,0x5948,1,0x5948,868835355639147861783754102596,138999330043036529275790537616,729836025596111332507963564980,32,17,17,1,15,0.46875,16,17,16,0,16,0,0,0,53382,53382,0,0,8559,11035,112785,1,1,0,1500000,True,alignment_consistent,forward,CERTIFIED,0x5948,1,0x5948,868835355639147861783754102596,138999330043036529275790537616,729836025596111332507963564980,32,17,17,1,15,0.46875,16,17,16,0,16,16,0,0,16089042,75790,0,16013252,15266,5391,16174252,1,1,0,1500000,True,1.0,1.0,0.7551713437070532,1.0,1.0,0.005265900395270211
natural,2,5082757598455968474,5142945076974345042,random_systematic_linear,forward,16,12,0.75,R3_4,1,100,0.01,99,,1,8,0x9356,0x4916,1500000,PASS,16698667,3457874277232634339781861065796,1,False,,independent,forward,CERTIFIED,0x9216,1,0x9216,3457874277232634339781861065796,2693112019583832754718441666310,764762257648801585063419399486,29,15,15,3,14,0.4827586206896552,13,14,13,0,0,0,0,0,40137,40137,0,0,6724,15022,83043,0,1,0,1500000,True,chain_relaxed,forward,CERTIFIED,0x9216,1,0x9216,3457874277232634339781861065796,2693112019583832754718441666310,764762257648801585063419399486,29,15,15,3,14,0.4827586206896552,13,14,13,0,13,0,0,0,39919,39919,0,0,6015,13581,83220,0,1,0,1500000,True,alignment_consistent,forward,CERTIFIED,0x9216,1,0x9216,3457874277232634339781861065796,2597990522595660531930232085796,859883754636973807851628980000,22,10,10,3,12,0.5454545454545454,6,7,6,0,7,7,0,0,7133565,28940,0,7104625,9940,26537,7261920,0,1,0,1500000,True,1.0,1.0,0.9978731074260995,1.3181818181818181,1.5,0.011435405512591711
natural,3,2514091789456056279,5142945076974345042,random_systematic_linear,forward,16,12,0.75,R3_4,1,100,0.01,99,,1,12,0x5a53,0x2a52,1500000,PASS,16748462,1746356378818992077254648558302,1,False,,independent,forward,CERTIFIED,0x5652,1,0x5652,1746356378818992077254648558302,990370226556635271090007580514,755986152262356806164640977788,31,16,16,1,15,0.4838709677419355,15,6,15,0,0,0,0,0,52199,52199,0,0,7995,10480,102331,0,1,0,1500000,True,chain_relaxed,forward,CERTIFIED,0x5652,1,0x5652,1746356378818992077254648558302,990370226556635271090007580514,755986152262356806164640977788,31,16,16,1,15,0.4838709677419355,15,6,15,0,5,0,0,0,48002,48002,0,0,6353,5588,80669,0,1,0,1500000,True,alignment_consistent,forward,CERTIFIED,0x5652,1,0x5652,1746356378818992077254648558302,1737756672613639386425954404596,8599706205352690828694153706,26,14,14,1,12,0.46153846153846156,10,1,10,0,1,1,0,0,999880,31339,0,968541,5264,4946,1025411,0,1,0,1500000,True,1.0,1.0,1.2685294227026491,1.1923076923076923,1.1428571428571428,0.09979510654752094
natural,1,6711056891549545654,5142945076974345042,random_systematic_linear,forward,16,12,0.75,R3_4,1,20,0.05,19,,0,11,0x887f,0x407f,1500000,PASS,15357254,21110597698053043618,2,False,,independent,forward,CERTIFIED,0x817f,2,0x817f 0x887f,21110597698053043618,12784106972526145936,8326490725526897682,32,17,17,3,15,0.46875,16,17,16,0,0,0,0,0,44023,44023,0,0,7662,14001,87045,1,1,0,1500000,True,chain_relaxed,forward,CERTIFIED,0x817f,2,0x817f 0x887f,21110597698053043618,12784106972526145936,8326490725526897682,32,17,17,3,15,0.46875,16,17,16,0,16,0,0,0,46159,46159,0,0,7775,14390,102554,1,1,0,1500000,True,alignment_consistent,forward,CERTIFIED,0x817f,2,0x817f 0x887f,21110597698053043618,16289997804326944960,4820599893726098658,31,17,17,3,14,0.45161290322580644,15,16,15,0,16,16,0,0,15930560,65319,0,15865241,13540,18818,16025333,0,1,0,1500000,True,1.0,1.0,0.8487723540768766,1.032258064516129,1.0,0.005431712401857734
natural,2,2744586836280056973,5142945076974345042,random_systematic_linear,forward,16,12,0.75,R3_4,1,20,0.05,19,,0,5,0x87a8,0x43c8,1500000,PASS,15864000,49834998717693681076,1,False,,independent,forward,CERTIFIED,0x8788,1,0x8788,49834998717693681076,41548347660709974292,8286651056983706784,30,16,16,4,14,0.4666666666666667,14,15,14,0,0,0,0,0,39454,39454,0,0,7199,17915,85325,0,1,0,1500000,True,chain_relaxed,forward,CERTIFIED,0x8788,1,0x8788,49834998717693681076,41548347660709974292,8286651056983706784,30,16,16,4,14,0.4666666666666667,14,15,14,0,14,0,0,0,37970,37970,0,0,6011,17220,86283,0,1,0,1500000,True,alignment_consistent,forward,CERTIFIED,0x8788,1,0x8788,49834998717693681076,33731054250025965262,16103944467667715814,27,13,13,4,14,0.5185185185185185,11,12,11,0,12,12,0,0,12018945,47348,0,11971597,10810,22449,12107253,0,1,0,1500000,True,1.0,1.0,0.9888970017268756,1.1111111111111112,1.2307692307692308,0.007047428512479255
natural,0,5074688560385497074,5142945076974345042,random_systematic_linear,forward,16,12,0.75,R3_4,1,20,0.05,19,,1,8,0xf050,0x7854,1500000,PASS,15407671,79945058143370286898,1,False,,independent,forward,CERTIFIED,0xf054,1,0xf054,79945058143370286898,70312588348893802648,9632469794476484250,28,17,17,1,11,0.39285714285714285,12,13,12,0,0,0,0,0,35868,35868,0,0,8578,7256,79808,0,1,0,1500000,True,chain_relaxed,forward,CERTIFIED,0xf054,1,0xf054,79945058143370286898,70312588348893802648,9632469794476484250,28,17,17,1,11,0.39285714285714285,12,13,12,0,12,0,0,0,35187,35187,0,0,6836,5526,71337,0,1,0,1500000,True,alignment_consistent,forward,CERTIFIED,0xf054,1,0xf054,79945058143370286898,79146051168866831080,799006974503455818,24,13,13,1,11,0.4583333333333333,8,9,8,0,9,9,0,0,8635043,35905,0,8599138,9993,5048,8689253,0,1,0,1500000,True,1.0,1.0,1.1187462326702833,1.1666666666666667,1.3076923076923077,0.009184679051237201
natural,3,15499047002249595750,5142945076974345042,random_systematic_linear,forward,16,12,0.75,R3_4,1,20,0.05,19,,2,1,0x9dc1,0x4e71,1500000,PASS,15217789,4125981064736232142,1,False,,independent,forward,CERTIFIED,0x9ca1,1,0x9ca1,4125981064736232142,3700662544678621192,425318520057610950,508,230,230,13,278,0.547244094488189,28,15,28,0,0,0,0,0,80360,80360,0,0,82537,54052,340953,1,2,1,1500000,True,chain_relaxed,forward,CERTIFIED,0x9ca1,1,0x9ca1,4125981064736232142,3700662544678621192,425318520057610950,508,230,230,13,278,0.547244094488189,28,15,28,0,14,0,0,0,78770,78770,0,0,78149,51329,325224,1,2,1,1500000,True,alignment_consistent,forward,CERTIFIED,0x9ca1,1,0x9ca1,4125981064736232142,3326980510019605822,799000554716626320,506,230,230,13,276,0.5454545454545454,26,13,26,0,13,11,0,2,11161692,95387,0,11066305,91016,55915,11468237,1,2,1,1500000,True,1.0,1.0,1.0483635894029961,1.0039525691699605,1.0,0.029730201773821033
natural,0,571633207749956564,4524437544567840147,crc_defined_linear,even_odd,24,16,0.6666666666666666,R2_3,1,100,0.01,99,,0,20,0x73df6f,0x33df6f,1500000,NOT_RUN,0,,0,False,,independent,even_odd,CERTIFIED,0x73df6f,1,0x73df6f,24052165190649413432434201675425511458002122188,17635872969859011484287079358389085791707716220,6416292220790401948147122317036425666294405968,46,24,24,1,22,0.4782608695652174,22,12,22,0,0,0,0,0,114168,114168,0,0,15116,19307,181484,0,1,0,1500000,True,chain_relaxed,even_odd,CERTIFIED,0x73df6f,1,0x73df6f,24052165190649413432434201675425511458002122188,17635872969859011484287079358389085791707716220,6416292220790401948147122317036425666294405968,44,23,23,1,21,0.4772727272727273,20,10,20,10,0,0,0,0,4565375,131718,4433657,0,13411,8479,4642273,0,1,0,1500000,True,alignment_consistent,even_odd,CERTIFIED,0x73df6f,1,0x73df6f,24052165190649413432434201675425511458002122188,16034264049592897746634625620564626429322513710,8017901141056515685799576054860885028679608478,35,23,23,1,12,0.34285714285714286,11,1,11,1,0,1,0,0,4688407,58477,437958,4191972,15017,9403,4739810,0,1,0,1500000,True,1.0454545454545454,1.0434782608695652,0.0390937801374456,1.3142857142857143,1.0434782608695652,0.03828929851618525
natural,1,10788204749768766376,4524437544567840147,crc_defined_linear,even_odd,24,16,0.6666666666666666,R2_3,1,100,0.01,99,,0,2,0xa2d956,0x516caa,1500000,NOT_RUN,0,,0,False,,independent,even_odd,CERTIFIED,0xa2d956,1,0xa2d956,16033429781178494359518348253577245078029640800,9779893192376360914013744007833947575401551722,6253536588802133445504604245743297502628089078,47,25,25,1,22,0.46808510638297873,23,22,23,0,0,0,0,0,148727,148727,0,0,24664,14032,259661,0,1,0,1500000,True,chain_relaxed,even_odd,CERTIFIED,0xa2d956,1,0xa2d956,16033429781178494359518348253577245078029640800,9779893192376360914013744007833947575401551722,6253536588802133445504604245743297502628089078,42,24,24,1,18,0.42857142857142855,18,17,18,17,0,0,0,0,8011402,132892,7878510,0,24088,10816,8131781,0,1,0,1500000,True,alignment_consistent,even_odd,CERTIFIED,0xa2d956,1,0xa2d956,16033429781178494359518348253577245078029640800,8178268075875594359020982100433774726291640400,7855161705302900000497366153143470351738000400,36,23,23,1,13,0.3611111111111111,12,11,12,11,0,11,0,0,47032066,108980,5438449,41484637,34798,9099,47176960,0,1,0,1500000,True,1.119047619047619,1.0416666666666667,0.03193162727820634,1.3055555555555556,1.0869565217391304,0.0055039790609653525
natural,2,3230195466340508160,4524437544567840147,crc_defined_linear,even_odd,24,16,0.6666666666666666,R2_3,1,100,0.01,99,,0,3,0x87bdb8,0x43ded8,1500000,NOT_RUN,0,,0,False,,independent,even_odd,CERTIFIED,0x87bdb8,1,0x87bdb8,24130708711267124850430960672097090276760357996,17635872969859011484287079358389085791707716220,6494835741408113366143881313708004485052641776,46,24,24,1,22,0.4782608695652174,22,20,22,0,0,0,0,0,118736,118736,0,0,17470,11292,182402,0,1,0,1500000,True,chain_relaxed,even_odd,CERTIFIED,0x87bdb8,1,0x87bdb8,24130708711267124850430960672097090276760357996,17635872969859011484287079358389085791707716220,6494835741408113366143881313708004485052641776,44,23,23,1,21,0.4772727272727273,20,18,20,18,0,0,0,0,8315813,144778,8171035,0,19822,8868,8419841,0,1,0,1500000,True,alignment_consistent,even_odd,CERTIFIED,0x87bdb8,1,0x87bdb8,24130708711267124850430960672097090276760357996,16196185330549898784547857598170888799631488596,7934523380717226065883103073926201477128869400,34,20,20,1,14,0.4117647058823529,10,8,10,8,0,8,0,0,37508844,89248,4062128,33357468,23305,11324,37625305,0,1,0,1500000,True,1.0454545454545454,1.0434782608695652,0.021663354450517532,1.3529411764705883,1.2,0.004847854389486012
natural,3,14847350570806381950,4524437544567840147,crc_defined_linear,even_odd,24,16,0.6666666666666666,R2_3,1,100,0.01,99,,0,23,0x2ad137,0x2ad137,1500000,NOT_RUN,0,,0,False,,independent,even_odd,CERTIFIED,0x2ad137,1,0x2ad137,15953266722224588901891904216831363366536372600,9779893192376360914013744007833947575401551722,6173373529848227987878160208997415791134820878,47,24,24,1,23,0.48936170212765956,23,24,23,0,0,0,0,0,126371,126371,0,0,16682,9940,187394,0,1,0,1500000,True,chain_relaxed,even_odd,CERTIFIED,0x2ad137,1,0x2ad137,15953266722224588901891904216831363366536372600,9779893192376360914013744007833947575401551722,6173373529848227987878160208997415791134820878,42,24,24,1,18,0.42857142857142855,18,19,18,17,2,0,0,0,7965047,128647,7836400,0,22118,8790,8071760,0,1,0,1500000,True,alignment_consistent,even_odd,CERTIFIED,0x2ad137,1,0x2ad137,15953266722224588901891904216831363366536372600,8178276338413120194429012439385754689649623298,7774990383811468707462891777445608676886749302,36,22,22,1,14,0.3888888888888889,12,13,12,11,2,13,0,0,55498579,99324,5115486,50283769,28845,9544,55630112,0,1,0,1500000,True,1.119047619047619,1.0,0.02321600245795217,1.3055555555555556,1.0909090909090908,0.0033685713233868736
natural,0,16535309000315963634,4524437544567840147,crc_defined_linear,even_odd,24,16,0.6666666666666666,R2_3,1,20,0.05,19,,0,6,0x2eba4c,0x175d0c,1500000,NOT_RUN,0,,0,False,,independent,even_odd,CERTIFIED,0x2eba4c,1,0x2eba4c,314370993226991265964172817960,312823759113697464085105311522,1547234113293801879067506438,1129,529,529,3,600,0.5314437555358724,25,22,25,0,0,0,0,0,120466,120466,0,0,299687,27817,735143,1,2,1,1500000,True,chain_relaxed,even_odd,CERTIFIED,0x2eba4c,1,0x2eba4c,314370993226991265964172817960,312823759113697464085105311522,1547234113293801879067506438,1129,529,529,3,600,0.5314437555358724,25,22,25,19,2,0,0,0,8485223,207233,8277990,0,289396,39091,9135004,1,2,1,1500000,True,alignment_consistent,even_odd,CERTIFIED,0x2eba4c,1,0x2eba4c,314370993226991265964172817960,300053597633125870405295013378,14317395593865395558877804582,40,24,24,1,16,0.4,16,13,16,13,0,13,0,0,52656617,107822,5584769,46964026,26246,7592,52777154,0,1,0,1500000,True,1.0,1.0,0.08047538895440003,28.225,22.041666666666668,0.013929189891520108
natural,1,9862631246658804460,4524437544567840147,crc_defined_linear,even_odd,24,16,0.6666666666666666,R2_3,1,20,0.05,19,,0,7,0xc64d7d,0x6326fd,1500000,NOT_RUN,0,,0,False,,independent,even_odd,CERTIFIED,0xc64d7d,1,0xc64d7d,340794771917571212685418529844,325679530036178181787232927064,15115241881393030898185602780,48,25,25,1,23,0.4791666666666667,24,25,24,0,0,0,0,0,109261,109261,0,0,16389,10245,169161,1,1,0,1500000,True,chain_relaxed,even_odd,CERTIFIED,0xc64d7d,1,0xc64d7d,340794771917571212685418529844,325679530036178181787232927064,15115241881393030898185602780,48,25,25,1,23,0.4791666666666667,24,25,24,21,3,0,0,0,8683437,139846,8543591,0,20206,8502,8795793,1,1,0,1500000,True,alignment_consistent,even_odd,CERTIFIED,0xc64d7d,1,0xc64d7d,340794771917571212685418529844,301473785145017791832503580214,39320986772553420852914949630,40,23,23,1,17,0.425,16,17,16,15,2,17,0,0,64910717,100536,6079156,58731025,20182,7970,65020231,0,1,0,1500000,True,1.0,1.0,0.019232035133159683,1.2,1.0869565217391304,0.002601667164178485
natural,2,16204150085777407969,4524437544567840147,crc_defined_linear,even_odd,24,16,0.6666666666666666,R2_3,1,20,0.05,19,,1,3,0x2e1a25,0x170d14,1500000,NOT_RUN,0,,0,False,,independent,even_odd,CERTIFIED,0x2e1114,1,0x2e1114,42409624107974447759033722128,29996798819121674638297769598,12412825288852773120735952530,1151,539,539,4,612,0.5317115551694179,47,25,47,0,0,0,0,0,205113,205113,0,0,277791,31219,773668,1,2,1,1500000,True,chain_relaxed,even_odd,CERTIFIED,0x2e1114,1,0x2e1114,42409624107974447759033722128,29996798819121674638297769598,12412825288852773120735952530,1148,539,539,4,609,0.5304878048780488,44,22,44,19,3,0,0,0,7520731,227570,7293161,0,280010,30296,8136005,1,2,1,1500000,True,alignment_consistent,even_odd,CERTIFIED,0x2e1114,1,0x2e1114,42409624107974447759033722128,29474731991167889847466398738,12934892116806557911567323390,1140,535,535,4,605,0.5307017543859649,36,14,36,11,3,13,0,1,49228762,190068,4393454,44645240,287208,33794,49869211,1,2,1,1500000,True,1.0026132404181185,1.0,0.09509187863085138,1.0096491228070175,1.0074766355140188,0.015513941056737392
natural,3,14557549405561273087,4524437544567840147,crc_defined_linear,even_odd,24,16,0.6666666666666666,R2_3,1,20,0.05,19,,2,20,0x1f83e8,0xf81f8,1500000,NOT_RUN,0,,0,False,,independent,even_odd,CERTIFIED,0x1f83e8,1,0x1f83e8,22553984074527574916013360600,17141027896640956936170154056,5412956177886617979843206544,1152,508,508,3,644,0.5590277777777778,48,25,48,0,0,0,0,0,206331,206331,0,0,259373,22405,747376,2,2,1,1500000,True,chain_relaxed,even_odd,CERTIFIED,0x1f83e8,1,0x1f83e8,22553984074527574916013360600,17141027896640956936170154056,5412956177886617979843206544,1152,508,508,3,644,0.5590277777777778,48,25,48,21,3,0,0,0,8073082,239041,7834041,0,274117,21225,8675362,2,2,1,1500000,True,alignment_consistent,even_odd,CERTIFIED,0x1f83e8,1,0x1f83e8,22553984074527574916013360600,21093910368650263487239864098,1460073705877311428773496502,1151,508,508,3,643,0.5586446568201564,47,24,47,21,3,24,0,0,91586643,257114,8121885,83207644,268020,22943,92226687,1,2,1,1500000,True,1.0,1.0,0.08614925809435964,1.000868809730669,1.0,0.00810368478269202
natural,0,571633207749956564,4524437544567840147,crc_defined_linear,forward,24,16,0.6666666666666666,R2_3,1,100,0.01,99,,0,20,0x73df6f,0x33df6f,1500000,NOT_RUN,0,,0,False,,independent,forward,CERTIFIED,0x73df6f,1,0x73df6f,24052165190649413432434201675425511458002122188,17635872969859011484287079358389085791707716220,6416292220790401948147122317036425666294405968,46,24,24,1,22,0.4782608695652174,22,2,22,0,0,0,0,0,103930,103930,0,0,13518,18206,161992,0,1,0,1500000,True,chain_relaxed,forward,CERTIFIED,0x73df6f,1,0x73df6f,24052165190649413432434201675425511458002122188,17635872969859011484287079358389085791707716220,6416292220790401948147122317036425666294405968,46,24,24,1,22,0.4782608695652174,22,2,22,0,1,0,0,0,103755,103755,0,0,12453,7961,147207,0,1,0,1500000,True,alignment_consistent,forward,CERTIFIED,0x73df6f,1,0x73df6f,24052165190649413432434201675425511458002122188,16034264049592897746634625620564626429322513710,8017901141056515685799576054860885028679608478,45,24,24,1,21,0.4666666666666667,21,1,21,0,1,1,0,0,3781652,98469,0,3683183,12658,7967,3825326,0,1,0,1500000,True,1.0,1.0,1.1004367998804405,1.0222222222222221,1.0,0.04234724047048539
natural,1,10788204749768766376,4524437544567840147,crc_defined_linear,forward,24,16,0.6666666666666666,R2_3,1,100,0.01,99,,0,2,0xa2d956,0x516caa,1500000,NOT_RUN,0,,0,False,,independent,forward,CERTIFIED,0xa2d956,1,0xa2d956,16033429781178494359518348253577245078029640800,9779893192376360914013744007833947575401551722,6253536588802133445504604245743297502628089078,47,25,25,1,22,0.46808510638297873,23,22,23,0,0,0,0,0,146437,146437,0,0,19732,12815,220928,0,1,0,1500000,True,chain_relaxed,forward,CERTIFIED,0xa2d956,1,0xa2d956,16033429781178494359518348253577245078029640800,9779893192376360914013744007833947575401551722,6253536588802133445504604245743297502628089078,47,25,25,1,22,0.46808510638297873,23,22,23,0,21,0,0,0,110327,110327,0,0,14684,14293,187992,0,1,0,1500000,True,alignment_consistent,forward,CERTIFIED,0xa2d956,1,0xa2d956,16033429781178494359518348253577245078029640800,15953283080371686001236351302612498936699511000,80146700806808358281996950964746141330129800,46,24,24,1,22,0.4782608695652174,22,21,22,0,21,21,0,0,78433752,188152,0,78245600,35259,7657,78613990,0,1,0,1500000,True,1.0,1.0,1.1751989446359419,1.0217391304347827,1.0416666666666667,0.002810288601303661
natural,2,3230195466340508160,4524437544567840147,crc_defined_linear,forward,24,16,0.6666666666666666,R2_3,1,100,0.01,99,,0,3,0x87bdb8,0x43ded8,1500000,NOT_RUN,0,,0,False,,independent,forward,CERTIFIED,0x87bdb8,1,0x87bdb8,24130708711267124850430960672097090276760357996,17635872969859011484287079358389085791707716220,6494835741408113366143881313708004485052641776,46,24,24,1,22,0.4782608695652174,22,19,22,0,0,0,0,0,144660,144660,0,0,22963,14588,231943,0,1,0,1500000,True,chain_relaxed,forward,CERTIFIED,0x87bdb8,1,0x87bdb8,24130708711267124850430960672097090276760357996,17635872969859011484287079358389085791707716220,6494835741408113366143881313708004485052641776,46,24,24,1,22,0.4782608695652174,22,19,22,0,18,0,0,0,147259,147259,0,0,21052,10493,256101,0,1,0,1500000,True,alignment_consistent,forward,CERTIFIED,0x87bdb8,1,0x87bdb8,24130708711267124850430960672097090276760357996,16196185330549898784547857598170888799631488596,7934523380717226065883103073926201477128869400,43,21,21,1,22,0.5116279069767442,19,16,19,0,16,16,0,0,64918972,165494,0,64753478,20318,9702,65075180,0,1,0,1500000,True,1.0,1.0,0.9056700286215205,1.069767441860465,1.1428571428571428,0.0035642314012807957
natural,3,14847350570806381950,4524437544567840147,crc_defined_linear,forward,24,16,0.6666666666666666,R2_3,1,100,0.01,99,,0,23,0x2ad137,0x2ad137,1500000,NOT_RUN,0,,0,False,,independent,forward,CERTIFIED,0x2ad137,1,0x2ad137,15953266722224588901891904216831363366536372600,9779893192376360914013744007833947575401551722,6173373529848227987878160208997415791134820878,47,24,24,1,23,0.48936170212765956,23,24,23,0,0,0,0,0,130040,130040,0,0,17097,21443,207432,0,1,0,1500000,True,chain_relaxed,forward,CERTIFIED,0x2ad137,1,0x2ad137,15953266722224588901891904216831363366536372600,9779893192376360914013744007833947575401551722,6173373529848227987878160208997415791134820878,47,24,24,1,23,0.48936170212765956,23,24,23,0,23,0,0,0,122109,122109,0,0,17980,10866,211804,0,1,0,1500000,True,alignment_consistent,forward,CERTIFIED,0x2ad137,1,0x2ad137,15953266722224588901891904216831363366536372600,9779893192376360914013744007833947575401551722,6173373529848227987878160208997415791134820878,47,24,24,1,23,0.48936170212765956,23,24,23,0,23,23,0,0,93564536,234558,0,93329978,53893,8962,93808000,0,1,0,1500000,True,1.0,1.0,0.9793582746312629,1.0,1.0,0.0022112399795326623
natural,0,16535309000315963634,4524437544567840147,crc_defined_linear,forward,24,16,0.6666666666666666,R2_3,1,20,0.05,19,,0,6,0x2eba4c,0x175d0c,1500000,NOT_RUN,0,,0,False,,independent,forward,CERTIFIED,0x2eba4c,1,0x2eba4c,314370993226991265964172817960,312823759113697464085105311522,1547234113293801879067506438,1129,529,529,3,600,0.5314437555358724,25,19,25,0,0,0,0,0,146253,146253,0,0,365780,33810,865608,1,2,1,1500000,True,chain_relaxed,forward,CERTIFIED,0x2eba4c,1,0x2eba4c,314370993226991265964172817960,312823759113697464085105311522,1547234113293801879067506438,1129,529,529,3,600,0.5314437555358724,25,19,25,0,18,0,0,0,174685,174685,0,0,342642,35519,883408,1,2,1,1500000,True,alignment_consistent,forward,CERTIFIED,0x2eba4c,1,0x2eba4c,314370993226991265964172817960,285727433452345917693324294360,28643559774645348270848523600,46,23,23,1,23,0.5,22,16,22,0,16,16,0,0,64485614,175581,0,64310033,30281,8681,64658934,0,1,0,1500000,True,1.0,1.0,0.9798507597848333,24.543478260869566,23.0,0.013387291538088148
natural,1,9862631246658804460,4524437544567840147,crc_defined_linear,forward,24,16,0.6666666666666666,R2_3,1,20,0.05,19,,0,7,0xc64d7d,0x6326fd,1500000,NOT_RUN,0,,0,False,,independent,forward,CERTIFIED,0xc64d7d,1,0xc64d7d,340794771917571212685418529844,325679530036178181787232927064,15115241881393030898185602780,48,25,25,1,23,0.4791666666666667,24,25,24,0,0,0,0,0,111419,111419,0,0,16645,10303,174189,1,1,0,1500000,True,chain_relaxed,forward,CERTIFIED,0xc64d7d,1,0xc64d7d,340794771917571212685418529844,325679530036178181787232927064,15115241881393030898185602780,48,25,25,1,23,0.4791666666666667,24,25,24,0,24,0,0,0,118845,118845,0,0,16998,10837,200999,1,1,0,1500000,True,alignment_consistent,forward,CERTIFIED,0xc64d7d,1,0xc64d7d,340794771917571212685418529844,287191469739988715283456705924,53603302177582497401961823920,46,25,25,1,21,0.45652173913043476,22,23,22,0,23,23,0,0,89537818,189808,0,89348010,41851,8380,89746874,0,1,0,1500000,True,1.0,1.0,0.8666162518221484,1.0434782608695652,1.0,0.00194089211396934
natural,2,16204150085777407969,4524437544567840147,crc_defined_linear,forward,24,16,0.6666666666666666,R2_3,1,20,0.05,19,,1,3,0x2e1a25,0x170d14,1500000,NOT_RUN,0,,0,False,,independent,forward,CERTIFIED,0x2e1114,1,0x2e1114,42409624107974447759033722128,29996798819121674638297769598,12412825288852773120735952530,1151,539,539,4,612,0.5317115551694179,47,25,47,0,0,0,0,0,208944,208944,0,0,282408,33062,806765,1,2,1,1500000,True,chain_relaxed,forward,CERTIFIED,0x2e1114,1,0x2e1114,42409624107974447759033722128,29996798819121674638297769598,12412825288852773120735952530,1151,539,539,4,612,0.5317115551694179,47,25,47,0,24,0,0,0,213785,213785,0,0,310158,30593,856591,1,2,1,1500000,True,alignment_consistent,forward,CERTIFIED,0x2e1114,1,0x2e1114,42409624107974447759033722128,27894073621744542548898728898,14515550486229905210134993230,1150,538,538,4,612,0.5321739130434783,46,24,46,0,24,23,0,1,90200470,362488,0,89837982,336020,35792,91029384,1,2,1,1500000,True,1.0,1.0,0.9418322163086,1.0008695652173913,1.0018587360594795,0.008862687678958698
natural,3,14557549405561273087,4524437544567840147,crc_defined_linear,forward,24,16,0.6666666666666666,R2_3,1,20,0.05,19,,2,20,0x1f83e8,0xf81f8,1500000,NOT_RUN,0,,0,False,,independent,forward,CERTIFIED,0x1f83e8,1,0x1f83e8,22553984074527574916013360600,17141027896640956936170154056,5412956177886617979843206544,1152,508,508,3,644,0.5590277777777778,48,25,48,0,0,0,0,0,230723,230723,0,0,278373,26087,821017,2,2,1,1500000,True,chain_relaxed,forward,CERTIFIED,0x1f83e8,1,0x1f83e8,22553984074527574916013360600,17141027896640956936170154056,5412956177886617979843206544,1152,508,508,3,644,0.5590277777777778,48,25,48,0,24,0,0,0,225392,225392,0,0,278793,23167,825986,2,2,1,1500000,True,alignment_consistent,forward,CERTIFIED,0x1f83e8,1,0x1f83e8,22553984074527574916013360600,21093910368650263487239864098,1460073705877311428773496502,1151,508,508,3,643,0.5586446568201564,47,24,47,0,24,24,0,0,88586805,295629,0,88291176,295694,27264,89282701,1,2,1,1500000,True,1.0,1.0,0.9939841595378129,1.000868809730669,1.0,0.009195700743865264
natural,0,17968906945305600401,2737563215548543301,random_systematic_linear,even_odd,24,16,0.6666666666666666,R2_3,1,100,0.01,99,,0,4,0x46692,0x23342,1500000,NOT_RUN,0,,0,False,,independent,even_odd,CERTIFIED,0x46692,1,0x46692,8258431053047235515006540714786008957922317008,1923913414893710343740408657278809359095387224,6334517638153525171266132057507199598826929784,48,25,25,1,23,0.4791666666666667,24,22,24,0,0,0,0,0,113515,113515,0,0,14843,9247,167545,1,1,0,1500000,True,chain_relaxed,even_odd,CERTIFIED,0x46692,1,0x46692,8258431053047235515006540714786008957922317008,1923913414893710343740408657278809359095387224,6334517638153525171266132057507199598826929784,48,25,25,1,23,0.4791666666666667,24,22,24,20,1,0,0,0,8278150,150673,8127477,0,21630,7559,8378937,1,1,0,1500000,True,alignment_consistent,even_odd,CERTIFIED,0x46692,1,0x46692,8258431053047235515006540714786008957922317008,1923913414893710343740408657278809359095387224,6334517638153525171266132057507199598826929784,48,25,25,1,23,0.4791666666666667,24,22,24,20,1,21,0,0,81625332,157468,8408172,73059692,28157,7705,81767434,1,1,0,1500000,True,1.0,1.0,0.019995973236223163,1.0,1.0,0.002049043143508698
natural,1,16786683107587007249,2737563215548543301,random_systematic_linear,even_odd,24,16,0.6666666666666666,R2_3,1,100,0.01,99,,0,2,0x756cf6,0x3ab67a,1500000,NOT_RUN,0,,0,False,,independent,even_odd,CERTIFIED,0x756cf6,1,0x756cf6,16035867226477739917082912655423382813346100894,9779893192376360914013744007833947575401551722,6255974034101379003069168647589435237944549172,47,24,24,1,23,0.48936170212765956,23,22,23,0,0,0,0,0,114972,114972,0,0,16011,8282,170529,0,1,0,1500000,True,chain_relaxed,even_odd,CERTIFIED,0x756cf6,1,0x756cf6,16035867226477739917082912655423382813346100894,9779893192376360914013744007833947575401551722,6255974034101379003069168647589435237944549172,43,24,24,1,19,0.4418604651162791,19,18,19,18,0,0,0,0,7363390,116250,7247140,0,18084,8525,7463036,0,1,0,1500000,True,alignment_consistent,even_odd,CERTIFIED,0x756cf6,1,0x756cf6,16035867226477739917082912655423382813346100894,8259248959976232987729959369024594103395093004,7776618266501506929352953286398788709951007890,36,24,24,1,12,0.3333333333333333,12,11,12,11,0,11,0,0,42447446,84905,4484700,37877841,19826,9030,42538271,0,1,0,1500000,True,1.0930232558139534,1.0,0.02284981608021186,1.3055555555555556,1.0,0.004008837124574245
natural,2,6737170515085251309,2737563215548543301,random_systematic_linear,even_odd,24,16,0.6666666666666666,R2_3,1,100,0.01,99,,0,17,0xe95f24,0x755f24,1500000,NOT_RUN,0,,0,False,,independent,even_odd,CERTIFIED,0xe95f24,1,0xe95f24,16034264049601242866962839864652116822873625302,9779893192376360914013744007833947575401551722,6254370857224881952949095856818169247472073580,47,25,25,1,22,0.46808510638297873,23,24,23,0,0,0,0,0,106011,106011,0,0,14897,10773,162274,0,1,0,1500000,True,chain_relaxed,even_odd,CERTIFIED,0xe95f24,1,0xe95f24,16034264049601242866962839864652116822873625302,9779893192376360914013744007833947575401551722,6254370857224881952949095856818169247472073580,47,25,25,1,22,0.46808510638297873,23,24,23,21,2,0,0,0,8406014,140227,8265787,0,26799,7946,8523382,0,1,0,1500000,True,alignment_consistent,even_odd,CERTIFIED,0xe95f24,1,0xe95f24,16034264049601242866962839864652116822873625302,8339403922494482877787949247696672614402246502,7694860127106759989174890616955444208471378800,35,23,23,1,12,0.34285714285714286,11,12,11,10,2,12,0,0,45380480,78686,4177121,41124673,24503,8372,45485086,0,1,0,1500000,True,1.0,1.0,0.01903868675603182,1.3428571428571427,1.0869565217391304,0.003567630937314266
natural,3,17630192706740114771,2737563215548543301,random_systematic_linear,even_odd,24,16,0.6666666666666666,R2_3,1,100,0.01,99,,1,7,0x2db9df,0x1edcdf,1500000,NOT_RUN,0,,0,False,,independent,even_odd,CERTIFIED,0x2db9df,1,0x2db9df,242983877324391274898328477032367116592943608,178140131008676883679667468266556422138461780,64843746315714391218661008765810694454481828,1150,531,531,2,619,0.5382608695652173,46,24,46,0,0,0,0,0,205570,205570,0,0,271277,16875,755648,1,2,1,1500000,True,chain_relaxed,even_odd,CERTIFIED,0x2db9df,1,0x2db9df,242983877324391274898328477032367116592943608,178140131008676883679667468266556422138461780,64843746315714391218661008765810694454481828,1146,531,531,2,615,0.5366492146596858,42,20,42,17,3,0,0,0,6827704,210229,6617475,0,256013,14548,7372519,1,2,1,1500000,True,alignment_consistent,even_odd,CERTIFIED,0x2db9df,1,0x2db9df,242983877324391274898328477032367116592943608,163573375378197662622229606609260582527900094,79410501946193612276098870423106534065043514,1140,530,530,2,610,0.5350877192982456,36,14,36,11,3,13,0,1,49035661,189559,4270873,44575229,262113,15909,49603806,1,2,1,1500000,True,1.0034904013961605,1.0,0.10249522585157123,1.0087719298245614,1.0018867924528303,0.015233669771226829
natural,3,6592303841182214790,2737563215548543301,random_systematic_linear,even_odd,24,16,0.6666666666666666,R2_3,1,20,0.05,19,,0,8,0xde76be,0x6f3bbe,1500000,NOT_RUN,0,,0,False,,independent,even_odd,CERTIFIED,0xde3bbe,1,0xde3bbe,870097620158610301956201070470,814198825090445454468082317660,55898795068164847488118752810,46,25,25,2,21,0.45652173913043476,22,24,22,0,0,0,0,0,95798,95798,0,0,14464,14908,175316,0,1,0,1500000,True,chain_relaxed,even_odd,CERTIFIED,0xde3bbe,1,0xde3bbe,870097620158610301956201070470,814198825090445454468082317660,55898795068164847488118752810,45,25,25,2,20,0.4444444444444444,21,23,21,20,3,0,0,0,8511963,142761,8369202,0,18962,13946,8653891,0,1,0,1500000,True,alignment_consistent,even_odd,CERTIFIED,0xde3bbe,1,0xde3bbe,870097620158610301956201070470,789996938376409765000754816508,80100681782200536955446253962,33,23,23,2,10,0.30303030303030304,9,11,9,8,3,10,0,1,41579512,85523,3619887,37874102,24632,17793,41713480,0,1,0,1500000,True,1.0222222222222221,1.0,0.020258632793040725,1.393939393939394,1.0869565217391304,0.004202862000485215
natural,2,11481650568547990057,2737563215548543301,random_systematic_linear,even_odd,24,16,0.6666666666666666,R2_3,1,20,0.05,19,,1,10,0xafac41,0x57d4c1,1500000,NOT_RUN,0,,0,False,,independent,even_odd,CERTIFIED,0xafac41,1,0xafac41,30084479832880920971749457760,29996798819121674638297769598,87681013759246333451688162,1151,532,532,3,619,0.5377932232841007,47,25,47,0,0,0,0,0,270511,270511,0,0,383211,37055,1029984,1,2,1,1500000,True,chain_relaxed,even_odd,CERTIFIED,0xafac41,1,0xafac41,30084479832880920971749457760,29996798819121674638297769598,87681013759246333451688162,1149,532,532,3,617,0.5369886858137511,45,23,45,20,3,0,0,0,9673653,287294,9386359,0,374183,29584,10464777,1,2,1,1500000,True,alignment_consistent,even_odd,CERTIFIED,0xafac41,1,0xafac41,30084479832880920971749457760,30076155432104566181318775942,8324400776354790430681818,1142,530,530,3,612,0.5359019264448336,38,16,38,13,3,15,0,1,60613814,215330,5408502,54989982,292056,26141,61302069,1,2,1,1500000,True,1.001740644038294,1.0,0.09842388423566026,1.0078809106830122,1.0037735849056604,0.01680178200836908
natural,0,14458138847170611548,2737563215548543301,random_systematic_linear,even_odd,24,16,0.6666666666666666,R2_3,1,20,0.05,19,,2,3,0x54459a,0x2a26ce,1500000,NOT_RUN,0,,0,False,,independent,even_odd,CERTIFIED,0x2a26ce,1,0x2a26ce,529983135086555408455999022658,325679530036178181787232927064,204303605050377226668766095594,48,25,25,1,23,0.4791666666666667,24,25,24,0,0,0,0,0,106136,106136,0,0,15038,9053,161319,1,1,0,1500000,True,chain_relaxed,even_odd,CERTIFIED,0x2a26ce,1,0x2a26ce,529983135086555408455999022658,325679530036178181787232927064,204303605050377226668766095594,48,25,25,1,23,0.4791666666666667,24,25,24,21,3,0,0,0,8821581,148374,8673207,0,23813,7119,8989334,1,1,0,1500000,True,alignment_consistent,even_odd,CERTIFIED,0x2a26ce,1,0x2a26ce,529983135086555408455999022658,300759575603783373796137348858,229223559482772034659861673800,36,22,22,1,14,0.3888888888888889,12,13,12,11,2,13,0,0,52522289,90732,4545596,47885961,30839,10145,52662445,0,1,0,1500000,True,1.0,1.0,0.017945600864313196,1.3333333333333333,1.1363636363636365,0.003063264533198183
natural,1,7642317863701811084,2737563215548543301,random_systematic_linear,even_odd,24,16,0.6666666666666666,R2_3,1,20,0.05,19,,2,14,0xdc7891,0x6e18b1,1500000,NOT_RUN,0,,0,False,,independent,even_odd,CERTIFIED,0xdcb161,1,0xdcb161,56462448287851891053335689200,55708340664083110042553000682,754107623768781010782688518,1149,536,536,2,613,0.5335073977371627,45,23,45,0,0,0,0,0,211994,211994,0,0,270953,18286,770319,1,2,1,1500000,True,chain_relaxed,even_odd,CERTIFIED,0xdcb161,1,0xdcb161,56462448287851891053335689200,55708340664083110042553000682,754107623768781010782688518,1140,533,533,2,607,0.5324561403508772,36,14,36,11,3,0,0,0,4651995,186259,4465736,0,268953,17098,5224102,1,2,1,1500000,True,alignment_consistent,even_odd,CERTIFIED,0xdcb161,1,0xdcb161,56462448287851891053335689200,45151603612442047337680781898,11310844675409843715654907302,1138,533,533,2,605,0.531634446397188,34,12,34,9,3,11,0,1,43626172,188562,3775513,39662097,289129,21293,44266542,1,2,1,1500000,True,1.0078947368421052,1.0056285178236397,0.14745481615787748,1.0096660808435853,1.0056285178236397,0.0174018336467303
natural,0,17968906945305600401,2737563215548543301,random_systematic_linear,forward,24,16,0.6666666666666666,R2_3,1,100,0.01,99,,0,4,0x46692,0x23342,1500000,NOT_RUN,0,,0,False,,independent,forward,CERTIFIED,0x46692,1,0x46692,8258431053047235515006540714786008957922317008,1923913414893710343740408657278809359095387224,6334517638153525171266132057507199598826929784,48,25,25,1,23,0.4791666666666667,24,20,24,0,0,0,0,0,112637,112637,0,0,14061,7857,174771,1,1,0,1500000,True,chain_relaxed,forward,CERTIFIED,0x46692,1,0x46692,8258431053047235515006540714786008957922317008,1923913414893710343740408657278809359095387224,6334517638153525171266132057507199598826929784,48,25,25,1,23,0.4791666666666667,24,20,24,0,19,0,0,0,123781,123781,0,0,14597,7445,187228,1,1,0,1500000,True,alignment_consistent,forward,CERTIFIED,0x46692,1,0x46692,8258431053047235515006540714786008957922317008,1923913414893710343740408657278809359095387224,6334517638153525171266132057507199598826929784,48,25,25,1,23,0.4791666666666667,24,20,24,0,19,19,0,0,65861026,147846,0,65713180,26574,7368,65983720,1,1,0,1500000,True,1.0,1.0,0.9334661482256927,1.0,1.0,0.002648698800249516
natural,1,16786683107587007249,2737563215548543301,random_systematic_linear,forward,24,16,0.6666666666666666,R2_3,1,100,0.01,99,,0,2,0x756cf6,0x3ab67a,1500000,NOT_RUN,0,,0,False,,independent,forward,CERTIFIED,0x756cf6,1,0x756cf6,16035867226477739917082912655423382813346100894,9779893192376360914013744007833947575401551722,6255974034101379003069168647589435237944549172,47,24,24,1,23,0.48936170212765956,23,22,23,0,0,0,0,0,100932,100932,0,0,13639,10259,152465,0,1,0,1500000,True,chain_relaxed,forward,CERTIFIED,0x756cf6,1,0x756cf6,16035867226477739917082912655423382813346100894,9779893192376360914013744007833947575401551722,6255974034101379003069168647589435237944549172,47,24,24,1,23,0.48936170212765956,23,22,23,0,21,0,0,0,106362,106362,0,0,13684,8149,175483,0,1,0,1500000,True,alignment_consistent,forward,CERTIFIED,0x756cf6,1,0x756cf6,16035867226477739917082912655423382813346100894,9779893192376360914013744007833947575401551722,6255974034101379003069168647589435237944549172,47,24,24,1,23,0.48936170212765956,23,22,23,0,21,21,0,0,71823064,161117,0,71661947,21113,7405,71952632,0,1,0,1500000,True,1.0,1.0,0.8688305989753994,1.0,1.0,0.002118963486978489
natural,2,6737170515085251309,2737563215548543301,random_systematic_linear,forward,24,16,0.6666666666666666,R2_3,1,100,0.01,99,,0,17,0xe95f24,0x755f24,1500000,NOT_RUN,0,,0,False,,independent,forward,CERTIFIED,0xe95f24,1,0xe95f24,16034264049601242866962839864652116822873625302,9779893192376360914013744007833947575401551722,6254370857224881952949095856818169247472073580,47,25,25,1,22,0.46808510638297873,23,24,23,0,0,0,0,0,122278,122278,0,0,17492,10601,186949,0,1,0,1500000,True,chain_relaxed,forward,CERTIFIED,0xe95f24,1,0xe95f24,16034264049601242866962839864652116822873625302,9779893192376360914013744007833947575401551722,6254370857224881952949095856818169247472073580,47,25,25,1,22,0.46808510638297873,23,24,23,0,23,0,0,0,108106,108106,0,0,14319,8333,173624,0,1,0,1500000,True,alignment_consistent,forward,CERTIFIED,0xe95f24,1,0xe95f24,16034264049601242866962839864652116822873625302,8177450003695757818159390058339073964684084902,7856814045905485048803449806313042858189540400,45,25,25,1,20,0.4444444444444444,21,22,21,0,22,22,0,0,75220710,137069,0,75083641,25183,8854,75360002,0,1,0,1500000,True,1.0,1.0,1.0767463023545132,1.0444444444444445,1.0,0.002480745687878299
natural,3,17630192706740114771,2737563215548543301,random_systematic_linear,forward,24,16,0.6666666666666666,R2_3,1,100,0.01,99,,1,7,0x2db9df,0x1edcdf,1500000,NOT_RUN,0,,0,False,,independent,forward,CERTIFIED,0x2db9df,1,0x2db9df,242983877324391274898328477032367116592943608,178140131008676883679667468266556422138461780,64843746315714391218661008765810694454481828,1150,530,530,2,620,0.5391304347826087,46,24,46,0,0,0,0,0,209771,209771,0,0,265675,16416,754574,1,2,1,1500000,True,chain_relaxed,forward,CERTIFIED,0x2db9df,1,0x2db9df,242983877324391274898328477032367116592943608,178140131008676883679667468266556422138461780,64843746315714391218661008765810694454481828,1150,530,530,2,620,0.5391304347826087,46,24,46,0,23,0,0,0,207726,207726,0,0,251174,14960,731265,1,2,1,1500000,True,alignment_consistent,forward,CERTIFIED,0x2db9df,1,0x2db9df,242983877324391274898328477032367116592943608,178140131008676883679667468266556422138461780,64843746315714391218661008765810694454481828,1150,530,530,2,620,0.5391304347826087,46,24,46,0,23,22,0,1,75510359,266486,0,75243873,260290,17703,76108701,1,2,1,1500000,True,1.0,1.0,1.031874901711418,1.0,1.0,0.009914424896044409
natural,3,6592303841182214790,2737563215548543301,random_systematic_linear,forward,24,16,0.6666666666666666,R2_3,1,20,0.05,19,,0,8,0xde76be,0x6f3bbe,1500000,NOT_RUN,0,,0,False,,independent,forward,CERTIFIED,0xde3bbe,1,0xde3bbe,870097620158610301956201070470,814198825090445454468082317660,55898795068164847488118752810,46,25,25,2,21,0.45652173913043476,22,24,22,0,0,0,0,0,92444,92444,0,0,14335,14813,150357,0,1,0,1500000,True,chain_relaxed,forward,CERTIFIED,0xde3bbe,1,0xde3bbe,870097620158610301956201070470,814198825090445454468082317660,55898795068164847488118752810,46,25,25,2,21,0.45652173913043476,22,24,22,0,23,0,0,0,93896,93896,0,0,13148,13512,161821,0,1,0,1500000,True,alignment_consistent,forward,CERTIFIED,0xde3bbe,1,0xde3bbe,870097620158610301956201070470,789996938376409765000754816508,80100681782200536955446253962,41,24,24,2,17,0.4146341463414634,17,19,17,0,19,18,0,1,62689619,137754,0,62551865,34413,16574,62846426,0,1,0,1500000,True,1.0,1.0,0.9291562899747252,1.1219512195121952,1.0416666666666667,0.002392451083853201
natural,2,11481650568547990057,2737563215548543301,random_systematic_linear,forward,24,16,0.6666666666666666,R2_3,1,20,0.05,19,,1,10,0xafac41,0x57d4c1,1500000,NOT_RUN,0,,0,False,,independent,forward,CERTIFIED,0xafac41,1,0xafac41,30084479832880920971749457760,29996798819121674638297769598,87681013759246333451688162,1151,532,532,3,619,0.5377932232841007,47,25,47,0,0,0,0,0,227141,227141,0,0,280668,29218,810117,1,2,1,1500000,True,chain_relaxed,forward,CERTIFIED,0xafac41,1,0xafac41,30084479832880920971749457760,29996798819121674638297769598,87681013759246333451688162,1151,532,532,3,619,0.5377932232841007,47,25,47,0,24,0,0,0,203889,203889,0,0,268826,24177,766159,1,2,1,1500000,True,alignment_consistent,forward,CERTIFIED,0xafac41,1,0xafac41,30084479832880920971749457760,29472627538723006464390517920,611852294157914507358939840,1150,532,532,3,618,0.5373913043478261,46,24,46,0,24,23,0,1,79686021,295477,0,79390544,267744,24459,80325038,1,2,1,1500000,True,1.0,1.0,1.0573745136453399,1.0008695652173913,1.0,0.010085485424855945
natural,0,14458138847170611548,2737563215548543301,random_systematic_linear,forward,24,16,0.6666666666666666,R2_3,1,20,0.05,19,,2,3,0x54459a,0x2a26ce,1500000,NOT_RUN,0,,0,False,,independent,forward,CERTIFIED,0x2a26ce,1,0x2a26ce,529983135086555408455999022658,325679530036178181787232927064,204303605050377226668766095594,48,25,25,1,23,0.4791666666666667,24,25,24,0,0,0,0,0,101597,101597,0,0,14841,8209,152722,1,1,0,1500000,True,chain_relaxed,forward,CERTIFIED,0x2a26ce,1,0x2a26ce,529983135086555408455999022658,325679530036178181787232927064,204303605050377226668766095594,48,25,25,1,23,0.4791666666666667,24,25,24,0,24,0,0,0,99959,99959,0,0,13630,7245,161355,1,1,0,1500000,True,alignment_consistent,forward,CERTIFIED,0x2a26ce,1,0x2a26ce,529983135086555408455999022658,272153496742215499943372012280,257829638344339908512627010378,47,24,24,1,23,0.48936170212765956,23,24,23,0,24,24,0,0,82229229,177527,0,82051702,28392,6852,82378871,0,1,0,1500000,True,1.0,1.0,0.9464968547612408,1.0212765957446808,1.0416666666666667,0.001853897706366964
natural,1,7642317863701811084,2737563215548543301,random_systematic_linear,forward,24,16,0.6666666666666666,R2_3,1,20,0.05,19,,2,14,0xdc7891,0x6e18b1,1500000,NOT_RUN,0,,0,False,,independent,forward,CERTIFIED,0xdcb161,1,0xdcb161,56462448287851891053335689200,55708340664083110042553000682,754107623768781010782688518,1149,536,536,2,613,0.5335073977371627,45,23,45,0,0,0,0,0,249089,249089,0,0,387940,21726,979075,1,2,1,1500000,True,chain_relaxed,forward,CERTIFIED,0xdcb161,1,0xdcb161,56462448287851891053335689200,55708340664083110042553000682,754107623768781010782688518,1149,536,536,2,613,0.5335073977371627,45,23,45,0,22,0,0,0,201057,201057,0,0,265647,17587,759996,1,2,1,1500000,True,alignment_consistent,forward,CERTIFIED,0xdcb161,1,0xdcb161,56462448287851891053335689200,45151603612442047337680781898,11310844675409843715654907302,1146,536,536,2,610,0.5322862129144852,42,20,42,0,20,19,0,1,65790297,218532,0,65571765,285637,31250,66437922,1,2,1,1500000,True,1.0,1.0,1.2882633592808383,1.0026178010471205,1.0,0.014736689085489458
natural,0,4005350466826578273,17786108277554261220,crc_defined_linear,even_odd,24,18,0.75,R3_4,1,100,0.01,99,,0,22,0x1b375f,0x1b375f,1500000,NOT_RUN,0,,0,False,,independent,even_odd,CERTIFIED,0x1b375f,1,0x1b375f,23969580880135885930399543356289205981268983106,17635872969859011484287079358389085791707716220,6333707910276874446112463997900120189561266886,46,24,24,1,22,0.4782608695652174,22,23,22,0,0,0,0,0,99154,99154,0,0,11325,21420,161865,0,1,0,1500000,True,chain_relaxed,even_odd,CERTIFIED,0x1b375f,1,0x1b375f,23969580880135885930399543356289205981268983106,17635872969859011484287079358389085791707716220,6333707910276874446112463997900120189561266886,41,23,23,1,18,0.43902439024390244,17,18,17,16,2,0,0,0,6541740,102704,6439036,0,13896,7929,6624306,0,1,0,1500000,True,alignment_consistent,even_odd,CERTIFIED,0x1b375f,1,0x1b375f,23969580880135885930399543356289205981268983106,8337776123272680516057489944700849485811887706,15631804756863205414342053411588356495457095400,36,23,23,1,13,0.3611111111111111,12,13,12,11,2,13,0,0,49378596,78475,4583000,44717121,16535,7860,49469407,0,1,0,1500000,True,1.1219512195121952,1.0434782608695652,0.02443501251300891,1.2777777777777777,1.0434782608695652,0.003272022241948443
natural,1,18084319142822053850,17786108277554261220,crc_defined_linear,even_odd,24,18,0.75,R3_4,1,100,0.01,99,,0,10,0x95846a,0x4ac06a,1500000,NOT_RUN,0,,0,False,,independent,even_odd,CERTIFIED,0x95846a,1,0x95846a,8500539685645391781661161771844822514780501604,1923913414893710343740408657278809359095387224,6576626270751681437920753114566013155685114380,48,25,25,1,23,0.4791666666666667,24,19,24,0,0,0,0,0,112721,112721,0,0,13768,8906,166949,1,1,0,1500000,True,chain_relaxed,even_odd,CERTIFIED,0x95846a,1,0x95846a,8500539685645391781661161771844822514780501604,1923913414893710343740408657278809359095387224,6576626270751681437920753114566013155685114380,48,25,25,1,23,0.4791666666666667,24,19,24,17,1,0,0,0,6885013,131440,6753573,0,16969,8426,6977999,1,1,0,1500000,True,alignment_consistent,even_odd,CERTIFIED,0x95846a,1,0x95846a,8500539685645391781661161771844822514780501604,8102971481426474086096069868195952720879912294,397568204218917695565091903648869793900589310,43,24,24,1,19,0.4418604651162791,19,14,19,14,0,14,0,0,53967984,116583,5707818,48143583,19832,7626,54073921,0,1,0,1500000,True,1.0,1.0,0.02392505358627882,1.1162790697674418,1.0416666666666667,0.0030874217536398
natural,2,4862588195300314793,17786108277554261220,crc_defined_linear,even_odd,24,18,0.75,R3_4,1,100,0.01,99,,0,10,0x5ff19,0x2ff19,1500000,NOT_RUN,0,,0,False,,independent,even_odd,CERTIFIED,0x5ff19,1,0x5ff19,71748424283451772867392249835475437691649766098,64771751634754914905927091461719915089544703208,6976672648696857961465158373755522602105062890,40,22,22,1,18,0.45,16,12,16,0,0,0,0,0,74728,74728,0,0,11095,8029,117629,0,1,0,1500000,True,chain_relaxed,even_odd,CERTIFIED,0x5ff19,1,0x5ff19,71748424283451772867392249835475437691649766098,49059792079789613765380420760609638656932374212,22688632203662159102011829074865799034717391886,34,19,19,1,15,0.4411764705882353,10,6,10,6,0,0,0,0,2428727,65559,2363168,0,10580,7980,2477473,0,1,0,1500000,True,alignment_consistent,even_odd,CERTIFIED,0x5ff19,1,0x5ff19,71748424283451772867392249835475437691649766098,47697895487533023325483800806573709184567641600,24050528795918749541908449028901728507082124498,29,18,18,1,11,0.3793103448275862,5,1,5,1,0,1,0,0,4033181,25562,409859,3597760,9055,10032,4076145,0,1,0,1500000,True,1.1764705882352942,1.1578947368421053,0.047479427626456475,1.3793103448275863,1.2222222222222223,0.02885790373011755
natural,3,4793548058947866245,17786108277554261220,crc_defined_linear,even_odd,24,18,0.75,R3_4,1,100,0.01,99,,0,18,0x9ba958,0x4fa958,1500000,NOT_RUN,0,,0,False,,independent,even_odd,CERTIFIED,0x9ba958,1,0x9ba958,8339403756417814900001310186875931219169567800,1923913414893710343740408657278809359095387224,6415490341524104556260901529597121860074180576,48,25,25,1,23,0.4791666666666667,24,25,24,0,0,0,0,0,112664,112664,0,0,12162,8273,161033,1,1,0,1500000,True,chain_relaxed,even_odd,CERTIFIED,0x9ba958,1,0x9ba958,8339403756417814900001310186875931219169567800,1923913414893710343740408657278809359095387224,6415490341524104556260901529597121860074180576,48,25,25,1,23,0.4791666666666667,24,25,24,21,3,0,0,0,8529576,147167,8382409,0,16466,7475,8632092,1,1,0,1500000,True,alignment_consistent,even_odd,CERTIFIED,0x9ba958,1,0x9ba958,8339403756417814900001310186875931219169567800,8101335584083044624253966284543133929363246498,238068172334770275747343902332797289806321302,46,24,24,1,22,0.4782608695652174,22,23,22,21,2,23,0,0,87395881,146718,8602887,78646276,22421,7765,87539359,0,1,0,1500000,True,1.0,1.0,0.01865515335100692,1.0434782608695652,1.0416666666666667,0.001839549681875098
natural,0,3749039087932403774,17786108277554261220,crc_defined_linear,even_odd,24,18,0.75,R3_4,1,20,0.05,19,,0,20,0xcfef93,0x6fef93,1500000,NOT_RUN,0,,0,False,,independent,even_odd,CERTIFIED,0xdfdf27,1,0xdfdf27,801428269022020100282514631908,569939177563311818127657622362,231489091458708282154857009546,47,25,25,2,22,0.46808510638297873,23,24,23,0,0,0,0,0,97123,97123,0,0,12105,15325,152651,0,1,0,1500000,True,chain_relaxed,even_odd,CERTIFIED,0xdfdf27,1,0xdfdf27,801428269022020100282514631908,569939177563311818127657622362,231489091458708282154857009546,46,25,25,2,21,0.45652173913043476,22,23,22,21,2,0,0,0,8113612,117908,7995704,0,15066,13752,8212069,0,1,0,1500000,True,alignment_consistent,even_odd,CERTIFIED,0xdfdf27,1,0xdfdf27,801428269022020100282514631908,792106027138019267420612027748,9322241884000832861902604160,32,23,23,2,9,0.28125,8,9,8,7,2,9,0,0,33770607,48623,2814486,30907498,14779,15362,33851085,0,1,0,1500000,True,1.0217391304347827,1.0,0.018588616340169572,1.46875,1.0869565217391304,0.00450948618042819
natural,3,13139841717303545853,17786108277554261220,crc_defined_linear,even_odd,24,18,0.75,R3_4,1,20,0.05,19,,0,14,0xe8d0,0x68d0,1500000,NOT_RUN,0,,0,False,,independent,even_odd,CERTIFIED,0xe8d0,1,0xe8d0,896449754616370141588851010110,814198825090445454468082317660,82250929525924687120768692450,46,23,23,1,23,0.5,22,15,22,0,0,0,0,0,95147,95147,0,0,11546,7257,139836,0,1,0,1500000,True,chain_relaxed,even_odd,CERTIFIED,0xe8d0,1,0xe8d0,896449754616370141588851010110,814198825090445454468082317660,82250929525924687120768692450,46,23,23,1,23,0.5,22,15,22,14,0,0,0,0,5710479,116581,5593898,0,16293,6669,5794226,0,1,0,1500000,True,alignment_consistent,even_odd,CERTIFIED,0xe8d0,1,0xe8d0,896449754616370141588851010110,367857782324843583837723508230,528591972291526557751127501880,33,15,15,1,18,0.5454545454545454,9,2,9,2,0,2,0,0,7660233,42997,798940,6818296,8268,7267,7699831,0,1,0,1500000,True,1.0,1.0,0.02413368066761635,1.393939393939394,1.5333333333333334,0.018160918077292865
natural,1,10729176340738628896,17786108277554261220,crc_defined_linear,even_odd,24,18,0.75,R3_4,1,20,0.05,19,,1,3,0x6295fa,0x31cafa,1500000,NOT_RUN,0,,0,False,,independent,even_odd,CERTIFIED,0x63dafa,1,0x63dafa,85108183167956257915441144746,81419882509044545446808231766,3688300658911712468632912980,1147,535,535,4,612,0.5335658238884046,43,22,43,0,0,0,0,0,187007,187007,0,0,238614,29254,703884,1,2,1,1500000,True,chain_relaxed,even_odd,CERTIFIED,0x63dafa,1,0x63dafa,85108183167956257915441144746,68564111586563827744680616224,16544071581392430170760528522,1140,534,534,4,606,0.531578947368421,36,15,36,11,4,0,0,0,4324252,184910,4139342,0,248262,30036,4879718,1,2,1,1500000,True,alignment_consistent,even_odd,CERTIFIED,0x63dafa,1,0x63dafa,85108183167956257915441144746,84353988831316267896682177920,754194336639990018758966826,1136,532,532,4,604,0.5316901408450704,32,11,32,7,4,9,0,2,32875629,148997,2725706,30000926,228172,30360,33419432,1,2,1,1500000,True,1.006140350877193,1.0018726591760299,0.14424686016691948,1.0096830985915493,1.005639097744361,0.02106211739325791
natural,2,13455687498131272346,17786108277554261220,crc_defined_linear,even_odd,24,18,0.75,R3_4,1,20,0.05,19,,1,12,0xa5ad4b,0x52dd6b,1500000,NOT_RUN,0,,0,False,,independent,even_odd,CERTIFIED,0xa45d6b,1,0xa45d6b,42259263380025783247828397058,29996798819121674638297769598,12262464560904108609530627460,1151,547,547,9,604,0.5247610773240661,47,26,47,0,0,0,0,0,200680,200680,0,0,234862,62596,752685,1,2,1,1500000,True,chain_relaxed,even_odd,CERTIFIED,0xa45d6b,1,0xa45d6b,42259263380025783247828397058,29996798819121674638297769598,12262464560904108609530627460,1148,546,546,9,602,0.524390243902439,44,23,44,19,4,0,0,0,7256989,218876,7038113,0,252572,62637,7880443,1,2,1,1500000,True,alignment_consistent,even_odd,CERTIFIED,0xa45d6b,1,0xa45d6b,42259263380025783247828397058,41501424539738718734352440658,757838840287064513475956400,1139,546,546,9,593,0.520632133450395,35,14,35,10,4,12,0,2,43391409,173672,3873131,39344606,239107,65123,43999528,1,2,1,1500000,True,1.0026132404181185,1.0018315018315018,0.09551303143744584,1.0105355575065846,1.0018315018315018,0.017106660780542918
natural,0,4005350466826578273,17786108277554261220,crc_defined_linear,forward,24,18,0.75,R3_4,1,100,0.01,99,,0,22,0x1b375f,0x1b375f,1500000,NOT_RUN,0,,0,False,,independent,forward,CERTIFIED,0x1b375f,1,0x1b375f,23969580880135885930399543356289205981268983106,17635872969859011484287079358389085791707716220,6333707910276874446112463997900120189561266886,46,23,23,1,23,0.5,22,23,22,0,0,0,0,0,106045,106045,0,0,11741,19684,167671,0,1,0,1500000,True,chain_relaxed,forward,CERTIFIED,0x1b375f,1,0x1b375f,23969580880135885930399543356289205981268983106,17635872969859011484287079358389085791707716220,6333707910276874446112463997900120189561266886,46,23,23,1,23,0.5,22,23,22,0,22,0,0,0,102736,102736,0,0,14496,7642,164062,0,1,0,1500000,True,alignment_consistent,forward,CERTIFIED,0x1b375f,1,0x1b375f,23969580880135885930399543356289205981268983106,17635872969859011484287079358389085791707716220,6333707910276874446112463997900120189561266886,46,23,23,1,23,0.5,22,23,22,0,22,22,0,0,77225011,159765,0,77065246,20333,7213,77362798,0,1,0,1500000,True,1.0,1.0,1.0219977813265717,1.0,1.0,0.002167333709931226
natural,1,18084319142822053850,17786108277554261220,crc_defined_linear,forward,24,18,0.75,R3_4,1,100,0.01,99,,0,10,0x95846a,0x4ac06a,1500000,NOT_RUN,0,,0,False,,independent,forward,CERTIFIED,0x95846a,1,0x95846a,8500539685645391781661161771844822514780501604,1923913414893710343740408657278809359095387224,6576626270751681437920753114566013155685114380,48,25,25,1,23,0.4791666666666667,24,14,24,0,0,0,0,0,111038,111038,0,0,12672,9923,163102,1,1,0,1500000,True,chain_relaxed,forward,CERTIFIED,0x95846a,1,0x95846a,8500539685645391781661161771844822514780501604,1923913414893710343740408657278809359095387224,6576626270751681437920753114566013155685114380,48,25,25,1,23,0.4791666666666667,24,14,24,0,13,0,0,0,114566,114566,0,0,13064,23315,191287,1,1,0,1500000,True,alignment_consistent,forward,CERTIFIED,0x95846a,1,0x95846a,8500539685645391781661161771844822514780501604,8017933613656260161386971539202920070108239694,482606071989131620274190232641902444672261910,47,25,25,1,22,0.46808510638297873,23,13,23,0,13,13,0,0,44619535,132475,0,44487060,19311,7469,44725455,0,1,0,1500000,True,1.0,1.0,0.8526559567560785,1.0212765957446808,1.0,0.0036467376352012516
natural,2,4862588195300314793,17786108277554261220,crc_defined_linear,forward,24,18,0.75,R3_4,1,100,0.01,99,,0,10,0x5ff19,0x2ff19,1500000,NOT_RUN,0,,0,False,,independent,forward,CERTIFIED,0x5ff19,1,0x5ff19,71748424283451772867392249835475437691649766098,64771751634754914905927091461719915089544703208,6976672648696857961465158373755522602105062890,40,19,19,1,21,0.525,16,8,16,0,0,0,0,0,75240,75240,0,0,9479,7803,115730,0,1,0,1500000,True,chain_relaxed,forward,CERTIFIED,0x5ff19,1,0x5ff19,71748424283451772867392249835475437691649766098,64771751634754914905927091461719915089544703208,6976672648696857961465158373755522602105062890,40,19,19,1,21,0.525,16,8,16,0,7,0,0,0,74216,74216,0,0,8937,7074,115228,0,1,0,1500000,True,alignment_consistent,forward,CERTIFIED,0x5ff19,1,0x5ff19,71748424283451772867392249835475437691649766098,47697895487533023325483800806573709184567641600,24050528795918749541908449028901728507082124498,33,19,19,1,14,0.42424242424242425,9,1,9,0,1,1,0,0,3614033,43560,0,3570473,9477,15821,3662302,0,1,0,1500000,True,1.0,1.0,1.0043565799979173,1.2121212121212122,1.0,0.031600343172135996
natural,3,4793548058947866245,17786108277554261220,crc_defined_linear,forward,24,18,0.75,R3_4,1,100,0.01,99,,0,18,0x9ba958,0x4fa958,1500000,NOT_RUN,0,,0,False,,independent,forward,CERTIFIED,0x9ba958,1,0x9ba958,8339403756417814900001310186875931219169567800,1923913414893710343740408657278809359095387224,6415490341524104556260901529597121860074180576,48,25,25,1,23,0.4791666666666667,24,25,24,0,0,0,0,0,109377,109377,0,0,11818,7998,155113,1,1,0,1500000,True,chain_relaxed,forward,CERTIFIED,0x9ba958,1,0x9ba958,8339403756417814900001310186875931219169567800,1923913414893710343740408657278809359095387224,6415490341524104556260901529597121860074180576,48,25,25,1,23,0.4791666666666667,24,25,24,0,24,0,0,0,111082,111082,0,0,12247,8560,172725,1,1,0,1500000,True,alignment_consistent,forward,CERTIFIED,0x9ba958,1,0x9ba958,8339403756417814900001310186875931219169567800,8017966329933674595865466377718211788455698000,321437426484140304135843809157719430713869800,47,25,25,1,22,0.46808510638297873,23,24,23,0,24,24,0,0,80903664,151204,0,80752460,21725,7109,81030401,0,1,0,1500000,True,1.0,1.0,0.8980344478216818,1.0212765957446808,1.0,0.0019142568478712082
natural,0,3749039087932403774,17786108277554261220,crc_defined_linear,forward,24,18,0.75,R3_4,1,20,0.05,19,,0,20,0xcfef93,0x6fef93,1500000,NOT_RUN,0,,0,False,,independent,forward,CERTIFIED,0xdfdf27,1,0xdfdf27,801428269022020100282514631908,569939177563311818127657622362,231489091458708282154857009546,47,25,25,2,22,0.46808510638297873,23,24,23,0,0,0,0,0,98124,98124,0,0,12121,15581,153700,0,1,0,1500000,True,chain_relaxed,forward,CERTIFIED,0xdfdf27,1,0xdfdf27,801428269022020100282514631908,569939177563311818127657622362,231489091458708282154857009546,47,25,25,2,22,0.46808510638297873,23,24,23,0,23,0,0,0,99534,99534,0,0,11415,14312,165974,0,1,0,1500000,True,alignment_consistent,forward,CERTIFIED,0xdfdf27,1,0xdfdf27,801428269022020100282514631908,792106027138019267420612027748,9322241884000832861902604160,38,24,24,2,14,0.3684210526315789,14,15,14,0,15,15,0,0,51620399,92704,0,51527695,17866,15474,51723530,0,1,0,1500000,True,1.0,1.0,0.9260486582235772,1.236842105263158,1.0416666666666667,0.002971568259165606
natural,3,13139841717303545853,17786108277554261220,crc_defined_linear,forward,24,18,0.75,R3_4,1,20,0.05,19,,0,14,0xe8d0,0x68d0,1500000,NOT_RUN,0,,0,False,,independent,forward,CERTIFIED,0xe8d0,1,0xe8d0,896449754616370141588851010110,814198825090445454468082317660,82250929525924687120768692450,46,23,23,1,23,0.5,22,9,22,0,0,0,0,0,96018,96018,0,0,11618,8442,143257,0,1,0,1500000,True,chain_relaxed,forward,CERTIFIED,0xe8d0,1,0xe8d0,896449754616370141588851010110,814198825090445454468082317660,82250929525924687120768692450,46,23,23,1,23,0.5,22,9,22,0,8,0,0,0,94306,94306,0,0,11035,7335,141058,0,1,0,1500000,True,alignment_consistent,forward,CERTIFIED,0xe8d0,1,0xe8d0,896449754616370141588851010110,367857782324843583837723508230,528591972291526557751127501880,40,17,17,1,23,0.575,16,3,16,0,3,3,0,0,10504491,74116,0,10430375,7974,7532,10545935,0,1,0,1500000,True,1.0,1.0,1.0155893320478102,1.15,1.3529411764705883,0.01358409662111515
natural,1,10729176340738628896,17786108277554261220,crc_defined_linear,forward,24,18,0.75,R3_4,1,20,0.05,19,,1,3,0x6295fa,0x31cafa,1500000,NOT_RUN,0,,0,False,,independent,forward,CERTIFIED,0x63dafa,1,0x63dafa,85108183167956257915441144746,81419882509044545446808231766,3688300658911712468632912980,1147,534,534,4,613,0.5344376634699215,43,22,43,0,0,0,0,0,186505,186505,0,0,234030,30401,709574,1,2,1,1500000,True,chain_relaxed,forward,CERTIFIED,0x63dafa,1,0x63dafa,85108183167956257915441144746,81419882509044545446808231766,3688300658911712468632912980,1147,534,534,4,613,0.5344376634699215,43,22,43,0,21,0,0,0,191544,191544,0,0,229860,30677,723315,1,2,1,1500000,True,alignment_consistent,forward,CERTIFIED,0x63dafa,1,0x63dafa,85108183167956257915441144746,84353988831316267896682177920,754194336639990018758966826,1143,533,533,4,610,0.5336832895888014,39,18,39,0,18,16,0,2,53541091,196496,0,53344595,233313,29730,54099486,1,2,1,1500000,True,1.0,1.0,0.9810027443091875,1.0034995625546808,1.00187617260788,0.013116095040163598
natural,2,13455687498131272346,17786108277554261220,crc_defined_linear,forward,24,18,0.75,R3_4,1,20,0.05,19,,1,12,0xa5ad4b,0x52dd6b,1500000,NOT_RUN,0,,0,False,,independent,forward,CERTIFIED,0xa45d6b,1,0xa45d6b,42259263380025783247828397058,29996798819121674638297769598,12262464560904108609530627460,1151,547,547,9,604,0.5247610773240661,47,26,47,0,0,0,0,0,204178,204178,0,0,237950,61564,764386,1,2,1,1500000,True,chain_relaxed,forward,CERTIFIED,0xa45d6b,1,0xa45d6b,42259263380025783247828397058,29996798819121674638297769598,12262464560904108609530627460,1151,547,547,9,604,0.5247610773240661,47,26,47,0,25,0,0,0,203507,203507,0,0,232896,58663,763523,1,2,1,1500000,True,alignment_consistent,forward,CERTIFIED,0xa45d6b,1,0xa45d6b,42259263380025783247828397058,41501424539738718734352440658,757838840287064513475956400,1149,547,547,9,602,0.5239338555265448,45,24,45,0,24,22,0,2,71159809,236281,0,70923528,247246,61312,71806693,1,2,1,1500000,True,1.0,1.0,1.0011302868413918,1.001740644038294,1.0,0.01064505226553185
natural,0,6239466863645612355,11664707829205286127,random_systematic_linear,even_odd,24,18,0.75,R3_4,1,100,0.01,99,,0,1,0xb67ff2,0x5b3ff8,1500000,NOT_RUN,0,,0,False,,independent,even_odd,CERTIFIED,0xb67ff2,1,0xb67ff2,8185555544072638147968715886138585576658660090,1923913414893710343740408657278809359095387224,6261642129178927804228307228859776217563272866,48,25,25,1,23,0.4791666666666667,24,12,24,0,0,0,0,0,111262,111262,0,0,12424,11598,164090,1,1,0,1500000,True,chain_relaxed,even_odd,CERTIFIED,0xb67ff2,1,0xb67ff2,8185555544072638147968715886138585576658660090,1923913414893710343740408657278809359095387224,6261642129178927804228307228859776217563272866,48,25,25,1,23,0.4791666666666667,24,12,24,10,1,0,0,0,4137349,140550,3996799,0,13562,8175,4209222,1,1,0,1500000,True,alignment_consistent,even_odd,CERTIFIED,0xb67ff2,1,0xb67ff2,8185555544072638147968715886138585576658660090,8107028298985412574285340525054748821002160890,78527245087225573683375361083836755656499200,43,24,24,1,19,0.4418604651162791,19,7,19,7,0,7,0,0,27859574,105984,2842977,24910613,11540,8005,27926168,0,1,0,1500000,True,1.0,1.0,0.038983451098564055,1.1162790697674418,1.0416666666666667,0.005875850922332058
natural,2,14358524119716400231,11664707829205286127,random_systematic_linear,even_odd,24,18,0.75,R3_4,1,100,0.01,99,,0,18,0x3d4b2c,0x1d4b2c,1500000,NOT_RUN,0,,0,False,,independent,even_odd,CERTIFIED,0x3d4b2c,1,0x3d4b2c,31985878513839937917305263051110870270546201600,25491852747341662054560414708944224008013880718,6494025766498275862744848342166646262532320882,45,24,24,1,21,0.4666666666666667,21,12,21,0,0,0,0,0,112492,112492,0,0,13852,8543,163639,0,1,0,1500000,True,chain_relaxed,even_odd,CERTIFIED,0x3d4b2c,1,0x3d4b2c,31985878513839937917305263051110870270546201600,25491852747341662054560414708944224008013880718,6494025766498275862744848342166646262532320882,37,22,22,1,15,0.40540540540540543,13,4,13,4,0,0,0,0,1705927,65432,1640495,0,11218,7634,1752500,0,1,0,1500000,True,alignment_consistent,even_odd,CERTIFIED,0x3d4b2c,1,0x3d4b2c,31985878513839937917305263051110870270546201600,24049735676577297559889217503708052494404943298,7936142837262640357416045547402817776141258302,34,20,20,1,14,0.4117647058823529,10,1,10,1,0,1,0,0,3924379,60234,429406,3434739,11516,8440,3970001,0,1,0,1500000,True,1.2162162162162162,1.0909090909090908,0.09337460770328103,1.3235294117647058,1.2,0.04121888130506768
natural,3,11061400087125600227,11664707829205286127,random_systematic_linear,even_odd,24,18,0.75,R3_4,1,100,0.01,99,,0,15,0xd0f0d,0x68f0d,1500000,NOT_RUN,0,,0,False,,independent,even_odd,CERTIFIED,0xd0f0d,1,0xd0f0d,32149468410053179521285188500391220704494518396,25491852747341662054560414708944224008013880718,6657615662711517466724773791446996696480637678,45,23,23,1,22,0.4888888888888889,21,22,21,0,0,0,0,0,98005,98005,0,0,11591,9341,147866,0,1,0,1500000,True,chain_relaxed,even_odd,CERTIFIED,0xd0f0d,1,0xd0f0d,32149468410053179521285188500391220704494518396,25491852747341662054560414708944224008013880718,6657615662711517466724773791446996696480637678,40,22,22,1,18,0.45,16,17,16,15,2,0,0,0,6239411,91666,6147745,0,14776,7737,6316946,0,1,0,1500000,True,alignment_consistent,even_odd,CERTIFIED,0xd0f0d,1,0xd0f0d,32149468410053179521285188500391220704494518396,8262487872308834064616943549794024979004447396,23886980537744345456668244950597195725490071000,35,19,19,1,16,0.45714285714285713,11,12,11,10,2,12,0,0,46915853,75157,4245902,42594794,18005,8068,47006111,0,1,0,1500000,True,1.125,1.0454545454545454,0.023407830302807717,1.2857142857142858,1.2105263157894737,0.003145676101560497
natural,1,3853588776450586376,11664707829205286127,random_systematic_linear,even_odd,24,18,0.75,R3_4,1,100,0.01,99,,1,5,0xe18e28,0x708708,1500000,NOT_RUN,0,,0,False,,independent,even_odd,CERTIFIED,0xf08708,1,0xf08708,32066066276904891275878699833364561979044839906,25491852747341662054560414708944224008013880718,6574213529563229221318285124420337971030959188,45,24,24,1,21,0.4666666666666667,21,11,21,0,0,0,0,0,109827,109827,0,0,14120,8494,162768,0,1,0,1500000,True,chain_relaxed,even_odd,CERTIFIED,0xf08708,1,0xf08708,32066066276904891275878699833364561979044839906,25491852747341662054560414708944224008013880718,6574213529563229221318285124420337971030959188,40,22,22,1,18,0.45,16,6,16,6,0,0,0,0,2510117,82504,2427613,0,12867,8368,2569037,0,1,0,1500000,True,alignment_consistent,even_odd,CERTIFIED,0xf08708,1,0xf08708,32066066276904891275878699833364561979044839906,8260099749251057189855937668758860733350248106,23805966527653834086022762164605701245694591800,35,19,19,1,16,0.45714285714285713,11,1,11,1,0,1,0,0,4059982,53068,409090,3597824,9152,7819,4099311,0,1,0,1500000,True,1.125,1.0909090909090908,0.06335759274778838,1.2857142857142858,1.263157894736842,0.03970618477105055
natural,0,5532549298592852721,11664707829205286127,random_systematic_linear,even_odd,24,18,0.75,R3_4,1,20,0.05,19,,0,20,0x576f76,0x276f76,1500000,NOT_RUN,0,,0,False,,independent,even_odd,CERTIFIED,0x576f76,1,0x576f76,287905689934423664105411099592,287112217268736028680850080438,793472665687635424561019154,1131,534,534,6,597,0.5278514588859416,27,17,27,0,0,0,0,0,117441,117441,0,0,228290,43060,641218,1,2,1,1500000,True,chain_relaxed,even_odd,CERTIFIED,0x576f76,1,0x576f76,287905689934423664105411099592,287112217268736028680850080438,793472665687635424561019154,1130,533,533,6,597,0.5283185840707965,26,16,26,13,3,0,0,0,5283769,136910,5146859,0,229798,44692,5836700,1,2,1,1500000,True,alignment_consistent,even_odd,CERTIFIED,0x576f76,1,0x576f76,287905689934423664105411099592,272195048503274817449494320072,15710641431148846655916779520,45,24,24,1,21,0.4666666666666667,21,11,21,11,0,11,0,0,42082780,113583,4331124,37638073,23653,7781,42190376,0,1,0,1500000,True,1.0008849557522124,1.00187617260788,0.10985968098411773,25.133333333333333,22.25,0.015198205391675107
natural,1,8854939653250293427,11664707829205286127,random_systematic_linear,even_odd,24,18,0.75,R3_4,1,20,0.05,19,,1,7,0xb5cb50,0x5ae7d0,1500000,NOT_RUN,0,,0,False,,independent,even_odd,CERTIFIED,0xb5c750,1,0xb5c750,59359056829924134337794744000,55708340664083110042553000682,3650716165841024295241743318,1149,533,533,15,616,0.536118363794604,45,24,45,0,0,0,0,0,196318,196318,0,0,242330,98550,796829,1,2,1,1500000,True,chain_relaxed,even_odd,CERTIFIED,0xb5c750,1,0xb5c750,59359056829924134337794744000,55708340664083110042553000682,3650716165841024295241743318,1144,533,533,15,611,0.5340909090909091,40,19,40,15,4,0,0,0,5932398,194833,5737565,0,237029,111676,6573993,1,2,1,1500000,True,alignment_consistent,even_odd,CERTIFIED,0xb5c750,1,0xb5c750,59359056829924134337794744000,42178049861171471885719931640,17181006968752662452074812360,1139,531,531,15,608,0.533801580333626,35,14,35,10,4,12,0,2,46337037,186314,3970517,42180206,230233,98136,46955943,1,2,1,1500000,True,1.0043706293706294,1.0,0.12120928635001589,1.0087796312554873,1.0037664783427496,0.016969715633226662
natural,2,3951951624122966320,11664707829205286127,random_systematic_linear,even_odd,24,18,0.75,R3_4,1,20,0.05,19,,2,4,0xfb2938,0x7f9418,1500000,NOT_RUN,0,,0,False,,independent,even_odd,CERTIFIED,0xff9410,1,0xff9410,123597964887340202395424714040,119987195276486698553191078392,3610769610853503842233635648,1144,510,510,9,634,0.5541958041958042,40,19,40,0,0,0,0,0,175456,175456,0,0,216641,58253,707648,1,2,1,1500000,True,chain_relaxed,even_odd,CERTIFIED,0xff9410,1,0xff9410,123597964887340202395424714040,107131424354005980851063462850,16466540533334221544361251190,1137,508,508,9,629,0.5532102022867195,33,12,33,8,4,0,0,0,3220452,150592,3069860,0,226681,61374,3772435,1,2,1,1500000,True,alignment_consistent,even_odd,CERTIFIED,0xff9410,1,0xff9410,123597964887340202395424714040,107131424354005980851063462850,16466540533334221544361251190,1137,508,508,9,629,0.5532102022867195,33,12,33,8,4,9,0,2,34807405,161880,3195349,31450176,222766,60921,35379443,1,2,1,1500000,True,1.0061565523306948,1.0039370078740157,0.18758388149828956,1.0061565523306948,1.0039370078740157,0.02000167159217289
natural,3,14303751295200097979,11664707829205286127,random_systematic_linear,even_odd,24,18,0.75,R3_4,1,20,0.05,19,,3,19,0x132c80,0x2b2a80,1500000,NOT_RUN,0,,0,False,,independent,even_odd,CERTIFIED,0x564a80,1,0x564a80,545058824375145713129230981632,325679530036178181787232927064,219379294338967531341998054568,48,25,25,1,23,0.4791666666666667,24,25,24,0,0,0,0,0,105331,105331,0,0,12596,9181,155847,1,1,0,1500000,True,chain_relaxed,even_odd,CERTIFIED,0x564a80,1,0x564a80,545058824375145713129230981632,325679530036178181787232927064,219379294338967531341998054568,48,25,25,1,23,0.4791666666666667,24,25,24,21,3,0,0,0,8460423,137454,8322969,0,21363,7725,8603904,1,1,0,1500000,True,alignment_consistent,even_odd,CERTIFIED,0x564a80,1,0x564a80,545058824375145713129230981632,545056703466288303284463627546,2120908857409844767354086,34,18,18,1,16,0.47058823529411764,10,11,10,9,2,11,0,0,41081127,66681,3658296,37356150,21046,7722,41175093,0,1,0,1500000,True,1.0,1.0,0.018113521489779523,1.411764705882353,1.3888888888888888,0.0037849823435735772
natural,0,6239466863645612355,11664707829205286127,random_systematic_linear,forward,24,18,0.75,R3_4,1,100,0.01,99,,0,1,0xb67ff2,0x5b3ff8,1500000,NOT_RUN,0,,0,False,,independent,forward,CERTIFIED,0xb67ff2,1,0xb67ff2,8185555544072638147968715886138585576658660090,1923913414893710343740408657278809359095387224,6261642129178927804228307228859776217563272866,48,25,25,1,23,0.4791666666666667,24,23,24,0,0,0,0,0,111849,111849,0,0,12775,13782,172444,1,1,0,1500000,True,chain_relaxed,forward,CERTIFIED,0xb67ff2,1,0xb67ff2,8185555544072638147968715886138585576658660090,1923913414893710343740408657278809359095387224,6261642129178927804228307228859776217563272866,48,25,25,1,23,0.4791666666666667,24,23,24,0,22,0,0,0,109842,109842,0,0,11824,7829,171743,1,1,0,1500000,True,alignment_consistent,forward,CERTIFIED,0xb67ff2,1,0xb67ff2,8185555544072638147968715886138585576658660090,8017132065701120922814430043400285402593146808,168423478371517225154285842738300174065513282,47,25,25,1,22,0.46808510638297873,23,22,23,0,22,22,0,0,78638939,148020,0,78490919,17421,7375,78757239,0,1,0,1500000,True,1.0,1.0,1.0040816801849275,1.0212765957446808,1.0,0.002189563806318807
natural,2,14358524119716400231,11664707829205286127,random_systematic_linear,forward,24,18,0.75,R3_4,1,100,0.01,99,,0,18,0x3d4b2c,0x1d4b2c,1500000,NOT_RUN,0,,0,False,,independent,forward,CERTIFIED,0x3d4b2c,1,0x3d4b2c,31985878513839937917305263051110870270546201600,25491852747341662054560414708944224008013880718,6494025766498275862744848342166646262532320882,45,23,23,1,22,0.4888888888888889,21,3,21,0,0,0,0,0,100682,100682,0,0,11629,8297,144679,0,1,0,1500000,True,chain_relaxed,forward,CERTIFIED,0x3d4b2c,1,0x3d4b2c,31985878513839937917305263051110870270546201600,25491852747341662054560414708944224008013880718,6494025766498275862744848342166646262532320882,45,23,23,1,22,0.4888888888888889,21,3,21,0,2,0,0,0,96776,96776,0,0,10723,7806,138548,0,1,0,1500000,True,alignment_consistent,forward,CERTIFIED,0x3d4b2c,1,0x3d4b2c,31985878513839937917305263051110870270546201600,24049735676577297559889217503708052494404943298,7936142837262640357416045547402817776141258302,43,23,23,1,20,0.46511627906976744,19,1,19,0,1,1,0,0,3558038,109847,0,3448191,12242,8479,3604772,0,1,0,1500000,True,1.0,1.0,1.0442518116465052,1.0465116279069768,1.0,0.04013540939621146
natural,3,11061400087125600227,11664707829205286127,random_systematic_linear,forward,24,18,0.75,R3_4,1,100,0.01,99,,0,15,0xd0f0d,0x68f0d,1500000,NOT_RUN,0,,0,False,,independent,forward,CERTIFIED,0xd0f0d,1,0xd0f0d,32149468410053179521285188500391220704494518396,25491852747341662054560414708944224008013880718,6657615662711517466724773791446996696480637678,45,22,22,1,23,0.5111111111111111,21,22,21,0,0,0,0,0,95810,95810,0,0,10709,8089,139725,0,1,0,1500000,True,chain_relaxed,forward,CERTIFIED,0xd0f0d,1,0xd0f0d,32149468410053179521285188500391220704494518396,25491852747341662054560414708944224008013880718,6657615662711517466724773791446996696480637678,45,22,22,1,23,0.5111111111111111,21,22,21,0,21,0,0,0,100971,100971,0,0,11515,7645,168208,0,1,0,1500000,True,alignment_consistent,forward,CERTIFIED,0xd0f0d,1,0xd0f0d,32149468410053179521285188500391220704494518396,8258422792212455755630307868081923406968675502,23891045617840723765654880632309297297525842894,44,21,21,1,23,0.5227272727272727,20,21,20,0,21,21,0,0,74935324,133654,0,74801670,20602,7921,75057305,0,1,0,1500000,True,1.0,1.0,0.8306679824978598,1.0227272727272727,1.0476190476190477,0.0018615776305850576
natural,1,3853588776450586376,11664707829205286127,random_systematic_linear,forward,24,18,0.75,R3_4,1,100,0.01,99,,1,5,0xe18e28,0x708708,1500000,NOT_RUN,0,,0,False,,independent,forward,CERTIFIED,0xf08708,1,0xf08708,32066066276904891275878699833364561979044839906,25491852747341662054560414708944224008013880718,6574213529563229221318285124420337971030959188,45,25,25,1,20,0.4444444444444444,21,1,21,0,0,0,0,0,95337,95337,0,0,10815,7008,133797,0,1,0,1500000,True,chain_relaxed,forward,CERTIFIED,0xf08708,1,0xf08708,32066066276904891275878699833364561979044839906,25491852747341662054560414708944224008013880718,6574213529563229221318285124420337971030959188,45,25,25,1,20,0.4444444444444444,21,1,21,0,0,0,0,0,99290,99290,0,0,12208,12899,151466,0,1,0,1500000,True,alignment_consistent,forward,CERTIFIED,0xf08708,1,0xf08708,32066066276904891275878699833364561979044839906,25491852747341662054560414708944224008013880718,6574213529563229221318285124420337971030959188,45,25,25,1,20,0.4444444444444444,21,1,21,0,0,0,0,0,95757,95757,0,0,11831,8075,137521,0,1,0,1500000,True,1.0,1.0,0.883346757688194,1.0,1.0,0.9729204994146349
natural,0,5532549298592852721,11664707829205286127,random_systematic_linear,forward,24,18,0.75,R3_4,1,20,0.05,19,,0,20,0x576f76,0x276f76,1500000,NOT_RUN,0,,0,False,,independent,forward,CERTIFIED,0x576f76,1,0x576f76,287905689934423664105411099592,287112217268736028680850080438,793472665687635424561019154,1131,533,533,6,598,0.5287356321839081,27,7,27,0,0,0,0,0,117064,117064,0,0,225986,43968,631408,1,2,1,1500000,True,chain_relaxed,forward,CERTIFIED,0x576f76,1,0x576f76,287905689934423664105411099592,287112217268736028680850080438,793472665687635424561019154,1131,533,533,6,598,0.5287356321839081,27,7,27,0,6,0,0,0,117987,117987,0,0,223755,40089,622621,1,2,1,1500000,True,alignment_consistent,forward,CERTIFIED,0x576f76,1,0x576f76,287905689934423664105411099592,272195048503274817449494320072,15710641431148846655916779520,47,24,24,1,23,0.48936170212765956,23,3,23,0,3,3,0,0,10436997,102598,0,10334399,11754,7204,10486713,0,1,0,1500000,True,1.0,1.0,1.0141129194164669,24.06382978723404,22.208333333333332,0.06021028705562935
natural,1,8854939653250293427,11664707829205286127,random_systematic_linear,forward,24,18,0.75,R3_4,1,20,0.05,19,,1,7,0xb5cb50,0x5ae7d0,1500000,NOT_RUN,0,,0,False,,independent,forward,CERTIFIED,0xb5c750,1,0xb5c750,59359056829924134337794744000,55708340664083110042553000682,3650716165841024295241743318,1149,533,533,15,616,0.536118363794604,45,24,45,0,0,0,0,0,190811,190811,0,0,239028,97155,795597,1,2,1,1500000,True,chain_relaxed,forward,CERTIFIED,0xb5c750,1,0xb5c750,59359056829924134337794744000,55708340664083110042553000682,3650716165841024295241743318,1149,533,533,15,616,0.536118363794604,45,24,45,0,23,0,0,0,208708,208708,0,0,233734,103780,830973,1,2,1,1500000,True,alignment_consistent,forward,CERTIFIED,0xb5c750,1,0xb5c750,59359056829924134337794744000,42178049861171471885719931640,17181006968752662452074812360,1148,533,533,15,615,0.5357142857142857,44,23,44,0,23,21,0,2,72052778,243983,0,71808795,239973,99019,72726992,1,2,1,1500000,True,1.0,1.0,0.9574282196894484,1.0008710801393728,1.0,0.01093950097647377
natural,2,3951951624122966320,11664707829205286127,random_systematic_linear,forward,24,18,0.75,R3_4,1,20,0.05,19,,2,4,0xfb2938,0x7f9418,1500000,NOT_RUN,0,,0,False,,independent,forward,CERTIFIED,0xff9410,1,0xff9410,123597964887340202395424714040,119987195276486698553191078392,3610769610853503842233635648,1144,511,511,9,633,0.5533216783216783,40,19,40,0,0,0,0,0,174876,174876,0,0,247232,77262,764293,1,2,1,1500000,True,chain_relaxed,forward,CERTIFIED,0xff9410,1,0xff9410,123597964887340202395424714040,119987195276486698553191078392,3610769610853503842233635648,1144,511,511,9,633,0.5533216783216783,40,19,40,0,18,0,0,0,171834,171834,0,0,215105,58416,699112,1,2,1,1500000,True,alignment_consistent,forward,CERTIFIED,0xff9410,1,0xff9410,123597964887340202395424714040,119987195276486698553191078392,3610769610853503842233635648,1144,511,511,9,633,0.5533216783216783,40,19,40,0,18,16,0,2,56214687,207170,0,56007517,232066,63692,56822248,1,2,1,1500000,True,1.0,1.0,1.093233988259392,1.0,1.0,0.013450594210915415
natural,3,14303751295200097979,11664707829205286127,random_systematic_linear,forward,24,18,0.75,R3_4,1,20,0.05,19,,3,19,0x132c80,0x2b2a80,1500000,NOT_RUN,0,,0,False,,independent,forward,CERTIFIED,0x564a80,1,0x564a80,545058824375145713129230981632,325679530036178181787232927064,219379294338967531341998054568,48,25,25,1,23,0.4791666666666667,24,25,24,0,0,0,0,0,100523,100523,0,0,12555,9507,152985,1,1,0,1500000,True,chain_relaxed,forward,CERTIFIED,0x564a80,1,0x564a80,545058824375145713129230981632,325679530036178181787232927064,219379294338967531341998054568,48,25,25,1,23,0.4791666666666667,24,25,24,0,24,0,0,0,101704,101704,0,0,11425,7488,160871,1,1,0,1500000,True,alignment_consistent,forward,CERTIFIED,0x564a80,1,0x564a80,545058824375145713129230981632,545056703466288303284463627546,2120908857409844767354086,43,22,22,1,21,0.4883720930232558,19,20,19,0,20,20,0,0,68286595,119191,0,68167404,22575,7381,68401593,0,1,0,1500000,True,1.0,1.0,0.9509793561300669,1.1162790697674418,1.1363636363636365,0.0022365707184626533
natural,1,16355629380833235383,9510814358429075895,crc_defined_linear,even_odd,32,21,0.65625,R2_3,1,100,0.01,99,,0,7,0x9cd215d2,0x4e690ad2,1500000,NOT_RUN,0,,0,False,,independent,even_odd,CERTIFIED,0x9cd215d2,1,0x9cd215d2,221185583064035586908449307706674436736270319497614224718664902,168651685132527936382443441048211006833610187816410229311116228,52533897931507650526005866658463429902660131681203995407548674,62,32,32,1,30,0.4838709677419355,30,27,30,0,0,0,0,0,189203,189203,0,0,26753,12468,270957,0,1,0,1500000,True,chain_relaxed,even_odd,CERTIFIED,0x9cd215d2,1,0x9cd215d2,221185583064035586908449307706674436736270319497614224718664902,168651685132527936382443441048211006833610187816410229311116228,52533897931507650526005866658463429902660131681203995407548674,55,31,31,1,24,0.43636363636363634,23,20,23,20,0,0,0,0,14922994,188919,14734075,0,33860,21251,15070107,0,1,0,1500000,True,alignment_consistent,even_odd,CERTIFIED,0x9cd215d2,1,0x9cd215d2,221185583064035586908449307706674436736270319497614224718664902,147962642316808695066237291677782309575718271794624968827988102,73222940747226891842212016028892127160552047702989255890676800,47,28,28,1,19,0.40425531914893614,15,12,15,12,0,12,0,0,106839965,125460,8827495,97887010,33814,11151,106966958,0,1,0,1500000,True,1.1272727272727272,1.032258064516129,0.01797976616887989,1.3191489361702127,1.1428571428571428,0.002533090639073797
natural,2,16751225345441584385,9510814358429075895,crc_defined_linear,even_odd,32,21,0.65625,R2_3,1,100,0.01,99,,0,15,0x6363c69c,0x31b1c69c,1500000,NOT_RUN,0,,0,False,,independent,even_odd,CERTIFIED,0x6363c69c,1,0x6363c69c,297389590255641002565163666761150926188549398815676487284820800,241142321724579417809984920095249071174372461526972520857122326,56247268531061584755178746665901855014176937288703966427698474,61,31,31,1,30,0.4918032786885246,29,22,29,0,0,0,0,0,175522,175522,0,0,22959,10785,244913,0,1,0,1500000,True,chain_relaxed,even_odd,CERTIFIED,0x6363c69c,1,0x6363c69c,297389590255641002565163666761150926188549398815676487284820800,241142321724579417809984920095249071174372461526972520857122326,56247268531061584755178746665901855014176937288703966427698474,55,30,30,1,25,0.45454545454545453,23,16,23,16,0,0,0,0,11589642,170277,11419365,0,25400,10556,11692975,0,1,0,1500000,True,alignment_consistent,even_odd,CERTIFIED,0x6363c69c,1,0x6363c69c,297389590255641002565163666761150926188549398815676487284820800,296650041572896465900382887009119317590683055218807600353965698,739548682744536664780779752031608597866343596868886930855102,40,23,23,1,17,0.425,8,1,8,1,0,1,0,0,9424836,69579,744496,8610761,19458,13899,9492051,0,1,0,1500000,True,1.1090909090909091,1.0333333333333334,0.020945311180430984,1.525,1.3478260869565217,0.025801905194146133
natural,3,11141017971353049465,9510814358429075895,crc_defined_linear,even_odd,32,21,0.65625,R2_3,1,100,0.01,99,,0,16,0xd257fa7d,0x692bfa7d,1500000,NOT_RUN,0,,0,False,,independent,even_odd,CERTIFIED,0xd257fa7d,1,0xd257fa7d,587337270925282172768041984311142417760063349924448448971539090,531104868092785343520150836283401328537421556369221687041146718,56232402832496829247891148027741089222641793555226761930392372,57,32,32,1,25,0.43859649122807015,25,19,25,0,0,0,0,0,166975,166975,0,0,23857,12066,239229,0,1,0,1500000,True,chain_relaxed,even_odd,CERTIFIED,0xd257fa7d,1,0xd257fa7d,587337270925282172768041984311142417760063349924448448971539090,531104868092785343520150836283401328537421556369221687041146718,56232402832496829247891148027741089222641793555226761930392372,47,31,31,1,16,0.3404255319148936,15,9,15,9,0,0,0,0,6631179,114645,6516534,0,26614,10937,6722122,0,1,0,1500000,True,alignment_consistent,even_odd,CERTIFIED,0xd257fa7d,1,0xd257fa7d,587337270925282172768041984311142417760063349924448448971539090,221193053991838391083733711264038098107076536592233464114853808,366144216933443781684308273047104319652986813332214984856685282,39,26,26,1,13,0.3333333333333333,7,1,7,1,0,1,0,0,9209313,46653,727443,8435217,19446,11180,9267714,0,1,0,1500000,True,1.2127659574468086,1.032258064516129,0.035588315713401215,1.4615384615384615,1.2307692307692308,0.02581316169230082
natural,0,15945976307587344022,9510814358429075895,crc_defined_linear,even_odd,32,21,0.65625,R2_3,1,100,0.01,99,,1,12,0xa31b3805,0x510d9805,1500000,NOT_RUN,0,,0,False,,independent,even_odd,CERTIFIED,0xa31b3805,1,0xa31b3805,2294046309039234491215221131988907693029301996838345966576694,1703552375076039761438822636850616230642527149660709386980972,590493933963194729776398495138291462386774847177636579595722,2046,953,953,1,1093,0.5342130987292277,62,31,62,0,0,0,0,0,425335,425335,0,0,671096,12148,1659605,1,2,1,1500000,True,chain_relaxed,even_odd,CERTIFIED,0xa31b3805,1,0xa31b3805,2294046309039234491215221131988907693029301996838345966576694,1703552375076039761438822636850616230642527149660709386980972,590493933963194729776398495138291462386774847177636579595722,2043,951,951,1,1092,0.5345080763582967,59,28,59,26,2,0,0,0,19207641,424240,18783401,0,663545,20000,20481520,1,2,1,1500000,True,alignment_consistent,even_odd,CERTIFIED,0xa31b3805,1,0xa31b3805,2294046309039234491215221131988907693029301996838345966576694,2226800050195124485497487540583797467781132754370839517570612,67246258844110005717733591405110225248169242467506449006082,2031,947,947,1,1084,0.533727227966519,47,16,47,14,2,16,0,0,147227164,344922,10262435,136619807,661033,12315,148484973,1,2,1,1500000,True,1.0014684287812041,1.0021030494216614,0.08102938649084639,1.0073855243722305,1.006335797254488,0.011176922260005395
natural,2,13078710119787181930,9510814358429075895,crc_defined_linear,even_odd,32,21,0.65625,R2_3,1,20,0.05,19,,1,21,0xadc29aa8,0x5ee29aa8,1500000,NOT_RUN,0,,0,False,,independent,even_odd,CERTIFIED,0xadc29aa8,1,0xadc29aa8,972440986839346557959294570262482687702,824827895632067085426034069452813892172,147613091207279472533260500809668795530,2046,977,977,3,1069,0.5224828934506354,62,32,62,0,0,0,0,0,372584,372584,0,0,606649,32367,1497164,1,2,1,1500000,True,chain_relaxed,even_odd,CERTIFIED,0xadc29aa8,1,0xadc29aa8,972440986839346557959294570262482687702,824827895632067085426034069452813892172,147613091207279472533260500809668795530,2044,977,977,3,1067,0.5220156555772995,60,30,60,27,3,0,0,0,21100476,713227,20387249,0,634883,31815,22336399,1,2,1,1500000,True,alignment_consistent,even_odd,CERTIFIED,0xadc29aa8,1,0xadc29aa8,972440986839346557959294570262482687702,740663758820649198270033514556299618862,231777228018697359689261055706183068840,2030,975,975,3,1055,0.5197044334975369,46,16,46,13,3,15,0,1,127941569,311324,9093391,118536854,687336,36397,129244995,1,2,1,1500000,True,1.0009784735812133,1.0,0.06702799318726353,1.0078817733990149,1.0020512820512821,0.011583922456726467
natural,3,14280606305357361936,9510814358429075895,crc_defined_linear,even_odd,32,21,0.65625,R2_3,1,20,0.05,19,,1,10,0x58b1c71e,0xc58e31e,1500000,NOT_RUN,0,,0,False,,independent,even_odd,CERTIFIED,0x58b1c71e,1,0x58b1c71e,768785705604097074653914612212158028200,606491099729461092225025051068245508950,162294605874635982428889561143912519250,2047,967,967,2,1080,0.5276013678553981,63,33,63,0,0,0,0,0,368782,368782,0,0,692651,29517,1616157,1,2,1,1500000,True,chain_relaxed,even_odd,CERTIFIED,0x58b1c71e,1,0x58b1c71e,768785705604097074653914612212158028200,606491099729461092225025051068245508950,162294605874635982428889561143912519250,2047,967,967,2,1080,0.5276013678553981,63,33,63,29,3,0,0,0,20459281,417706,20041575,0,633352,19830,21662989,1,2,1,1500000,True,alignment_consistent,even_odd,CERTIFIED,0x58b1c71e,1,0x58b1c71e,768785705604097074653914612212158028200,486572377140113369977931463693180226040,282213328463983704675983148518977802160,2031,962,962,2,1069,0.5263417035942886,47,17,47,14,3,16,0,1,144105967,320549,9852542,133932876,648140,24317,145331369,1,2,1,1500000,True,1.0,1.0,0.07460452479572417,1.0078778926637124,1.0051975051975053,0.011120496635519892
natural,0,17087635187468694528,9510814358429075895,crc_defined_linear,even_odd,32,21,0.65625,R2_3,1,20,0.05,19,,2,30,0x5d7bdca4,0x4d7bdca4,1500000,NOT_RUN,0,,0,False,,independent,even_odd,CERTIFIED,0x5d7bdca4,1,0x5d7bdca4,280298476563619210013458604912293175054,273240200720220365760327075639167450348,7058275843398844253131529273125724706,31786,13848,13848,10,17938,0.5643365003460643,74,43,74,0,0,0,0,0,430871,430871,0,0,9315669,130675,17724687,2,3,2,1500000,True,chain_relaxed,even_odd,CERTIFIED,0x5d7bdca4,1,0x5d7bdca4,280298476563619210013458604912293175054,261748790409556892433958179934716482810,18549686154062317579500424977576692244,31782,13847,13847,10,17935,0.5643131332200617,70,39,70,34,5,0,0,0,23518680,449275,23069405,0,9252851,114780,40598016,2,3,2,1500000,True,alignment_consistent,even_odd,CERTIFIED,0x5d7bdca4,1,0x5d7bdca4,280298476563619210013458604912293175054,171803780480087431344069170559730581290,108494696083531778669389434352562593764,2048,974,974,1,1074,0.5244140625,64,33,64,29,4,33,0,0,294116425,466513,20505145,273144767,687625,12001,295513146,2,2,1,1500000,True,1.0001258574035619,1.0000722178089116,0.43658998016060685,15.5205078125,14.217659137577002,0.059979351984564507
natural,1,4239904880840569095,9510814358429075895,crc_defined_linear,even_odd,32,21,0.65625,R2_3,1,20,0.05,19,,4,2,0x60fe9136,0x305f485b,1500000,NOT_RUN,0,,0,False,,independent,even_odd,CERTIFIED,0x64bcc85b,1,0x64bcc85b,26990440849877735513115517200080295920,20429173885623952580211370141246164512,6561266964253782932904147058834131408,31808,13587,13587,3,18221,0.5728433098591549,96,35,96,0,0,0,0,0,541901,541901,0,0,9079635,36522,16772019,3,3,2,1500000,True,chain_relaxed,even_odd,CERTIFIED,0x64bcc85b,1,0x64bcc85b,26990440849877735513115517200080295920,20429173885623952580211370141246164512,6561266964253782932904147058834131408,31808,13587,13587,3,18221,0.5728433098591549,96,35,96,29,5,0,0,0,19890333,589847,19300486,0,9194825,38650,36374576,3,3,2,1500000,True,alignment_consistent,even_odd,CERTIFIED,0x64bcc85b,1,0x64bcc85b,26990440849877735513115517200080295920,18717503074359922370849658283321364102,8272937775517813142265858916758931818,31806,13587,13587,3,18219,0.5728164497264667,94,33,94,29,4,31,0,2,274599338,639527,19500151,254459660,9050466,34917,290841795,2,3,2,1500000,True,1.0,1.0,0.4610918076405894,1.0000628812173804,1.0,0.05766715543754638
natural,1,16355629380833235383,9510814358429075895,crc_defined_linear,forward,32,21,0.65625,R2_3,1,100,0.01,99,,0,7,0x9cd215d2,0x4e690ad2,1500000,NOT_RUN,0,,0,False,,independent,forward,CERTIFIED,0x9cd215d2,1,0x9cd215d2,221185583064035586908449307706674436736270319497614224718664902,168651685132527936382443441048211006833610187816410229311116228,52533897931507650526005866658463429902660131681203995407548674,62,32,32,1,30,0.4838709677419355,30,24,30,0,0,0,0,0,203193,203193,0,0,25233,12063,280716,0,1,0,1500000,True,chain_relaxed,forward,CERTIFIED,0x9cd215d2,1,0x9cd215d2,221185583064035586908449307706674436736270319497614224718664902,168651685132527936382443441048211006833610187816410229311116228,52533897931507650526005866658463429902660131681203995407548674,62,32,32,1,30,0.4838709677419355,30,24,30,0,23,0,0,0,209982,209982,0,0,26437,14150,313916,0,1,0,1500000,True,alignment_consistent,forward,CERTIFIED,0x9cd215d2,1,0x9cd215d2,221185583064035586908449307706674436736270319497614224718664902,147962642316808695066237291677782309575718271794624968827988102,73222940747226891842212016028892127160552047702989255890676800,61,31,31,1,30,0.4918032786885246,29,23,29,0,23,23,0,0,188059653,244271,0,187815382,36662,11723,188234713,0,1,0,1500000,True,1.0,1.0,0.8942392232316926,1.0163934426229508,1.032258064516129,0.001491308353948509
natural,2,16751225345441584385,9510814358429075895,crc_defined_linear,forward,32,21,0.65625,R2_3,1,100,0.01,99,,0,15,0x6363c69c,0x31b1c69c,1500000,NOT_RUN,0,,0,False,,independent,forward,CERTIFIED,0x6363c69c,1,0x6363c69c,297389590255641002565163666761150926188549398815676487284820800,241142321724579417809984920095249071174372461526972520857122326,56247268531061584755178746665901855014176937288703966427698474,61,32,32,1,29,0.47540983606557374,29,15,29,0,0,0,0,0,198421,198421,0,0,28843,11572,281648,0,1,0,1500000,True,chain_relaxed,forward,CERTIFIED,0x6363c69c,1,0x6363c69c,297389590255641002565163666761150926188549398815676487284820800,241142321724579417809984920095249071174372461526972520857122326,56247268531061584755178746665901855014176937288703966427698474,61,32,32,1,29,0.47540983606557374,29,15,29,0,14,0,0,0,184846,184846,0,0,23051,10619,263244,0,1,0,1500000,True,alignment_consistent,forward,CERTIFIED,0x6363c69c,1,0x6363c69c,297389590255641002565163666761150926188549398815676487284820800,296650041572896465900382887009119317590683055218807600353965698,739548682744536664780779752031608597866343596868886930855102,47,25,25,1,22,0.46808510638297873,15,1,15,0,1,1,0,0,9062784,110039,0,8952745,22856,14719,9140608,0,1,0,1500000,True,1.0,1.0,1.0699123246873623,1.297872340425532,1.28,0.030812829956169217
natural,3,11141017971353049465,9510814358429075895,crc_defined_linear,forward,32,21,0.65625,R2_3,1,100,0.01,99,,0,16,0xd257fa7d,0x692bfa7d,1500000,NOT_RUN,0,,0,False,,independent,forward,CERTIFIED,0xd257fa7d,1,0xd257fa7d,587337270925282172768041984311142417760063349924448448971539090,531104868092785343520150836283401328537421556369221687041146718,56232402832496829247891148027741089222641793555226761930392372,57,30,30,1,27,0.47368421052631576,25,14,25,0,0,0,0,0,158965,158965,0,0,21662,11229,226002,0,1,0,1500000,True,chain_relaxed,forward,CERTIFIED,0xd257fa7d,1,0xd257fa7d,587337270925282172768041984311142417760063349924448448971539090,531104868092785343520150836283401328537421556369221687041146718,56232402832496829247891148027741089222641793555226761930392372,57,30,30,1,27,0.47368421052631576,25,14,25,0,13,0,0,0,163019,163019,0,0,21875,12050,240757,0,1,0,1500000,True,alignment_consistent,forward,CERTIFIED,0xd257fa7d,1,0xd257fa7d,587337270925282172768041984311142417760063349924448448971539090,221193053991838391083733711264038098107076536592233464114853808,366144216933443781684308273047104319652986813332214984856685282,44,26,26,1,18,0.4090909090909091,12,1,12,0,1,1,0,0,9050368,88142,0,8962226,18722,10619,9108875,0,1,0,1500000,True,1.0,1.0,0.9387141391527557,1.2954545454545454,1.1538461538461537,0.024811186891904872
natural,0,15945976307587344022,9510814358429075895,crc_defined_linear,forward,32,21,0.65625,R2_3,1,100,0.01,99,,1,12,0xa31b3805,0x510d9805,1500000,NOT_RUN,0,,0,False,,independent,forward,CERTIFIED,0xa31b3805,1,0xa31b3805,2294046309039234491215221131988907693029301996838345966576694,1703552375076039761438822636850616230642527149660709386980972,590493933963194729776398495138291462386774847177636579595722,2046,953,953,1,1093,0.5342130987292277,62,31,62,0,0,0,0,0,402969,402969,0,0,654655,14360,1595383,1,2,1,1500000,True,chain_relaxed,forward,CERTIFIED,0xa31b3805,1,0xa31b3805,2294046309039234491215221131988907693029301996838345966576694,1703552375076039761438822636850616230642527149660709386980972,590493933963194729776398495138291462386774847177636579595722,2046,953,953,1,1093,0.5342130987292277,62,31,62,0,30,0,0,0,427873,427873,0,0,637018,13424,1628093,1,2,1,1500000,True,alignment_consistent,forward,CERTIFIED,0xa31b3805,1,0xa31b3805,2294046309039234491215221131988907693029301996838345966576694,2226800050195124485497487540583797467781132754370839517570612,67246258844110005717733591405110225248169242467506449006082,2045,953,953,1,1092,0.5339853300733496,61,30,61,0,30,30,0,0,258950253,494997,0,258455256,712996,15942,260346405,1,2,1,1500000,True,1.0,1.0,0.9799090101118302,1.0004889975550122,1.0,0.006127924063326321
natural,2,13078710119787181930,9510814358429075895,crc_defined_linear,forward,32,21,0.65625,R2_3,1,20,0.05,19,,1,21,0xadc29aa8,0x5ee29aa8,1500000,NOT_RUN,0,,0,False,,independent,forward,CERTIFIED,0xadc29aa8,1,0xadc29aa8,972440986839346557959294570262482687702,824827895632067085426034069452813892172,147613091207279472533260500809668795530,2046,977,977,3,1069,0.5224828934506354,62,32,62,0,0,0,0,0,372684,372684,0,0,653944,35753,1593758,1,2,1,1500000,True,chain_relaxed,forward,CERTIFIED,0xadc29aa8,1,0xadc29aa8,972440986839346557959294570262482687702,824827895632067085426034069452813892172,147613091207279472533260500809668795530,2046,977,977,3,1069,0.5224828934506354,62,32,62,0,31,0,0,0,361296,361296,0,0,654423,33127,1614802,1,2,1,1500000,True,alignment_consistent,forward,CERTIFIED,0xadc29aa8,1,0xadc29aa8,972440986839346557959294570262482687702,740663758820649198270033514556299618862,231777228018697359689261055706183068840,2042,977,977,3,1065,0.5215475024485798,58,28,58,0,28,27,0,1,215424921,419927,0,215004994,657290,33252,216749844,1,2,1,1500000,True,1.0,1.0,0.9869680617190218,1.0019588638589618,1.0,0.007352983377464392
natural,3,14280606305357361936,9510814358429075895,crc_defined_linear,forward,32,21,0.65625,R2_3,1,20,0.05,19,,1,10,0x58b1c71e,0xc58e31e,1500000,NOT_RUN,0,,0,False,,independent,forward,CERTIFIED,0x58b1c71e,1,0x58b1c71e,768785705604097074653914612212158028200,606491099729461092225025051068245508950,162294605874635982428889561143912519250,2047,967,967,2,1080,0.5276013678553981,63,33,63,0,0,0,0,0,355296,355296,0,0,628472,21781,1494625,1,2,1,1500000,True,chain_relaxed,forward,CERTIFIED,0x58b1c71e,1,0x58b1c71e,768785705604097074653914612212158028200,606491099729461092225025051068245508950,162294605874635982428889561143912519250,2047,967,967,2,1080,0.5276013678553981,63,33,63,0,32,0,0,0,367406,367406,0,0,620659,19618,1499694,1,2,1,1500000,True,alignment_consistent,forward,CERTIFIED,0x58b1c71e,1,0x58b1c71e,768785705604097074653914612212158028200,486572377140113369977931463693180226040,282213328463983704675983148518977802160,2045,966,966,2,1079,0.5276283618581907,61,31,61,0,31,30,0,1,251695977,426604,0,251269373,640426,21389,252961930,1,2,1,1500000,True,1.0,1.0,0.9966199771420037,1.0009779951100244,1.0010351966873705,0.0059084977727676255
natural,0,17087635187468694528,9510814358429075895,crc_defined_linear,forward,32,21,0.65625,R2_3,1,20,0.05,19,,2,30,0x5d7bdca4,0x4d7bdca4,1500000,NOT_RUN,0,,0,False,,independent,forward,CERTIFIED,0x5d7bdca4,1,0x5d7bdca4,280298476563619210013458604912293175054,273240200720220365760327075639167450348,7058275843398844253131529273125724706,31786,13848,13848,10,17938,0.5643365003460643,74,43,74,0,0,0,0,0,422281,422281,0,0,8966633,114498,16605387,2,3,2,1500000,True,chain_relaxed,forward,CERTIFIED,0x5d7bdca4,1,0x5d7bdca4,280298476563619210013458604912293175054,273240200720220365760327075639167450348,7058275843398844253131529273125724706,31786,13848,13848,10,17938,0.5643365003460643,74,43,74,0,42,0,0,0,427227,427227,0,0,9033712,112304,16753615,2,3,2,1500000,True,alignment_consistent,forward,CERTIFIED,0x5d7bdca4,1,0x5d7bdca4,280298476563619210013458604912293175054,171803780480087431344069170559730581290,108494696083531778669389434352562593764,2048,974,974,1,1074,0.5244140625,64,33,64,0,33,33,0,0,271116872,448218,0,270668654,682561,13362,272462021,2,2,1,1500000,True,1.0,1.0,0.9911524766445928,15.5205078125,14.217659137577002,0.06094569415236041
natural,1,4239904880840569095,9510814358429075895,crc_defined_linear,forward,32,21,0.65625,R2_3,1,20,0.05,19,,4,2,0x60fe9136,0x305f485b,1500000,NOT_RUN,0,,0,False,,independent,forward,CERTIFIED,0x64bcc85b,1,0x64bcc85b,26990440849877735513115517200080295920,20429173885623952580211370141246164512,6561266964253782932904147058834131408,31808,13587,13587,3,18221,0.5728433098591549,96,35,96,0,0,0,0,0,581880,581880,0,0,8980817,34418,16534792,3,3,2,1500000,True,chain_relaxed,forward,CERTIFIED,0x64bcc85b,1,0x64bcc85b,26990440849877735513115517200080295920,20429173885623952580211370141246164512,6561266964253782932904147058834131408,31808,13587,13587,3,18221,0.5728433098591549,96,35,96,0,34,0,0,0,541974,541974,0,0,9082547,37919,17314346,3,3,2,1500000,True,alignment_consistent,forward,CERTIFIED,0x64bcc85b,1,0x64bcc85b,26990440849877735513115517200080295920,18079002479886769255695957065576940404,8911438369990966257419560134503355516,31807,13587,13587,3,18220,0.572829880215047,95,34,95,0,34,32,0,2,259251146,663167,0,258587979,9046563,37336,275838844,2,3,2,1500000,True,1.0,1.0,0.9549764108907145,1.0000314396202095,1.0,0.05994366768735443
natural,0,14480010963574769617,7985449000081102019,random_systematic_linear,even_odd,32,21,0.65625,R2_3,1,100,0.01,99,,0,25,0x4a5e6dc6,0x245e6dc6,1500000,NOT_RUN,0,,0,False,,independent,even_odd,CERTIFIED,0x4a5e6dc6,1,0x4a5e6dc6,75464611778248628150604249544391349036767710093319022085344498,23670411948424973527360482954134878152085640395285646219104032,51794199829823654623243766590256470884682069698033375866240466,64,33,33,1,31,0.484375,32,4,32,0,0,0,0,0,214521,214521,0,0,26376,11761,295439,1,1,0,1500000,True,chain_relaxed,even_odd,CERTIFIED,0x4a5e6dc6,1,0x4a5e6dc6,75464611778248628150604249544391349036767710093319022085344498,23670411948424973527360482954134878152085640395285646219104032,51794199829823654623243766590256470884682069698033375866240466,64,33,33,1,31,0.484375,32,4,32,2,1,0,0,0,1624799,201052,1423747,0,23718,10654,1697892,1,1,0,1500000,True,alignment_consistent,even_odd,CERTIFIED,0x4a5e6dc6,1,0x4a5e6dc6,75464611778248628150604249544391349036767710093319022085344498,73977660789151407405274612465882702891292369297238140387843298,1486950989097220745329637078508646145475340796080881697501200,61,32,32,1,29,0.47540983606557374,29,1,29,1,0,1,0,0,9528497,192791,690003,8645703,23302,10697,9598443,0,1,0,1500000,True,1.0,1.0,0.17400341128882166,1.0491803278688525,1.03125,0.03077988794640964
natural,1,8442270311600246320,7985449000081102019,random_systematic_linear,even_odd,32,21,0.65625,R2_3,1,100,0.01,99,,0,22,0xc94a8dd5,0x648a8dd5,1500000,NOT_RUN,0,,0,False,,independent,even_odd,CERTIFIED,0xc94a8dd5,1,0xc94a8dd5,75464609491299838601498084175119855517947897950886714758087800,23670411948424973527360482954134878152085640395285646219104032,51794197542874865074137601220984977365862257555601068538983768,64,33,33,1,31,0.484375,32,21,32,0,0,0,0,0,215594,215594,0,0,28549,13537,311184,1,1,0,1500000,True,chain_relaxed,even_odd,CERTIFIED,0xc94a8dd5,1,0xc94a8dd5,75464609491299838601498084175119855517947897950886714758087800,23670411948424973527360482954134878152085640395285646219104032,51794197542874865074137601220984977365862257555601068538983768,64,33,33,1,31,0.484375,32,21,32,19,1,0,0,0,14234179,242559,13991620,0,31797,11885,14378379,1,1,0,1500000,True,alignment_consistent,even_odd,CERTIFIED,0xc94a8dd5,1,0xc94a8dd5,75464609491299838601498084175119855517947897950886714758087800,74725060808553706931523735948812205795831887200417520217727800,739548682746131669974348226307649722116010750469194540360000,59,32,32,1,27,0.4576271186440678,27,16,27,16,0,16,0,0,141097919,227246,11822197,129048476,33544,11615,141266426,0,1,0,1500000,True,1.0,1.0,0.021642495304929715,1.0847457627118644,1.03125,0.0022028164002676756
natural,2,16017507951962247275,7985449000081102019,random_systematic_linear,even_odd,32,21,0.65625,R2_3,1,100,0.01,99,,0,31,0xbba4060b,0x3ba4060b,1500000,NOT_RUN,0,,0,False,,independent,even_odd,CERTIFIED,0xbba4060b,1,0xbba4060b,73992530268394647018399781368437316177349880671936981314573804,23670411948424973527360482954134878152085640395285646219104032,50322118319969673491039298414302438025264240276651335095469772,64,33,33,1,31,0.484375,32,1,32,0,0,0,0,0,200031,200031,0,0,23450,10640,265756,1,1,0,1500000,True,chain_relaxed,even_odd,CERTIFIED,0xbba4060b,1,0xbba4060b,73992530268394647018399781368437316177349880671936981314573804,23670411948424973527360482954134878152085640395285646219104032,50322118319969673491039298414302438025264240276651335095469772,64,33,33,1,31,0.484375,32,1,32,0,0,0,0,0,206119,206119,0,0,23510,10215,270122,1,1,0,1500000,True,alignment_consistent,even_odd,CERTIFIED,0xbba4060b,1,0xbba4060b,73992530268394647018399781368437316177349880671936981314573804,23670411948424973527360482954134878152085640395285646219104032,50322118319969673491039298414302438025264240276651335095469772,64,33,33,1,31,0.484375,32,1,32,0,0,0,0,0,223209,223209,0,0,29513,12079,306376,1,1,0,1500000,True,1.0,1.0,0.9838369329414116,1.0,1.0,0.8674178134057497
natural,3,5653965250576435745,7985449000081102019,random_systematic_linear,even_odd,32,21,0.65625,R2_3,1,100,0.01,99,,1,9,0x85f2489c,0x42fb249c,1500000,NOT_RUN,0,,0,False,,independent,even_odd,CERTIFIED,0x85f2489c,1,0x85f2489c,2234349545807287537116876739875707508862773334231012755869004,1703552375076039761438822636850616230642527149660709386980972,530797170731247775678054103025091278220246184570303368888032,2046,968,968,1,1078,0.5268817204301075,62,31,62,0,0,0,0,0,432699,432699,0,0,634268,11465,1607599,1,2,1,1500000,True,chain_relaxed,even_odd,CERTIFIED,0x85f2489c,1,0x85f2489c,2234349545807287537116876739875707508862773334231012755869004,1703552375076039761438822636850616230642527149660709386980972,530797170731247775678054103025091278220246184570303368888032,2043,967,967,1,1076,0.5266764561918746,59,28,59,26,2,0,0,0,19546064,437254,19108810,0,659457,14029,20845622,1,2,1,1500000,True,alignment_consistent,even_odd,CERTIFIED,0x85f2489c,1,0x85f2489c,2234349545807287537116876739875707508862773334231012755869004,1509440907795140942543921497739463413770597179765565697220804,724908638012146594572955242136244095092176154465447058648200,2032,964,964,1,1068,0.5255905511811023,48,17,48,15,2,17,0,0,154215462,351933,10989130,142874399,670834,12896,155520850,1,2,1,1500000,True,1.0014684287812041,1.001034126163392,0.07711926274015714,1.0068897637795275,1.004149377593361,0.010336871229806165
natural,1,9785353127279970978,7985449000081102019,random_systematic_linear,even_odd,32,21,0.65625,R2_3,1,20,0.05,19,,0,10,0xd219af4,0x690cef4,1500000,NOT_RUN,0,,0,False,,independent,even_odd,CERTIFIED,0xd219af4,1,0xd219af4,5110657447299742454366150899449118037636,4973227017781580956245205418759613173390,137430429518161498120945480689504864246,2027,961,961,1,1066,0.5259003453379378,43,44,43,0,0,0,0,0,260144,260144,0,0,621866,11734,1365518,1,2,1,1500000,True,chain_relaxed,even_odd,CERTIFIED,0xd219af4,1,0xd219af4,5110657447299742454366150899449118037636,4754890221878974963044196400375044790168,355767225420767491321954499074073247468,2023,958,958,1,1065,0.5264458724666337,39,40,39,35,5,0,0,0,30401237,322500,30078737,0,653488,10274,31655909,1,2,1,1500000,True,alignment_consistent,even_odd,CERTIFIED,0xd219af4,1,0xd219af4,5110657447299742454366150899449118037636,2112707825592961420290574778488738765160,2997949621706781034075576120960379272476,64,33,33,1,31,0.484375,32,33,32,29,4,33,0,0,301361911,303133,21279756,279779022,59039,10630,301653724,1,1,0,1500000,True,1.0019772614928324,1.0031315240083507,0.043136275126391094,31.671875,29.12121212121212,0.0045267732216029265
natural,2,3257111654923976157,7985449000081102019,random_systematic_linear,even_odd,32,21,0.65625,R2_3,1,20,0.05,19,,0,1,0xe8287744,0x74143ba2,1500000,NOT_RUN,0,,0,False,,independent,even_odd,CERTIFIED,0xe8287744,1,0xe8287744,9025264990451939267250456274819426073396,7374931772710246881456304620989865388832,1650333217741692385794151653829560684564,64,33,33,1,31,0.484375,32,33,32,0,0,0,0,0,184047,184047,0,0,26705,12945,267750,1,1,0,1500000,True,chain_relaxed,even_odd,CERTIFIED,0xe8287744,1,0xe8287744,9025264990451939267250456274819426073396,7374931772710246881456304620989865388832,1650333217741692385794151653829560684564,64,33,33,1,31,0.484375,32,33,32,29,3,0,0,0,20701025,233509,20467516,0,35795,10168,20860323,1,1,0,1500000,True,alignment_consistent,even_odd,CERTIFIED,0xe8287744,1,0xe8287744,9025264990451939267250456274819426073396,5556877058079299173019872994529273278942,3468387932372640094230583280290152794454,47,28,28,1,19,0.40425531914893614,15,16,15,14,2,16,0,0,147474740,169296,10573227,136732217,79778,10159,147732104,0,1,0,1500000,True,1.0,1.0,0.012835371724589307,1.3617021276595744,1.1785714285714286,0.0018124022656578424
natural,3,725450365891188487,7985449000081102019,random_systematic_linear,even_odd,32,21,0.65625,R2_3,1,20,0.05,19,,1,8,0x98e778c9,0x4cf3bcc9,1500000,NOT_RUN,0,,0,False,,independent,even_odd,CERTIFIED,0x98e778c9,1,0x98e778c9,766241370858928221014664195990621822218,606491099729461092225025051068245508950,159750271129467128789639144922376313268,2047,971,971,2,1076,0.525647288715193,63,32,63,0,0,0,0,0,387289,387289,0,0,697768,25235,1696526,1,2,1,1500000,True,chain_relaxed,even_odd,CERTIFIED,0x98e778c9,1,0x98e778c9,766241370858928221014664195990621822218,606491099729461092225025051068245508950,159750271129467128789639144922376313268,2046,970,970,2,1076,0.5259042033235581,62,31,62,29,2,0,0,0,21182328,456266,20726062,0,635327,22100,22446231,1,2,1,1500000,True,alignment_consistent,even_odd,CERTIFIED,0x98e778c9,1,0x98e778c9,766241370858928221014664195990621822218,704880975260482982543644687592914008128,61360395598445238471019508397707814090,2031,966,966,2,1065,0.5243722304283605,47,16,47,14,2,16,0,0,145231807,335676,10107880,134788251,676776,25175,146569118,1,2,1,1500000,True,1.0004887585532747,1.0010309278350515,0.07558177584468413,1.0078778926637124,1.005175983436853,0.011574921260016042
natural,0,1719311395504592916,7985449000081102019,random_systematic_linear,even_odd,32,21,0.65625,R2_3,1,20,0.05,19,,3,13,0x2b000c5e,0x35a08c5e,1500000,NOT_RUN,0,,0,False,,independent,even_odd,CERTIFIED,0x6341045e,1,0x6341045e,62198491771923087967282278991506174152,54903404817614372559318057254599067126,7295086954308715407964221736907107026,31805,13719,13719,7,18086,0.56865272755856,93,31,93,0,0,0,0,0,518941,518941,0,0,9133933,77811,16769262,2,3,2,1500000,True,chain_relaxed,even_odd,CERTIFIED,0x6341045e,1,0x6341045e,62198491771923087967282278991506174152,54903404817614372559318057254599067126,7295086954308715407964221736907107026,31799,13717,13717,7,18082,0.5686342337809365,87,25,87,22,3,0,0,0,15263546,529131,14734415,0,9163245,78752,31551923,2,3,2,1500000,True,alignment_consistent,even_odd,CERTIFIED,0x6341045e,1,0x6341045e,62198491771923087967282278991506174152,61324758458852065751654428603656219512,873733313071022215627850387849954640,31790,13715,13715,7,18075,0.5685750235923246,78,16,78,13,3,15,0,1,136612327,508846,9239207,126864274,9173104,79147,153011717,2,3,2,1500000,True,1.0001886851787791,1.0001458044761975,0.5314814567720643,1.0004718464926077,1.0002916514764857,0.10959462666509388
natural,0,14480010963574769617,7985449000081102019,random_systematic_linear,forward,32,21,0.65625,R2_3,1,100,0.01,99,,0,25,0x4a5e6dc6,0x245e6dc6,1500000,NOT_RUN,0,,0,False,,independent,forward,CERTIFIED,0x4a5e6dc6,1,0x4a5e6dc6,75464611778248628150604249544391349036767710093319022085344498,23670411948424973527360482954134878152085640395285646219104032,51794199829823654623243766590256470884682069698033375866240466,64,33,33,1,31,0.484375,32,7,32,0,0,0,0,0,211600,211600,0,0,32182,11366,297163,1,1,0,1500000,True,chain_relaxed,forward,CERTIFIED,0x4a5e6dc6,1,0x4a5e6dc6,75464611778248628150604249544391349036767710093319022085344498,23670411948424973527360482954134878152085640395285646219104032,51794199829823654623243766590256470884682069698033375866240466,64,33,33,1,31,0.484375,32,7,32,0,6,0,0,0,202120,202120,0,0,26504,10640,280055,1,1,0,1500000,True,alignment_consistent,forward,CERTIFIED,0x4a5e6dc6,1,0x4a5e6dc6,75464611778248628150604249544391349036767710093319022085344498,73977660789151407405274612465882702891292369297238140387843298,1486950989097220745329637078508646145475340796080881697501200,63,32,32,1,31,0.49206349206349204,31,6,31,0,6,6,0,0,51212544,214877,0,50997667,26702,10300,51301865,0,1,0,1500000,True,1.0,1.0,1.0610880005713164,1.0158730158730158,1.03125,0.00579244048924927
natural,1,8442270311600246320,7985449000081102019,random_systematic_linear,forward,32,21,0.65625,R2_3,1,100,0.01,99,,0,22,0xc94a8dd5,0x648a8dd5,1500000,NOT_RUN,0,,0,False,,independent,forward,CERTIFIED,0xc94a8dd5,1,0xc94a8dd5,75464609491299838601498084175119855517947897950886714758087800,23670411948424973527360482954134878152085640395285646219104032,51794197542874865074137601220984977365862257555601068538983768,64,33,33,1,31,0.484375,32,10,32,0,0,0,0,0,204623,204623,0,0,28691,13644,293588,1,1,0,1500000,True,chain_relaxed,forward,CERTIFIED,0xc94a8dd5,1,0xc94a8dd5,75464609491299838601498084175119855517947897950886714758087800,23670411948424973527360482954134878152085640395285646219104032,51794197542874865074137601220984977365862257555601068538983768,64,33,33,1,31,0.484375,32,10,32,0,9,0,0,0,222353,222353,0,0,27236,12884,319136,1,1,0,1500000,True,alignment_consistent,forward,CERTIFIED,0xc94a8dd5,1,0xc94a8dd5,75464609491299838601498084175119855517947897950886714758087800,74724758158651675242078475792934007870938826765079242620097498,739851332648163359419608382185847647009071185807472137990302,62,33,33,1,29,0.46774193548387094,30,8,30,0,8,8,0,0,65485540,211228,0,65274312,41586,11639,65609629,0,1,0,1500000,True,1.0,1.0,0.9199463551589291,1.032258064516129,1.0,0.004474770006701303
natural,2,16017507951962247275,7985449000081102019,random_systematic_linear,forward,32,21,0.65625,R2_3,1,100,0.01,99,,0,31,0xbba4060b,0x3ba4060b,1500000,NOT_RUN,0,,0,False,,independent,forward,CERTIFIED,0xbba4060b,1,0xbba4060b,73992530268394647018399781368437316177349880671936981314573804,23670411948424973527360482954134878152085640395285646219104032,50322118319969673491039298414302438025264240276651335095469772,64,33,33,1,31,0.484375,32,1,32,0,0,0,0,0,198891,198891,0,0,25304,10577,267116,1,1,0,1500000,True,chain_relaxed,forward,CERTIFIED,0xbba4060b,1,0xbba4060b,73992530268394647018399781368437316177349880671936981314573804,23670411948424973527360482954134878152085640395285646219104032,50322118319969673491039298414302438025264240276651335095469772,64,33,33,1,31,0.484375,32,1,32,0,0,0,0,0,200469,200469,0,0,24789,9802,265305,1,1,0,1500000,True,alignment_consistent,forward,CERTIFIED,0xbba4060b,1,0xbba4060b,73992530268394647018399781368437316177349880671936981314573804,23670411948424973527360482954134878152085640395285646219104032,50322118319969673491039298414302438025264240276651335095469772,64,33,33,1,31,0.484375,32,1,32,0,0,0,0,0,220272,220272,0,0,27488,12114,303129,1,1,0,1500000,True,1.0,1.0,1.0068261058027552,1.0,1.0,0.8811957945297216
natural,3,5653965250576435745,7985449000081102019,random_systematic_linear,forward,32,21,0.65625,R2_3,1,100,0.01,99,,1,9,0x85f2489c,0x42fb249c,1500000,NOT_RUN,0,,0,False,,independent,forward,CERTIFIED,0x85f2489c,1,0x85f2489c,2234349545807287537116876739875707508862773334231012755869004,1703552375076039761438822636850616230642527149660709386980972,530797170731247775678054103025091278220246184570303368888032,2046,969,969,1,1077,0.5263929618768328,62,31,62,0,0,0,0,0,390493,390493,0,0,683665,11896,1632192,1,2,1,1500000,True,chain_relaxed,forward,CERTIFIED,0x85f2489c,1,0x85f2489c,2234349545807287537116876739875707508862773334231012755869004,1703552375076039761438822636850616230642527149660709386980972,530797170731247775678054103025091278220246184570303368888032,2046,969,969,1,1077,0.5263929618768328,62,31,62,0,30,0,0,0,391555,391555,0,0,638214,11217,1583597,1,2,1,1500000,True,alignment_consistent,forward,CERTIFIED,0x85f2489c,1,0x85f2489c,2234349545807287537116876739875707508862773334231012755869004,1703552375076039761438822636850616230642527149660709386980972,530797170731247775678054103025091278220246184570303368888032,2046,969,969,1,1077,0.5263929618768328,62,31,62,0,30,30,0,0,251705785,467301,0,251238484,648920,11001,253003308,1,2,1,1500000,True,1.0,1.0,1.0306864688427675,1.0,1.0,0.006451267427697032
natural,1,9785353127279970978,7985449000081102019,random_systematic_linear,forward,32,21,0.65625,R2_3,1,20,0.05,19,,0,10,0xd219af4,0x690cef4,1500000,NOT_RUN,0,,0,False,,independent,forward,CERTIFIED,0xd219af4,1,0xd219af4,5110657447299742454366150899449118037636,4973227017781580956245205418759613173390,137430429518161498120945480689504864246,2027,959,959,1,1068,0.5268870251603355,43,44,43,0,0,0,0,0,252086,252086,0,0,670709,55398,1475660,1,2,1,1500000,True,chain_relaxed,forward,CERTIFIED,0xd219af4,1,0xd219af4,5110657447299742454366150899449118037636,4973227017781580956245205418759613173390,137430429518161498120945480689504864246,2027,959,959,1,1068,0.5268870251603355,43,44,43,0,43,0,0,0,247855,247855,0,0,607146,10309,1360781,1,2,1,1500000,True,alignment_consistent,forward,CERTIFIED,0xd219af4,1,0xd219af4,5110657447299742454366150899449118037636,2112707825592961420290574778488738765160,2997949621706781034075576120960379272476,64,33,33,1,31,0.484375,32,33,32,0,33,33,0,0,279367817,286109,0,279081708,60396,9955,279628265,1,1,0,1500000,True,1.0,1.0,1.0844213727263976,31.671875,29.060606060606062,0.005277220455521548
natural,2,3257111654923976157,7985449000081102019,random_systematic_linear,forward,32,21,0.65625,R2_3,1,20,0.05,19,,0,1,0xe8287744,0x74143ba2,1500000,NOT_RUN,0,,0,False,,independent,forward,CERTIFIED,0xe8287744,1,0xe8287744,9025264990451939267250456274819426073396,7374931772710246881456304620989865388832,1650333217741692385794151653829560684564,64,33,33,1,31,0.484375,32,33,32,0,0,0,0,0,208613,208613,0,0,29882,13104,296978,1,1,0,1500000,True,chain_relaxed,forward,CERTIFIED,0xe8287744,1,0xe8287744,9025264990451939267250456274819426073396,7374931772710246881456304620989865388832,1650333217741692385794151653829560684564,64,33,33,1,31,0.484375,32,33,32,0,32,0,0,0,188308,188308,0,0,24509,10781,287480,1,1,0,1500000,True,alignment_consistent,forward,CERTIFIED,0xe8287744,1,0xe8287744,9025264990451939267250456274819426073396,5083203697993061231431700928497163884996,3942061292458878035818755346322262188400,61,33,33,1,28,0.45901639344262296,29,30,29,0,30,30,0,0,248149571,237646,0,247911925,53893,12920,248384489,0,1,0,1500000,True,1.0,1.0,1.0330388200918326,1.0491803278688525,1.0,0.0011956382670900195
natural,3,725450365891188487,7985449000081102019,random_systematic_linear,forward,32,21,0.65625,R2_3,1,20,0.05,19,,1,8,0x98e778c9,0x4cf3bcc9,1500000,NOT_RUN,0,,0,False,,independent,forward,CERTIFIED,0x98e778c9,1,0x98e778c9,766241370858928221014664195990621822218,606491099729461092225025051068245508950,159750271129467128789639144922376313268,2047,971,971,2,1076,0.525647288715193,63,32,63,0,0,0,0,0,375574,375574,0,0,651178,23225,1590746,1,2,1,1500000,True,chain_relaxed,forward,CERTIFIED,0x98e778c9,1,0x98e778c9,766241370858928221014664195990621822218,606491099729461092225025051068245508950,159750271129467128789639144922376313268,2047,971,971,2,1076,0.525647288715193,63,32,63,0,31,0,0,0,352563,352563,0,0,644991,20558,1571438,1,2,1,1500000,True,alignment_consistent,forward,CERTIFIED,0x98e778c9,1,0x98e778c9,766241370858928221014664195990621822218,704880975260482982543644687592914008128,61360395598445238471019508397707814090,2045,970,970,2,1075,0.5256723716381418,61,30,61,0,30,30,0,0,249012272,448870,0,248563402,679232,23743,250382521,1,2,1,1500000,True,1.0,1.0,1.0122868353698968,1.0009779951100244,1.0010309278350515,0.0063532629739757275
natural,0,1719311395504592916,7985449000081102019,random_systematic_linear,forward,32,21,0.65625,R2_3,1,20,0.05,19,,3,13,0x2b000c5e,0x35a08c5e,1500000,NOT_RUN,0,,0,False,,independent,forward,CERTIFIED,0x6341045e,1,0x6341045e,62198491771923087967282278991506174152,54903404817614372559318057254599067126,7295086954308715407964221736907107026,31805,13719,13719,7,18086,0.56865272755856,93,31,93,0,0,0,0,0,522302,522302,0,0,9433624,91920,17655531,2,3,2,1500000,True,chain_relaxed,forward,CERTIFIED,0x6341045e,1,0x6341045e,62198491771923087967282278991506174152,54903404817614372559318057254599067126,7295086954308715407964221736907107026,31805,13719,13719,7,18086,0.56865272755856,93,31,93,0,30,0,0,0,501918,501918,0,0,9017643,87048,16787050,2,3,2,1500000,True,alignment_consistent,forward,CERTIFIED,0x6341045e,1,0x6341045e,62198491771923087967282278991506174152,61324758458852065751654428603656219512,873733313071022215627850387849954640,31803,13719,13719,7,18084,0.5686256013583624,91,29,91,0,29,28,0,1,231483344,573199,0,230910145,9119760,78415,247695244,2,3,2,1500000,True,1.0,1.0,1.0517351768178447,1.0000628871490111,1.0,0.07127924910823076
natural,0,6098393886836459169,9023453132120311304,crc_defined_linear,even_odd,32,24,0.75,R3_4,1,100,0.01,99,,0,2,0xd301e122,0x6980f092,1500000,NOT_RUN,0,,0,False,,independent,even_odd,CERTIFIED,0xd301e122,1,0xd301e122,221192905358573160132900817345637369589286019146013682323802792,168651685132527936382443441048211006833610187816410229311116228,52541220226045223750457376297426362755675831329603453012686564,62,33,33,2,29,0.46774193548387094,30,31,30,0,0,0,0,0,226289,226289,0,0,26083,27641,333981,0,1,0,1500000,True,chain_relaxed,even_odd,CERTIFIED,0xd301e122,1,0xd301e122,221192905358573160132900817345637369589286019146013682323802792,168651685132527936382443441048211006833610187816410229311116228,52541220226045223750457376297426362755675831329603453012686564,57,31,31,2,26,0.45614035087719296,25,26,25,24,2,0,0,0,21898773,270094,21628679,0,45853,25131,22117934,0,1,0,1500000,True,alignment_consistent,even_odd,CERTIFIED,0xd301e122,1,0xd301e122,221192905358573160132900817345637369589286019146013682323802792,220438335513411050918139589099472782282075325770198105887267306,754569845162109214761228246164587307210693375815576436535486,46,25,25,2,21,0.45652173913043476,14,15,14,13,2,15,0,0,163330988,152287,11424924,151753777,37745,33899,163528447,0,1,0,1500000,True,1.087719298245614,1.064516129032258,0.01510000888871447,1.3478260869565217,1.32,0.0020423419051976933
natural,1,11915754924157540798,9023453132120311304,crc_defined_linear,even_odd,32,24,0.75,R3_4,1,100,0.01,99,,1,4,0x25350d4e,0x169a86ae,1500000,NOT_RUN,0,,0,False,,independent,even_odd,CERTIFIED,0x25350d4e,1,0x25350d4e,1509439344609126234188947598242610433806657716505416687973004,971323722631075302574767292941140833261090041473211492576870,538115621978050931614180305301469600545567675032205195396134,2047,980,980,3,1067,0.5212506106497313,63,33,63,0,0,0,0,0,489597,489597,0,0,608611,43318,1754201,1,2,1,1500000,True,chain_relaxed,even_odd,CERTIFIED,0x25350d4e,1,0x25350d4e,1509439344609126234188947598242610433806657716505416687973004,971323722631075302574767292941140833261090041473211492576870,538115621978050931614180305301469600545567675032205195396134,2039,980,980,3,1059,0.5193722412947523,55,25,55,22,3,0,0,0,19528163,485021,19043142,0,634407,46999,21006078,1,2,1,1500000,True,alignment_consistent,even_odd,CERTIFIED,0x25350d4e,1,0x25350d4e,1509439344609126234188947598242610433806657716505416687973004,784758662855994402932181347029295941031087132747984629355898,724680681753131831256766251213314492775570583757432058617106,2032,979,979,3,1053,0.5182086614173228,48,18,48,15,3,17,0,1,177860949,436693,13089360,164334896,625692,42984,179209587,1,2,1,1500000,True,1.003923491907798,1.0,0.08350921100073988,1.0073818897637796,1.0010214504596526,0.009788544404156236
natural,2,18262826788574982253,9023453132120311304,crc_defined_linear,even_odd,32,24,0.75,R3_4,1,100,0.01,99,,1,27,0x68978945,0x309f8945,1500000,NOT_RUN,0,,0,False,,independent,even_odd,CERTIFIED,0x713f8945,1,0x713f8945,5215643159913453838961028657022970212520345045400431764518000,4632466984855897596895044012488517820168275582410700964597380,583176175057556242065984644534452392352069462989730799920620,2042,962,962,7,1080,0.5288932419196866,58,32,58,0,0,0,0,0,445711,445711,0,0,615500,83230,1742185,1,2,1,1500000,True,chain_relaxed,even_odd,CERTIFIED,0x713f8945,1,0x713f8945,5215643159913453838961028657022970212520345045400431764518000,3900238332410933138030988668579042422786838474223203070193278,1315404827502520700930039988443927789733506571177228694324722,2031,960,960,7,1071,0.5273264401772526,47,21,47,14,7,0,0,0,12151169,378111,11773058,0,608728,81583,13469981,1,2,1,1500000,True,alignment_consistent,even_odd,CERTIFIED,0x713f8945,1,0x713f8945,5215643159913453838961028657022970212520345045400431764518000,5193001596698977579523711449607127245962941013928404234923306,22641563214476259437317207415842966557404031472027529594694,2028,957,957,7,1071,0.5281065088757396,44,18,44,11,7,13,0,5,140082496,424928,9735034,129922534,637189,92485,141526424,1,2,1,1500000,True,1.0054160512063024,1.0020833333333334,0.12933834130872196,1.0069033530571991,1.0052246603970743,0.012309962696436109
natural,3,384773130482513406,9023453132120311304,crc_defined_linear,even_odd,32,24,0.75,R3_4,1,100,0.01,99,,1,25,0xa95c20f1,0x551c20f1,1500000,NOT_RUN,0,,0,False,,independent,even_odd,CERTIFIED,0xa95c20f1,1,0xa95c20f1,1502045413425209153998915545091629119005375471393940200569804,971323722631075302574767292941140833261090041473211492576870,530721690794133851424148252150488285744285429920728707992934,2047,963,963,2,1084,0.5295554469956033,63,32,63,0,0,0,0,0,483587,483587,0,0,658134,29458,1793337,1,2,1,1500000,True,chain_relaxed,even_odd,CERTIFIED,0xa95c20f1,1,0xa95c20f1,1502045413425209153998915545091629119005375471393940200569804,971323722631075302574767292941140833261090041473211492576870,530721690794133851424148252150488285744285429920728707992934,2042,962,962,2,1080,0.5288932419196866,58,27,58,25,2,0,0,0,23507353,483746,23023607,0,608225,26095,24814325,1,2,1,1500000,True,alignment_consistent,even_odd,CERTIFIED,0xa95c20f1,1,0xa95c20f1,1502045413425209153998915545091629119005375471393940200569804,814950475858207434219363676519048028723693935025234170007694,687094937567001719779551868572581090281681536368706030562110,2040,961,961,2,1079,0.528921568627451,56,25,56,23,2,25,0,0,284277357,501693,21144531,262631133,638730,30249,285753896,1,2,1,1500000,True,1.0024485798237022,1.001039501039501,0.07227023100567918,1.0034313725490196,1.0020811654526536,0.0062758094468815225
natural,1,13667124559892559994,9023453132120311304,crc_defined_linear,even_odd,32,24,0.75,R3_4,1,20,0.05,19,,0,19,0x4688f0da,0x2340f0da,1500000,NOT_RUN,0,,0,False,,independent,even_odd,CERTIFIED,0x4688f0da,1,0x4688f0da,5825648381394313912260438226864801794164,5628237405489398935848232473913318323056,197410975904914976412205752951483471108,2024,949,949,1,1075,0.5311264822134387,40,15,40,0,0,0,0,0,271919,271919,0,0,574071,14084,1423078,1,2,1,1500000,True,chain_relaxed,even_odd,CERTIFIED,0x4688f0da,1,0x4688f0da,5825648381394313912260438226864801794164,5409900609586792942647223455528749939834,415747771807520969613214771336051854330,2021,947,947,1,1074,0.5314200890648194,37,12,37,9,3,0,0,0,7735212,292788,7442424,0,623879,14237,9016499,1,2,1,1500000,True,alignment_consistent,even_odd,CERTIFIED,0x4688f0da,1,0x4688f0da,5825648381394313912260438226864801794164,5107976486857097619901889243495585573084,717671894537216292358548983369216221080,59,31,31,1,28,0.4745762711864407,27,2,27,2,0,2,0,0,21604022,207884,1668877,19727261,28493,12868,21703158,0,1,0,1500000,True,1.0014844136566057,1.0021119324181627,0.15783043950872727,34.30508474576271,30.612903225806452,0.06557008892438602
natural,3,12902602797625819905,9023453132120311304,crc_defined_linear,even_odd,32,24,0.75,R3_4,1,20,0.05,19,,2,2,0xbfe44e70,0x5ff2273e,1500000,NOT_RUN,0,,0,False,,independent,even_odd,CERTIFIED,0xbfe44c7e,1,0xbfe44c7e,1432665073179475547302117578251762849768,1261501487437279071828052106221950658616,171163585742196475474065472029812191152,2044,939,939,3,1105,0.5406066536203522,60,31,60,0,0,0,0,0,418705,418705,0,0,625066,41009,1660845,1,2,1,1500000,True,chain_relaxed,even_odd,CERTIFIED,0xbfe44c7e,1,0xbfe44c7e,1432665073179475547302117578251762849768,1261501487437279071828052106221950658616,171163585742196475474065472029812191152,2043,939,939,3,1104,0.540381791483113,59,30,59,26,4,0,0,0,21611090,470833,21140257,0,611756,36645,22996592,1,2,1,1500000,True,alignment_consistent,even_odd,CERTIFIED,0xbfe44c7e,1,0xbfe44c7e,1432665073179475547302117578251762849768,801884084664196862120701528450053125414,630780988515278685181416049801709724354,2027,936,936,3,1091,0.5382338431179082,43,14,43,10,4,12,0,2,130646048,339750,8429005,121877293,612660,42370,131941816,1,2,1,1500000,True,1.0004894762604013,1.0,0.07222135349446561,1.00838677849038,1.0032051282051282,0.012587707599840826
natural,0,838640106256862293,9023453132120311304,crc_defined_linear,even_odd,32,24,0.75,R3_4,1,20,0.05,19,,3,10,0xde47d3f7,0x6723ebe6,1500000,NOT_RUN,0,,0,False,,independent,even_odd,CERTIFIED,0xc72bebe6,1,0xc72bebe6,753396995725397595020161992665814889352,606491099729461092225025051068245508950,146905895995936502795136941597569380402,2047,963,963,4,1084,0.5295554469956033,63,33,63,0,0,0,0,0,450709,450709,0,0,601770,51053,1716085,1,2,1,1500000,True,chain_relaxed,even_odd,CERTIFIED,0xc72bebe6,1,0xc72bebe6,753396995725397595020161992665814889352,606491099729461092225025051068245508950,146905895995936502795136941597569380402,2045,963,963,4,1082,0.5290953545232274,61,31,61,28,3,0,0,0,22750266,476986,22273280,0,605851,47652,24081500,1,2,1,1500000,True,alignment_consistent,even_odd,CERTIFIED,0xc72bebe6,1,0xc72bebe6,753396995725397595020161992665814889352,512079442350497185126805046694159503476,241317553374900409893356945971655385876,2032,961,961,4,1071,0.5270669291338582,48,18,48,15,3,17,0,1,178871769,369061,12427949,166074759,615426,52060,180230055,1,2,1,1500000,True,1.0009779951100244,1.0,0.07126154932209372,1.0073818897637796,1.0020811654526536,0.009521636111135849
natural,2,8889186297063934613,9023453132120311304,crc_defined_linear,even_odd,32,24,0.75,R3_4,1,20,0.05,19,,4,0,0x1eede2bb,0x1ff6915d,1500000,NOT_RUN,0,,0,False,,independent,even_odd,CERTIFIED,0x3fed915d,1,0x3fed915d,9488415856777195004518975967599973008952,7374931772710246881456304620989865388832,2113484084066948123062671346610107620120,64,33,33,1,31,0.484375,32,24,32,0,0,0,0,0,226112,226112,0,0,24842,14668,313772,1,1,0,1500000,True,chain_relaxed,even_odd,CERTIFIED,0x3fed915d,1,0x3fed915d,9488415856777195004518975967599973008952,7374931772710246881456304620989865388832,2113484084066948123062671346610107620120,64,33,33,1,31,0.484375,32,24,32,22,1,0,0,0,18431143,270156,18160987,0,27205,11213,18581873,1,1,0,1500000,True,alignment_consistent,even_odd,CERTIFIED,0x3fed915d,1,0x3fed915d,9488415856777195004518975967599973008952,6490767151381013988924864076867561021466,2997648705396181015594111890732411987486,48,31,31,1,17,0.3541666666666667,16,8,16,8,0,8,0,0,83664200,173508,6744970,76745722,30002,11681,83792661,0,1,0,1500000,True,1.0,1.0,0.016885918873732482,1.3333333333333333,1.064516129032258,0.003744623887765063
natural,0,6098393886836459169,9023453132120311304,crc_defined_linear,forward,32,24,0.75,R3_4,1,100,0.01,99,,0,2,0xd301e122,0x6980f092,1500000,NOT_RUN,0,,0,False,,independent,forward,CERTIFIED,0xd301e122,1,0xd301e122,221192905358573160132900817345637369589286019146013682323802792,168651685132527936382443441048211006833610187816410229311116228,52541220226045223750457376297426362755675831329603453012686564,62,33,33,2,29,0.46774193548387094,30,31,30,0,0,0,0,0,188795,188795,0,0,20498,23161,270824,0,1,0,1500000,True,chain_relaxed,forward,CERTIFIED,0xd301e122,1,0xd301e122,221192905358573160132900817345637369589286019146013682323802792,168651685132527936382443441048211006833610187816410229311116228,52541220226045223750457376297426362755675831329603453012686564,62,33,33,2,29,0.46774193548387094,30,31,30,0,30,0,0,0,188903,188903,0,0,19411,19286,286441,0,1,0,1500000,True,alignment_consistent,forward,CERTIFIED,0xd301e122,1,0xd301e122,221192905358573160132900817345637369589286019146013682323802792,220438335513411050918139589099472782282075325770198105887267306,754569845162109214761228246164587307210693375815576436535486,58,30,30,2,28,0.4827586206896552,26,27,26,0,27,27,0,0,273326748,364456,0,272962292,86631,23866,273730707,0,1,0,1500000,True,1.0,1.0,0.945479173721639,1.0689655172413792,1.1,0.0009893811438553733
natural,1,11915754924157540798,9023453132120311304,crc_defined_linear,forward,32,24,0.75,R3_4,1,100,0.01,99,,1,4,0x25350d4e,0x169a86ae,1500000,NOT_RUN,0,,0,False,,independent,forward,CERTIFIED,0x25350d4e,1,0x25350d4e,1509439344609126234188947598242610433806657716505416687973004,971323722631075302574767292941140833261090041473211492576870,538115621978050931614180305301469600545567675032205195396134,2047,980,980,3,1067,0.5212506106497313,63,33,63,0,0,0,0,0,496506,496506,0,0,612700,41842,1722888,1,2,1,1500000,True,chain_relaxed,forward,CERTIFIED,0x25350d4e,1,0x25350d4e,1509439344609126234188947598242610433806657716505416687973004,971323722631075302574767292941140833261090041473211492576870,538115621978050931614180305301469600545567675032205195396134,2047,980,980,3,1067,0.5212506106497313,63,33,63,0,32,0,0,0,404457,404457,0,0,516661,34485,1471473,1,2,1,1500000,True,alignment_consistent,forward,CERTIFIED,0x25350d4e,1,0x25350d4e,1509439344609126234188947598242610433806657716505416687973004,1486948717470758283314723695315573473227821711734426117484902,22490627138367950874223902927036960578836004770990570488102,2046,979,979,3,1067,0.521505376344086,62,32,62,0,32,31,0,1,306428081,648564,0,305779517,580766,34237,307909315,1,2,1,1500000,True,1.0,1.0,1.1708594041480884,1.0004887585532747,1.0010214504596526,0.00559543968327168
natural,2,18262826788574982253,9023453132120311304,crc_defined_linear,forward,32,24,0.75,R3_4,1,100,0.01,99,,1,27,0x68978945,0x309f8945,1500000,NOT_RUN,0,,0,False,,independent,forward,CERTIFIED,0x713f8945,1,0x713f8945,5215643159913453838961028657022970212520345045400431764518000,4632466984855897596895044012488517820168275582410700964597380,583176175057556242065984644534452392352069462989730799920620,2042,961,961,7,1081,0.529382957884427,58,32,58,0,0,0,0,0,433363,433363,0,0,623482,88051,1738500,1,2,1,1500000,True,chain_relaxed,forward,CERTIFIED,0x713f8945,1,0x713f8945,5215643159913453838961028657022970212520345045400431764518000,4632466984855897596895044012488517820168275582410700964597380,583176175057556242065984644534452392352069462989730799920620,2042,961,961,7,1081,0.529382957884427,58,32,58,0,31,0,0,0,436619,436619,0,0,772324,118014,2029209,1,2,1,1500000,True,alignment_consistent,forward,CERTIFIED,0x713f8945,1,0x713f8945,5215643159913453838961028657022970212520345045400431764518000,5193001596698977579523711449607127245962941013928404234923306,22641563214476259437317207415842966557404031472027529594694,2038,958,958,7,1080,0.5299313052011776,54,28,54,0,28,23,0,5,233423460,512100,0,232911360,576282,82961,234852380,1,2,1,1500000,True,1.0,1.0,0.8567377731914259,1.0019627085377822,1.0031315240083507,0.0074025223844868
natural,3,384773130482513406,9023453132120311304,crc_defined_linear,forward,32,24,0.75,R3_4,1,100,0.01,99,,1,25,0xa95c20f1,0x551c20f1,1500000,NOT_RUN,0,,0,False,,independent,forward,CERTIFIED,0xa95c20f1,1,0xa95c20f1,1502045413425209153998915545091629119005375471393940200569804,971323722631075302574767292941140833261090041473211492576870,530721690794133851424148252150488285744285429920728707992934,2047,963,963,2,1084,0.5295554469956033,63,32,63,0,0,0,0,0,393882,393882,0,0,521862,23898,1460328,1,2,1,1500000,True,chain_relaxed,forward,CERTIFIED,0xa95c20f1,1,0xa95c20f1,1502045413425209153998915545091629119005375471393940200569804,971323722631075302574767292941140833261090041473211492576870,530721690794133851424148252150488285744285429920728707992934,2047,963,963,2,1084,0.5295554469956033,63,32,63,0,31,0,0,0,447410,447410,0,0,550593,31080,1604881,1,2,1,1500000,True,alignment_consistent,forward,CERTIFIED,0xa95c20f1,1,0xa95c20f1,1502045413425209153998915545091629119005375471393940200569804,1501892151814110176542761741623097844269126225786904629023694,153261611098977456153803468531274736249245607035571546110,2046,963,963,2,1083,0.5293255131964809,62,31,62,0,31,31,0,0,326058602,754346,0,325304256,631506,36181,327576217,1,2,1,1500000,True,1.0,1.0,0.909929147394729,1.0004887585532747,1.0,0.004457979316611987
natural,1,13667124559892559994,9023453132120311304,crc_defined_linear,forward,32,24,0.75,R3_4,1,20,0.05,19,,0,19,0x4688f0da,0x2340f0da,1500000,NOT_RUN,0,,0,False,,independent,forward,CERTIFIED,0x4688f0da,1,0x4688f0da,5825648381394313912260438226864801794164,5628237405489398935848232473913318323056,197410975904914976412205752951483471108,2024,947,947,1,1077,0.5321146245059288,40,21,40,0,0,0,0,0,273602,273602,0,0,601006,17218,1496570,1,2,1,1500000,True,chain_relaxed,forward,CERTIFIED,0x4688f0da,1,0x4688f0da,5825648381394313912260438226864801794164,5628237405489398935848232473913318323056,197410975904914976412205752951483471108,2024,947,947,1,1077,0.5321146245059288,40,21,40,0,20,0,0,0,278966,278966,0,0,602275,12597,1493055,1,2,1,1500000,True,alignment_consistent,forward,CERTIFIED,0x4688f0da,1,0x4688f0da,5825648381394313912260438226864801794164,4623446508229717549246864230603866163644,1202201873164596363013573996260935630520,63,32,32,1,31,0.49206349206349204,31,12,31,0,12,12,0,0,119606470,280160,0,119326310,37305,12700,119764031,0,1,0,1500000,True,1.0,1.0,1.0023542334341333,32.12698412698413,29.59375,0.012495988883340107
natural,3,12902602797625819905,9023453132120311304,crc_defined_linear,forward,32,24,0.75,R3_4,1,20,0.05,19,,2,2,0xbfe44e70,0x5ff2273e,1500000,NOT_RUN,0,,0,False,,independent,forward,CERTIFIED,0xbfe44c7e,1,0xbfe44c7e,1432665073179475547302117578251762849768,1261501487437279071828052106221950658616,171163585742196475474065472029812191152,2044,939,939,3,1105,0.5406066536203522,60,31,60,0,0,0,0,0,457594,457594,0,0,588029,35591,1640740,1,2,1,1500000,True,chain_relaxed,forward,CERTIFIED,0xbfe44c7e,1,0xbfe44c7e,1432665073179475547302117578251762849768,1261501487437279071828052106221950658616,171163585742196475474065472029812191152,2044,939,939,3,1105,0.5406066536203522,60,31,60,0,30,0,0,0,391430,391430,0,0,603172,37489,1619336,1,2,1,1500000,True,alignment_consistent,forward,CERTIFIED,0xbfe44c7e,1,0xbfe44c7e,1432665073179475547302117578251762849768,801884084664196862120701528450053125414,630780988515278685181416049801709724354,2037,939,939,3,1098,0.5390279823269514,53,24,53,0,24,22,0,2,221885198,419253,0,221465945,590626,40354,223201330,1,2,1,1500000,True,1.0,1.0,1.0132177633301551,1.0034364261168385,1.0,0.007350941860427086
natural,0,838640106256862293,9023453132120311304,crc_defined_linear,forward,32,24,0.75,R3_4,1,20,0.05,19,,3,10,0xde47d3f7,0x6723ebe6,1500000,NOT_RUN,0,,0,False,,independent,forward,CERTIFIED,0xc72bebe6,1,0xc72bebe6,753396995725397595020161992665814889352,606491099729461092225025051068245508950,146905895995936502795136941597569380402,2047,963,963,4,1084,0.5295554469956033,63,33,63,0,0,0,0,0,426707,426707,0,0,607985,53421,1726952,1,2,1,1500000,True,chain_relaxed,forward,CERTIFIED,0xc72bebe6,1,0xc72bebe6,753396995725397595020161992665814889352,606491099729461092225025051068245508950,146905895995936502795136941597569380402,2047,963,963,4,1084,0.5295554469956033,63,33,63,0,32,0,0,0,430814,430814,0,0,603321,49991,1696092,1,2,1,1500000,True,alignment_consistent,forward,CERTIFIED,0xc72bebe6,1,0xc72bebe6,753396995725397595020161992665814889352,474444328984762196402840952439132981316,278952666740635398617321040226681908036,2046,963,963,4,1083,0.5293255131964809,62,32,62,0,32,31,0,1,305032967,526539,0,304506428,612271,48999,306450539,1,2,1,1500000,True,1.0,1.0,1.0181947677366558,1.0004887585532747,1.0,0.005635336800631308
natural,2,8889186297063934613,9023453132120311304,crc_defined_linear,forward,32,24,0.75,R3_4,1,20,0.05,19,,4,0,0x1eede2bb,0x1ff6915d,1500000,NOT_RUN,0,,0,False,,independent,forward,CERTIFIED,0x3fed915d,1,0x3fed915d,9488415856777195004518975967599973008952,7374931772710246881456304620989865388832,2113484084066948123062671346610107620120,64,33,33,1,31,0.484375,32,17,32,0,0,0,0,0,212650,212650,0,0,25834,15203,297886,1,1,0,1500000,True,chain_relaxed,forward,CERTIFIED,0x3fed915d,1,0x3fed915d,9488415856777195004518975967599973008952,7374931772710246881456304620989865388832,2113484084066948123062671346610107620120,64,33,33,1,31,0.484375,32,17,32,0,16,0,0,0,213422,213422,0,0,21610,11295,298875,1,1,0,1500000,True,alignment_consistent,forward,CERTIFIED,0x3fed915d,1,0x3fed915d,9488415856777195004518975967599973008952,4949674858332948276975235813109446457552,4538740998444246727543740154490526551400,62,31,31,1,31,0.5,30,15,30,0,15,15,0,0,144088265,279381,0,143808884,26585,12911,144264361,0,1,0,1500000,True,1.0,1.0,0.9966909242994563,1.032258064516129,1.064516129032258,0.0020648620209117344
natural,0,6606706061389292561,15431965534822413794,random_systematic_linear,even_odd,32,24,0.75,R3_4,1,100,0.01,99,,0,30,0xd984e3b8,0x5984e3b8,1500000,NOT_RUN,0,,0,False,,independent,even_odd,CERTIFIED,0xd984e3b8,1,0xd984e3b8,147215470245578408847538212507173576165695027302018068087391000,96161048540476454954901962001172942492847914105847937765110130,51054421705101953892636250506000633672847113196170130322280870,63,33,33,1,30,0.47619047619047616,31,16,31,0,0,0,0,0,198459,198459,0,0,19602,22950,277928,0,1,0,1500000,True,chain_relaxed,even_odd,CERTIFIED,0xd984e3b8,1,0xd984e3b8,147215470245578408847538212507173576165695027302018068087391000,96161048540476454954901962001172942492847914105847937765110130,51054421705101953892636250506000633672847113196170130322280870,57,32,32,1,25,0.43859649122807015,25,10,25,10,0,0,0,0,7452909,172701,7280208,0,20657,10767,7537684,0,1,0,1500000,True,alignment_consistent,even_odd,CERTIFIED,0xd984e3b8,1,0xd984e3b8,147215470245578408847538212507173576165695027302018068087391000,76211859352364948724418047576529706768087177951739854008239600,71003610893213460123120164930643869397607849350278214079151400,48,29,29,1,19,0.3958333333333333,16,1,16,1,0,1,0,0,9606416,102921,718050,8785445,16730,11564,9665979,0,1,0,1500000,True,1.105263157894737,1.03125,0.03687180306311594,1.3125,1.1379310344827587,0.02875321785822212
natural,2,3843769130485029529,15431965534822413794,random_systematic_linear,even_odd,32,24,0.75,R3_4,1,100,0.01,99,,0,11,0x96e9a343,0x4b74d343,1500000,NOT_RUN,0,,0,False,,independent,even_odd,CERTIFIED,0x96e9a343,1,0x96e9a343,221925286471394647560977097471743827297284700244831621162291400,168651685132527936382443441048211006833610187816410229311116228,53273601338866711178533656423532820463674512428421391851175172,62,32,32,1,30,0.4838709677419355,30,31,30,0,0,0,0,0,189599,189599,0,0,21465,12194,264411,0,1,0,1500000,True,chain_relaxed,even_odd,CERTIFIED,0x96e9a343,1,0x96e9a343,221925286471394647560977097471743827297284700244831621162291400,168651685132527936382443441048211006833610187816410229311116228,53273601338866711178533656423532820463674512428421391851175172,59,32,32,1,27,0.4576271186440678,27,28,27,26,2,0,0,0,19441485,241196,19200289,0,37919,10955,19605186,0,1,0,1500000,True,alignment_consistent,even_odd,CERTIFIED,0x96e9a343,1,0x96e9a343,221925286471394647560977097471743827297284700244831621162291400,221200526482897920999980391861329414950198379131301574242577498,724759988496726560996705610414412347086321113530046919713902,43,25,25,1,18,0.4186046511627907,11,12,11,10,2,12,0,0,109639150,102285,7615314,101921551,27604,11209,109764921,0,1,0,1500000,True,1.0508474576271187,1.0,0.013486788648676936,1.441860465116279,1.28,0.002408884346575533
natural,3,14218811110332440763,15431965534822413794,random_systematic_linear,even_odd,32,24,0.75,R3_4,1,100,0.01,99,,0,19,0x7b044840,0x3d844840,1500000,NOT_RUN,0,,0,False,,independent,even_odd,CERTIFIED,0x7b044840,1,0x7b044840,368401052485821052529488512948592337382040708308073948168790988,313632958316630899237526399142287135515134735237534812403128424,54768094169190153291962113806305201866905973070539135765662564,60,32,32,1,28,0.4666666666666667,28,29,28,0,0,0,0,0,174971,174971,0,0,19635,11893,253271,0,1,0,1500000,True,chain_relaxed,even_odd,CERTIFIED,0x7b044840,1,0x7b044840,368401052485821052529488512948592337382040708308073948168790988,313632958316630899237526399142287135515134735237534812403128424,54768094169190153291962113806305201866905973070539135765662564,53,29,29,1,24,0.4528301886792453,21,22,21,20,2,0,0,0,15075415,171222,14904193,0,28452,10635,15197761,0,1,0,1500000,True,alignment_consistent,even_odd,CERTIFIED,0x7b044840,1,0x7b044840,368401052485821052529488512948592337382040708308073948168790988,367646331689100253948768727727589688138190419500599949554200310,754720796720798580719785221002649243850288807473998614590678,43,22,22,1,21,0.4883720930232558,11,12,11,10,2,12,0,0,114156249,114367,7804905,106236977,38689,11431,114320963,0,1,0,1500000,True,1.1320754716981132,1.103448275862069,0.016665020590862036,1.3953488372093024,1.4545454545454546,0.002215437950780733
natural,1,10317861632039656238,15431965534822413794,random_systematic_linear,even_odd,32,24,0.75,R3_4,1,100,0.01,99,,1,21,0x7772295a,0x3bb0295a,1500000,NOT_RUN,0,,0,False,,independent,even_odd,CERTIFIED,0x7772295a,1,0x7772295a,3003935262649193556707642953758294082697757121923688927834302,2435781027521004220302877980760091628023964257848207281385074,568154235128189336404764972998202454673792864075481646449228,2045,970,970,4,1075,0.5256723716381418,61,30,61,0,0,0,0,0,387114,387114,0,0,542823,45686,1476666,1,2,1,1500000,True,chain_relaxed,even_odd,CERTIFIED,0x7772295a,1,0x7772295a,3003935262649193556707642953758294082697757121923688927834302,2435781027521004220302877980760091628023964257848207281385074,568154235128189336404764972998202454673792864075481646449228,2040,968,968,4,1072,0.5254901960784314,56,25,56,23,2,0,0,0,17108413,442840,16665573,0,547522,51156,18333119,1,2,1,1500000,True,alignment_consistent,even_odd,CERTIFIED,0x7772295a,1,0x7772295a,3003935262649193556707642953758294082697757121923688927834302,2234122328869054416412882410236782453333885364547399060810204,769812933780139140294760543521511629363871757376289867024098,2031,967,967,4,1064,0.5238798621368784,47,16,47,14,2,16,0,0,144542094,360316,10296366,133885412,541681,51399,145714489,1,2,1,1500000,True,1.0024509803921569,1.0020661157024793,0.0805463598419887,1.0068931560807484,1.0031023784901758,0.010133968215061991
natural,1,11102747628257082013,15431965534822413794,random_systematic_linear,even_odd,32,24,0.75,R3_4,1,20,0.05,19,,0,24,0x7e798921,0x3f798921,1500000,NOT_RUN,0,,0,False,,independent,even_odd,CERTIFIED,0x7e798921,1,0x7e798921,11100166710299115914702937464093907535640,7374931772710246881456304620989865388832,3725234937588869033246632843104042146808,64,33,33,1,31,0.484375,32,33,32,0,0,0,0,0,176770,176770,0,0,22259,13310,264232,1,1,0,1500000,True,chain_relaxed,even_odd,CERTIFIED,0x7e798921,1,0x7e798921,11100166710299115914702937464093907535640,7374931772710246881456304620989865388832,3725234937588869033246632843104042146808,64,33,33,1,31,0.484375,32,33,32,29,3,0,0,0,20710438,232607,20477831,0,30758,11667,20880590,1,1,0,1500000,True,alignment_consistent,even_odd,CERTIFIED,0x7e798921,1,0x7e798921,11100166710299115914702937464093907535640,10155285679002558011356215803938417292720,944881031296557903346721660155490242920,45,29,29,1,16,0.35555555555555557,13,14,13,12,2,14,0,0,131150188,126908,8728929,122294351,41751,10809,131313568,0,1,0,1500000,True,1.0,1.0,0.012654431699487418,1.4222222222222223,1.1379310344827587,0.002012221615971931
natural,2,14450621987413972396,15431965534822413794,random_systematic_linear,even_odd,32,24,0.75,R3_4,1,20,0.05,19,,1,30,0x2e1d5e93,0x261d5e93,1500000,NOT_RUN,0,,0,False,,independent,even_odd,CERTIFIED,0x2e1d5e93,1,0x2e1d5e93,512747250740179366568985819651112737098,388154303826855099024016032683677125728,124592946913324267544969786967435611370,2048,974,974,3,1074,0.5244140625,64,34,64,0,0,0,0,0,369693,369693,0,0,525684,31330,1428585,2,2,1,1500000,True,chain_relaxed,even_odd,CERTIFIED,0x2e1d5e93,1,0x2e1d5e93,512747250740179366568985819651112737098,388154303826855099024016032683677125728,124592946913324267544969786967435611370,2048,974,974,3,1074,0.5244140625,64,34,64,29,4,0,0,0,20140380,423717,19716663,0,543731,29371,21308298,2,2,1,1500000,True,alignment_consistent,even_odd,CERTIFIED,0x2e1d5e93,1,0x2e1d5e93,512747250740179366568985819651112737098,318636498250377549118427206473745941200,194110752489801817450558613177366795898,2032,972,972,3,1060,0.5216535433070866,48,18,48,15,3,17,0,1,154684525,324086,10652644,143707795,558257,34182,155877817,1,2,1,1500000,True,1.0,1.0,0.06704359963428332,1.0078740157480315,1.0020576131687242,0.009164774228266233
natural,0,12626982496944407598,15431965534822413794,random_systematic_linear,even_odd,32,24,0.75,R3_4,1,20,0.05,19,,2,25,0xe4e5c8c0,0x72e5ecc0,1500000,NOT_RUN,0,,0,False,,independent,even_odd,CERTIFIED,0xe5cbd982,1,0xe5cbd982,5787271261962113008968264193830366473858,5628237405489398935848232473913318323056,159033856472714073120031719917048150802,2024,953,953,3,1071,0.5291501976284585,40,41,40,0,0,0,0,0,227690,227690,0,0,488485,31273,1227335,1,2,1,1500000,True,chain_relaxed,even_odd,CERTIFIED,0xe5cbd982,1,0xe5cbd982,5787271261962113008968264193830366473858,5409900609586792942647223455528749939834,377370652375320066321040738301616534024,2022,952,952,3,1070,0.5291790306627102,38,39,38,34,5,0,0,0,24088277,265705,23822572,0,521455,32319,25245627,1,2,1,1500000,True,alignment_consistent,even_odd,CERTIFIED,0xe5cbd982,1,0xe5cbd982,5787271261962113008968264193830366473858,5327050992393911807310522907723582576280,460220269568201201657741286106783897578,51,31,31,2,20,0.39215686274509803,19,20,19,18,2,20,0,0,188813906,181555,13370026,175262325,45599,24099,189035330,0,1,0,1500000,True,1.0009891196834817,1.0010504201680672,0.048615746402337325,39.68627450980392,30.741935483870968,0.006492622305047421
natural,3,13697970013350940045,15431965534822413794,random_systematic_linear,even_odd,32,24,0.75,R3_4,1,20,0.05,19,,2,10,0x99b6ed2e,0x4cda552e,1500000,NOT_RUN,0,,0,False,,independent,even_odd,CERTIFIED,0x98da542e,1,0x98da542e,741937050166143595034238142493011734302,606491099729461092225025051068245508950,135445950436682502809213091424766225352,2047,984,984,8,1063,0.5192965315095261,63,33,63,0,0,0,0,0,1962672,1962672,0,0,1384079,215137,4857502,1,2,1,1500000,True,chain_relaxed,even_odd,CERTIFIED,0x98da542e,1,0x98da542e,741937050166143595034238142493011734302,606491099729461092225025051068245508950,135445950436682502809213091424766225352,2046,983,983,8,1063,0.5195503421309873,62,32,62,29,3,0,0,0,20338456,450416,19888040,0,557841,81125,21591363,1,2,1,1500000,True,alignment_consistent,even_odd,CERTIFIED,0x98da542e,1,0x98da542e,741937050166143595034238142493011734302,704877340337638694483350193525475641444,37059709828504900550887948967536092858,2031,981,981,8,1050,0.51698670605613,47,17,47,14,3,16,0,1,140629911,304817,10102943,130222151,550701,89459,141867781,1,2,1,1500000,True,1.0004887585532747,1.0010172939979654,0.22497431032955167,1.0078778926637124,1.003058103975535,0.03423964176897924
natural,0,6606706061389292561,15431965534822413794,random_systematic_linear,forward,32,24,0.75,R3_4,1,100,0.01,99,,0,30,0xd984e3b8,0x5984e3b8,1500000,NOT_RUN,0,,0,False,,independent,forward,CERTIFIED,0xd984e3b8,1,0xd984e3b8,147215470245578408847538212507173576165695027302018068087391000,96161048540476454954901962001172942492847914105847937765110130,51054421705101953892636250506000633672847113196170130322280870,63,33,33,1,30,0.47619047619047616,31,1,31,0,0,0,0,0,202972,202972,0,0,20564,17673,279024,0,1,0,1500000,True,chain_relaxed,forward,CERTIFIED,0xd984e3b8,1,0xd984e3b8,147215470245578408847538212507173576165695027302018068087391000,96161048540476454954901962001172942492847914105847937765110130,51054421705101953892636250506000633672847113196170130322280870,63,33,33,1,30,0.47619047619047616,31,1,31,0,0,0,0,0,193391,193391,0,0,19970,10708,255964,0,1,0,1500000,True,alignment_consistent,forward,CERTIFIED,0xd984e3b8,1,0xd984e3b8,147215470245578408847538212507173576165695027302018068087391000,96161048540476454954901962001172942492847914105847937765110130,51054421705101953892636250506000633672847113196170130322280870,63,33,33,1,30,0.47619047619047616,31,1,31,0,0,0,0,0,191341,191341,0,0,19195,9989,250083,0,1,0,1500000,True,1.0,1.0,1.0900907940179088,1.0,1.0,1.1157255791077363
natural,2,3843769130485029529,15431965534822413794,random_systematic_linear,forward,32,24,0.75,R3_4,1,100,0.01,99,,0,11,0x96e9a343,0x4b74d343,1500000,NOT_RUN,0,,0,False,,independent,forward,CERTIFIED,0x96e9a343,1,0x96e9a343,221925286471394647560977097471743827297284700244831621162291400,168651685132527936382443441048211006833610187816410229311116228,53273601338866711178533656423532820463674512428421391851175172,62,32,32,1,30,0.4838709677419355,30,31,30,0,0,0,0,0,189492,189492,0,0,22268,13233,277178,0,1,0,1500000,True,chain_relaxed,forward,CERTIFIED,0x96e9a343,1,0x96e9a343,221925286471394647560977097471743827297284700244831621162291400,168651685132527936382443441048211006833610187816410229311116228,53273601338866711178533656423532820463674512428421391851175172,62,32,32,1,30,0.4838709677419355,30,31,30,0,30,0,0,0,187520,187520,0,0,18316,11268,274669,0,1,0,1500000,True,alignment_consistent,forward,CERTIFIED,0x96e9a343,1,0x96e9a343,221925286471394647560977097471743827297284700244831621162291400,221200526482897920999980391861329414950198379131301574242577498,724759988496726560996705610414412347086321113530046919713902,53,29,29,1,24,0.4528301886792453,21,22,21,0,22,22,0,0,187447294,205581,0,187241713,37975,36958,187660121,0,1,0,1500000,True,1.0,1.0,1.0091346311378422,1.169811320754717,1.103448275862069,0.0014770213219674946
natural,3,14218811110332440763,15431965534822413794,random_systematic_linear,forward,32,24,0.75,R3_4,1,100,0.01,99,,0,19,0x7b044840,0x3d844840,1500000,NOT_RUN,0,,0,False,,independent,forward,CERTIFIED,0x7b044840,1,0x7b044840,368401052485821052529488512948592337382040708308073948168790988,313632958316630899237526399142287135515134735237534812403128424,54768094169190153291962113806305201866905973070539135765662564,60,32,32,1,28,0.4666666666666667,28,29,28,0,0,0,0,0,199181,199181,0,0,22125,23142,290086,0,1,0,1500000,True,chain_relaxed,forward,CERTIFIED,0x7b044840,1,0x7b044840,368401052485821052529488512948592337382040708308073948168790988,313632958316630899237526399142287135515134735237534812403128424,54768094169190153291962113806305201866905973070539135765662564,60,32,32,1,28,0.4666666666666667,28,29,28,0,28,0,0,0,189194,189194,0,0,20901,11608,283844,0,1,0,1500000,True,alignment_consistent,forward,CERTIFIED,0x7b044840,1,0x7b044840,368401052485821052529488512948592337382040708308073948168790988,367646331689100253948768727727589688138190419500599949554200310,754720796720798580719785221002649243850288807473998614590678,52,27,27,1,25,0.4807692307692308,20,21,20,0,21,21,0,0,192732115,209346,0,192522769,50317,10874,192946492,0,1,0,1500000,True,1.0,1.0,1.0219909527768773,1.1538461538461537,1.1851851851851851,0.0015034530920624357
natural,1,10317861632039656238,15431965534822413794,random_systematic_linear,forward,32,24,0.75,R3_4,1,100,0.01,99,,1,21,0x7772295a,0x3bb0295a,1500000,NOT_RUN,0,,0,False,,independent,forward,CERTIFIED,0x7772295a,1,0x7772295a,3003935262649193556707642953758294082697757121923688927834302,2435781027521004220302877980760091628023964257848207281385074,568154235128189336404764972998202454673792864075481646449228,2045,970,970,4,1075,0.5256723716381418,61,30,61,0,0,0,0,0,390947,390947,0,0,536232,44189,1469250,1,2,1,1500000,True,chain_relaxed,forward,CERTIFIED,0x7772295a,1,0x7772295a,3003935262649193556707642953758294082697757121923688927834302,2435781027521004220302877980760091628023964257848207281385074,568154235128189336404764972998202454673792864075481646449228,2045,970,970,4,1075,0.5256723716381418,61,30,61,0,29,0,0,0,407767,407767,0,0,520459,43054,1520845,1,2,1,1500000,True,alignment_consistent,forward,CERTIFIED,0x7772295a,1,0x7772295a,3003935262649193556707642953758294082697757121923688927834302,2234122328869054416412882410236782453333885364547399060810204,769812933780139140294760543521511629363871757376289867024098,2044,970,970,4,1074,0.525440313111546,60,29,60,0,29,29,0,0,242207603,485395,0,241722208,601525,51723,243526963,1,2,1,1500000,True,1.0,1.0,0.9660747807962021,1.0004892367906066,1.0,0.006033212839762634
natural,1,11102747628257082013,15431965534822413794,random_systematic_linear,forward,32,24,0.75,R3_4,1,20,0.05,19,,0,24,0x7e798921,0x3f798921,1500000,NOT_RUN,0,,0,False,,independent,forward,CERTIFIED,0x7e798921,1,0x7e798921,11100166710299115914702937464093907535640,7374931772710246881456304620989865388832,3725234937588869033246632843104042146808,64,33,33,1,31,0.484375,32,33,32,0,0,0,0,0,197141,197141,0,0,22999,13535,281459,1,1,0,1500000,True,chain_relaxed,forward,CERTIFIED,0x7e798921,1,0x7e798921,11100166710299115914702937464093907535640,7374931772710246881456304620989865388832,3725234937588869033246632843104042146808,64,33,33,1,31,0.484375,32,33,32,0,32,0,0,0,242389,242389,0,0,27559,58559,421424,1,1,0,1500000,True,alignment_consistent,forward,CERTIFIED,0x7e798921,1,0x7e798921,11100166710299115914702937464093907535640,10155285679002558011356215803938417292720,944881031296557903346721660155490242920,57,32,32,1,25,0.43859649122807015,25,26,25,0,26,26,0,0,226174468,253375,0,225921093,69744,13505,226466873,0,1,0,1500000,True,1.0,1.0,0.6678760583165648,1.1228070175438596,1.03125,0.001242826362511748
natural,2,14450621987413972396,15431965534822413794,random_systematic_linear,forward,32,24,0.75,R3_4,1,20,0.05,19,,1,30,0x2e1d5e93,0x261d5e93,1500000,NOT_RUN,0,,0,False,,independent,forward,CERTIFIED,0x2e1d5e93,1,0x2e1d5e93,512747250740179366568985819651112737098,388154303826855099024016032683677125728,124592946913324267544969786967435611370,2048,974,974,3,1074,0.5244140625,64,34,64,0,0,0,0,0,365817,365817,0,0,534708,36016,1453335,2,2,1,1500000,True,chain_relaxed,forward,CERTIFIED,0x2e1d5e93,1,0x2e1d5e93,512747250740179366568985819651112737098,388154303826855099024016032683677125728,124592946913324267544969786967435611370,2048,974,974,3,1074,0.5244140625,64,34,64,0,33,0,0,0,367124,367124,0,0,518338,29600,1442072,2,2,1,1500000,True,alignment_consistent,forward,CERTIFIED,0x2e1d5e93,1,0x2e1d5e93,512747250740179366568985819651112737098,280402535310956562648292269464003586080,232344715429222803920693550187109151018,2047,974,974,3,1073,0.524181729360039,63,33,63,0,33,32,0,1,270892086,482846,0,270409240,608057,40138,272307963,1,2,1,1500000,True,1.0,1.0,1.0078102896387975,1.0004885197850513,1.0,0.005337100626763529
natural,0,12626982496944407598,15431965534822413794,random_systematic_linear,forward,32,24,0.75,R3_4,1,20,0.05,19,,2,25,0xe4e5c8c0,0x72e5ecc0,1500000,NOT_RUN,0,,0,False,,independent,forward,CERTIFIED,0xe5cbd982,1,0xe5cbd982,5787271261962113008968264193830366473858,5628237405489398935848232473913318323056,159033856472714073120031719917048150802,2024,954,954,3,1070,0.5286561264822134,40,41,40,0,0,0,0,0,233374,233374,0,0,527461,33064,1307826,1,2,1,1500000,True,chain_relaxed,forward,CERTIFIED,0xe5cbd982,1,0xe5cbd982,5787271261962113008968264193830366473858,5628237405489398935848232473913318323056,159033856472714073120031719917048150802,2024,954,954,3,1070,0.5286561264822134,40,41,40,0,40,0,0,0,238839,238839,0,0,522879,31566,1330930,1,2,1,1500000,True,alignment_consistent,forward,CERTIFIED,0xe5cbd982,1,0xe5cbd982,5787271261962113008968264193830366473858,5095202746751254058763739847202755757320,692068515210858950204524346627610716538,61,33,33,2,28,0.45901639344262296,29,30,29,0,30,30,0,0,258055627,286363,0,257769264,59337,23829,258344719,0,1,0,1500000,True,1.0,1.0,0.9826407098795579,33.18032786885246,28.90909090909091,0.005062329143256069
natural,3,13697970013350940045,15431965534822413794,random_systematic_linear,forward,32,24,0.75,R3_4,1,20,0.05,19,,2,10,0x99b6ed2e,0x4cda552e,1500000,NOT_RUN,0,,0,False,,independent,forward,CERTIFIED,0x98da542e,1,0x98da542e,741937050166143595034238142493011734302,606491099729461092225025051068245508950,135445950436682502809213091424766225352,2047,984,984,8,1063,0.5192965315095261,63,33,63,0,0,0,0,0,412771,412771,0,0,581318,92836,1651274,1,2,1,1500000,True,chain_relaxed,forward,CERTIFIED,0x98da542e,1,0x98da542e,741937050166143595034238142493011734302,606491099729461092225025051068245508950,135445950436682502809213091424766225352,2047,984,984,8,1063,0.5192965315095261,63,33,63,0,32,0,0,0,369514,369514,0,0,527950,82000,1517040,1,2,1,1500000,True,alignment_consistent,forward,CERTIFIED,0x98da542e,1,0x98da542e,741937050166143595034238142493011734302,704877340337638694483350193525475641444,37059709828504900550887948967536092858,2045,983,983,8,1062,0.5193154034229829,61,31,61,0,31,30,0,1,236933739,432684,0,236501055,565545,85994,238245132,1,2,1,1500000,True,1.0,1.0,1.088484153351263,1.0009779951100244,1.0010172939979654,0.006930987366407134
stress,0,1957940225266715164,5142945076974345042,random_systematic_linear,even_odd,16,12,0.75,R3_4,1,100,0.01,99,0,0,5,0x88be,0x445e,2500000,PASS,19082689,4317757109944347918153160211400,1,False,,independent,even_odd,CERTIFIED,0x88be,1,0x88be,4317757109944347918153160211400,3544482916097431496532658709208,773274193846916421620501502192,28,15,15,5,13,0.4642857142857143,12,15,12,0,0,0,0,0,43081,43081,0,0,8938,29919,111394,0,1,0,2500000,True,chain_relaxed,even_odd,CERTIFIED,0x88be,1,0x88be,4317757109944347918153160211400,3544482916097431496532658709208,773274193846916421620501502192,23,14,14,5,9,0.391304347826087,7,10,7,6,4,0,0,0,1268007,31538,1236469,0,8565,24720,1332459,0,1,0,2500000,True,alignment_consistent,even_odd,CERTIFIED,0x88be,1,0x88be,4317757109944347918153160211400,3457963784107474376163998253498,859793325836873541989161957902,18,10,10,5,8,0.4444444444444444,2,5,2,1,4,3,0,2,3795223,9912,213571,3571740,7269,29160,3858686,0,1,0,2500000,True,1.2173913043478262,1.0714285714285714,0.08360032091043702,1.5555555555555556,1.5,0.02886837643695289
stress,1,995608491306983634,5142945076974345042,random_systematic_linear,even_odd,16,12,0.75,R3_4,1,100,0.01,99,1,1,3,0xb102,0x5886,2500000,PASS,19386920,4326706937812275743250727586196,1,False,,independent,even_odd,CERTIFIED,0xb106,1,0xb106,4326706937812275743250727586196,3544482916097431496532658709208,782224021714844246718068876988,28,16,16,4,12,0.42857142857142855,12,14,12,0,0,0,0,0,54725,54725,0,0,11063,24757,117616,0,1,0,2500000,True,chain_relaxed,even_odd,CERTIFIED,0xb106,1,0xb106,4326706937812275743250727586196,3544482916097431496532658709208,782224021714844246718068876988,23,14,14,3,9,0.391304347826087,7,9,7,6,3,0,0,0,1287541,33373,1254168,0,12470,20259,1362856,0,1,0,2500000,True,alignment_consistent,even_odd,CERTIFIED,0xb106,1,0xb106,4326706937812275743250727586196,3466737221567720623783959065796,859969716244555119466768520400,19,10,10,3,9,0.47368421052631576,3,5,3,2,3,4,0,1,5263910,15746,457856,4790308,9129,20680,5325019,0,1,0,2500000,True,1.2173913043478262,1.1428571428571428,0.08630112058794179,1.4736842105263157,1.6,0.022087432927469366
stress,2,395084451668980414,5142945076974345042,random_systematic_linear,even_odd,16,12,0.75,R3_4,1,100,0.01,99,2,2,4,0xefd1,0x76e0,2500000,PASS,18984562,17905887653685155360081792298,1,False,,independent,even_odd,CERTIFIED,0xece2,1,0xece2,17905887653685155360081792298,10003739662188235061515228086,7902147991496920298566564212,511,225,225,11,286,0.5596868884540117,31,17,31,0,0,0,0,0,130208,130208,0,0,95319,57998,422271,1,2,1,2500000,True,chain_relaxed,even_odd,CERTIFIED,0xece2,1,0xece2,17905887653685155360081792298,10003739662188235061515228086,7902147991496920298566564212,511,225,225,11,286,0.5596868884540117,31,17,31,13,3,0,0,0,2623546,124005,2499541,0,95177,54207,2930238,1,2,1,2500000,True,alignment_consistent,even_odd,CERTIFIED,0xece2,1,0xece2,17905887653685155360081792298,17728592954394458919698506404,177294699290696440383285894,503,223,223,11,280,0.5566600397614314,23,9,23,6,3,8,0,1,10780766,96725,1198234,9485807,99959,59019,11120077,1,2,1,2500000,True,1.0,1.0,0.14410808951354806,1.0159045725646123,1.0089686098654709,0.03797374784365252
stress,0,17415219443584472188,5142945076974345042,random_systematic_linear,even_odd,16,12,0.75,R3_4,1,20,0.05,19,0,0,5,0x7bf1,0x3df1,2500000,PASS,18523740,94495267154610677734,1,False,,independent,even_odd,CERTIFIED,0x7bf1,1,0x7bf1,94495267154610677734,84694708692985716826,9800558461624960908,27,16,16,3,11,0.4074074074074074,11,12,11,0,0,0,0,0,37532,37532,0,0,8893,17723,92034,0,1,0,2500000,True,chain_relaxed,even_odd,CERTIFIED,0x7bf1,1,0x7bf1,94495267154610677734,70312588348893802648,24182678805716875086,24,15,15,3,9,0.375,8,9,8,7,2,0,0,0,1449840,34673,1415167,0,8589,16795,1511394,0,1,0,2500000,True,alignment_consistent,even_odd,CERTIFIED,0x7bf1,1,0x7bf1,94495267154610677734,77720669873267141734,16774597281343536000,19,14,14,3,5,0.2631578947368421,3,4,3,2,2,4,0,0,5001720,14485,407312,4579923,11785,20441,5063348,0,1,0,2500000,True,1.125,1.0666666666666667,0.06089345332851659,1.4210526315789473,1.1428571428571428,0.018176510877782843
stress,1,6840908535923565097,5142945076974345042,random_systematic_linear,even_odd,16,12,0.75,R3_4,1,20,0.05,19,1,1,9,0xb0a3,0x5ca3,2500000,PASS,17848465,32936688781400236498,1,False,,independent,even_odd,CERTIFIED,0xb9a3,1,0xb9a3,32936688781400236498,27166227316618060114,5770461464782176384,31,17,17,2,14,0.45161290322580644,15,16,15,0,0,0,0,0,50913,50913,0,0,9050,11807,98153,0,1,0,2500000,True,chain_relaxed,even_odd,CERTIFIED,0xb9a3,1,0xb9a3,32936688781400236498,27166227316618060114,5770461464782176384,30,17,17,2,13,0.43333333333333335,14,15,14,13,2,0,0,0,2648788,61684,2587104,0,14560,14848,2738130,0,1,0,2500000,True,alignment_consistent,even_odd,CERTIFIED,0xb9a3,1,0xb9a3,32936688781400236498,17708856290803729600,15227832490596506898,24,15,15,2,9,0.375,8,9,8,7,2,9,0,0,11850415,42765,1440248,10367402,13293,13514,11931497,0,1,0,2500000,True,1.0333333333333334,1.0,0.0358467275111116,1.2916666666666667,1.1333333333333333,0.008226377628892669
stress,2,8337803002933361506,5142945076974345042,random_systematic_linear,even_odd,16,12,0.75,R3_4,1,20,0.05,19,2,2,4,0xdb00,0x6880,2500000,PASS,17630713,32888461814216373832,1,False,,independent,even_odd,CERTIFIED,0xc880,1,0xc880,32888461814216373832,27166227316618060114,5722234497598313718,31,17,17,1,14,0.45161290322580644,15,16,15,0,0,0,0,0,49835,49835,0,0,9083,6936,90416,0,1,0,2500000,True,chain_relaxed,even_odd,CERTIFIED,0xc880,1,0xc880,32888461814216373832,27166227316618060114,5722234497598313718,27,16,16,1,11,0.4074074074074074,11,12,11,10,2,0,0,0,2099830,47899,2051931,0,12812,5735,2159429,0,1,0,2500000,True,alignment_consistent,even_odd,CERTIFIED,0xc880,1,0xc880,32888461814216373832,20822990025274994266,12065471788941379566,24,13,13,1,11,0.4583333333333333,8,9,8,7,2,9,0,0,12137710,41900,1493599,10602211,14575,6486,12212428,0,1,0,2500000,True,1.1481481481481481,1.0625,0.04187032775793972,1.2916666666666667,1.3076923076923077,0.0074036055729458546
stress,3,7084529276853343924,5142945076974345042,random_systematic_linear,even_odd,16,12,0.75,R3_4,1,20,0.05,19,3,3,12,0xf646,0x1e46,2500000,PASS,18519103,18547941077371337218,1,False,,independent,even_odd,CERTIFIED,0x3a46,1,0x3a46,18547941077371337218,12784106972526145936,5763834104845191282,32,17,17,1,15,0.46875,16,17,16,0,0,0,0,0,53440,53440,0,0,8793,6566,96474,1,1,0,2500000,True,chain_relaxed,even_odd,CERTIFIED,0x3a46,1,0x3a46,18547941077371337218,12784106972526145936,5763834104845191282,32,17,17,1,15,0.46875,16,17,16,13,3,0,0,0,2667312,79980,2587332,0,13644,6520,2756285,1,1,0,2500000,True,alignment_consistent,even_odd,CERTIFIED,0x3a46,1,0x3a46,18547941077371337218,16951914510944357320,1596026566426979898,30,16,16,1,14,0.4666666666666667,14,15,14,13,2,15,0,0,19966840,84515,2624974,17257351,16805,6315,20070662,0,1,0,2500000,True,1.0,1.0,0.03500146029891684,1.0666666666666667,1.0625,0.004806717386800694
stress,0,9034991787028950795,11664707829205286127,random_systematic_linear,even_odd,24,18,0.75,R3_4,1,100,0.01,99,0,0,7,0xa2bb27,0x515da7,2500000,NOT_RUN,0,,0,False,,independent,even_odd,CERTIFIED,0xa2bb27,1,0xa2bb27,16115253191215637050035587513382761073416265702,9779893192376360914013744007833947575401551722,6335359998839276136021843505548813498014713980,47,25,25,2,22,0.46808510638297873,23,24,23,0,0,0,0,0,125000,125000,0,0,15767,18653,193922,0,1,0,2500000,True,chain_relaxed,even_odd,CERTIFIED,0xa2bb27,1,0xa2bb27,16115253191215637050035587513382761073416265702,9779893192376360914013744007833947575401551722,6335359998839276136021843505548813498014713980,42,24,24,2,18,0.42857142857142855,18,19,18,17,2,0,0,0,8178771,126247,8052524,0,19726,17948,8292194,0,1,0,2500000,True,alignment_consistent,even_odd,CERTIFIED,0xa2bb27,1,0xa2bb27,16115253191215637050035587513382761073416265702,16035049236915021170961178691050153438326119502,80203954300615879074408822332607635090146200,35,23,23,2,12,0.34285714285714286,11,12,11,10,2,12,0,0,53595151,85922,4935494,48573735,24305,19883,53725716,0,1,0,2500000,True,1.119047619047619,1.0416666666666667,0.023386090581093495,1.3428571428571427,1.0869565217391304,0.003609481909929316
stress,1,16419134551944301755,11664707829205286127,random_systematic_linear,even_odd,24,18,0.75,R3_4,1,100,0.01,99,1,1,6,0xad2b49,0x569789,2500000,NOT_RUN,0,,0,False,,independent,even_odd,CERTIFIED,0xad1789,1,0xad1789,23970423489532108694566479139757355799315770600,17635872969859011484287079358389085791707716220,6334550519673097210279399781368270007608054380,46,25,25,1,21,0.45652173913043476,22,23,22,0,0,0,0,0,122124,122124,0,0,15950,10934,187030,0,1,0,2500000,True,chain_relaxed,even_odd,CERTIFIED,0xad1789,1,0xad1789,23970423489532108694566479139757355799315770600,17635872969859011484287079358389085791707716220,6334550519673097210279399781368270007608054380,36,24,24,1,12,0.3333333333333333,12,13,12,11,2,0,0,0,5306238,82057,5224181,0,19967,9724,5394848,0,1,0,2500000,True,alignment_consistent,even_odd,CERTIFIED,0xad1789,1,0xad1789,23970423489532108694566479139757355799315770600,23970398786264257704304888950362331053642794698,24703267850990261590189395024745672975902,32,20,20,1,12,0.375,8,9,8,7,2,9,0,0,40675198,63150,3480226,37131822,19545,9092,40766259,0,1,0,2500000,True,1.2777777777777777,1.0416666666666667,0.03466826127446038,1.4375,1.25,0.00458786272245388
stress,2,4218164581337811019,11664707829205286127,random_systematic_linear,even_odd,24,18,0.75,R3_4,1,100,0.01,99,2,2,20,0x24cdf4,0x3ccdf4,2500000,NOT_RUN,0,,0,False,,independent,even_odd,CERTIFIED,0x79adf4,1,0x79adf4,8099733148254766012832032252889188223828112294,1923913414893710343740408657278809359095387224,6175819733361055669091623595610378864732725070,48,25,25,1,23,0.4791666666666667,24,6,24,0,0,0,0,0,134443,134443,0,0,16406,10386,196160,1,1,0,2500000,True,chain_relaxed,even_odd,CERTIFIED,0x79adf4,1,0x79adf4,8099733148254766012832032252889188223828112294,1923913414893710343740408657278809359095387224,6175819733361055669091623595610378864732725070,48,25,25,1,23,0.4791666666666667,24,6,24,4,1,0,0,0,2050380,136493,1913887,0,15113,9079,2115020,1,1,0,2500000,True,alignment_consistent,even_odd,CERTIFIED,0x79adf4,1,0x79adf4,8099733148254766012832032252889188223828112294,8019561331921797353182242197284402885023511494,80171816332968659649790055604785338804600800,47,24,24,1,23,0.48936170212765956,23,5,23,4,1,5,0,0,22851611,140274,1906366,20804971,16092,10889,22941883,0,1,0,2500000,True,1.0,1.0,0.09274616788493725,1.0212765957446808,1.0416666666666667,0.008550300775224074
stress,0,2036658194996687367,11664707829205286127,random_systematic_linear,even_odd,24,18,0.75,R3_4,1,20,0.05,19,0,0,3,0xc6c2bb,0x63615b,2500000,NOT_RUN,0,,0,False,,independent,even_odd,CERTIFIED,0xc6c2bb,1,0xc6c2bb,802811469343924390315299128538,569939177563311818127657622362,232872291780612572187641506176,47,25,25,2,22,0.46808510638297873,23,24,23,0,0,0,0,0,120445,120445,0,0,16899,18275,204160,0,1,0,2500000,True,chain_relaxed,even_odd,CERTIFIED,0xc6c2bb,1,0xc6c2bb,802811469343924390315299128538,569939177563311818127657622362,232872291780612572187641506176,45,24,24,2,21,0.4666666666666667,21,22,21,20,2,0,0,0,9450454,137605,9312849,0,21633,21046,9579034,0,1,0,2500000,True,alignment_consistent,even_odd,CERTIFIED,0xc6c2bb,1,0xc6c2bb,802811469343924390315299128538,314333732060718573765152546898,488477737283205816550146581640,36,23,23,2,13,0.3611111111111111,12,13,12,11,2,13,0,0,56831574,94067,5275287,51462220,28454,18762,56969321,0,1,0,2500000,True,1.0444444444444445,1.0416666666666667,0.02131321383763749,1.3055555555555556,1.0869565217391304,0.003583683224871155
stress,1,2712298163871463059,11664707829205286127,random_systematic_linear,even_odd,24,18,0.75,R3_4,1,20,0.05,19,1,1,4,0xa4136f,0x5209af,2500000,NOT_RUN,0,,0,False,,independent,even_odd,CERTIFIED,0xa4136f,1,0xa4136f,547162158777737988951445377120,325679530036178181787232927064,221482628741559807164212450056,48,25,25,1,23,0.4791666666666667,24,21,24,0,0,0,0,0,122685,122685,0,0,15141,10160,181290,1,1,0,2500000,True,chain_relaxed,even_odd,CERTIFIED,0xa4136f,1,0xa4136f,547162158777737988951445377120,325679530036178181787232927064,221482628741559807164212450056,48,25,25,1,23,0.4791666666666667,24,21,24,19,1,0,0,0,8785284,156098,8629186,0,21718,8995,8899823,1,1,0,2500000,True,alignment_consistent,even_odd,CERTIFIED,0xa4136f,1,0xa4136f,547162158777737988951445377120,544275233471124110824425810978,2886925306613878127019566142,35,21,21,1,14,0.4,11,8,11,8,0,8,0,0,36145008,75641,3801982,32267385,20318,9179,36231905,0,1,0,2500000,True,1.0,1.0,0.020370068033937302,1.3714285714285714,1.1904761904761905,0.005003601107918559
stress,2,2596739468959224936,11664707829205286127,random_systematic_linear,even_odd,24,18,0.75,R3_4,1,20,0.05,19,2,2,13,0x72af8c,0x396f8e,2500000,NOT_RUN,0,,0,False,,independent,even_odd,CERTIFIED,0x725f1e,1,0x725f1e,57330864877704246310460402364,55708340664083110042553000682,1622524213621136267907401682,1149,533,533,7,616,0.536118363794604,45,26,45,0,0,0,0,0,223379,223379,0,0,278768,56550,862545,1,2,1,2500000,True,chain_relaxed,even_odd,CERTIFIED,0x725f1e,1,0x725f1e,57330864877704246310460402364,55708340664083110042553000682,1622524213621136267907401682,1142,532,532,7,610,0.5341506129597198,38,19,38,13,6,0,0,0,6058859,213237,5845622,0,281597,58101,6758345,1,2,1,2500000,True,alignment_consistent,even_odd,CERTIFIED,0x725f1e,1,0x725f1e,57330864877704246310460402364,42215634067476225885223017498,15115230810228020425237384866,1139,532,532,7,607,0.5329236172080772,35,16,35,10,6,12,0,4,53299745,203694,4605368,48490683,276674,59770,54001262,1,2,1,2500000,True,1.0061295971978985,1.0018796992481203,0.12762666007728224,1.0087796312554873,1.0018796992481203,0.015972682268055143
stress,3,15454042233117057955,11664707829205286127,random_systematic_linear,even_odd,24,18,0.75,R3_4,1,20,0.05,19,3,3,9,0xd6965c,0x6b624c,2500000,NOT_RUN,0,,0,False,,independent,even_odd,CERTIFIED,0xd4c24c,1,0xd4c24c,56577196611815949558922683444,55708340664083110042553000682,868855947732839516369682762,1149,544,544,6,605,0.5265448215839861,45,23,45,0,0,0,0,0,228073,228073,0,0,290672,54151,879059,1,2,1,2500000,True,chain_relaxed,even_odd,CERTIFIED,0xd4c24c,1,0xd4c24c,56577196611815949558922683444,55708340664083110042553000682,868855947732839516369682762,1140,541,541,6,599,0.525438596491228,36,14,36,11,3,0,0,0,5198122,195461,5002661,0,284956,57636,5868966,1,2,1,2500000,True,alignment_consistent,even_odd,CERTIFIED,0xd4c24c,1,0xd4c24c,56577196611815949558922683444,42929953123725753637724935098,13647243488090195921197748346,1139,541,541,6,598,0.5250219490781387,35,13,35,10,3,12,0,1,52979545,205713,4664622,48109210,280758,52755,53664709,1,2,1,2500000,True,1.0078947368421052,1.0055452865064696,0.14978089837289907,1.0087796312554873,1.0055452865064696,0.01638057890148999
stress,0,12280599663102915667,15431965534822413794,random_systematic_linear,even_odd,32,24,0.75,R3_4,1,100,0.01,99,0,0,22,0x638fd5e7,0x31cfd5e7,2500000,NOT_RUN,0,,0,False,,independent,even_odd,CERTIFIED,0x638fd5e7,1,0x638fd5e7,226378429088840035414199626057208882523766391465568729135419208,168651685132527936382443441048211006833610187816410229311116228,57726743956312099031756185008997875690156203649158499824302980,62,32,32,1,30,0.4838709677419355,30,31,30,0,0,0,0,0,227495,227495,0,0,23697,13918,308127,0,1,0,2500000,True,chain_relaxed,even_odd,CERTIFIED,0x638fd5e7,1,0x638fd5e7,226378429088840035414199626057208882523766391465568729135419208,168651685132527936382443441048211006833610187816410229311116228,57726743956312099031756185008997875690156203649158499824302980,59,31,31,1,28,0.4745762711864407,27,28,27,26,2,0,0,0,22042841,245380,21797461,0,28623,12547,22199119,0,1,0,2500000,True,alignment_consistent,even_odd,CERTIFIED,0x638fd5e7,1,0x638fd5e7,226378429088840035414199626057208882523766391465568729135419208,222672383078395089234191363960463270002059369837075806029854290,3706046010444946180008262096745612521707021628492923105564918,46,29,29,1,17,0.3695652173913043,14,15,14,13,2,15,0,0,143247519,129498,9878949,133239072,31607,12896,143404040,0,1,0,2500000,True,1.0508474576271187,1.032258064516129,0.013880145423789115,1.3478260869565217,1.103448275862069,0.002148663315203672
stress,1,6375760075942415372,15431965534822413794,random_systematic_linear,even_odd,32,24,0.75,R3_4,1,100,0.01,99,1,1,23,0x2b780c4c,0x11f80c4c,2500000,NOT_RUN,0,,0,False,,independent,even_odd,CERTIFIED,0x22d80c4c,1,0x22d80c4c,1517516396390014153905901082362537765492536385430864612973510,971323722631075302574767292941140833261090041473211492576870,546192673758938851331133789421396932231446343957653120396640,2047,947,947,5,1100,0.537371763556424,63,33,63,0,0,0,0,0,383587,383587,0,0,487713,51315,1388343,1,2,1,2500000,True,chain_relaxed,even_odd,CERTIFIED,0x22d80c4c,1,0x22d80c4c,1517516396390014153905901082362537765492536385430864612973510,971323722631075302574767292941140833261090041473211492576870,546192673758938851331133789421396932231446343957653120396640,2046,947,947,5,1099,0.5371456500488758,62,32,62,29,3,0,0,0,24631873,531316,24100557,0,598506,66058,25974083,1,2,1,2500000,True,alignment_consistent,even_odd,CERTIFIED,0x22d80c4c,1,0x22d80c4c,1517516396390014153905901082362537765492536385430864612973510,822496898765673625443984908282021586767051425376354615112192,695019497624340528461916174080516178725484960054509997861318,2043,946,946,5,1097,0.5369554576603035,59,29,59,26,3,28,0,1,264649991,475049,19080170,245094772,616350,71571,266049141,1,2,1,2500000,True,1.0004887585532747,1.0,0.05345108814813597,1.0019579050416054,1.0010570824524312,0.00521837054155345
stress,2,16148570789117604076,15431965534822413794,random_systematic_linear,even_odd,32,24,0.75,R3_4,1,100,0.01,99,2,2,2,0x16e821ef,0x2f7410f7,2500000,NOT_RUN,0,,0,False,,independent,even_odd,CERTIFIED,0x5ee820f3,1,0x5ee820f3,3736391070121762886755157187633713752824605852775604429377600,3168009679965968679166933324669567025405401366035705175789176,568381390155794207588223862964146727419204486739899253588424,2044,960,960,9,1084,0.5303326810176126,60,30,60,0,0,0,0,0,400813,400813,0,0,537729,93644,1546129,1,2,1,2500000,True,chain_relaxed,even_odd,CERTIFIED,0x5ee820f3,1,0x5ee820f3,3736391070121762886755157187633713752824605852775604429377600,3168009679965968679166933324669567025405401366035705175789176,568381390155794207588223862964146727419204486739899253588424,2037,957,957,9,1080,0.5301914580265096,53,23,53,20,3,0,0,0,14516456,371555,14144901,0,541284,87497,15702420,1,2,1,2500000,True,alignment_consistent,even_odd,CERTIFIED,0x5ee820f3,1,0x5ee820f3,3736391070121762886755157187633713752824605852775604429377600,2988766144065399195704440890901772955675912885684001456538400,747624926056363691050716296731940797148692967091602972839200,2029,955,955,9,1074,0.5293247905372105,45,15,45,12,3,14,0,1,135611038,391857,8934500,126284681,616465,113689,137031072,1,2,1,2500000,True,1.0034364261168385,1.0031347962382444,0.0984643768285398,1.0073928043371119,1.0052356020942408,0.01128305410907097
stress,0,18066093646739861566,15431965534822413794,random_systematic_linear,even_odd,32,24,0.75,R3_4,1,20,0.05,19,0,0,29,0x263a92dc,0x63a92dc,2500000,NOT_RUN,0,,0,False,,independent,even_odd,CERTIFIED,0x263a92dc,1,0x263a92dc,5327009759235713784785347318455507703142,5191563813684186949446214437144181556612,135445945551526835339132881311326146530,2026,968,968,5,1058,0.5222112537018756,42,12,42,0,0,0,0,0,298981,298981,0,0,643426,58836,1591151,1,2,1,2500000,True,chain_relaxed,even_odd,CERTIFIED,0x263a92dc,1,0x263a92dc,5327009759235713784785347318455507703142,5191563813684186949446214437144181556612,135445945551526835339132881311326146530,2022,964,964,5,1058,0.52324431256182,38,8,38,5,3,0,0,0,4437930,263959,4173971,0,609776,58142,5667822,1,2,1,2500000,True,alignment_consistent,even_odd,CERTIFIED,0x263a92dc,1,0x263a92dc,5327009759235713784785347318455507703142,2123392732965148125033038215005645247106,3203617026270565659752309103449862456036,64,33,33,1,31,0.484375,32,2,32,0,2,2,0,0,19534079,227024,0,19307055,24225,11897,19620011,1,1,0,2500000,True,1.0019782393669634,1.004149377593361,0.2807341162090129,31.65625,29.333333333333332,0.0810983745116147
stress,1,509578658943956777,15431965534822413794,random_systematic_linear,even_odd,32,24,0.75,R3_4,1,20,0.05,19,1,1,15,0x2ba60899,0x1dd30899,2500000,NOT_RUN,0,,0,False,,independent,even_odd,CERTIFIED,0x2ba60899,1,0x2ba60899,1191987606257672644641562463038252879346,1043164691534673078627043087837382275394,148822914722999566014519375200870603952,2045,973,973,3,1072,0.5242053789731052,61,32,61,0,0,0,0,0,369792,369792,0,0,564245,37230,1490046,1,2,1,2500000,True,chain_relaxed,even_odd,CERTIFIED,0x2ba60899,1,0x2ba60899,1191987606257672644641562463038252879346,1043164691534673078627043087837382275394,148822914722999566014519375200870603952,2039,971,971,3,1068,0.523786169691025,55,26,55,22,4,0,0,0,15515208,383806,15131402,0,517523,32343,16639041,1,2,1,2500000,True,alignment_consistent,even_odd,CERTIFIED,0x2ba60899,1,0x2ba60899,1191987606257672644641562463038252879346,946867201004923415984194955894812023626,245120405252749228657367507143440855720,2030,968,968,3,1062,0.5231527093596059,46,17,46,13,4,15,0,2,136984696,306744,9321227,127356725,525493,32006,138106619,1,2,1,2500000,True,1.0029426189308484,1.0020597322348095,0.08955119468724189,1.0073891625615763,1.0051652892561984,0.010789099109000706
stress,2,14913714729237821065,15431965534822413794,random_systematic_linear,even_odd,32,24,0.75,R3_4,1,20,0.05,19,2,2,25,0xd01a021d,0x6892021d,2500000,NOT_RUN,0,,0,False,,independent,even_odd,CERTIFIED,0xd104051d,1,0xd104051d,281812365506728559752022303017616166530,273240200720220365760327075639167450348,8572164786508193991695227378448716182,31786,13394,13394,50,18392,0.5786195180268042,74,44,74,0,0,0,0,0,427694,427694,0,0,7163150,497709,15339148,2,3,2,2500000,True,chain_relaxed,even_odd,CERTIFIED,0xd104051d,1,0xd104051d,281812365506728559752022303017616166530,273240200720220365760327075639167450348,8572164786508193991695227378448716182,31782,13390,13390,50,18392,0.5786923415769932,70,40,70,34,6,0,0,0,24079118,463279,23615839,0,7202116,530112,39052750,2,3,2,2500000,True,alignment_consistent,even_odd,CERTIFIED,0xd104051d,1,0xd104051d,281812365506728559752022303017616166530,280938381676820617464168675996931458008,873983829907942287853627020684708522,2045,958,958,2,1087,0.5315403422982885,61,31,61,28,3,30,0,1,271320241,434579,19884995,251000667,519627,22567,272498863,1,2,1,2500000,True,1.0001258574035619,1.0002987303958177,0.39278022674459545,15.543276283618582,13.981210855949895,0.05629068624774409
stress,3,1693317654507481240,15431965534822413794,random_systematic_linear,even_odd,32,24,0.75,R3_4,1,20,0.05,19,3,3,31,0x36b9fb36,0x36f1fb16,2500000,NOT_RUN,0,,0,False,,independent,even_odd,CERTIFIED,0x76f5fb16,1,0x76f5fb16,716978979763370392312818132953555533550,606491099729461092225025051068245508950,110487880033909300087793081885310024600,2047,963,963,3,1084,0.5295554469956033,63,34,63,0,0,0,0,0,369517,369517,0,0,525235,32129,1432321,1,2,1,2500000,True,chain_relaxed,even_odd,CERTIFIED,0x76f5fb16,1,0x76f5fb16,716978979763370392312818132953555533550,606491099729461092225025051068245508950,110487880033909300087793081885310024600,2044,963,963,3,1081,0.5288649706457925,60,31,60,27,4,0,0,0,18354732,393715,17961017,0,540019,29600,19487704,1,2,1,2500000,True,alignment_consistent,even_odd,CERTIFIED,0x76f5fb16,1,0x76f5fb16,716978979763370392312818132953555533550,704237445617768189966406817909765090076,12741534145602202346411315043790443474,2031,961,961,3,1070,0.5268340718857706,47,18,47,14,4,16,0,2,142407002,306145,9659754,132441103,533538,33449,143553572,1,2,1,2500000,True,1.00146771037182,1.0,0.07349870461907673,1.0078778926637124,1.0020811654526536,0.009977606130204828
stress,4,11103914178190695157,15431965534822413794,random_systematic_linear,even_odd,32,24,0.75,R3_4,1,20,0.05,19,4,4,31,0x6d56b8fb,0x6d7638ea,2500000,NOT_RUN,0,,0,False,,independent,even_odd,CERTIFIED,0xdaea38ea,1,0xdaea38ea,4892290411602820619734137816912805218044,4754890221878974963044196400375044790168,137400189723845656689941416537760427876,2028,972,972,2,1056,0.5207100591715976,44,45,44,0,0,0,0,0,254408,254408,0,0,523955,23832,1317811,1,2,1,2500000,True,chain_relaxed,even_odd,CERTIFIED,0xdaea38ea,1,0xdaea38ea,4892290411602820619734137816912805218044,4754890221878974963044196400375044790168,137400189723845656689941416537760427876,2023,969,969,2,1054,0.5210084033613446,39,40,39,35,5,0,0,0,25942767,287701,25655066,0,502109,22118,27645744,1,2,1,2500000,True,alignment_consistent,even_odd,CERTIFIED,0xdaea38ea,1,0xdaea38ea,4892290411602820619734137816912805218044,4866012864547730758251218768944181357084,26277547055089861482919047968623860960,59,33,33,1,26,0.4406779661016949,27,28,27,26,2,28,0,0,249211326,233058,18680210,230298058,38757,10767,249429067,0,1,0,2500000,True,1.0024715768660406,1.0030959752321982,0.047667771212813084,34.3728813559322,29.454545454545453,0.005283309663344088
