n,p_num,p_den,p_s,alignment_schedule,observation_index,observation_hex,shell,advanced_fraction,advanced_count,frontier,independent_bound,chain_relaxed_bound,uac_bound,bound_ratio_ind_over_chain,bound_ratio_ind_over_ac,bound_ratio_chain_over_ac,chain_elapsed_ns,uac_elapsed_ns
16,1,100,0.01,forward,0,0x0,0,0.0,0,0 0 0 0 0 0 0 0 0 0 0 0 0 0 0 0,13760933674260616398303263223984,13760933674260616398303263223984,13760933674260616398303263223984,1.0,1.0,1.0,219375,1088298
16,1,100,0.01,even_odd,0,0x0,0,0.0,0,0 0 0 0 0 0 0 0 0 0 0 0 0 0 0 0,13760933674260616398303263223984,13760933674260616398303263223984,13760933674260616398303263223984,1.0,1.0,1.0,214346,1063710
16,1,100,0.01,forward,0,0x0,0,0.25,4,1 1 1 1 0 0 0 0 0 0 0 0 0 0 0 0,10355450088206221431046395052392,10355450088206221431046395052392,990370226556635271090007580514,1.0,10.456140350877194,10.456140350877194,205320,1022142
16,1,100,0.01,even_odd,0,0x0,0,0.25,4,1 0 1 0 1 0 1 0 0 0 0 0 0 0 0 0,10355450088206221431046395052392,10355450088206221431046395052392,990370226556635271090007580514,1.0,10.456140350877194,10.456140350877194,186736,1090713
16,1,100,0.01,forward,0,0x0,0,0.5,8,1 1 1 1 1 1 1 1 0 0 0 0 0 0 0 0,6949966502151826463789526880800,6949966502151826463789526880800,990370226556635271090007580514,1.0,7.017543859649122,7.017543859649122,198321,1044000
16,1,100,0.01,even_odd,0,0x0,0,0.5,8,1 0 1 0 1 0 1 0 1 0 1 0 1 0 1 0,6949966502151826463789526880800,6949966502151826463789526880800,990370226556635271090007580514,1.0,7.017543859649122,7.017543859649122,193485,1018954
16,1,100,0.01,forward,0,0x0,0,0.75,12,1 1 1 1 1 1 1 1 1 1 1 1 0 0 0 0,3544482916097431496532658709208,3544482916097431496532658709208,990370226556635271090007580514,1.0,3.5789473684210527,3.5789473684210527,179121,958682
16,1,100,0.01,even_odd,0,0x0,0,0.75,12,1 1 1 1 1 1 1 1 1 0 1 0 1 0 1 0,3544482916097431496532658709208,3544482916097431496532658709208,990370226556635271090007580514,1.0,3.5789473684210527,3.5789473684210527,187569,1010992
16,1,100,0.01,forward,0,0x0,0,1.0,16,1 1 1 1 1 1 1 1 1 1 1 1 1 1 1 1,138999330043036529275790537616,138999330043036529275790537616,18603445687578121342466915388,1.0,7.471698113207547,7.471698113207547,182648,975768
16,1,100,0.01,even_odd,0,0x0,0,1.0,16,1 1 1 1 1 1 1 1 1 1 1 1 1 1 1 1,138999330043036529275790537616,138999330043036529275790537616,18603445687578121342466915388,1.0,7.471698113207547,7.471698113207547,185150,1019756
16,1,100,0.01,forward,0,0x0,1,0.0,0,1 1 1 1 1 1 1 1 1 1 1 1 1 1 1 1,138999330043036529275790537616,138999330043036529275790537616,18603445687578121342466915388,1.0,7.471698113207547,7.471698113207547,186041,979755
16,1,100,0.01,even_odd,0,0x0,1,0.0,0,1 1 1 1 1 1 1 1 1 1 1 1 1 1 1 1,138999330043036529275790537616,138999330043036529275790537616,18603445687578121342466915388,1.0,7.471698113207547,7.471698113207547,175346,941951
16,1,100,0.01,forward,0,0x0,1,0.25,4,2 2 2 2 1 1 1 1 1 1 1 1 1 1 1 1,104600505941476984151983788408,104600505941476984151983788408,18603445687578121342466915388,1.0,5.622641509433962,5.622641509433962,173330,942342
16,1,100,0.01,even_odd,0,0x0,1,0.25,4,2 1 2 1 2 1 2 1 1 1 1 1 1 1 1 1,104600505941476984151983788408,104600505941476984151983788408,18603445687578121342466915388,1.0,5.622641509433962,5.622641509433962,178860,928065
16,1,100,0.01,forward,0,0x0,1,0.5,8,2 2 2 2 2 2 2 2 1 1 1 1 1 1 1 1,70201681839917439028177039200,70201681839917439028177039200,18603445687578121342466915388,1.0,3.7735849056603774,3.7735849056603774,172957,970109
16,1,100,0.01,even_odd,0,0x0,1,0.5,8,2 1 2 1 2 1 2 1 2 1 2 1 2 1 2 1,70201681839917439028177039200,70201681839917439028177039200,18603445687578121342466915388,1.0,3.7735849056603774,3.7735849056603774,164506,964940
16,1,100,0.01,forward,0,0x0,1,0.75,12,2 2 2 2 2 2 2 2 2 2 2 2 1 1 1 1,35802857738357893904370289992,35802857738357893904370289992,18603445687578121342466915388,1.0,1.9245283018867925,1.9245283018867925,166968,958572
16,1,100,0.01,even_odd,0,0x0,1,0.75,12,2 2 2 2 2 2 2 2 2 1 2 1 2 1 2 1,35802857738357893904370289992,35802857738357893904370289992,18603445687578121342466915388,1.0,1.9245283018867925,1.9245283018867925,161790,1010253
16,1,100,0.01,forward,0,0x0,1,1.0,16,2 2 2 2 2 2 2 2 2 2 2 2 2 2 2 2,1404033636798348780563540784,1404033636798348780563540784,274779310232000077004228310,1.0,5.109677419354838,5.109677419354838,163598,916369
16,1,100,0.01,even_odd,0,0x0,1,1.0,16,2 2 2 2 2 2 2 2 2 2 2 2 2 2 2 2,1404033636798348780563540784,1404033636798348780563540784,274779310232000077004228310,1.0,5.109677419354838,5.109677419354838,157960,934561
16,1,100,0.01,forward,0,0x0,2,0.0,0,2 2 2 2 2 2 2 2 2 2 2 2 2 2 2 2,1404033636798348780563540784,1404033636798348780563540784,274779310232000077004228310,1.0,5.109677419354838,5.109677419354838,160018,932183
16,1,100,0.01,even_odd,0,0x0,2,0.0,0,2 2 2 2 2 2 2 2 2 2 2 2 2 2 2 2,1404033636798348780563540784,1404033636798348780563540784,274779310232000077004228310,1.0,5.109677419354838,5.109677419354838,159516,1019659
16,1,100,0.01,forward,0,0x0,2,0.25,4,3 3 3 3 2 2 2 2 2 2 2 2 2 2 2 2,1056570767085626102545290792,1056570767085626102545290792,274779310232000077004228310,1.0,3.8451612903225807,3.8451612903225807,159091,968091
16,1,100,0.01,even_odd,0,0x0,2,0.25,4,3 2 3 2 3 2 3 2 2 2 2 2 2 2 2 2,1056570767085626102545290792,1056570767085626102545290792,274779310232000077004228310,1.0,3.8451612903225807,3.8451612903225807,151112,910777
16,1,100,0.01,forward,0,0x0,2,0.5,8,3 3 3 3 3 3 3 3 2 2 2 2 2 2 2 2,709107897372903424527040800,709107897372903424527040800,274779310232000077004228310,1.0,2.5806451612903225,2.5806451612903225,149228,951520
16,1,100,0.01,even_odd,0,0x0,2,0.5,8,3 2 3 2 3 2 3 2 3 2 3 2 3 2 3 2,709107897372903424527040800,709107897372903424527040800,274779310232000077004228310,1.0,2.5806451612903225,2.5806451612903225,168177,905406
16,1,100,0.01,forward,0,0x0,2,0.75,12,3 3 3 3 3 3 3 3 3 3 3 3 2 2 2 2,361645027660180746508790808,361645027660180746508790808,274779310232000077004228310,1.0,1.3161290322580645,1.3161290322580645,149094,897580
16,1,100,0.01,even_odd,0,0x0,2,0.75,12,3 3 3 3 3 3 3 3 3 2 3 2 3 2 3 2,361645027660180746508790808,361645027660180746508790808,274779310232000077004228310,1.0,1.3161290322580645,1.3161290322580645,149577,897839
16,1,100,0.01,forward,0,0x0,2,1.0,16,3 3 3 3 3 3 3 3 3 3 3 3 3 3 3 3,14182157947458068490540816,14182157947458068490540816,3652980077375563096048392,1.0,3.8823529411764706,3.8823529411764706,148972,927020
16,1,100,0.01,even_odd,0,0x0,2,1.0,16,3 3 3 3 3 3 3 3 3 3 3 3 3 3 3 3,14182157947458068490540816,14182157947458068490540816,3652980077375563096048392,1.0,3.8823529411764706,3.8823529411764706,147133,908931
16,1,100,0.01,forward,0,0x0,3,0.0,0,3 3 3 3 3 3 3 3 3 3 3 3 3 3 3 3,14182157947458068490540816,14182157947458068490540816,3652980077375563096048392,1.0,3.8823529411764706,3.8823529411764706,146633,879836
16,1,100,0.01,even_odd,0,0x0,3,0.0,0,3 3 3 3 3 3 3 3 3 3 3 3 3 3 3 3,14182157947458068490540816,14182157947458068490540816,3652980077375563096048392,1.0,3.8823529411764706,3.8823529411764706,157983,897497
16,1,100,0.01,forward,0,0x0,3,0.25,4,4 4 4 4 3 3 3 3 3 3 3 3 3 3 3 3,10672431990763900025710008,10672431990763900025710008,3652980077375563096048392,1.0,2.9215686274509802,2.9215686274509802,143879,938388
16,1,100,0.01,even_odd,0,0x0,3,0.25,4,4 3 4 3 4 3 4 3 3 3 3 3 3 3 3 3,10672431990763900025710008,10672431990763900025710008,3652980077375563096048392,1.0,2.9215686274509802,2.9215686274509802,142627,875453
16,1,100,0.01,forward,0,0x0,3,0.5,8,4 4 4 4 4 4 4 4 3 3 3 3 3 3 3 3,7162706034069731560879200,7162706034069731560879200,3652980077375563096048392,1.0,1.9607843137254901,1.9607843137254901,142564,880844
16,1,100,0.01,even_odd,0,0x0,3,0.5,8,4 3 4 3 4 3 4 3 4 3 4 3 4 3 4 3,7162706034069731560879200,7162706034069731560879200,3652980077375563096048392,1.0,1.9607843137254901,1.9607843137254901,142738,882734
16,1,100,0.01,forward,0,0x0,3,0.75,12,4 4 4 4 4 4 4 4 4 4 4 4 3 3 3 3,3652980077375563096048392,3652980077375563096048392,3652980077375563096048392,1.0,1.0,1.0,145565,931949
16,1,100,0.01,even_odd,0,0x0,3,0.75,12,4 4 4 4 4 4 4 4 4 3 4 3 4 3 4 3,3652980077375563096048392,3652980077375563096048392,3652980077375563096048392,1.0,1.0,1.0,133311,844547
16,1,100,0.01,forward,0,0x0,3,1.0,16,4 4 4 4 4 4 4 4 4 4 4 4 4 4 4 4,143254120681394631217584,143254120681394631217584,45761732995445507194506,1.0,3.130434782608696,3.130434782608696,146569,834204
16,1,100,0.01,even_odd,0,0x0,3,1.0,16,4 4 4 4 4 4 4 4 4 4 4 4 4 4 4 4,143254120681394631217584,143254120681394631217584,45761732995445507194506,1.0,3.130434782608696,3.130434782608696,137990,865281
16,1,100,0.01,forward,1,0x7fff,0,0.0,0,0 0 0 0 0 0 0 0 0 0 0 0 0 0 0 0,13760933674260616398303263223984,13760933674260616398303263223984,13760933674260616398303263223984,1.0,1.0,1.0,184317,968095
16,1,100,0.01,even_odd,1,0x7fff,0,0.0,0,0 0 0 0 0 0 0 0 0 0 0 0 0 0 0 0,13760933674260616398303263223984,13760933674260616398303263223984,13760933674260616398303263223984,1.0,1.0,1.0,170245,952420
16,1,100,0.01,forward,1,0x7fff,0,0.25,4,1 1 1 1 0 0 0 0 0 0 0 0 0 0 0 0,10355450088206221431046395052392,10355450088206221431046395052392,990370226556635271090007580514,1.0,10.456140350877194,10.456140350877194,164951,976551
16,1,100,0.01,even_odd,1,0x7fff,0,0.25,4,1 0 1 0 1 0 1 0 0 0 0 0 0 0 0 0,10355450088206221431046395052392,10355450088206221431046395052392,990370226556635271090007580514,1.0,10.456140350877194,10.456140350877194,177005,1009219
16,1,100,0.01,forward,1,0x7fff,0,0.5,8,1 1 1 1 1 1 1 1 0 0 0 0 0 0 0 0,6949966502151826463789526880800,6949966502151826463789526880800,990370226556635271090007580514,1.0,7.017543859649122,7.017543859649122,166856,980674
16,1,100,0.01,even_odd,1,0x7fff,0,0.5,8,1 0 1 0 1 0 1 0 1 0 1 0 1 0 1 0,6949966502151826463789526880800,6949966502151826463789526880800,990370226556635271090007580514,1.0,7.017543859649122,7.017543859649122,169043,965189
16,1,100,0.01,forward,1,0x7fff,0,0.75,12,1 1 1 1 1 1 1 1 1 1 1 1 0 0 0 0,3544482916097431496532658709208,3544482916097431496532658709208,990370226556635271090007580514,1.0,3.5789473684210527,3.5789473684210527,162224,985402
16,1,100,0.01,even_odd,1,0x7fff,0,0.75,12,1 1 1 1 1 1 1 1 1 0 1 0 1 0 1 0,3544482916097431496532658709208,3544482916097431496532658709208,990370226556635271090007580514,1.0,3.5789473684210527,3.5789473684210527,162246,948176
16,1,100,0.01,forward,1,0x7fff,0,1.0,16,1 1 1 1 1 1 1 1 1 1 1 1 1 1 1 1,138999330043036529275790537616,138999330043036529275790537616,18603445687578121342466915388,1.0,7.471698113207547,7.471698113207547,171428,947269
16,1,100,0.01,even_odd,1,0x7fff,0,1.0,16,1 1 1 1 1 1 1 1 1 1 1 1 1 1 1 1,138999330043036529275790537616,138999330043036529275790537616,18603445687578121342466915388,1.0,7.471698113207547,7.471698113207547,159857,993515
16,1,100,0.01,forward,1,0x7fff,1,0.0,0,1 1 1 1 1 1 1 1 1 1 1 1 1 1 1 1,138999330043036529275790537616,138999330043036529275790537616,18603445687578121342466915388,1.0,7.471698113207547,7.471698113207547,164492,960348
16,1,100,0.01,even_odd,1,0x7fff,1,0.0,0,1 1 1 1 1 1 1 1 1 1 1 1 1 1 1 1,138999330043036529275790537616,138999330043036529275790537616,18603445687578121342466915388,1.0,7.471698113207547,7.471698113207547,173228,950822
16,1,100,0.01,forward,1,0x7fff,1,0.25,4,2 2 2 2 1 1 1 1 1 1 1 1 1 1 1 1,104600505941476984151983788408,104600505941476984151983788408,18603445687578121342466915388,1.0,5.622641509433962,5.622641509433962,158014,966041
16,1,100,0.01,even_odd,1,0x7fff,1,0.25,4,2 1 2 1 2 1 2 1 1 1 1 1 1 1 1 1,104600505941476984151983788408,104600505941476984151983788408,18603445687578121342466915388,1.0,5.622641509433962,5.622641509433962,159000,923185
16,1,100,0.01,forward,1,0x7fff,1,0.5,8,2 2 2 2 2 2 2 2 1 1 1 1 1 1 1 1,70201681839917439028177039200,70201681839917439028177039200,18603445687578121342466915388,1.0,3.7735849056603774,3.7735849056603774,162253,956818
16,1,100,0.01,even_odd,1,0x7fff,1,0.5,8,2 1 2 1 2 1 2 1 2 1 2 1 2 1 2 1,70201681839917439028177039200,70201681839917439028177039200,18603445687578121342466915388,1.0,3.7735849056603774,3.7735849056603774,154954,947550
16,1,100,0.01,forward,1,0x7fff,1,0.75,12,2 2 2 2 2 2 2 2 2 2 2 2 1 1 1 1,35802857738357893904370289992,35802857738357893904370289992,18603445687578121342466915388,1.0,1.9245283018867925,1.9245283018867925,152748,963735
16,1,100,0.01,even_odd,1,0x7fff,1,0.75,12,2 2 2 2 2 2 2 2 2 1 2 1 2 1 2 1,35802857738357893904370289992,35802857738357893904370289992,18603445687578121342466915388,1.0,1.9245283018867925,1.9245283018867925,154749,942081
16,1,100,0.01,forward,1,0x7fff,1,1.0,16,2 2 2 2 2 2 2 2 2 2 2 2 2 2 2 2,1404033636798348780563540784,1404033636798348780563540784,274779310232000077004228310,1.0,5.109677419354838,5.109677419354838,149118,920500
16,1,100,0.01,even_odd,1,0x7fff,1,1.0,16,2 2 2 2 2 2 2 2 2 2 2 2 2 2 2 2,1404033636798348780563540784,1404033636798348780563540784,274779310232000077004228310,1.0,5.109677419354838,5.109677419354838,148856,931402
16,1,100,0.01,forward,1,0x7fff,2,0.0,0,2 2 2 2 2 2 2 2 2 2 2 2 2 2 2 2,1404033636798348780563540784,1404033636798348780563540784,274779310232000077004228310,1.0,5.109677419354838,5.109677419354838,154653,941019
16,1,100,0.01,even_odd,1,0x7fff,2,0.0,0,2 2 2 2 2 2 2 2 2 2 2 2 2 2 2 2,1404033636798348780563540784,1404033636798348780563540784,274779310232000077004228310,1.0,5.109677419354838,5.109677419354838,152152,932181
16,1,100,0.01,forward,1,0x7fff,2,0.25,4,3 3 3 3 2 2 2 2 2 2 2 2 2 2 2 2,1056570767085626102545290792,1056570767085626102545290792,274779310232000077004228310,1.0,3.8451612903225807,3.8451612903225807,144913,920767
16,1,100,0.01,even_odd,1,0x7fff,2,0.25,4,3 2 3 2 3 2 3 2 2 2 2 2 2 2 2 2,1056570767085626102545290792,1056570767085626102545290792,274779310232000077004228310,1.0,3.8451612903225807,3.8451612903225807,172528,922228
16,1,100,0.01,forward,1,0x7fff,2,0.5,8,3 3 3 3 3 3 3 3 2 2 2 2 2 2 2 2,709107897372903424527040800,709107897372903424527040800,274779310232000077004228310,1.0,2.5806451612903225,2.5806451612903225,142478,927483
16,1,100,0.01,even_odd,1,0x7fff,2,0.5,8,3 2 3 2 3 2 3 2 3 2 3 2 3 2 3 2,709107897372903424527040800,709107897372903424527040800,274779310232000077004228310,1.0,2.5806451612903225,2.5806451612903225,146781,924542
16,1,100,0.01,forward,1,0x7fff,2,0.75,12,3 3 3 3 3 3 3 3 3 3 3 3 2 2 2 2,361645027660180746508790808,361645027660180746508790808,274779310232000077004228310,1.0,1.3161290322580645,1.3161290322580645,143013,904437
16,1,100,0.01,even_odd,1,0x7fff,2,0.75,12,3 3 3 3 3 3 3 3 3 2 3 2 3 2 3 2,361645027660180746508790808,361645027660180746508790808,274779310232000077004228310,1.0,1.3161290322580645,1.3161290322580645,145772,881965
16,1,100,0.01,forward,1,0x7fff,2,1.0,16,3 3 3 3 3 3 3 3 3 3 3 3 3 3 3 3,14182157947458068490540816,14182157947458068490540816,3652980077375563096048392,1.0,3.8823529411764706,3.8823529411764706,142880,900702
16,1,100,0.01,even_odd,1,0x7fff,2,1.0,16,3 3 3 3 3 3 3 3 3 3 3 3 3 3 3 3,14182157947458068490540816,14182157947458068490540816,3652980077375563096048392,1.0,3.8823529411764706,3.8823529411764706,140021,886426
16,1,100,0.01,forward,1,0x7fff,3,0.0,0,3 3 3 3 3 3 3 3 3 3 3 3 3 3 3 3,14182157947458068490540816,14182157947458068490540816,3652980077375563096048392,1.0,3.8823529411764706,3.8823529411764706,138448,896831
16,1,100,0.01,even_odd,1,0x7fff,3,0.0,0,3 3 3 3 3 3 3 3 3 3 3 3 3 3 3 3,14182157947458068490540816,14182157947458068490540816,3652980077375563096048392,1.0,3.8823529411764706,3.8823529411764706,142624,893738
16,1,100,0.01,forward,1,0x7fff,3,0.25,4,4 4 4 4 3 3 3 3 3 3 3 3 3 3 3 3,10672431990763900025710008,10672431990763900025710008,3652980077375563096048392,1.0,2.9215686274509802,2.9215686274509802,137557,883196
16,1,100,0.01,even_odd,1,0x7fff,3,0.25,4,4 3 4 3 4 3 4 3 3 3 3 3 3 3 3 3,10672431990763900025710008,10672431990763900025710008,3652980077375563096048392,1.0,2.9215686274509802,2.9215686274509802,135601,901435
16,1,100,0.01,forward,1,0x7fff,3,0.5,8,4 4 4 4 4 4 4 4 3 3 3 3 3 3 3 3,7162706034069731560879200,7162706034069731560879200,3652980077375563096048392,1.0,1.9607843137254901,1.9607843137254901,131975,861379
16,1,100,0.01,even_odd,1,0x7fff,3,0.5,8,4 3 4 3 4 3 4 3 4 3 4 3 4 3 4 3,7162706034069731560879200,7162706034069731560879200,3652980077375563096048392,1.0,1.9607843137254901,1.9607843137254901,130953,877936
16,1,100,0.01,forward,1,0x7fff,3,0.75,12,4 4 4 4 4 4 4 4 4 4 4 4 3 3 3 3,3652980077375563096048392,3652980077375563096048392,3652980077375563096048392,1.0,1.0,1.0,121850,832580
16,1,100,0.01,even_odd,1,0x7fff,3,0.75,12,4 4 4 4 4 4 4 4 4 3 4 3 4 3 4 3,3652980077375563096048392,3652980077375563096048392,3652980077375563096048392,1.0,1.0,1.0,130508,864719
16,1,100,0.01,forward,1,0x7fff,3,1.0,16,4 4 4 4 4 4 4 4 4 4 4 4 4 4 4 4,143254120681394631217584,143254120681394631217584,45761732995445507194506,1.0,3.130434782608696,3.130434782608696,129460,847785
16,1,100,0.01,even_odd,1,0x7fff,3,1.0,16,4 4 4 4 4 4 4 4 4 4 4 4 4 4 4 4,143254120681394631217584,143254120681394631217584,45761732995445507194506,1.0,3.130434782608696,3.130434782608696,126673,829656
16,1,100,0.01,forward,2,0x7408,0,0.0,0,0 0 0 0 0 0 0 0 0 0 0 0 0 0 0 0,13760933674260616398303263223984,13760933674260616398303263223984,6038137066308213976000134339294,1.0,2.2790031963739783,2.2790031963739783,191203,1039057
16,1,100,0.01,even_odd,2,0x7408,0,0.0,0,0 0 0 0 0 0 0 0 0 0 0 0 0 0 0 0,13760933674260616398303263223984,13760933674260616398303263223984,6038137066308213976000134339294,1.0,2.2790031963739783,2.2790031963739783,201688,1082321
16,1,100,0.01,forward,2,0x7408,0,0.25,4,1 1 1 1 0 0 0 0 0 0 0 0 0 0 0 0,10355450088206221431046395052392,10355450088206221431046395052392,6038137066308213976000134339294,1.0,1.7150074558571857,1.7150074558571857,185741,942952
16,1,100,0.01,even_odd,2,0x7408,0,0.25,4,1 0 1 0 1 0 1 0 0 0 0 0 0 0 0 0,10355450088206221431046395052392,9504079191692622689232178009494,3449013956329071241319827686804,1.089579524680073,3.0024378617556993,2.755593138222093,179383,974145
16,1,100,0.01,forward,2,0x7408,0,0.5,8,1 1 1 1 1 1 1 1 0 0 0 0 0 0 0 0,6949966502151826463789526880800,6949966502151826463789526880800,3449013956329071241319827686804,1.0,2.015058967621275,2.015058967621275,173614,1023751
16,1,100,0.01,even_odd,2,0x7408,0,0.5,8,1 0 1 0 1 0 1 0 1 0 1 0 1 0 1 0,6949966502151826463789526880800,3544482916097431496532658709208,912362180011661509248561834204,1.9607843137254901,7.6175521677838445,3.8849516055697606,193411,1005893
16,1,100,0.01,forward,2,0x7408,0,0.75,12,1 1 1 1 1 1 1 1 1 1 1 1 0 0 0 0,3544482916097431496532658709208,3544482916097431496532658709208,3449013956329071241319827686804,1.0,1.02768007348685,1.02768007348685,177623,1000313
16,1,100,0.01,even_odd,2,0x7408,0,0.75,12,1 1 1 1 1 1 1 1 1 0 1 0 1 0 1 0,3544482916097431496532658709208,1841741123070234012904224623412,912362180011661509248561834204,1.9245283018867925,3.8849516055697606,2.0186513244627187,182343,992034
16,1,100,0.01,forward,2,0x7408,0,1.0,16,1 1 1 1 1 1 1 1 1 1 1 1 1 1 1 1,138999330043036529275790537616,138999330043036529275790537616,95650704751906854566665228008,1.0,1.4531971343396244,1.4531971343396244,174983,990512
16,1,100,0.01,even_odd,2,0x7408,0,1.0,16,1 1 1 1 1 1 1 1 1 1 1 1 1 1 1 1,138999330043036529275790537616,138999330043036529275790537616,95650704751906854566665228008,1.0,1.4531971343396244,1.4531971343396244,172283,1013393
16,1,100,0.01,forward,2,0x7408,1,0.0,0,1 1 1 1 1 1 1 1 1 1 1 1 1 1 1 1,138999330043036529275790537616,138999330043036529275790537616,95650704751906854566665228008,1.0,1.4531971343396244,1.4531971343396244,181134,1005697
16,1,100,0.01,even_odd,2,0x7408,1,0.0,0,1 1 1 1 1 1 1 1 1 1 1 1 1 1 1 1,138999330043036529275790537616,138999330043036529275790537616,95650704751906854566665228008,1.0,1.4531971343396244,1.4531971343396244,184257,1014703
16,1,100,0.01,forward,2,0x7408,1,0.25,4,2 2 2 2 1 1 1 1 1 1 1 1 1 1 1 1,104600505941476984151983788408,104600505941476984151983788408,78540790713022783300615039008,1.0,1.3317984832069338,1.3317984832069338,176339,1029526
16,1,100,0.01,even_odd,2,0x7408,1,0.25,4,2 1 2 1 2 1 2 1 1 1 1 1 1 1 1 1,104600505941476984151983788408,96000799916087097871032101106,52652174624957423161906791498,1.089579524680073,1.986632208195552,1.8233017078573273,174540,1005210
16,1,100,0.01,forward,2,0x7408,1,0.5,8,2 2 2 2 2 2 2 2 1 1 1 1 1 1 1 1,70201681839917439028177039200,70201681839917439028177039200,52652174624957423161906791498,1.0,1.3333102068426526,1.3333102068426526,169470,1007526
16,1,100,0.01,even_odd,2,0x7408,1,0.5,8,2 1 2 1 2 1 2 1 2 1 2 1 2 1 2 1,70201681839917439028177039200,35802857738357893904370289992,17815485621467275263260392698,1.9607843137254901,3.9404865705892367,2.0096481510005106,171502,982971
16,1,100,0.01,forward,2,0x7408,1,0.75,12,2 2 2 2 2 2 2 2 2 2 2 2 1 1 1 1,35802857738357893904370289992,35802857738357893904370289992,35452762574177650600003416894,1.0,1.0098749755663678,1.0098749755663678,172417,933573
16,1,100,0.01,even_odd,2,0x7408,1,0.75,12,2 2 2 2 2 2 2 2 2 1 2 1 2 1 2 1,35802857738357893904370289992,18603445687578121342466915388,17551316341804063067088542208,1.9245283018867925,2.039895871119476,1.0599458938169826,159326,994716
16,1,100,0.01,forward,2,0x7408,1,1.0,16,2 2 2 2 2 2 2 2 2 2 2 2 2 2 2 2,1404033636798348780563540784,1404033636798348780563540784,1143436484513806772049853290,1.0,1.2279069767441861,1.2279069767441861,159943,989067
16,1,100,0.01,even_odd,2,0x7408,1,1.0,16,2 2 2 2 2 2 2 2 2 2 2 2 2 2 2 2,1404033636798348780563540784,1404033636798348780563540784,1143436484513806772049853290,1.0,1.2279069767441861,1.2279069767441861,166076,987352
16,1,100,0.01,forward,2,0x7408,2,0.0,0,2 2 2 2 2 2 2 2 2 2 2 2 2 2 2 2,1404033636798348780563540784,1404033636798348780563540784,1143436484513806772049853290,1.0,1.2279069767441861,1.2279069767441861,163360,981453
16,1,100,0.01,even_odd,2,0x7408,2,0.0,0,2 2 2 2 2 2 2 2 2 2 2 2 2 2 2 2,1404033636798348780563540784,1404033636798348780563540784,1143436484513806772049853290,1.0,1.2279069767441861,1.2279069767441861,196039,983894
16,1,100,0.01,forward,2,0x7408,2,0.25,4,3 3 3 3 2 2 2 2 2 2 2 2 2 2 2 2,1056570767085626102545290792,1056570767085626102545290792,880207037761744137187542690,1.0,1.2003661885871224,1.2003661885871224,161415,980058
16,1,100,0.01,even_odd,2,0x7408,2,0.25,4,3 2 3 2 3 2 3 2 2 2 2 2 2 2 2 2,1056570767085626102545290792,969705049657445433040728294,618705865155023327705641200,1.089579524680073,1.7077109279073848,1.56731187510963,157362,952326
16,1,100,0.01,forward,2,0x7408,2,0.5,8,3 3 3 3 3 3 3 3 2 2 2 2 2 2 2 2,709107897372903424527040800,709107897372903424527040800,618705865155023327705641200,1.0,1.1461147167163654,1.1461147167163654,158822,951728
16,1,100,0.01,even_odd,2,0x7408,2,0.5,8,3 2 3 2 3 2 3 2 3 2 3 2 3 2 3 2,709107897372903424527040800,361645027660180746508790808,266820117645021833779920000,1.9607843137254901,2.6576253081347576,1.3553889071487264,142527,890184
16,1,100,0.01,forward,2,0x7408,2,0.75,12,3 3 3 3 3 3 3 3 3 3 3 3 2 2 2 2,361645027660180746508790808,361645027660180746508790808,361645027660180746508790808,1.0,1.0,1.0,142576,900094
16,1,100,0.01,even_odd,2,0x7408,2,0.75,12,3 3 3 3 3 3 3 3 3 2 3 2 3 2 3 2,361645027660180746508790808,187913592803819407499665812,179103557560672881011156094,1.9245283018867925,2.0191951102795396,1.049189616125643,143947,894707
16,1,100,0.01,forward,2,0x7408,2,1.0,16,3 3 3 3 3 3 3 3 3 3 3 3 3 3 3 3,14182157947458068490540816,14182157947458068490540816,12427294969110984258125412,1.0,1.1412103746397695,1.1412103746397695,149603,869816
16,1,100,0.01,even_odd,2,0x7408,2,1.0,16,3 3 3 3 3 3 3 3 3 3 3 3 3 3 3 3,14182157947458068490540816,14182157947458068490540816,12427294969110984258125412,1.0,1.1412103746397695,1.1412103746397695,138840,869777
16,1,100,0.01,forward,2,0x7408,3,0.0,0,3 3 3 3 3 3 3 3 3 3 3 3 3 3 3 3,14182157947458068490540816,14182157947458068490540816,12427294969110984258125412,1.0,1.1412103746397695,1.1412103746397695,149267,884368
16,1,100,0.01,even_odd,2,0x7408,3,0.0,0,3 3 3 3 3 3 3 3 3 3 3 3 3 3 3 3,14182157947458068490540816,14182157947458068490540816,12427294969110984258125412,1.0,1.1412103746397695,1.1412103746397695,139390,916499
16,1,100,0.01,forward,2,0x7408,3,0.25,4,4 4 4 4 3 3 3 3 3 3 3 3 3 3 3 3,10672431990763900025710008,10672431990763900025710008,9768411668585099057496012,1.0,1.0925452727474725,1.0925452727474725,138315,906335
16,1,100,0.01,even_odd,2,0x7408,3,0.25,4,4 3 4 3 4 3 4 3 3 3 3 3 3 3 3 3,10672431990763900025710008,9795000501590357909502306,7126985682658626234446502,1.089579524680073,1.4974678589199428,1.3743538906530348,143041,926758
16,1,100,0.01,forward,2,0x7408,3,0.5,8,4 4 4 4 4 4 4 4 3 3 3 3 3 3 3 3,7162706034069731560879200,7162706034069731560879200,7126985682658626234446502,1.0,1.0050119858523106,1.0050119858523106,147385,943780
16,1,100,0.01,even_odd,2,0x7408,3,0.5,8,4 3 4 3 4 3 4 3 4 3 4 3 4 3 4 3,7162706034069731560879200,3652980077375563096048392,2730873054896174354512698,1.9607843137254901,2.622863051516707,1.3376601562735206,139978,942837
16,1,100,0.01,forward,2,0x7408,3,0.75,12,4 4 4 4 4 4 4 4 4 4 4 4 3 3 3 3,3652980077375563096048392,3652980077375563096048392,3617438775344964563231898,1.0,1.0098249906184547,1.0098249906184547,146042,954133
16,1,100,0.01,even_odd,2,0x7408,3,0.75,12,4 4 4 4 4 4 4 4 4 3 4 3 4 3 4 3,3652980077375563096048392,1898117099028478863632988,1827213544347788591616204,1.9245283018867925,1.9992080776083945,1.0388041971886754,143017,913994
16,1,100,0.01,forward,2,0x7408,3,1.0,16,4 4 4 4 4 4 4 4 4 4 4 4 4 4 4 4,143254120681394631217584,143254120681394631217584,134391176346308347215486,1.0,1.065948855989233,1.065948855989233,140005,896739
16,1,100,0.01,even_odd,2,0x7408,3,1.0,16,4 4 4 4 4 4 4 4 4 4 4 4 4 4 4 4,143254120681394631217584,143254120681394631217584,134391176346308347215486,1.0,1.065948855989233,1.065948855989233,142517,910468
16,1,100,0.01,forward,3,0x5cc0,0,0.0,0,0 0 0 0 0 0 0 0 0 0 0 0 0 0 0 0,13760933674260616398303263223984,13760933674260616398303263223984,6037961571147434932490608796796,1.0,2.279069436284195,2.279069436284195,183594,1025587
16,1,100,0.01,even_odd,3,0x5cc0,0,0.0,0,0 0 0 0 0 0 0 0 0 0 0 0 0 0 0 0,13760933674260616398303263223984,13760933674260616398303263223984,6037961571147434932490608796796,1.0,2.279069436284195,2.279069436284195,179700,1011629
16,1,100,0.01,forward,3,0x5cc0,0,0.25,4,1 1 1 1 0 0 0 0 0 0 0 0 0 0 0 0,10355450088206221431046395052392,10355450088206221431046395052392,3466564367564353435987066148502,1.0,2.9872372153533893,2.9872372153533893,195452,1008944
16,1,100,0.01,even_odd,3,0x5cc0,0,0.25,4,1 0 1 0 1 0 1 0 0 0 0 0 0 0 0 0,10355450088206221431046395052392,8652708295179023947417960966596,3466564367564353435987066148502,1.1967871485943775,2.9872372153533893,2.4960472034328656,181540,1027725
16,1,100,0.01,forward,3,0x5cc0,0,0.5,8,1 1 1 1 1 1 1 1 0 0 0 0 0 0 0 0,6949966502151826463789526880800,6949966502151826463789526880800,3466564367564353435987066148502,1.0,2.004857191512342,2.004857191512342,179110,1011724
16,1,100,0.01,even_odd,3,0x5cc0,0,0.5,8,1 0 1 0 1 0 1 0 1 0 1 0 1 0 1 0,6949966502151826463789526880800,3544482916097431496532658709208,912360407333269801738364606502,1.9607843137254901,7.617566968371438,3.8849591538694335,174720,953261
16,1,100,0.01,forward,3,0x5cc0,0,0.75,12,1 1 1 1 1 1 1 1 1 1 1 1 0 0 0 0,3544482916097431496532658709208,3544482916097431496532658709208,1755043872487974663485974004196,1.0,2.0195978981840055,2.0195978981840055,172263,966594
16,1,100,0.01,even_odd,3,0x5cc0,0,0.75,12,1 1 1 1 1 1 1 1 1 0 1 0 1 0 1 0,3544482916097431496532658709208,1841741123070234012904224623412,886386698206167968440349024196,1.9245283018867925,3.9987997600489793,2.0778077184568224,183592,1029704
16,1,100,0.01,forward,3,0x5cc0,0,1.0,16,1 1 1 1 1 1 1 1 1 1 1 1 1 1 1 1,138999330043036529275790537616,138999330043036529275790537616,87226485024351676708955081106,1.0,1.5935450110620764,1.5935450110620764,170127,1001615
16,1,100,0.01,even_odd,3,0x5cc0,0,1.0,16,1 1 1 1 1 1 1 1 1 1 1 1 1 1 1 1,138999330043036529275790537616,138999330043036529275790537616,87226485024351676708955081106,1.0,1.5935450110620764,1.5935450110620764,170753,1026104
16,1,100,0.01,forward,3,0x5cc0,1,0.0,0,1 1 1 1 1 1 1 1 1 1 1 1 1 1 1 1,138999330043036529275790537616,138999330043036529275790537616,87226485024351676708955081106,1.0,1.5935450110620764,1.5935450110620764,174076,1013371
16,1,100,0.01,even_odd,3,0x5cc0,1,0.0,0,1 1 1 1 1 1 1 1 1 1 1 1 1 1 1 1,138999330043036529275790537616,138999330043036529275790537616,87226485024351676708955081106,1.0,1.5935450110620764,1.5935450110620764,168257,1001088
16,1,100,0.01,forward,3,0x5cc0,1,0.25,4,2 2 2 2 1 1 1 1 1 1 1 1 1 1 1 1,104600505941476984151983788408,104600505941476984151983788408,61515110097099372077720789400,1.0,1.7004034582132566,1.7004034582132566,169534,990588
16,1,100,0.01,even_odd,3,0x5cc0,1,0.25,4,2 1 2 1 2 1 2 1 1 1 1 1 1 1 1 1,104600505941476984151983788408,87401093890697211590080413804,52302079460777179857539918400,1.1967871485943775,1.9999301561216105,1.671082580115037,182255,1009176
16,1,100,0.01,forward,3,0x5cc0,1,0.5,8,2 2 2 2 2 2 2 2 1 1 1 1 1 1 1 1,70201681839917439028177039200,70201681839917439028177039200,52302079460777179857539918400,1.0,1.3422350041084634,1.3422350041084634,170206,1009611
16,1,100,0.01,even_odd,3,0x5cc0,1,0.5,8,2 1 2 1 2 1 2 1 2 1 2 1 2 1 2 1,70201681839917439028177039200,35802857738357893904370289992,17815467715624934783359410600,1.9607843137254901,3.9404905310651785,2.009650170843241,164804,988392
16,1,100,0.01,forward,3,0x5cc0,1,0.75,12,2 2 2 2 2 2 2 2 2 2 2 2 1 1 1 1,35802857738357893904370289992,35802857738357893904370289992,26327421909106802073739303506,1.0,1.3599074706959242,1.3599074706959242,173667,977895
16,1,100,0.01,even_odd,3,0x5cc0,1,0.75,12,2 2 2 2 2 2 2 2 2 1 2 1 2 1 2 1,35802857738357893904370289992,18603445687578121342466915388,9480781631696468873971435596,1.9245283018867925,3.776361393944627,1.962226998814365,161241,980245
16,1,100,0.01,forward,3,0x5cc0,1,1.0,16,2 2 2 2 2 2 2 2 2 2 2 2 2 2 2 2,1404033636798348780563540784,1404033636798348780563540784,1056570767085626102545290792,1.0,1.3288590604026846,1.3288590604026846,169471,992299
16,1,100,0.01,even_odd,3,0x5cc0,1,1.0,16,2 2 2 2 2 2 2 2 2 2 2 2 2 2 2 2,1404033636798348780563540784,1404033636798348780563540784,1056570767085626102545290792,1.0,1.3288590604026846,1.3288590604026846,153629,960590
16,1,100,0.01,forward,3,0x5cc0,2,0.0,0,2 2 2 2 2 2 2 2 2 2 2 2 2 2 2 2,1404033636798348780563540784,1404033636798348780563540784,1056570767085626102545290792,1.0,1.3288590604026846,1.3288590604026846,152428,941856
16,1,100,0.01,even_odd,3,0x5cc0,2,0.0,0,2 2 2 2 2 2 2 2 2 2 2 2 2 2 2 2,1404033636798348780563540784,1404033636798348780563540784,1056570767085626102545290792,1.0,1.3288590604026846,1.3288590604026846,172463,1002713
16,1,100,0.01,forward,3,0x5cc0,2,0.25,4,3 3 3 3 2 2 2 2 2 2 2 2 2 2 2 2,1056570767085626102545290792,1056570767085626102545290792,795973614801084094031603298,1.0,1.3273942093541202,1.3273942093541202,158315,987628
16,1,100,0.01,even_odd,3,0x5cc0,2,0.25,4,3 2 3 2 3 2 3 2 2 2 2 2 2 2 2 2,1056570767085626102545290792,882839332229264763536165796,615169550365323900388804098,1.1967871485943775,1.7175277392357475,1.43511545996544,159716,948873
16,1,100,0.01,forward,3,0x5cc0,2,0.5,8,3 3 3 3 3 3 3 3 2 2 2 2 2 2 2 2,709107897372903424527040800,709107897372903424527040800,615169550365323900388804098,1.0,1.1527031806951327,1.1527031806951327,153464,969263
16,1,100,0.01,even_odd,3,0x5cc0,2,0.5,8,3 2 3 2 3 2 3 2 3 2 3 2 3 2 3 2,709107897372903424527040800,361645027660180746508790808,266819936777927485498091898,1.9607843137254901,2.657627109637948,1.3553898259153534,152727,950903
16,1,100,0.01,forward,3,0x5cc0,2,0.75,12,3 3 3 3 3 3 3 3 3 3 3 3 2 2 2 2,361645027660180746508790808,361645027660180746508790808,352799272065623114693848392,1.0,1.0250730551193208,1.0250730551193208,156337,915324
16,1,100,0.01,even_odd,3,0x5cc0,2,0.75,12,3 3 3 3 3 3 3 3 3 2 3 2 3 2 3 2,361645027660180746508790808,187913592803819407499665812,179067837209261775684723396,1.9245283018867925,2.0195978981840055,1.0493989078799244,148099,915777
16,1,100,0.01,forward,3,0x5cc0,2,1.0,16,3 3 3 3 3 3 3 3 3 3 3 3 3 3 3 3,14182157947458068490540816,14182157947458068490540816,11549863479937442141917710,1.0,1.2279069767441861,1.2279069767441861,138670,876501
16,1,100,0.01,even_odd,3,0x5cc0,2,1.0,16,3 3 3 3 3 3 3 3 3 3 3 3 3 3 3 3,14182157947458068490540816,14182157947458068490540816,11549863479937442141917710,1.0,1.2279069767441861,1.2279069767441861,139131,894134
16,1,100,0.01,forward,3,0x5cc0,3,0.0,0,3 3 3 3 3 3 3 3 3 3 3 3 3 3 3 3,14182157947458068490540816,14182157947458068490540816,11549863479937442141917710,1.0,1.2279069767441861,1.2279069767441861,138762,904050
16,1,100,0.01,even_odd,3,0x5cc0,3,0.0,0,3 3 3 3 3 3 3 3 3 3 3 3 3 3 3 3,14182157947458068490540816,14182157947458068490540816,11549863479937442141917710,1.0,1.2279069767441861,1.2279069767441861,143116,893426
16,1,100,0.01,forward,3,0x5cc0,3,0.25,4,4 4 4 4 3 3 3 3 3 3 3 3 3 3 3 3,10672431990763900025710008,10672431990763900025710008,8917569012416815793294604,1.0,1.1967871485943775,1.1967871485943775,141548,922860
16,1,100,0.01,even_odd,3,0x5cc0,3,0.25,4,4 3 4 3 4 3 4 3 3 3 3 3 3 3 3 3,10672431990763900025710008,8917569012416815793294604,6276411600561103160669400,1.1967871485943775,1.7004034582132566,1.420806916426513,139141,894605
16,1,100,0.01,forward,3,0x5cc0,3,0.5,8,4 4 4 4 4 4 4 4 3 3 3 3 3 3 3 3,7162706034069731560879200,7162706034069731560879200,6276411600561103160669400,1.0,1.1412103746397695,1.1412103746397695,138020,906409
16,1,100,0.01,even_odd,3,0x5cc0,3,0.5,8,4 3 4 3 4 3 4 3 4 3 4 3 4 3 4 3,7162706034069731560879200,3652980077375563096048392,2722190968521195942850200,1.9607843137254901,2.631228343969124,1.3419264554242532,135624,876845
16,1,100,0.01,forward,3,0x5cc0,3,0.75,12,4 4 4 4 4 4 4 4 4 4 4 4 3 3 3 3,3652980077375563096048392,3652980077375563096048392,3590939467029959108033706,1.0,1.0172769858459678,1.0172769858459678,142955,924457
16,1,100,0.01,even_odd,3,0x5cc0,3,0.75,12,4 4 4 4 4 4 4 4 4 3 4 3 4 3 4 3,3652980077375563096048392,1898117099028478863632988,1836076488682874875618302,1.9245283018867925,1.9895576790463994,1.0337897744064624,140261,912692
16,1,100,0.01,forward,3,0x5cc0,3,1.0,16,4 4 4 4 4 4 4 4 4 4 4 4 4 4 4 4,143254120681394631217584,143254120681394631217584,125528232011222063213388,1.0,1.1412103746397695,1.1412103746397695,141606,935407
16,1,100,0.01,even_odd,3,0x5cc0,3,1.0,16,4 4 4 4 4 4 4 4 4 4 4 4 4 4 4 4,143254120681394631217584,143254120681394631217584,125528232011222063213388,1.0,1.1412103746397695,1.1412103746397695,138725,895507
16,1,100,0.01,forward,4,0x30ed,0,0.0,0,0 0 0 0 0 0 0 0 0 0 0 0 0 0 0 0,13760933674260616398303263223984,13760933674260616398303263223984,4343906349863055515812630960800,1.0,3.167870705751849,3.167870705751849,191841,985694
16,1,100,0.01,even_odd,4,0x30ed,0,0.0,0,0 0 0 0 0 0 0 0 0 0 0 0 0 0 0 0,13760933674260616398303263223984,13760933674260616398303263223984,4343906349863055515812630960800,1.0,3.167870705751849,3.167870705751849,188220,956862
16,1,100,0.01,forward,4,0x30ed,0,0.25,4,1 1 1 1 0 0 0 0 0 0 0 0 0 0 0 0,10355450088206221431046395052392,10355450088206221431046395052392,4343906349863055515812630960800,1.0,2.38390270281326,2.38390270281326,174792,924423
16,1,100,0.01,even_odd,4,0x30ed,0,0.25,4,1 0 1 0 1 0 1 0 0 0 0 0 0 0 0 0,10355450088206221431046395052392,8652708295179023947417960966596,4343906349863055515812630960800,1.1967871485943775,2.38390270281326,1.9919187013439656,168715,919982
16,1,100,0.01,forward,4,0x30ed,0,0.5,8,1 1 1 1 1 1 1 1 0 0 0 0 0 0 0 0,6949966502151826463789526880800,6949966502151826463789526880800,4343906349863055515812630960800,1.0,1.5999346998746713,1.5999346998746713,175677,994694
16,1,100,0.01,even_odd,4,0x30ed,0,0.5,8,1 0 1 0 1 0 1 0 1 0 1 0 1 0 1 0,6949966502151826463789526880800,2693112019583832754718441666310,895248738431407383388082002098,2.5806451612903225,7.7631681607606335,3.0082276622947455,178501,953345
16,1,100,0.01,forward,4,0x30ed,0,0.75,12,1 1 1 1 1 1 1 1 1 1 1 1 0 0 0 0,3544482916097431496532658709208,3544482916097431496532658709208,2623876515252202706528875712298,1.0,1.350857365235704,1.350857365235704,190495,1010761
16,1,100,0.01,even_odd,4,0x30ed,0,0.75,12,1 1 1 1 1 1 1 1 1 0 1 0 1 0 1 0,3544482916097431496532658709208,2693112019583832754718441666310,895248738431407383388082002098,1.3161290322580645,3.9592157619879234,3.0082276622947455,172428,986540
16,1,100,0.01,forward,4,0x30ed,0,1.0,16,1 1 1 1 1 1 1 1 1 1 1 1 1 1 1 1,138999330043036529275790537616,138999330043036529275790537616,61340501230753837196595456702,1.0,2.2660285986275484,2.2660285986275484,170917,964189
16,1,100,0.01,even_odd,4,0x30ed,0,1.0,16,1 1 1 1 1 1 1 1 1 1 1 1 1 1 1 1,138999330043036529275790537616,138999330043036529275790537616,61340501230753837196595456702,1.0,2.2660285986275484,2.2660285986275484,172179,983555
16,1,100,0.01,forward,4,0x30ed,1,0.0,0,1 1 1 1 1 1 1 1 1 1 1 1 1 1 1 1,138999330043036529275790537616,138999330043036529275790537616,61340501230753837196595456702,1.0,2.2660285986275484,2.2660285986275484,171769,978466
16,1,100,0.01,even_odd,4,0x30ed,1,0.0,0,1 1 1 1 1 1 1 1 1 1 1 1 1 1 1 1,138999330043036529275790537616,138999330043036529275790537616,61340501230753837196595456702,1.0,2.2660285986275484,2.2660285986275484,183495,974967
16,1,100,0.01,forward,4,0x30ed,1,0.25,4,2 2 2 2 1 1 1 1 1 1 1 1 1 1 1 1,104600505941476984151983788408,104600505941476984151983788408,61340501230753837196595456702,1.0,1.70524374341164,1.70524374341164,179504,958870
16,1,100,0.01,even_odd,4,0x30ed,1,0.25,4,2 1 2 1 2 1 2 1 1 1 1 1 1 1 1 1,104600505941476984151983788408,87401093890697211590080413804,61164119686016594805272896302,1.1967871485943775,1.710161226523642,1.4289602194778084,176685,963495
16,1,100,0.01,forward,4,0x30ed,1,0.5,8,2 2 2 2 2 2 2 2 1 1 1 1 1 1 1 1,70201681839917439028177039200,70201681839917439028177039200,61164119686016594805272896302,1.0,1.1477592124319747,1.1477592124319747,177509,948746
16,1,100,0.01,even_odd,4,0x30ed,1,0.5,8,2 1 2 1 2 1 2 1 2 1 2 1 2 1 2 1,70201681839917439028177039200,27203151712968007623418602690,17642622575202082072750495404,2.5806451612903225,3.9790955987796695,1.5418995445271217,160243,901445
16,1,100,0.01,forward,4,0x30ed,1,0.75,12,2 2 2 2 2 2 2 2 2 2 2 2 1 1 1 1,35802857738357893904370289992,35802857738357893904370289992,35103509209755570185283765204,1.0,1.0199224677061052,1.0199224677061052,167618,908285
16,1,100,0.01,even_odd,4,0x30ed,1,0.75,12,2 2 2 2 2 2 2 2 2 1 2 1 2 1 2 1,35802857738357893904370289992,27203151712968007623418602690,17642622575202082072750495404,1.3161290322580645,2.029338755377631,1.5418995445271217,152569,895551
16,1,100,0.01,forward,4,0x30ed,1,1.0,16,2 2 2 2 2 2 2 2 2 2 2 2 2 2 2 2,1404033636798348780563540784,1404033636798348780563540784,881961900740091221419958094,1.0,1.5919436379509877,1.5919436379509877,156656,930302
16,1,100,0.01,even_odd,4,0x30ed,1,1.0,16,2 2 2 2 2 2 2 2 2 2 2 2 2 2 2 2,1404033636798348780563540784,1404033636798348780563540784,881961900740091221419958094,1.0,1.5919436379509877,1.5919436379509877,158995,938142
16,1,100,0.01,forward,4,0x30ed,2,0.0,0,2 2 2 2 2 2 2 2 2 2 2 2 2 2 2 2,1404033636798348780563540784,1404033636798348780563540784,881961900740091221419958094,1.0,1.5919436379509877,1.5919436379509877,160105,930962
16,1,100,0.01,even_odd,4,0x30ed,2,0.0,0,2 2 2 2 2 2 2 2 2 2 2 2 2 2 2 2,1404033636798348780563540784,1404033636798348780563540784,881961900740091221419958094,1.0,1.5919436379509877,1.5919436379509877,161876,935949
16,1,100,0.01,forward,4,0x30ed,2,0.25,4,3 3 3 3 2 2 2 2 2 2 2 2 2 2 2 2,1056570767085626102545290792,1056570767085626102545290792,794209888878401923515185796,1.0,1.3303419938244978,1.3303419938244978,156778,948883
16,1,100,0.01,even_odd,4,0x30ed,2,0.25,4,3 2 3 2 3 2 3 2 2 2 2 2 2 2 2 2,1056570767085626102545290792,882839332229264763536165796,704685108196025061477015996,1.1967871485943775,1.4993516320934026,1.2528139476216684,170781,944916
16,1,100,0.01,forward,4,0x30ed,2,0.5,8,3 3 3 3 3 3 3 3 2 2 2 2 2 2 2 2,709107897372903424527040800,709107897372903424527040800,704685108196025061477015996,1.0,1.0062762631499345,1.0062762631499345,154363,929337
16,1,100,0.01,even_odd,4,0x30ed,2,0.5,8,3 2 3 2 3 2 3 2 3 2 3 2 3 2 3 2,709107897372903424527040800,274779310232000077004228310,179990031043562016204982098,2.5806451612903225,3.939706511863881,1.526636273347254,149486,891389
16,1,100,0.01,forward,4,0x30ed,2,0.75,12,3 3 3 3 3 3 3 3 3 3 3 3 2 2 2 2,361645027660180746508790808,361645027660180746508790808,356362623311779067846732298,1.0,1.014823115565013,1.014823115565013,150791,938687
16,1,100,0.01,even_odd,4,0x30ed,2,0.75,12,3 3 3 3 3 3 3 3 3 2 3 2 3 2 3 2,361645027660180746508790808,274779310232000077004228310,179990031043562016204982098,1.3161290322580645,2.0092503210505797,1.526636273347254,152857,908795
16,1,100,0.01,forward,4,0x30ed,2,1.0,16,3 3 3 3 3 3 3 3 3 3 3 3 3 3 3 3,14182157947458068490540816,14182157947458068490540816,10672431990763900025710008,1.0,1.3288590604026846,1.3288590604026846,159291,926709
16,1,100,0.01,even_odd,4,0x30ed,2,1.0,16,3 3 3 3 3 3 3 3 3 3 3 3 3 3 3 3,14182157947458068490540816,14182157947458068490540816,10672431990763900025710008,1.0,1.3288590604026846,1.3288590604026846,148154,909388
16,1,100,0.01,forward,4,0x30ed,3,0.0,0,3 3 3 3 3 3 3 3 3 3 3 3 3 3 3 3,14182157947458068490540816,14182157947458068490540816,10672431990763900025710008,1.0,1.3288590604026846,1.3288590604026846,157282,909828
16,1,100,0.01,even_odd,4,0x30ed,3,0.0,0,3 3 3 3 3 3 3 3 3 3 3 3 3 3 3 3,14182157947458068490540816,14182157947458068490540816,10672431990763900025710008,1.0,1.3288590604026846,1.3288590604026846,153639,929698
16,1,100,0.01,forward,4,0x30ed,3,0.25,4,4 4 4 4 3 3 3 3 3 3 3 3 3 3 3 3,10672431990763900025710008,10672431990763900025710008,8899753599056389828482306,1.0,1.1991828618598452,1.1991828618598452,145968,927076
16,1,100,0.01,even_odd,4,0x30ed,3,0.25,4,4 3 4 3 4 3 4 3 3 3 3 3 3 3 3 3,10672431990763900025710008,8917569012416815793294604,7995462885092987181632106,1.1967871485943775,1.3348110227191405,1.115328673345859,155872,891752
16,1,100,0.01,forward,4,0x30ed,3,0.5,8,4 4 4 4 4 4 4 4 3 3 3 3 3 3 3 3,7162706034069731560879200,7162706034069731560879200,7144890620709305596066902,1.0,1.0024934480184746,1.0024934480184746,155266,895297
16,1,100,0.01,even_odd,4,0x30ed,3,0.5,8,4 3 4 3 4 3 4 3 4 3 4 3 4 3 4 3,7162706034069731560879200,2775548588202020979840690,2695330830215029408716204,2.5806451612903225,2.65744967325525,1.0297617483864094,143400,856257
16,1,100,0.01,forward,4,0x30ed,3,0.75,12,4 4 4 4 4 4 4 4 4 4 4 4 3 3 3 3,3652980077375563096048392,3652980077375563096048392,3617528300035217960040000,1.0,1.0098,1.0098,138755,869980
16,1,100,0.01,even_odd,4,0x30ed,3,0.75,12,4 4 4 4 4 4 4 4 4 3 4 3 4 3 4 3,3652980077375563096048392,2775548588202020979840690,2695330830215029408716204,1.3161290322580645,1.3552993333601775,1.0297617483864094,138017,869993
16,1,100,0.01,forward,4,0x30ed,3,1.0,16,4 4 4 4 4 4 4 4 4 4 4 4 4 4 4 4,143254120681394631217584,143254120681394631217584,116665287676135779211290,1.0,1.2279069767441861,1.2279069767441861,135930,825270
16,1,100,0.01,even_odd,4,0x30ed,3,1.0,16,4 4 4 4 4 4 4 4 4 4 4 4 4 4 4 4,143254120681394631217584,143254120681394631217584,116665287676135779211290,1.0,1.2279069767441861,1.2279069767441861,129146,835734
16,1,100,0.01,forward,5,0x6c3a,0,0.0,0,0 0 0 0 0 0 0 0 0 0 0 0 0 0 0 0,13760933674260616398303263223984,13760933674260616398303263223984,4343907236157489024441031170600,1.0,3.167870059406055,3.167870059406055,182914,987736
16,1,100,0.01,even_odd,5,0x6c3a,0,0.0,0,0 0 0 0 0 0 0 0 0 0 0 0 0 0 0 0,13760933674260616398303263223984,13760933674260616398303263223984,4343907236157489024441031170600,1.0,3.167870059406055,3.167870059406055,183628,990720
16,1,100,0.01,forward,5,0x6c3a,0,0.25,4,1 1 1 1 0 0 0 0 0 0 0 0 0 0 0 0,10355450088206221431046395052392,10355450088206221431046395052392,4343907236157489024441031170600,1.0,2.383902216421728,2.383902216421728,189887,996197
16,1,100,0.01,even_odd,5,0x6c3a,0,0.25,4,1 0 1 0 1 0 1 0 0 0 0 0 0 0 0 0,10355450088206221431046395052392,7801337398665425205603743923698,2624052010502506440291798062898,1.3273942093541202,3.946358550348684,2.9730117266888576,181006,994176
16,1,100,0.01,forward,5,0x6c3a,0,0.5,8,1 1 1 1 1 1 1 1 0 0 0 0 0 0 0 0,6949966502151826463789526880800,6949966502151826463789526880800,2624052010502506440291798062898,1.0,2.6485627854689153,2.6485627854689153,178894,996199
16,1,100,0.01,even_odd,5,0x6c3a,0,0.5,8,1 0 1 0 1 0 1 0 1 0 1 0 1 0 1 0,6949966502151826463789526880800,2693112019583832754718441666310,895248747383876408727762812298,2.5806451612903225,7.763168083129112,3.008227632212531,182213,1015879
16,1,100,0.01,forward,5,0x6c3a,0,0.75,12,1 1 1 1 1 1 1 1 1 1 1 1 0 0 0 0,3544482916097431496532658709208,3544482916097431496532658709208,2589041598747150595833093563298,1.0,1.369032818094782,1.369032818094782,174565,986980
16,1,100,0.01,even_odd,5,0x6c3a,0,0.75,12,1 1 1 1 1 1 1 1 1 0 1 0 1 0 1 0,3544482916097431496532658709208,1841741123070234012904224623412,895248747383876408727762812298,1.9245283018867925,3.959215722395847,2.057239542029215,174988,987595
16,1,100,0.01,forward,5,0x6c3a,0,1.0,16,1 1 1 1 1 1 1 1 1 1 1 1 1 1 1 1,138999330043036529275790537616,138999330043036529275790537616,61339614936320328568195246902,1.0,2.2660613404133456,2.2660613404133456,171675,989129
16,1,100,0.01,even_odd,5,0x6c3a,0,1.0,16,1 1 1 1 1 1 1 1 1 1 1 1 1 1 1 1,138999330043036529275790537616,138999330043036529275790537616,61339614936320328568195246902,1.0,2.2660613404133456,2.2660613404133456,169304,949059
16,1,100,0.01,forward,5,0x6c3a,1,0.0,0,1 1 1 1 1 1 1 1 1 1 1 1 1 1 1 1,138999330043036529275790537616,138999330043036529275790537616,61339614936320328568195246902,1.0,2.2660613404133456,2.2660613404133456,187631,983530
16,1,100,0.01,even_odd,5,0x6c3a,1,0.0,0,1 1 1 1 1 1 1 1 1 1 1 1 1 1 1 1,138999330043036529275790537616,138999330043036529275790537616,61339614936320328568195246902,1.0,2.2660613404133456,2.2660613404133456,172879,997598
16,1,100,0.01,forward,5,0x6c3a,1,0.25,4,2 2 2 2 1 1 1 1 1 1 1 1 1 1 1 1,104600505941476984151983788408,104600505941476984151983788408,61339614936320328568195246902,1.0,1.7052683824322652,1.7052683824322652,167349,954136
16,1,100,0.01,even_odd,5,0x6c3a,1,0.25,4,2 1 2 1 2 1 2 1 1 1 1 1 1 1 1 1,104600505941476984151983788408,78801387865307325309128726502,52478425374687701396932854204,1.3273942093541202,1.9932096894037088,1.501595890171586,165131,973339
16,1,100,0.01,forward,5,0x6c3a,1,0.5,8,2 2 2 2 2 2 2 2 1 1 1 1 1 1 1 1,70201681839917439028177039200,70201681839917439028177039200,52478425374687701396932854204,1.0,1.3377246237608784,1.3377246237608784,164315,940850
16,1,100,0.01,even_odd,5,0x6c3a,1,0.5,8,2 1 2 1 2 1 2 1 2 1 2 1 2 1 2 1,70201681839917439028177039200,27203151712968007623418602690,17642622665631062126686665204,2.5806451612903225,3.9790955783844275,1.5418995366239656,161209,970709
16,1,100,0.01,forward,5,0x6c3a,1,0.75,12,2 2 2 2 2 2 2 2 2 2 2 2 1 1 1 1,35802857738357893904370289992,35802857738357893904370289992,26592441581089861884573229800,1.0,1.3463546635679233,1.3463546635679233,163693,966646
16,1,100,0.01,even_odd,5,0x6c3a,1,0.75,12,2 2 2 2 2 2 2 2 2 1 2 1 2 1 2 1,35802857738357893904370289992,18603445687578121342466915388,9219298095453727983660730200,1.9245283018867925,3.883468933064785,2.0178809162003293,163974,953196
16,1,100,0.01,forward,5,0x6c3a,1,1.0,16,2 2 2 2 2 2 2 2 2 2 2 2 2 2 2 2,1404033636798348780563540784,1404033636798348780563540784,881075606306582593019748294,1.0,1.5935450110620764,1.5935450110620764,157894,986033
16,1,100,0.01,even_odd,5,0x6c3a,1,1.0,16,2 2 2 2 2 2 2 2 2 2 2 2 2 2 2 2,1404033636798348780563540784,1404033636798348780563540784,881075606306582593019748294,1.0,1.5935450110620764,1.5935450110620764,160927,916655
16,1,100,0.01,forward,5,0x6c3a,2,0.0,0,2 2 2 2 2 2 2 2 2 2 2 2 2 2 2 2,1404033636798348780563540784,1404033636798348780563540784,881075606306582593019748294,1.0,1.5935450110620764,1.5935450110620764,158460,955079
16,1,100,0.01,even_odd,5,0x6c3a,2,0.0,0,2 2 2 2 2 2 2 2 2 2 2 2 2 2 2 2,1404033636798348780563540784,1404033636798348780563540784,881075606306582593019748294,1.0,1.5935450110620764,1.5935450110620764,166075,941684
16,1,100,0.01,forward,5,0x6c3a,2,0.25,4,3 3 3 3 2 2 2 2 2 2 2 2 2 2 2 2,1056570767085626102545290792,1056570767085626102545290792,706457787492022372213605396,1.0,1.4955893838137602,1.4955893838137602,161923,934469
16,1,100,0.01,even_odd,5,0x6c3a,2,0.25,4,3 2 3 2 3 2 3 2 2 2 2 2 2 2 2 2,1056570767085626102545290792,795973614801084094031603298,616950822223005936140247894,1.3273942093541202,1.712568861288774,1.2901735213400327,159443,944538
16,1,100,0.01,forward,5,0x6c3a,2,0.5,8,3 3 3 3 3 3 3 3 2 2 2 2 2 2 2 2,709107897372903424527040800,709107897372903424527040800,616950822223005936140247894,1.0,1.1493750746904523,1.1493750746904523,153290,930096
16,1,100,0.01,even_odd,5,0x6c3a,2,0.5,8,3 2 3 2 3 2 3 2 3 2 3 2 3 2 3 2,709107897372903424527040800,274779310232000077004228310,179989940614581962268812298,2.5806451612903225,3.9397084912169515,1.5266370403465688,149729,946153
16,1,100,0.01,forward,5,0x6c3a,2,0.75,12,3 3 3 3 3 3 3 3 3 3 3 3 2 2 2 2,361645027660180746508790808,361645027660180746508790808,352817264710650205964064996,1.0,1.025020779401967,1.025020779401967,153009,900837
16,1,100,0.01,even_odd,5,0x6c3a,2,0.75,12,3 3 3 3 3 3 3 3 3 2 3 2 3 2 3 2,361645027660180746508790808,187913592803819407499665812,179085829854288866954940000,1.9245283018867925,2.0193949904044843,1.0492934754062515,141418,907344
16,1,100,0.01,forward,5,0x6c3a,2,1.0,16,3 3 3 3 3 3 3 3 3 3 3 3 3 3 3 3,14182157947458068490540816,14182157947458068490540816,10672431990763900025710008,1.0,1.3288590604026846,1.3288590604026846,149272,944773
16,1,100,0.01,even_odd,5,0x6c3a,2,1.0,16,3 3 3 3 3 3 3 3 3 3 3 3 3 3 3 3,14182157947458068490540816,14182157947458068490540816,10672431990763900025710008,1.0,1.3288590604026846,1.3288590604026846,147919,910924
16,1,100,0.01,forward,5,0x6c3a,3,0.0,0,3 3 3 3 3 3 3 3 3 3 3 3 3 3 3 3,14182157947458068490540816,14182157947458068490540816,10672431990763900025710008,1.0,1.3288590604026846,1.3288590604026846,160018,922096
16,1,100,0.01,even_odd,5,0x6c3a,3,0.0,0,3 3 3 3 3 3 3 3 3 3 3 3 3 3 3 3,14182157947458068490540816,14182157947458068490540816,10672431990763900025710008,1.0,1.3288590604026846,1.3288590604026846,159533,941144
16,1,100,0.01,forward,5,0x6c3a,3,0.25,4,4 4 4 4 3 3 3 3 3 3 3 3 3 3 3 3,10672431990763900025710008,10672431990763900025710008,8013368736567707492102706,1.0,1.3318283909814344,1.3318283909814344,152515,905559
16,1,100,0.01,even_odd,5,0x6c3a,3,0.25,4,4 3 4 3 4 3 4 3 3 3 3 3 3 3 3 3,10672431990763900025710008,8040137523243273677086902,7109257976274612178230408,1.3273942093541202,1.501201957557385,1.1309390586296406,143901,898251
16,1,100,0.01,forward,5,0x6c3a,3,0.5,8,4 4 4 4 4 4 4 4 3 3 3 3 3 3 3 3,7162706034069731560879200,7162706034069731560879200,7109257976274612178230408,1.0,1.0075180923203926,1.0075180923203926,141856,891901
16,1,100,0.01,even_odd,5,0x6c3a,3,0.5,8,4 3 4 3 4 3 4 3 4 3 4 3 4 3 4 3,7162706034069731560879200,2775548588202020979840690,1844759479347653826642498,2.5806451612903225,3.8827316591985297,1.5045585179394303,140309,871436
16,1,100,0.01,forward,5,0x6c3a,3,0.75,12,4 4 4 4 4 4 4 4 4 4 4 4 3 3 3 3,3652980077375563096048392,3652980077375563096048392,3599622457694738059057902,1.0,1.014823115565013,1.014823115565013,137578,879923
16,1,100,0.01,even_odd,5,0x6c3a,3,0.75,12,4 4 4 4 4 4 4 4 4 3 4 3 4 3 4 3,3652980077375563096048392,1898117099028478863632988,1844759479347653826642498,1.9245283018867925,1.98019314619125,1.0289238896876103,141825,897968
16,1,100,0.01,forward,5,0x6c3a,3,1.0,16,4 4 4 4 4 4 4 4 4 4 4 4 4 4 4 4,143254120681394631217584,143254120681394631217584,116665287676135779211290,1.0,1.2279069767441861,1.2279069767441861,139785,865709
16,1,100,0.01,even_odd,5,0x6c3a,3,1.0,16,4 4 4 4 4 4 4 4 4 4 4 4 4 4 4 4,143254120681394631217584,143254120681394631217584,116665287676135779211290,1.0,1.2279069767441861,1.2279069767441861,146118,844946
16,1,100,0.01,forward,6,0x31bd,0,0.0,0,0 0 0 0 0 0 0 0 0 0 0 0 0 0 0 0,13760933674260616398303263223984,13760933674260616398303263223984,4317932622920540322088650566196,1.0,3.1869264474425885,3.1869264474425885,172584,958445
16,1,100,0.01,even_odd,6,0x31bd,0,0.0,0,0 0 0 0 0 0 0 0 0 0 0 0 0 0 0 0,13760933674260616398303263223984,13760933674260616398303263223984,4317932622920540322088650566196,1.0,3.1869264474425885,3.1869264474425885,175349,945136
16,1,100,0.01,forward,6,0x31bd,0,0.25,4,1 1 1 1 0 0 0 0 0 0 0 0 0 0 0 0,10355450088206221431046395052392,10355450088206221431046395052392,3475162309863820640097501418302,1.0,2.9798464545997034,2.9798464545997034,178469,973578
16,1,100,0.01,even_odd,6,0x31bd,0,0.25,4,1 0 1 0 1 0 1 0 0 0 0 0 0 0 0 0,10355450088206221431046395052392,8652708295179023947417960966596,3475162309863820640097501418302,1.1967871485943775,2.9798464545997034,2.4898717019977386,174710,968143
16,1,100,0.01,forward,6,0x31bd,0,0.5,8,1 1 1 1 1 1 1 1 0 0 0 0 0 0 0 0,6949966502151826463789526880800,6949966502151826463789526880800,3475162309863820640097501418302,1.0,1.9998969493957741,1.9998969493957741,174469,962455
16,1,100,0.01,even_odd,6,0x31bd,0,0.5,8,1 0 1 0 1 0 1 0 1 0 1 0 1 0 1 0,6949966502151826463789526880800,2693112019583832754718441666310,894986377553200159209051897102,2.5806451612903225,7.765443895528682,3.0091095095173643,180335,968093
16,1,100,0.01,forward,6,0x31bd,0,0.75,12,1 1 1 1 1 1 1 1 1 1 1 1 0 0 0 0,3544482916097431496532658709208,3544482916097431496532658709208,2615101322928978111824682484596,1.0,1.3553902806823266,1.3553902806823266,160599,934055
16,1,100,0.01,even_odd,6,0x31bd,0,0.75,12,1 1 1 1 1 1 1 1 1 0 1 0 1 0 1 0,3544482916097431496532658709208,1841741123070234012904224623412,886473546108182788683888774396,1.9245283018867925,3.998407997236358,2.077604155426735,169336,954425
16,1,100,0.01,forward,6,0x31bd,0,1.0,16,1 1 1 1 1 1 1 1 1 1 1 1 1 1 1 1,138999330043036529275790537616,138999330043036529275790537616,69853341538715542808042581506,1.0,1.989873740914706,1.989873740914706,170107,954566
16,1,100,0.01,even_odd,6,0x31bd,0,1.0,16,1 1 1 1 1 1 1 1 1 1 1 1 1 1 1 1,138999330043036529275790537616,138999330043036529275790537616,69853341538715542808042581506,1.0,1.989873740914706,1.989873740914706,164229,919377
16,1,100,0.01,forward,6,0x31bd,1,0.0,0,1 1 1 1 1 1 1 1 1 1 1 1 1 1 1 1,138999330043036529275790537616,138999330043036529275790537616,69853341538715542808042581506,1.0,1.989873740914706,1.989873740914706,157615,927496
16,1,100,0.01,even_odd,6,0x31bd,1,0.0,0,1 1 1 1 1 1 1 1 1 1 1 1 1 1 1 1,138999330043036529275790537616,138999330043036529275790537616,69853341538715542808042581506,1.0,1.989873740914706,1.989873740914706,165137,948847
16,1,100,0.01,forward,6,0x31bd,1,0.25,4,2 2 2 2 1 1 1 1 1 1 1 1 1 1 1 1,104600505941476984151983788408,104600505941476984151983788408,52740795205363950915643769400,1.0,1.9832940617254609,1.9832940617254609,168044,923383
16,1,100,0.01,even_odd,6,0x31bd,1,0.25,4,2 1 2 1 2 1 2 1 1 1 1 1 1 1 1 1,104600505941476984151983788408,87401093890697211590080413804,52479311758645900278729872106,1.1967871485943775,1.9931760237736766,1.6654390265759915,162385,918280
16,1,100,0.01,forward,6,0x31bd,1,0.5,8,2 2 2 2 2 2 2 2 1 1 1 1 1 1 1 1,70201681839917439028177039200,70201681839917439028177039200,52388927362792000101079668600,1.0,1.3400099099905705,1.3400099099905705,160502,932881
16,1,100,0.01,even_odd,6,0x31bd,1,0.5,8,2 1 2 1 2 1 2 1 2 1 2 1 2 1 2 1,70201681839917439028177039200,27203151712968007623418602690,17639972465321201020437060000,2.5806451612903225,3.9796933911279297,1.5421311890620728,157422,941027
16,1,100,0.01,forward,6,0x31bd,1,0.75,12,2 2 2 2 2 2 2 2 2 2 2 2 1 1 1 1,35802857738357893904370289992,35802857738357893904370289992,35014870903460372258978783106,1.0,1.022504347854661,1.022504347854661,154318,909816
16,1,100,0.01,even_odd,6,0x31bd,1,0.75,12,2 2 2 2 2 2 2 2 2 1 2 1 2 1 2 1,35802857738357893904370289992,18603445687578121342466915388,9132441330494572653836977902,1.9245283018867925,3.920403804709575,2.03707256519223,152426,958782
16,1,100,0.01,forward,6,0x31bd,1,1.0,16,2 2 2 2 2 2 2 2 2 2 2 2 2 2 2 2,1404033636798348780563540784,1404033636798348780563540784,968827618168271890924520592,1.0,1.4492089309478042,1.4492089309478042,154012,942158
16,1,100,0.01,even_odd,6,0x31bd,1,1.0,16,2 2 2 2 2 2 2 2 2 2 2 2 2 2 2 2,1404033636798348780563540784,1404033636798348780563540784,968827618168271890924520592,1.0,1.4492089309478042,1.4492089309478042,167410,918302
16,1,100,0.01,forward,6,0x31bd,2,0.0,0,2 2 2 2 2 2 2 2 2 2 2 2 2 2 2 2,1404033636798348780563540784,1404033636798348780563540784,968827618168271890924520592,1.0,1.4492089309478042,1.4492089309478042,154356,901680
16,1,100,0.01,even_odd,6,0x31bd,2,0.0,0,2 2 2 2 2 2 2 2 2 2 2 2 2 2 2 2,1404033636798348780563540784,1404033636798348780563540784,968827618168271890924520592,1.0,1.4492089309478042,1.4492089309478042,149941,883412
16,1,100,0.01,forward,6,0x31bd,2,0.25,4,3 3 3 3 2 2 2 2 2 2 2 2 2 2 2 2,1056570767085626102545290792,1056570767085626102545290792,707344171450221254010623298,1.0,1.4937152375475273,1.4937152375475273,148764,918014
16,1,100,0.01,even_odd,6,0x31bd,2,0.25,4,3 2 3 2 3 2 3 2 2 2 2 2 2 2 2 2,1056570767085626102545290792,882839332229264763536165796,616959775596321076360419792,1.1967871485943775,1.712544008342197,1.430951201601366,155367,915065
16,1,100,0.01,forward,6,0x31bd,2,0.5,8,3 3 3 3 3 3 3 3 2 2 2 2 2 2 2 2,709107897372903424527040800,709107897372903424527040800,616046801900827135172033898,1.0,1.1510617297012729,1.1510617297012729,149736,883819
16,1,100,0.01,even_odd,6,0x31bd,2,0.5,8,3 2 3 2 3 2 3 2 3 2 3 2 3 2 3 2,709107897372903424527040800,274779310232000077004228310,180858599588400472037187702,2.5806451612903225,3.920786177636547,1.519304643834162,146389,875447
16,1,100,0.01,forward,6,0x31bd,2,0.75,12,3 3 3 3 3 3 3 3 3 3 3 3 2 2 2 2,361645027660180746508790808,361645027660180746508790808,355485191822605525730524596,1.0,1.0173279674632667,1.0173279674632667,147890,902066
16,1,100,0.01,even_odd,6,0x31bd,2,0.75,12,3 3 3 3 3 3 3 3 3 2 3 2 3 2 3 2,361645027660180746508790808,187913592803819407499665812,179076698335883020480513596,1.9245283018867925,2.0194979638381856,1.0493469812100376,142311,900081
16,1,100,0.01,forward,6,0x31bd,2,1.0,16,3 3 3 3 3 3 3 3 3 3 3 3 3 3 3 3,14182157947458068490540816,14182157947458068490540816,11549863479937442141917710,1.0,1.2279069767441861,1.2279069767441861,146449,874287
16,1,100,0.01,even_odd,6,0x31bd,2,1.0,16,3 3 3 3 3 3 3 3 3 3 3 3 3 3 3 3,14182157947458068490540816,14182157947458068490540816,11549863479937442141917710,1.0,1.2279069767441861,1.2279069767441861,141501,890523
16,1,100,0.01,forward,6,0x31bd,3,0.0,0,3 3 3 3 3 3 3 3 3 3 3 3 3 3 3 3,14182157947458068490540816,14182157947458068490540816,11549863479937442141917710,1.0,1.2279069767441861,1.2279069767441861,145569,877604
16,1,100,0.01,even_odd,6,0x31bd,3,0.0,0,3 3 3 3 3 3 3 3 3 3 3 3 3 3 3 3,14182157947458068490540816,14182157947458068490540816,11549863479937442141917710,1.0,1.2279069767441861,1.2279069767441861,141564,901400
16,1,100,0.01,forward,6,0x31bd,3,0.25,4,4 4 4 4 3 3 3 3 3 3 3 3 3 3 3 3,10672431990763900025710008,10672431990763900025710008,8022322109882847712274604,1.0,1.3303419938244978,1.3303419938244978,147395,928870
16,1,100,0.01,even_odd,6,0x31bd,3,0.25,4,4 3 4 3 4 3 4 3 3 3 3 3 3 3 3 3,10672431990763900025710008,8917569012416815793294604,7109348414388906523888710,1.1967871485943775,1.5011828607476208,1.2543440682085825,146947,909594
16,1,100,0.01,forward,6,0x31bd,3,0.5,8,4 4 4 4 4 4 4 4 3 3 3 3 3 3 3 3,7162706034069731560879200,7162706034069731560879200,7100126457868765703804004,1.0,1.0088138678335246,1.0088138678335246,146569,921696
16,1,100,0.01,even_odd,6,0x31bd,3,0.5,8,4 3 4 3 4 3 4 3 4 3 4 3 4 3 4 3,7162706034069731560879200,2775548588202020979840690,1853712852662794046814396,2.5806451612903225,3.8639781904628614,1.4972915488043588,141313,845985
16,1,100,0.01,forward,6,0x31bd,3,0.75,12,4 4 4 4 4 4 4 4 4 4 4 4 3 3 3 3,3652980077375563096048392,3652980077375563096048392,3608665355700131676037902,1.0,1.0122800862112176,1.0122800862112176,137298,861716
16,1,100,0.01,even_odd,6,0x31bd,3,0.75,12,4 4 4 4 4 4 4 4 4 3 4 3 4 3 4 3,3652980077375563096048392,1898117099028478863632988,1827033590677481258638302,1.9245283018867925,1.9994049896044899,1.0389065142062546,131980,828142
16,1,100,0.01,forward,6,0x31bd,3,1.0,16,4 4 4 4 4 4 4 4 4 4 4 4 4 4 4 4,143254120681394631217584,143254120681394631217584,125528232011222063213388,1.0,1.1412103746397695,1.1412103746397695,152420,825903
16,1,100,0.01,even_odd,6,0x31bd,3,1.0,16,4 4 4 4 4 4 4 4 4 4 4 4 4 4 4 4,143254120681394631217584,143254120681394631217584,125528232011222063213388,1.0,1.1412103746397695,1.1412103746397695,128880,813174
16,1,100,0.01,forward,7,0x4035,0,0.0,0,0 0 0 0 0 0 0 0 0 0 0 0 0 0 0 0,13760933674260616398303263223984,13760933674260616398303263223984,7766676213685658436300907069494,1.0,1.7717918573729747,1.7717918573729747,189381,923522
16,1,100,0.01,even_odd,7,0x4035,0,0.0,0,0 0 0 0 0 0 0 0 0 0 0 0 0 0 0 0,13760933674260616398303263223984,13760933674260616398303263223984,7766676213685658436300907069494,1.0,1.7717918573729747,1.7717918573729747,172364,925355
16,1,100,0.01,forward,7,0x4035,0,0.25,4,1 1 1 1 0 0 0 0 0 0 0 0 0 0 0 0,10355450088206221431046395052392,10355450088206221431046395052392,7766676213685658436300907069494,1.0,1.333318114891784,1.333318114891784,178377,925685
16,1,100,0.01,even_odd,7,0x4035,0,0.25,4,1 0 1 0 1 0 1 0 0 0 0 0 0 0 0 0,10355450088206221431046395052392,7801337398665425205603743923698,1789792773938301091488182814204,1.3273942093541202,5.7858374662111585,4.358793661625521,176429,916716
16,1,100,0.01,forward,7,0x4035,0,0.5,8,1 1 1 1 1 1 1 1 0 0 0 0 0 0 0 0,6949966502151826463789526880800,6949966502151826463789526880800,1789792773938301091488182814204,1.0,3.883112393430308,3.883112393430308,169427,975899
16,1,100,0.01,even_odd,7,0x4035,0,0.5,8,1 0 1 0 1 0 1 0 1 0 1 0 1 0 1 0,6949966502151826463789526880800,3544482916097431496532658709208,929822171399312463393014084004,1.9607843137254901,7.474511488247962,3.8120008590064605,163099,913916
16,1,100,0.01,forward,7,0x4035,0,0.75,12,1 1 1 1 1 1 1 1 1 1 1 1 0 0 0 0,3544482916097431496532658709208,3544482916097431496532658709208,1789792773938301091488182814204,1.0,1.980387320649457,1.980387320649457,164352,935033
16,1,100,0.01,even_odd,7,0x4035,0,0.75,12,1 1 1 1 1 1 1 1 1 0 1 0 1 0 1 0,3544482916097431496532658709208,2693112019583832754718441666310,929822171399312463393014084004,1.3161290322580645,3.8120008590064605,2.8963732016960853,172746,916956
16,1,100,0.01,forward,7,0x4035,0,1.0,16,1 1 1 1 1 1 1 1 1 1 1 1 1 1 1 1,138999330043036529275790537616,138999330043036529275790537616,95826191049741562989906768408,1.0,1.450535897548976,1.450535897548976,179843,966628
16,1,100,0.01,even_odd,7,0x4035,0,1.0,16,1 1 1 1 1 1 1 1 1 1 1 1 1 1 1 1,138999330043036529275790537616,138999330043036529275790537616,95826191049741562989906768408,1.0,1.450535897548976,1.450535897548976,171531,925855
16,1,100,0.01,forward,7,0x4035,1,0.0,0,1 1 1 1 1 1 1 1 1 1 1 1 1 1 1 1,138999330043036529275790537616,138999330043036529275790537616,95826191049741562989906768408,1.0,1.450535897548976,1.450535897548976,161085,887329
16,1,100,0.01,even_odd,7,0x4035,1,0.0,0,1 1 1 1 1 1 1 1 1 1 1 1 1 1 1 1,138999330043036529275790537616,138999330043036529275790537616,95826191049741562989906768408,1.0,1.450535897548976,1.450535897548976,167878,925774
16,1,100,0.01,forward,7,0x4035,1,0.25,4,2 2 2 2 1 1 1 1 1 1 1 1 1 1 1 1,104600505941476984151983788408,104600505941476984151983788408,87050980911103607859748728408,1.0,1.201600543115016,1.201600543115016,167464,906138
16,1,100,0.01,even_odd,7,0x4035,1,0.25,4,2 1 2 1 2 1 2 1 1 1 1 1 1 1 1 1,104600505941476984151983788408,78801387865307325309128726502,26678420913655553871741412698,1.3273942093541202,3.920790749947888,2.9537500784003385,168749,910077
16,1,100,0.01,forward,7,0x4035,1,0.5,8,2 2 2 2 2 2 2 2 1 1 1 1 1 1 1 1,70201681839917439028177039200,70201681839917439028177039200,26678420913655553871741412698,1.0,2.6314031878844886,2.6314031878844886,163985,869752
16,1,100,0.01,even_odd,7,0x4035,1,0.5,8,2 1 2 1 2 1 2 1 2 1 2 1 2 1 2 1,70201681839917439028177039200,35802857738357893904370289992,17991849170837486921285162898,1.9607843137254901,3.901860290920262,1.9899487483693339,162996,899667
16,1,100,0.01,forward,7,0x4035,1,0.75,12,2 2 2 2 2 2 2 2 2 2 2 2 1 1 1 1,35802857738357893904370289992,35802857738357893904370289992,26678420913655553871741412698,1.0,1.3420156258210894,1.3420156258210894,160581,884172
16,1,100,0.01,even_odd,7,0x4035,1,0.75,12,2 2 2 2 2 2 2 2 2 1 2 1 2 1 2 1,35802857738357893904370289992,27203151712968007623418602690,17991849170837486921285162898,1.3161290322580645,1.9899487483693339,1.5119708627316018,176441,870693
16,1,100,0.01,forward,7,0x4035,1,1.0,16,2 2 2 2 2 2 2 2 2 2 2 2 2 2 2 2,1404033636798348780563540784,1404033636798348780563540784,1143436484513806772049853290,1.0,1.2279069767441861,1.2279069767441861,159509,953006
16,1,100,0.01,even_odd,7,0x4035,1,1.0,16,2 2 2 2 2 2 2 2 2 2 2 2 2 2 2 2,1404033636798348780563540784,1404033636798348780563540784,1143436484513806772049853290,1.0,1.2279069767441861,1.2279069767441861,158355,873557
16,1,100,0.01,forward,7,0x4035,2,0.0,0,2 2 2 2 2 2 2 2 2 2 2 2 2 2 2 2,1404033636798348780563540784,1404033636798348780563540784,1143436484513806772049853290,1.0,1.2279069767441861,1.2279069767441861,154485,903401
16,1,100,0.01,even_odd,7,0x4035,2,0.0,0,2 2 2 2 2 2 2 2 2 2 2 2 2 2 2 2,1404033636798348780563540784,1404033636798348780563540784,1143436484513806772049853290,1.0,1.2279069767441861,1.2279069767441861,155273,915791
16,1,100,0.01,forward,7,0x4035,2,0.25,4,3 3 3 3 2 2 2 2 2 2 2 2 2 2 2 2,1056570767085626102545290792,1056570767085626102545290792,966168554914075698390913290,1.0,1.0935677441702605,1.0935677441702605,152181,895291
16,1,100,0.01,even_odd,7,0x4035,2,0.25,4,3 2 3 2 3 2 3 2 2 2 2 2 2 2 2 2,1056570767085626102545290792,795973614801084094031603298,356344716556014546996900000,1.3273942093541202,2.9650243654434583,2.233718020275357,154789,897474
16,1,100,0.01,forward,7,0x4035,2,0.5,8,3 3 3 3 3 3 3 3 2 2 2 2 2 2 2 2,709107897372903424527040800,709107897372903424527040800,356344716556014546996900000,1.0,1.9899492385526567,1.9899492385526567,156122,843038
16,1,100,0.01,even_odd,7,0x4035,2,0.5,8,3 2 3 2 3 2 3 2 3 2 3 2 3 2 3 2,709107897372903424527040800,361645027660180746508790808,268601567638660335376129800,1.9607843137254901,2.639999102041131,1.346399542040977,142422,847508
16,1,100,0.01,forward,7,0x4035,2,0.75,12,3 3 3 3 3 3 3 3 3 3 3 3 2 2 2 2,361645027660180746508790808,361645027660180746508790808,356344716556014546996900000,1.0,1.014874111661855,1.014874111661855,147174,860250
16,1,100,0.01,even_odd,7,0x4035,2,0.75,12,3 3 3 3 3 3 3 3 3 2 3 2 3 2 3 2,361645027660180746508790808,274779310232000077004228310,268601567638660335376129800,1.3161290322580645,1.346399542040977,1.0229996520409383,146483,870351
16,1,100,0.01,forward,7,0x4035,2,1.0,16,3 3 3 3 3 3 3 3 3 3 3 3 3 3 3 3,14182157947458068490540816,14182157947458068490540816,12427294969110984258125412,1.0,1.1412103746397695,1.1412103746397695,151544,828546
16,1,100,0.01,even_odd,7,0x4035,2,1.0,16,3 3 3 3 3 3 3 3 3 3 3 3 3 3 3 3,14182157947458068490540816,14182157947458068490540816,12427294969110984258125412,1.0,1.1412103746397695,1.1412103746397695,153002,857646
16,1,100,0.01,forward,7,0x4035,3,0.0,0,3 3 3 3 3 3 3 3 3 3 3 3 3 3 3 3,14182157947458068490540816,14182157947458068490540816,12427294969110984258125412,1.0,1.1412103746397695,1.1412103746397695,153024,905798
16,1,100,0.01,even_odd,7,0x4035,3,0.0,0,3 3 3 3 3 3 3 3 3 3 3 3 3 3 3 3,14182157947458068490540816,14182157947458068490540816,12427294969110984258125412,1.0,1.1412103746397695,1.1412103746397695,157206,945185
16,1,100,0.01,forward,7,0x4035,3,0.25,4,4 4 4 4 3 3 3 3 3 3 3 3 3 3 3 3,10672431990763900025710008,10672431990763900025710008,9777185088229931944690008,1.0,1.091564892599987,1.091564892599987,152205,889709
16,1,100,0.01,even_odd,7,0x4035,3,0.25,4,4 3 4 3 4 3 4 3 3 3 3 3 3 3 3 3,10672431990763900025710008,8040137523243273677086902,4476873070547426429307702,1.3273942093541202,2.3839031892541214,1.7959270670723162,150217,834763
16,1,100,0.01,forward,7,0x4035,3,0.5,8,4 4 4 4 4 4 4 4 3 3 3 3 3 3 3 3,7162706034069731560879200,7162706034069731560879200,4476873070547426429307702,1.0,1.5999350263450478,1.5999350263450478,141255,826969
16,1,100,0.01,even_odd,7,0x4035,3,0.5,8,4 3 4 3 4 3 4 3 4 3 4 3 4 3 4 3,7162706034069731560879200,3652980077375563096048392,3590578637038798029097902,1.9607843137254901,1.9948612070997331,1.0173792156208639,146466,796135
16,1,100,0.01,forward,7,0x4035,3,0.75,12,4 4 4 4 4 4 4 4 4 4 4 4 3 3 3 3,3652980077375563096048392,3652980077375563096048392,3617348346364910627062098,1.0,1.0098502349231748,1.0098502349231748,136455,818695
16,1,100,0.01,even_odd,7,0x4035,3,0.75,12,4 4 4 4 4 4 4 4 4 3 4 3 4 3 4 3,3652980077375563096048392,2775548588202020979840690,2731053912856282226852298,1.3161290322580645,1.3375715727102147,1.0162921263239377,135867,812483
16,1,100,0.01,forward,7,0x4035,3,1.0,16,4 4 4 4 4 4 4 4 4 4 4 4 4 4 4 4,143254120681394631217584,143254120681394631217584,134391176346308347215486,1.0,1.065948855989233,1.065948855989233,138816,863264
16,1,100,0.01,even_odd,7,0x4035,3,1.0,16,4 4 4 4 4 4 4 4 4 4 4 4 4 4 4 4,143254120681394631217584,143254120681394631217584,134391176346308347215486,1.0,1.065948855989233,1.065948855989233,140684,831944
16,1,100,0.01,forward,8,0xf92,0,0.0,0,0 0 0 0 0 0 0 0 0 0 0 0 0 0 0 0,13760933674260616398303263223984,13760933674260616398303263223984,5203876952402044143907799691000,1.0,2.644361847931232,2.644361847931232,193043,970627
16,1,100,0.01,even_odd,8,0xf92,0,0.0,0,0 0 0 0 0 0 0 0 0 0 0 0 0 0 0 0,13760933674260616398303263223984,13760933674260616398303263223984,5203876952402044143907799691000,1.0,2.644361847931232,2.644361847931232,176229,929118
16,1,100,0.01,forward,8,0xf92,0,0.25,4,1 1 1 1 0 0 0 0 0 0 0 0 0 0 0 0,10355450088206221431046395052392,10355450088206221431046395052392,5203876952402044143907799691000,1.0,1.9899490673825937,1.9899490673825937,176519,915967
16,1,100,0.01,even_odd,8,0xf92,0,0.25,4,1 0 1 0 1 0 1 0 0 0 0 0 0 0 0 0,10355450088206221431046395052392,8652708295179023947417960966596,5203876952402044143907799691000,1.1967871485943775,1.9899490673825937,1.6627426771082745,175650,939278
16,1,100,0.01,forward,8,0xf92,0,0.5,8,1 1 1 1 1 1 1 1 0 0 0 0 0 0 0 0,6949966502151826463789526880800,6949966502151826463789526880800,3483847117791191334624044442498,1.0,1.9949114490874111,1.9949114490874111,167571,948697
16,1,100,0.01,even_odd,8,0xf92,0,0.5,8,1 0 1 0 1 0 1 0 1 0 1 0 1 0 1 0,6949966502151826463789526880800,2693112019583832754718441666310,903935310174225450338538251898,2.5806451612903225,7.6885662324799355,2.979319415085975,166591,937609
16,1,100,0.01,forward,8,0xf92,0,0.75,12,1 1 1 1 1 1 1 1 1 1 1 1 0 0 0 0,3544482916097431496532658709208,3544482916097431496532658709208,3483847117791191334624044442498,1.0,1.0174048390345798,1.0174048390345798,170092,945496
16,1,100,0.01,even_odd,8,0xf92,0,0.75,12,1 1 1 1 1 1 1 1 1 0 1 0 1 0 1 0,3544482916097431496532658709208,1841741123070234012904224623412,903935310174225450338538251898,1.9245283018867925,3.921168778564767,2.037470051607183,170737,927918
16,1,100,0.01,forward,8,0xf92,0,1.0,16,1 1 1 1 1 1 1 1 1 1 1 1 1 1 1 1,138999330043036529275790537616,138999330043036529275790537616,70027072973571904147051706502,1.0,1.9849370270765798,1.9849370270765798,163096,931057
16,1,100,0.01,even_odd,8,0xf92,0,1.0,16,1 1 1 1 1 1 1 1 1 1 1 1 1 1 1 1,138999330043036529275790537616,138999330043036529275790537616,70027072973571904147051706502,1.0,1.9849370270765798,1.9849370270765798,185239,924875
16,1,100,0.01,forward,8,0xf92,1,0.0,0,1 1 1 1 1 1 1 1 1 1 1 1 1 1 1 1,138999330043036529275790537616,138999330043036529275790537616,70027072973571904147051706502,1.0,1.9849370270765798,1.9849370270765798,159582,929833
16,1,100,0.01,even_odd,8,0xf92,1,0.0,0,1 1 1 1 1 1 1 1 1 1 1 1 1 1 1 1,138999330043036529275790537616,138999330043036529275790537616,70027072973571904147051706502,1.0,1.9849370270765798,1.9849370270765798,163620,944335
16,1,100,0.01,forward,8,0xf92,1,0.25,4,2 2 2 2 1 1 1 1 1 1 1 1 1 1 1 1,104600505941476984151983788408,104600505941476984151983788408,70027072973571904147051706502,1.0,1.4937152375475273,1.4937152375475273,167508,915413
16,1,100,0.01,even_odd,8,0xf92,1,0.25,4,2 1 2 1 2 1 2 1 1 1 1 1 1 1 1 1,104600505941476984151983788408,87401093890697211590080413804,61164119686016594805272896302,1.1967871485943775,1.710161226523642,1.4289602194778084,160274,914563
16,1,100,0.01,forward,8,0xf92,1,0.5,8,2 2 2 2 2 2 2 2 1 1 1 1 1 1 1 1,70201681839917439028177039200,70201681839917439028177039200,43790080952573637135740015004,1.0,1.6031411751887052,1.6031411751887052,157627,909369
16,1,100,0.01,even_odd,8,0xf92,1,0.5,8,2 1 2 1 2 1 2 1 2 1 2 1 2 1 2 1,70201681839917439028177039200,27203151712968007623418602690,17730365724119436284371265604,2.5806451612903225,3.9594040490895708,1.5342690690222087,160422,912320
16,1,100,0.01,forward,8,0xf92,1,0.75,12,2 2 2 2 2 2 2 2 2 2 2 2 1 1 1 1,35802857738357893904370289992,35802857738357893904370289992,35366765425294308386331060000,1.0,1.0123305681992534,1.0123305681992534,156291,895261
16,1,100,0.01,even_odd,8,0xf92,1,0.75,12,2 2 2 2 2 2 2 2 2 1 2 1 2 1 2 1,35802857738357893904370289992,18603445687578121342466915388,17730365724119436284371265604,1.9245283018867925,2.019296065035681,1.0492420730087364,161050,936235
16,1,100,0.01,forward,8,0xf92,1,1.0,16,2 2 2 2 2 2 2 2 2 2 2 2 2 2 2 2,1404033636798348780563540784,1404033636798348780563540784,882839332229264763536165796,1.0,1.5903614457831325,1.5903614457831325,164392,891423
16,1,100,0.01,even_odd,8,0xf92,1,1.0,16,2 2 2 2 2 2 2 2 2 2 2 2 2 2 2 2,1404033636798348780563540784,1404033636798348780563540784,882839332229264763536165796,1.0,1.5903614457831325,1.5903614457831325,193860,887616
16,1,100,0.01,forward,8,0xf92,2,0.0,0,2 2 2 2 2 2 2 2 2 2 2 2 2 2 2 2,1404033636798348780563540784,1404033636798348780563540784,882839332229264763536165796,1.0,1.5903614457831325,1.5903614457831325,151465,901552
16,1,100,0.01,even_odd,8,0xf92,2,0.0,0,2 2 2 2 2 2 2 2 2 2 2 2 2 2 2 2,1404033636798348780563540784,1404033636798348780563540784,882839332229264763536165796,1.0,1.5903614457831325,1.5903614457831325,155125,921706
16,1,100,0.01,forward,8,0xf92,2,0.25,4,3 3 3 3 2 2 2 2 2 2 2 2 2 2 2 2,1056570767085626102545290792,1056570767085626102545290792,794209888878401923515185796,1.0,1.3303419938244978,1.3303419938244978,152766,911568
16,1,100,0.01,even_odd,8,0xf92,2,0.25,4,3 2 3 2 3 2 3 2 2 2 2 2 2 2 2 2,1056570767085626102545290792,882839332229264763536165796,704685108196025061477015996,1.1967871485943775,1.4993516320934026,1.2528139476216684,150785,880460
16,1,100,0.01,forward,8,0xf92,2,0.5,8,3 3 3 3 3 3 3 3 2 2 2 2 2 2 2 2,709107897372903424527040800,709107897372903424527040800,529189767454177004209007094,1.0,1.3399879230172487,1.3399879230172487,156018,869539
16,1,100,0.01,even_odd,8,0xf92,2,0.5,8,3 2 3 2 3 2 3 2 3 2 3 2 3 2 3 2,709107897372903424527040800,274779310232000077004228310,180876325477070644605191898,2.5806451612903225,3.9204019404009602,1.5191557519053722,142638,909399
16,1,100,0.01,forward,8,0xf92,2,0.75,12,3 3 3 3 3 3 3 3 3 3 3 3 2 2 2 2,361645027660180746508790808,361645027660180746508790808,359012733192660120160167702,1.0,1.0073320365105491,1.0073320365105491,151628,856671
16,1,100,0.01,even_odd,8,0xf92,2,0.75,12,3 3 3 3 3 3 3 3 3 2 3 2 3 2 3 2,361645027660180746508790808,187913592803819407499665812,180876325477070644605191898,1.9245283018867925,1.9994049896044899,1.0389065142062546,141186,879901
16,1,100,0.01,forward,8,0xf92,2,1.0,16,3 3 3 3 3 3 3 3 3 3 3 3 3 3 3 3,14182157947458068490540816,14182157947458068490540816,10672431990763900025710008,1.0,1.3288590604026846,1.3288590604026846,140835,848328
16,1,100,0.01,even_odd,8,0xf92,2,1.0,16,3 3 3 3 3 3 3 3 3 3 3 3 3 3 3 3,14182157947458068490540816,14182157947458068490540816,10672431990763900025710008,1.0,1.3288590604026846,1.3288590604026846,141972,885813
16,1,100,0.01,forward,8,0xf92,3,0.0,0,3 3 3 3 3 3 3 3 3 3 3 3 3 3 3 3,14182157947458068490540816,14182157947458068490540816,10672431990763900025710008,1.0,1.3288590604026846,1.3288590604026846,145605,874328
16,1,100,0.01,even_odd,8,0xf92,3,0.0,0,3 3 3 3 3 3 3 3 3 3 3 3 3 3 3 3,14182157947458068490540816,14182157947458068490540816,10672431990763900025710008,1.0,1.3288590604026846,1.3288590604026846,145127,867079
16,1,100,0.01,forward,8,0xf92,3,0.25,4,4 4 4 4 3 3 3 3 3 3 3 3 3 3 3 3,10672431990763900025710008,10672431990763900025710008,8899753599056389828482306,1.0,1.1991828618598452,1.1991828618598452,141263,859122
16,1,100,0.01,even_odd,8,0xf92,3,0.25,4,4 3 4 3 4 3 4 3 3 3 3 3 3 3 3 3,10672431990763900025710008,8917569012416815793294604,7995462885092987181632106,1.1967871485943775,1.3348110227191405,1.115328673345859,144789,868978
16,1,100,0.01,forward,8,0xf92,3,0.5,8,4 4 4 4 4 4 4 4 3 3 3 3 3 3 3 3,7162706034069731560879200,7162706034069731560879200,6222782675579370441551208,1.0,1.151045506085081,1.151045506085081,145284,827720
16,1,100,0.01,even_odd,8,0xf92,3,0.5,8,4 3 4 3 4 3 4 3 4 3 4 3 4 3 4 3,7162706034069731560879200,2775548588202020979840690,1844939433017961159620400,2.5806451612903225,3.8823529411764706,1.5044117647058823,143134,826111
16,1,100,0.01,forward,8,0xf92,3,0.75,12,4 4 4 4 4 4 4 4 4 4 4 4 3 3 3 3,3652980077375563096048392,3652980077375563096048392,3635254188705390528044196,1.0,1.004876107075331,1.004876107075331,137841,844700
16,1,100,0.01,even_odd,8,0xf92,3,0.75,12,4 4 4 4 4 4 4 4 4 3 4 3 4 3 4 3,3652980077375563096048392,1898117099028478863632988,1844939433017961159620400,1.9245283018867925,1.98,1.0288235294117647,135895,860644
16,1,100,0.01,forward,8,0xf92,3,1.0,16,4 4 4 4 4 4 4 4 4 4 4 4 4 4 4 4,143254120681394631217584,143254120681394631217584,116665287676135779211290,1.0,1.2279069767441861,1.2279069767441861,141529,867313
16,1,100,0.01,even_odd,8,0xf92,3,1.0,16,4 4 4 4 4 4 4 4 4 4 4 4 4 4 4 4,143254120681394631217584,143254120681394631217584,116665287676135779211290,1.0,1.2279069767441861,1.2279069767441861,131536,832708
16,1,100,0.01,forward,9,0x696b,0,0.0,0,0 0 0 0 0 0 0 0 0 0 0 0 0 0 0 0,13760933674260616398303263223984,13760933674260616398303263223984,2597729038968084521185445848902,1.0,5.297293700703664,5.297293700703664,171438,895378
16,1,100,0.01,even_odd,9,0x696b,0,0.0,0,0 0 0 0 0 0 0 0 0 0 0 0 0 0 0 0,13760933674260616398303263223984,13760933674260616398303263223984,2597729038968084521185445848902,1.0,5.297293700703664,5.297293700703664,175948,894224
16,1,100,0.01,forward,9,0x696b,0,0.25,4,1 1 1 1 0 0 0 0 0 0 0 0 0 0 0 0,10355450088206221431046395052392,10355450088206221431046395052392,2597729038968084521185445848902,1.0,3.986347279822454,3.986347279822454,179740,888627
16,1,100,0.01,even_odd,9,0x696b,0,0.25,4,1 0 1 0 1 0 1 0 0 0 0 0 0 0 0 0,10355450088206221431046395052392,8652708295179023947417960966596,2597729038968084521185445848902,1.1967871485943775,3.986347279822454,3.3308740693818493,178348,907771
16,1,100,0.01,forward,9,0x696b,0,0.5,8,1 1 1 1 1 1 1 1 0 0 0 0 0 0 0 0,6949966502151826463789526880800,6949966502151826463789526880800,2597729038968084521185445848902,1.0,2.675400858941244,2.675400858941244,172732,884077
16,1,100,0.01,even_odd,9,0x696b,0,0.5,8,1 0 1 0 1 0 1 0 1 0 1 0 1 0 1 0,6949966502151826463789526880800,1841741123070234012904224623412,877521927381975062955792159102,3.7735849056603774,7.919991837567595,2.0987978369554128,178919,913512
16,1,100,0.01,forward,9,0x696b,0,0.75,12,1 1 1 1 1 1 1 1 1 1 1 1 0 0 0 0,3544482916097431496532658709208,3544482916097431496532658709208,2588952055969255793015936504196,1.0,1.369080168141794,1.369080168141794,165423,906466
16,1,100,0.01,even_odd,9,0x696b,0,0.75,12,1 1 1 1 1 1 1 1 1 0 1 0 1 0 1 0,3544482916097431496532658709208,990370226556635271090007580514,877521927381975062955792159102,3.5789473684210527,4.039195837159474,1.1285988368533824,172518,887986
16,1,100,0.01,forward,9,0x696b,0,1.0,16,1 1 1 1 1 1 1 1 1 1 1 1 1 1 1 1,138999330043036529275790537616,138999330043036529275790537616,43702346667504907810942608600,1.0,3.180591905065596,3.180591905065596,168331,890348
16,1,100,0.01,even_odd,9,0x696b,0,1.0,16,1 1 1 1 1 1 1 1 1 1 1 1 1 1 1 1,138999330043036529275790537616,138999330043036529275790537616,43702346667504907810942608600,1.0,3.180591905065596,3.180591905065596,162422,898209
16,1,100,0.01,forward,9,0x696b,1,0.0,0,1 1 1 1 1 1 1 1 1 1 1 1 1 1 1 1,138999330043036529275790537616,138999330043036529275790537616,43702346667504907810942608600,1.0,3.180591905065596,3.180591905065596,165679,879300
16,1,100,0.01,even_odd,9,0x696b,1,0.0,0,1 1 1 1 1 1 1 1 1 1 1 1 1 1 1 1,138999330043036529275790537616,138999330043036529275790537616,43702346667504907810942608600,1.0,3.180591905065596,3.180591905065596,161917,918583
16,1,100,0.01,forward,9,0x696b,1,0.25,4,2 2 2 2 1 1 1 1 1 1 1 1 1 1 1 1,104600505941476984151983788408,104600505941476984151983788408,43702346667504907810942608600,1.0,2.3934757265392617,2.3934757265392617,190460,888609
16,1,100,0.01,even_odd,9,0x696b,1,0.25,4,2 1 2 1 2 1 2 1 1 1 1 1 1 1 1 1,104600505941476984151983788408,87401093890697211590080413804,43702346667504907810942608600,1.1967871485943775,2.3934757265392617,1.9999176372760943,161420,892404
16,1,100,0.01,forward,9,0x696b,1,0.5,8,2 2 2 2 2 2 2 2 1 1 1 1 1 1 1 1,70201681839917439028177039200,70201681839917439028177039200,43701451328346545707027718400,1.0,1.6063924585127396,1.6063924585127396,160899,883190
16,1,100,0.01,even_odd,9,0x696b,1,0.5,8,2 1 2 1 2 1 2 1 2 1 2 1 2 1 2 1,70201681839917439028177039200,18603445687578121342466915388,9040248352289908730430313596,3.7735849056603774,7.765459432553669,2.0578467496267225,169214,883642
16,1,100,0.01,forward,9,0x696b,1,0.75,12,2 2 2 2 2 2 2 2 2 2 2 2 1 1 1 1,35802857738357893904370289992,35802857738357893904370289992,26414278312322449936480628502,1.0,1.35543577284319,1.35543577284319,164450,897271
16,1,100,0.01,even_odd,9,0x696b,1,0.75,12,2 2 2 2 2 2 2 2 2 1 2 1 2 1 2 1,35802857738357893904370289992,10003739662188235061515228086,9040248352289908730430313596,3.5789473684210527,3.9603843106023713,1.106577969138898,172455,882236
16,1,100,0.01,forward,9,0x696b,1,1.0,16,2 2 2 2 2 2 2 2 2 2 2 2 2 2 2 2,1404033636798348780563540784,1404033636798348780563540784,702912338452779215985279792,1.0,1.9974519723026174,1.9974519723026174,155837,868042
16,1,100,0.01,even_odd,9,0x696b,1,1.0,16,2 2 2 2 2 2 2 2 2 2 2 2 2 2 2 2,1404033636798348780563540784,1404033636798348780563540784,702912338452779215985279792,1.0,1.9974519723026174,1.9974519723026174,155778,886459
16,1,100,0.01,forward,9,0x696b,2,0.0,0,2 2 2 2 2 2 2 2 2 2 2 2 2 2 2 2,1404033636798348780563540784,1404033636798348780563540784,702912338452779215985279792,1.0,1.9974519723026174,1.9974519723026174,157801,904227
16,1,100,0.01,even_odd,9,0x696b,2,0.0,0,2 2 2 2 2 2 2 2 2 2 2 2 2 2 2 2,1404033636798348780563540784,1404033636798348780563540784,702912338452779215985279792,1.0,1.9974519723026174,1.9974519723026174,147982,843903
16,1,100,0.01,forward,9,0x696b,2,0.25,4,3 3 3 3 2 2 2 2 2 2 2 2 2 2 2 2,1056570767085626102545290792,1056570767085626102545290792,617819300338864338036283698,1.0,1.7101614768365336,1.7101614768365336,171202,850146
16,1,100,0.01,even_odd,9,0x696b,2,0.25,4,3 2 3 2 3 2 3 2 2 2 2 2 2 2 2 2,1056570767085626102545290792,882839332229264763536165796,617819300338864338036283698,1.1967871485943775,1.7101614768365336,1.4289604286318687,144339,873772
16,1,100,0.01,forward,9,0x696b,2,0.5,8,3 3 3 3 3 3 3 3 2 2 2 2 2 2 2 2,709107897372903424527040800,709107897372903424527040800,616055483968933632764719392,1.0,1.1510455077917336,1.1510455077917336,151409,828260
16,1,100,0.01,even_odd,9,0x696b,2,0.5,8,3 2 3 2 3 2 3 2 3 2 3 2 3 2 3 2,709107897372903424527040800,187913592803819407499665812,93965842059016823201383506,3.7735849056603774,7.546443280181923,1.9998074692482095,144656,860071
16,1,100,0.01,forward,9,0x696b,2,0.75,12,3 3 3 3 3 3 3 3 3 3 3 3 2 2 2 2,361645027660180746508790808,361645027660180746508790808,351912792206662298720054298,1.0,1.0276552477461607,1.0276552477461607,165360,846703
16,1,100,0.01,even_odd,9,0x696b,2,0.75,12,3 3 3 3 3 3 3 3 3 2 3 2 3 2 3 2,361645027660180746508790808,101047875375638737995103314,93088500094533534481983906,3.5789473684210527,3.884959230118885,1.0855033142979238,142026,837216
16,1,100,0.01,forward,9,0x696b,2,1.0,16,3 3 3 3 3 3 3 3 3 3 3 3 3 3 3 3,14182157947458068490540816,14182157947458068490540816,8881846852426109388138510,1.0,1.596757767061043,1.596757767061043,142148,831856
16,1,100,0.01,even_odd,9,0x696b,2,1.0,16,3 3 3 3 3 3 3 3 3 3 3 3 3 3 3 3,14182157947458068490540816,14182157947458068490540816,8881846852426109388138510,1.0,1.596757767061043,1.596757767061043,142919,844912
16,1,100,0.01,forward,9,0x696b,3,0.0,0,3 3 3 3 3 3 3 3 3 3 3 3 3 3 3 3,14182157947458068490540816,14182157947458068490540816,8881846852426109388138510,1.0,1.596757767061043,1.596757767061043,144238,832606
16,1,100,0.01,even_odd,9,0x696b,3,0.0,0,3 3 3 3 3 3 3 3 3 3 3 3 3 3 3 3,14182157947458068490540816,14182157947458068490540816,8881846852426109388138510,1.0,1.596757767061043,1.596757767061043,142008,837306
16,1,100,0.01,forward,9,0x696b,3,0.25,4,4 4 4 4 3 3 3 3 3 3 3 3 3 3 3 3,10672431990763900025710008,10672431990763900025710008,8881846852426109388138510,1.0,1.20160054187927,1.20160054187927,145614,800082
16,1,100,0.01,even_odd,9,0x696b,3,0.25,4,4 3 4 3 4 3 4 3 3 3 3 3 3 3 3 3,10672431990763900025710008,8917569012416815793294604,7118030482495404116574204,1.1967871485943775,1.4993518244982862,1.2528141083895075,136556,798083
16,1,100,0.01,forward,9,0x696b,3,0.5,8,4 4 4 4 4 4 4 4 3 3 3 3 3 3 3 3,7162706034069731560879200,7162706034069731560879200,7100214155526407093629110,1.0,1.0088014075596135,1.0088014075596135,152942,824077
16,1,100,0.01,even_odd,9,0x696b,3,0.5,8,4 3 4 3 4 3 4 3 4 3 4 3 4 3 4 3,7162706034069731560879200,1898117099028478863632988,967147113945523019118192,3.7735849056603774,7.406015001015852,1.962593975269201,139625,867809
16,1,100,0.01,forward,9,0x696b,3,0.75,12,4 4 4 4 4 4 4 4 4 4 4 4 3 3 3 3,3652980077375563096048392,3652980077375563096048392,3572582347263389323188600,1.0,1.0225040943209494,1.0225040943209494,142828,835187
16,1,100,0.01,even_odd,9,0x696b,3,0.75,12,4 4 4 4 4 4 4 4 4 3 4 3 4 3 4 3,3652980077375563096048392,1020685609854936747425286,967147113945523019118192,3.5789473684210527,3.777067650518085,1.055357137644759,127136,767329
16,1,100,0.01,forward,9,0x696b,3,1.0,16,4 4 4 4 4 4 4 4 4 4 4 4 4 4 4 4,143254120681394631217584,143254120681394631217584,107623293960542701592988,1.0,1.331069840084202,1.331069840084202,126800,751715
16,1,100,0.01,even_odd,9,0x696b,3,1.0,16,4 4 4 4 4 4 4 4 4 4 4 4 4 4 4 4,143254120681394631217584,143254120681394631217584,107623293960542701592988,1.0,1.331069840084202,1.331069840084202,138638,787747
16,1,100,0.01,forward,10,0x5285,0,0.0,0,0 0 0 0 0 0 0 0 0 0 0 0 0 0 0 0,13760933674260616398303263223984,13760933674260616398303263223984,4317843984434291453855012606196,1.0,3.186991869986133,3.186991869986133,180132,955182
16,1,100,0.01,even_odd,10,0x5285,0,0.0,0,0 0 0 0 0 0 0 0 0 0 0 0 0 0 0 0,13760933674260616398303263223984,13760933674260616398303263223984,4317843984434291453855012606196,1.0,3.186991869986133,3.186991869986133,173501,944674
16,1,100,0.01,forward,10,0x5285,0,0.25,4,1 1 1 1 0 0 0 0 0 0 0 0 0 0 0 0,10355450088206221431046395052392,10355450088206221431046395052392,2597727293058479489241433605396,1.0,3.9863499590113065,3.9863499590113065,183746,966156
16,1,100,0.01,even_odd,10,0x5285,0,0.25,4,1 0 1 0 1 0 1 0 0 0 0 0 0 0 0 0,10355450088206221431046395052392,8652708295179023947417960966596,2597727293058479489241433605396,1.1967871485943775,3.9863499590113065,3.3308763080329373,181070,959947
16,1,100,0.01,forward,10,0x5285,0,0.5,8,1 1 1 1 1 1 1 1 0 0 0 0 0 0 0 0,6949966502151826463789526880800,6949966502151826463789526880800,2597727293058479489241433605396,1.0,2.675402657054568,2.675402657054568,172313,937144
16,1,100,0.01,even_odd,10,0x5285,0,0.5,8,1 0 1 0 1 0 1 0 1 0 1 0 1 0 1 0,6949966502151826463789526880800,1841741123070234012904224623412,894985482214955221146085857102,3.7735849056603774,7.765451664033364,2.0578446909688415,171246,906197
16,1,100,0.01,forward,10,0x5285,0,0.75,12,1 1 1 1 1 1 1 1 1 1 1 1 0 0 0 0,3544482916097431496532658709208,3544482916097431496532658709208,1746355483571176119245618688102,1.0,2.0296457104192838,2.0296457104192838,167561,900361
16,1,100,0.01,even_odd,10,0x5285,0,0.75,12,1 1 1 1 1 1 1 1 1 0 1 0 1 0 1 0,3544482916097431496532658709208,990370226556635271090007580514,877610566140452069988372937902,3.5789473684210527,4.038787877959727,1.1284848482534533,166585,916889
16,1,100,0.01,forward,10,0x5285,0,1.0,16,1 1 1 1 1 1 1 1 1 1 1 1 1 1 1 1,138999330043036529275790537616,138999330043036529275790537616,60990388251160233466263771306,1.0,2.2790366487032867,2.2790366487032867,160065,930187
16,1,100,0.01,even_odd,10,0x5285,0,1.0,16,1 1 1 1 1 1 1 1 1 1 1 1 1 1 1 1,138999330043036529275790537616,138999330043036529275790537616,60990388251160233466263771306,1.0,2.2790366487032867,2.2790366487032867,158958,911196
16,1,100,0.01,forward,10,0x5285,1,0.0,0,1 1 1 1 1 1 1 1 1 1 1 1 1 1 1 1,138999330043036529275790537616,138999330043036529275790537616,60990388251160233466263771306,1.0,2.2790366487032867,2.2790366487032867,165225,927927
16,1,100,0.01,even_odd,10,0x5285,1,0.0,0,1 1 1 1 1 1 1 1 1 1 1 1 1 1 1 1,138999330043036529275790537616,138999330043036529275790537616,60990388251160233466263771306,1.0,2.2790366487032867,2.2790366487032867,182147,919635
16,1,100,0.01,forward,10,0x5285,1,0.25,4,2 2 2 2 1 1 1 1 1 1 1 1 1 1 1 1,104600505941476984151983788408,104600505941476984151983788408,43617244765524099565351271706,1.0,2.3981456532567416,2.3981456532567416,172402,880539
16,1,100,0.01,even_odd,10,0x5285,1,0.25,4,2 1 2 1 2 1 2 1 1 1 1 1 1 1 1 1,104600505941476984151983788408,87401093890697211590080413804,43617244765524099565351271706,1.1967871485943775,2.3981456532567416,2.0038196901373446,157593,875194
16,1,100,0.01,forward,10,0x5285,1,0.5,8,2 2 2 2 2 2 2 2 1 1 1 1 1 1 1 1,70201681839917439028177039200,70201681839917439028177039200,43617244765524099565351271706,1.0,1.6094937270179475,1.6094937270179475,158128,898032
16,1,100,0.01,even_odd,10,0x5285,1,0.5,8,2 1 2 1 2 1 2 1 2 1 2 1 2 1 2 1,70201681839917439028177039200,18603445687578121342466915388,9215770553179383588691725396,3.7735849056603774,7.6175596424433865,2.0186533052474975,152377,905839
16,1,100,0.01,forward,10,0x5285,1,0.75,12,2 2 2 2 2 2 2 2 2 2 2 2 1 1 1 1,35802857738357893904370289992,35802857738357893904370289992,34926232147714782718737418800,1.0,1.0250993461572255,1.0250993461572255,152548,878499
16,1,100,0.01,even_odd,10,0x5285,1,0.75,12,2 2 2 2 2 2 2 2 2 1 2 1 2 1 2 1,35802857738357893904370289992,10003739662188235061515228086,9040284255344675165450184996,3.5789473684210527,3.960368582126277,1.1065735744176362,155649,890634
16,1,100,0.01,forward,10,0x5285,1,1.0,16,2 2 2 2 2 2 2 2 2 2 2 2 2 2 2 2,1404033636798348780563540784,1404033636798348780563540784,879311880383900422503330792,1.0,1.596741347547083,1.596741347547083,150670,881495
16,1,100,0.01,even_odd,10,0x5285,1,1.0,16,2 2 2 2 2 2 2 2 2 2 2 2 2 2 2 2,1404033636798348780563540784,1404033636798348780563540784,879311880383900422503330792,1.0,1.596741347547083,1.596741347547083,150094,896282
16,1,100,0.01,forward,10,0x5285,2,0.0,0,2 2 2 2 2 2 2 2 2 2 2 2 2 2 2 2,1404033636798348780563540784,1404033636798348780563540784,879311880383900422503330792,1.0,1.596741347547083,1.596741347547083,153700,879200
16,1,100,0.01,even_odd,10,0x5285,2,0.0,0,2 2 2 2 2 2 2 2 2 2 2 2 2 2 2 2,1404033636798348780563540784,1404033636798348780563540784,879311880383900422503330792,1.0,1.596741347547083,1.596741347547083,149766,876281
16,1,100,0.01,forward,10,0x5285,2,0.25,4,3 3 3 3 2 2 2 2 2 2 2 2 2 2 2 2,1056570767085626102545290792,1056570767085626102545290792,616073390733832394024040192,1.0,1.7150079568070578,1.7150079568070578,152621,891586
16,1,100,0.01,even_odd,10,0x5285,2,0.25,4,3 2 3 2 3 2 3 2 2 2 2 2 2 2 2 2,1056570767085626102545290792,882839332229264763536165796,616073390733832394024040192,1.1967871485943775,1.7150079568070578,1.4330100041777094,155650,872069
16,1,100,0.01,forward,10,0x5285,2,0.5,8,3 3 3 3 3 3 3 3 2 2 2 2 2 2 2 2,709107897372903424527040800,709107897372903424527040800,616073390733832394024040192,1.0,1.151012051548361,1.151012051548361,145116,868206
16,1,100,0.01,even_odd,10,0x5285,2,0.5,8,3 2 3 2 3 2 3 2 3 2 3 2 3 2 3 2,709107897372903424527040800,187913592803819407499665812,95747655613876633368232506,3.7735849056603774,7.40600793645054,1.9625921031593931,144893,857010
16,1,100,0.01,forward,10,0x5285,2,0.75,12,3 3 3 3 3 3 3 3 3 3 3 3 2 2 2 2,361645027660180746508790808,361645027660180746508790808,354563264744662203912478302,1.0,1.0199731997634285,1.0199731997634285,140463,861451
16,1,100,0.01,even_odd,10,0x5285,2,0.75,12,3 3 3 3 3 3 3 3 3 2 3 2 3 2 3 2,361645027660180746508790808,101047875375638737995103314,95747655613876633368232506,3.5789473684210527,3.7770640475897754,1.0553561309442019,143144,860279
16,1,100,0.01,forward,10,0x5285,2,1.0,16,3 3 3 3 3 3 3 3 3 3 3 3 3 3 3 3,14182157947458068490540816,14182157947458068490540816,10654616577403474060897710,1.0,1.3310810243078925,1.3310810243078925,151590,857270
16,1,100,0.01,even_odd,10,0x5285,2,1.0,16,3 3 3 3 3 3 3 3 3 3 3 3 3 3 3 3,14182157947458068490540816,14182157947458068490540816,10654616577403474060897710,1.0,1.3310810243078925,1.3310810243078925,143848,853657
16,1,100,0.01,forward,10,0x5285,3,0.0,0,3 3 3 3 3 3 3 3 3 3 3 3 3 3 3 3,14182157947458068490540816,14182157947458068490540816,10654616577403474060897710,1.0,1.3310810243078925,1.3310810243078925,144563,889014
16,1,100,0.01,even_odd,10,0x5285,3,0.0,0,3 3 3 3 3 3 3 3 3 3 3 3 3 3 3 3,14182157947458068490540816,14182157947458068490540816,10654616577403474060897710,1.0,1.3310810243078925,1.3310810243078925,144988,924241
16,1,100,0.01,forward,10,0x5285,3,0.25,4,4 4 4 4 3 3 3 3 3 3 3 3 3 3 3 3,10672431990763900025710008,10672431990763900025710008,7135937247394165375895004,1.0,1.4955893838137602,1.4955893838137602,160729,906736
16,1,100,0.01,even_odd,10,0x5285,3,0.25,4,4 3 4 3 4 3 4 3 3 3 3 3 3 3 3 3,10672431990763900025710008,8917569012416815793294604,7135937247394165375895004,1.1967871485943775,1.4955893838137602,1.2496703240591487,148654,891710
16,1,100,0.01,forward,10,0x5285,3,0.5,8,4 4 4 4 4 4 4 4 3 3 3 3 3 3 3 3,7162706034069731560879200,7162706034069731560879200,7100395031939525894228310,1.0,1.0087757092175735,1.0087757092175735,150301,847393
16,1,100,0.01,even_odd,10,0x5285,3,0.5,8,4 3 4 3 4 3 4 3 4 3 4 3 4 3 4 3,7162706034069731560879200,1898117099028478863632988,1844579525677346493664596,3.7735849056603774,3.8831104511146086,1.0290242695453713,137873,806414
16,1,100,0.01,forward,10,0x5285,3,0.75,12,4 4 4 4 4 4 4 4 4 4 4 4 3 3 3 3,3652980077375563096048392,3652980077375563096048392,3626211290699996911064196,1.0,1.0073820261781818,1.0073820261781818,134256,806361
16,1,100,0.01,even_odd,10,0x5285,3,0.75,12,4 4 4 4 4 4 4 4 4 3 4 3 4 3 4 3,3652980077375563096048392,1020685609854936747425286,985053878844284278438992,3.5789473684210527,3.7084063682500563,1.0361723675992804,161296,796726
16,1,100,0.01,forward,10,0x5285,3,1.0,16,4 4 4 4 4 4 4 4 4 4 4 4 4 4 4 4,143254120681394631217584,143254120681394631217584,125528232011222063213388,1.0,1.1412103746397695,1.1412103746397695,133473,799755
16,1,100,0.01,even_odd,10,0x5285,3,1.0,16,4 4 4 4 4 4 4 4 4 4 4 4 4 4 4 4,143254120681394631217584,143254120681394631217584,125528232011222063213388,1.0,1.1412103746397695,1.1412103746397695,134091,800951
16,1,100,0.01,forward,11,0x5b89,0,0.0,0,0 0 0 0 0 0 0 0 0 0 0 0 0 0 0 0,13760933674260616398303263223984,13760933674260616398303263223984,3475249184444193155853289982898,1.0,3.9596969724809656,3.9596969724809656,176409,965999
16,1,100,0.01,even_odd,11,0x5b89,0,0.0,0,0 0 0 0 0 0 0 0 0 0 0 0 0 0 0 0,13760933674260616398303263223984,13760933674260616398303263223984,3475249184444193155853289982898,1.0,3.9596969724809656,3.9596969724809656,175663,935182
16,1,100,0.01,forward,11,0x5b89,0,0.25,4,1 1 1 1 0 0 0 0 0 0 0 0 0 0 0 0,10355450088206221431046395052392,10355450088206221431046395052392,3475249184444193155853289982898,1.0,2.9797719641397165,2.9797719641397165,177819,965514
16,1,100,0.01,even_odd,11,0x5b89,0,0.25,4,1 0 1 0 1 0 1 0 0 0 0 0 0 0 0 0,10355450088206221431046395052392,8652708295179023947417960966596,3475249184444193155853289982898,1.1967871485943775,2.9797719641397165,2.489809459969092,172396,936585
16,1,100,0.01,forward,11,0x5b89,0,0.5,8,1 1 1 1 1 1 1 1 0 0 0 0 0 0 0 0,6949966502151826463789526880800,6949966502151826463789526880800,2597903656878232351260727523298,1.0,2.675221032062153,2.675221032062153,202286,963423
16,1,100,0.01,even_odd,11,0x5b89,0,0.5,8,1 0 1 0 1 0 1 0 1 0 1 0 1 0 1 0,6949966502151826463789526880800,1841741123070234012904224623412,886474423629196652479401790200,3.7735849056603774,7.840007920024242,2.077602098806424,169048,967616
16,1,100,0.01,forward,11,0x5b89,0,0.75,12,1 1 1 1 1 1 1 1 1 1 1 1 0 0 0 0,3544482916097431496532658709208,3544482916097431496532658709208,1746269521874983541418031189800,1.0,2.029745621564586,2.029745621564586,167256,940474
16,1,100,0.01,even_odd,11,0x5b89,0,0.75,12,1 1 1 1 1 1 1 1 1 0 1 0 1 0 1 0,3544482916097431496532658709208,1841741123070234012904224623412,886474423629196652479401790200,1.9245283018867925,3.9984040392123634,2.077602098806424,170389,952252
16,1,100,0.01,forward,11,0x5b89,0,1.0,16,1 1 1 1 1 1 1 1 1 1 1 1 1 1 1 1,138999330043036529275790537616,138999330043036529275790537616,61165006069974793687069914204,1.0,2.272530307346274,2.272530307346274,170201,998470
16,1,100,0.01,even_odd,11,0x5b89,0,1.0,16,1 1 1 1 1 1 1 1 1 1 1 1 1 1 1 1,138999330043036529275790537616,138999330043036529275790537616,61165006069974793687069914204,1.0,2.272530307346274,2.272530307346274,181975,1010928
16,1,100,0.01,forward,11,0x5b89,1,0.0,0,1 1 1 1 1 1 1 1 1 1 1 1 1 1 1 1,138999330043036529275790537616,138999330043036529275790537616,61165006069974793687069914204,1.0,2.272530307346274,2.272530307346274,169372,950855
16,1,100,0.01,even_odd,11,0x5b89,1,0.0,0,1 1 1 1 1 1 1 1 1 1 1 1 1 1 1 1,138999330043036529275790537616,138999330043036529275790537616,61165006069974793687069914204,1.0,2.272530307346274,2.272530307346274,164320,937516
16,1,100,0.01,forward,11,0x5b89,1,0.25,4,2 2 2 2 1 1 1 1 1 1 1 1 1 1 1 1,104600505941476984151983788408,104600505941476984151983788408,61165006069974793687069914204,1.0,1.7101364434070445,1.7101364434070445,169588,935460
16,1,100,0.01,even_odd,11,0x5b89,1,0.25,4,2 1 2 1 2 1 2 1 1 1 1 1 1 1 1 1,104600505941476984151983788408,87401093890697211590080413804,61165006069974793687069914204,1.1967871485943775,1.7101364434070445,1.42893951143743,157807,944095
16,1,100,0.01,forward,11,0x5b89,1,0.5,8,2 2 2 2 2 2 2 2 1 1 1 1 1 1 1 1,70201681839917439028177039200,70201681839917439028177039200,43527728847786057789597104004,1.0,1.6128036931448606,1.6128036931448606,157959,923118
16,1,100,0.01,even_odd,11,0x5b89,1,0.5,8,2 1 2 1 2 1 2 1 2 1 2 1 2 1 2 1,70201681839917439028177039200,18603445687578121342466915388,9217534369531045813144312698,3.7735849056603774,7.616101988398557,2.0182670269256175,165447,947430
16,1,100,0.01,forward,11,0x5b89,1,0.75,12,2 2 2 2 2 2 2 2 2 2 2 2 1 1 1 1,35802857738357893904370289992,35802857738357893904370289992,26238792104935174578103517502,1.0,1.3645009875139733,1.3645009875139733,154539,897029
16,1,100,0.01,even_odd,11,0x5b89,1,0.75,12,2 2 2 2 2 2 2 2 2 1 2 1 2 1 2 1,35802857738357893904370289992,18603445687578121342466915388,9217534369531045813144312698,1.9245283018867925,3.884212014083264,2.0182670269256175,155550,957133
16,1,100,0.01,forward,11,0x5b89,1,1.0,16,2 2 2 2 2 2 2 2 2 2 2 2 2 2 2 2,1404033636798348780563540784,1404033636798348780563540784,794218751822737009799187894,1.0,1.7678172840619575,1.7678172840619575,160528,979995
16,1,100,0.01,even_odd,11,0x5b89,1,1.0,16,2 2 2 2 2 2 2 2 2 2 2 2 2 2 2 2,1404033636798348780563540784,1404033636798348780563540784,794218751822737009799187894,1.0,1.7678172840619575,1.7678172840619575,166480,941202
16,1,100,0.01,forward,11,0x5b89,2,0.0,0,2 2 2 2 2 2 2 2 2 2 2 2 2 2 2 2,1404033636798348780563540784,1404033636798348780563540784,794218751822737009799187894,1.0,1.7678172840619575,1.7678172840619575,153458,896520
16,1,100,0.01,even_odd,11,0x5b89,2,0.0,0,2 2 2 2 2 2 2 2 2 2 2 2 2 2 2 2,1404033636798348780563540784,1404033636798348780563540784,794218751822737009799187894,1.0,1.7678172840619575,1.7678172840619575,153526,890395
16,1,100,0.01,forward,11,0x5b89,2,0.25,4,3 3 3 3 2 2 2 2 2 2 2 2 2 2 2 2,1056570767085626102545290792,1056570767085626102545290792,792437210486694413317958094,1.0,1.3333179627401743,1.3333179627401743,161021,942819
16,1,100,0.01,even_odd,11,0x5b89,2,0.25,4,3 2 3 2 3 2 3 2 2 2 2 2 2 2 2 2,1056570767085626102545290792,882839332229264763536165796,792437210486694413317958094,1.1967871485943775,1.3333179627401743,1.1140811165177966,146340,878015
16,1,100,0.01,forward,11,0x5b89,2,0.5,8,3 3 3 3 3 3 3 3 2 2 2 2 2 2 2 2,709107897372903424527040800,709107897372903424527040800,443219477795624651067292698,1.0,1.5999023799668932,1.5999023799668932,149510,893656
16,1,100,0.01,even_odd,11,0x5b89,2,0.5,8,3 2 3 2 3 2 3 2 3 2 3 2 3 2 3 2,709107897372903424527040800,187913592803819407499665812,94888129062753770613645204,3.7735849056603774,7.473093888319145,1.9803698804045733,148087,874435
16,1,100,0.01,forward,11,0x5b89,2,0.75,12,3 3 3 3 3 3 3 3 3 3 3 3 2 2 2 2,361645027660180746508790808,361645027660180746508790808,351904021518434958172274796,1.0,1.0276808605361036,1.0276808605361036,145813,909163
16,1,100,0.01,even_odd,11,0x5b89,2,0.75,12,3 3 3 3 3 3 3 3 3 2 3 2 3 2 3 2,361645027660180746508790808,187913592803819407499665812,94888129062753770613645204,1.9245283018867925,3.811277883042764,1.9803698804045733,146952,881970
16,1,100,0.01,forward,11,0x5b89,2,1.0,16,3 3 3 3 3 3 3 3 3 3 3 3 3 3 3 3,14182157947458068490540816,14182157947458068490540816,9795000501590357909502306,1.0,1.4478976234003655,1.4478976234003655,153895,877655
16,1,100,0.01,even_odd,11,0x5b89,2,1.0,16,3 3 3 3 3 3 3 3 3 3 3 3 3 3 3 3,14182157947458068490540816,14182157947458068490540816,9795000501590357909502306,1.0,1.4478976234003655,1.4478976234003655,144773,912442
16,1,100,0.01,forward,11,0x5b89,3,0.0,0,3 3 3 3 3 3 3 3 3 3 3 3 3 3 3 3,14182157947458068490540816,14182157947458068490540816,9795000501590357909502306,1.0,1.4478976234003655,1.4478976234003655,145468,894389
16,1,100,0.01,even_odd,11,0x5b89,3,0.0,0,3 3 3 3 3 3 3 3 3 3 3 3 3 3 3 3,14182157947458068490540816,14182157947458068490540816,9795000501590357909502306,1.0,1.4478976234003655,1.4478976234003655,144327,902901
16,1,100,0.01,forward,11,0x5b89,3,0.25,4,4 4 4 4 3 3 3 3 3 3 3 3 3 3 3 3,10672431990763900025710008,10672431990763900025710008,8881847756715909927500208,1.0,1.2016004195404115,1.2016004195404115,145757,917738
16,1,100,0.01,even_odd,11,0x5b89,3,0.25,4,4 3 4 3 4 3 4 3 3 3 3 3 3 3 3 3,10672431990763900025710008,8917569012416815793294604,8881847756715909927500208,1.1967871485943775,1.2016004195404115,1.0040218270656458,144049,891723
16,1,100,0.01,forward,11,0x5b89,3,0.5,8,4 4 4 4 4 4 4 4 3 3 3 3 3 3 3 3,7162706034069731560879200,7162706034069731560879200,5345441624612387725643106,1.0,1.339965252092547,1.339965252092547,136985,861623
16,1,100,0.01,even_odd,11,0x5b89,3,0.5,8,4 3 4 3 4 3 4 3 4 3 4 3 4 3 4 3,7162706034069731560879200,1898117099028478863632988,1835715667918219260812298,3.7735849056603774,3.901860271309091,1.033992971896909,131228,809978
16,1,100,0.01,forward,11,0x5b89,3,0.75,12,4 4 4 4 4 4 4 4 4 4 4 4 3 3 3 3,3652980077375563096048392,3652980077375563096048392,3590578646265303493227702,1.0,1.0173792130065624,1.0173792130065624,130445,834751
16,1,100,0.01,even_odd,11,0x5b89,3,0.75,12,4 4 4 4 4 4 4 4 4 3 4 3 4 3 4 3,3652980077375563096048392,1898117099028478863632988,1835715667918219260812298,1.9245283018867925,1.9899487383676362,1.033992971896909,132611,865684
16,1,100,0.01,forward,11,0x5b89,3,1.0,16,4 4 4 4 4 4 4 4 4 4 4 4 4 4 4 4,143254120681394631217584,143254120681394631217584,116665287676135779211290,1.0,1.2279069767441861,1.2279069767441861,137371,858590
16,1,100,0.01,even_odd,11,0x5b89,3,1.0,16,4 4 4 4 4 4 4 4 4 4 4 4 4 4 4 4,143254120681394631217584,143254120681394631217584,116665287676135779211290,1.0,1.2279069767441861,1.2279069767441861,141703,839483
16,1,100,0.01,forward,12,0x5625,0,0.0,0,0 0 0 0 0 0 0 0 0 0 0 0 0 0 0 0,13760933674260616398303263223984,13760933674260616398303263223984,3466560840112508071646033313498,1.0,3.969621278538992,3.969621278538992,183319,938002
16,1,100,0.01,even_odd,12,0x5625,0,0.0,0,0 0 0 0 0 0 0 0 0 0 0 0 0 0 0 0,13760933674260616398303263223984,13760933674260616398303263223984,3466560840112508071646033313498,1.0,3.969621278538992,3.969621278538992,175129,894113
16,1,100,0.01,forward,12,0x5625,0,0.25,4,1 1 1 1 0 0 0 0 0 0 0 0 0 0 0 0,10355450088206221431046395052392,10355450088206221431046395052392,3466560840112508071646033313498,1.0,2.987240255062171,2.987240255062171,180486,943769
16,1,100,0.01,even_odd,12,0x5625,0,0.25,4,1 0 1 0 1 0 1 0 0 0 0 0 0 0 0 0,10355450088206221431046395052392,7801337398665425205603743923698,2615103077791956458908914900000,1.3273942093541202,3.9598630647285122,2.983185429636077,168405,920778
16,1,100,0.01,forward,12,0x5625,0,0.5,8,1 1 1 1 1 1 1 1 0 0 0 0 0 0 0 0,6949966502151826463789526880800,6949966502151826463789526880800,2615103077791956458908914900000,1.0,2.6576262179385988,2.6576262179385988,169802,916164
16,1,100,0.01,even_odd,12,0x5625,0,0.5,8,1 0 1 0 1 0 1 0 1 0 1 0 1 0 1 0,6949966502151826463789526880800,990370226556635271090007580514,886386662575341247588419399600,7.017543859649122,7.840784158415845,1.1173117425742578,164184,966226
16,1,100,0.01,forward,12,0x5625,0,0.75,12,1 1 1 1 1 1 1 1 1 1 1 1 0 0 0 0,3544482916097431496532658709208,3544482916097431496532658709208,1737757550134653250221467420400,1.0,2.039687824013644,2.039687824013644,177696,1005370
16,1,100,0.01,even_odd,12,0x5625,0,0.75,12,1 1 1 1 1 1 1 1 1 0 1 0 1 0 1 0,3544482916097431496532658709208,990370226556635271090007580514,868834460393158845044232982098,3.5789473684210527,4.079583715514123,1.1398836852171816,172688,984896
16,1,100,0.01,forward,12,0x5625,0,1.0,16,1 1 1 1 1 1 1 1 1 1 1 1 1 1 1 1,138999330043036529275790537616,138999330043036529275790537616,61077253968588414135768333804,1.0,2.275795341331535,2.275795341331535,173371,936532
16,1,100,0.01,even_odd,12,0x5625,0,1.0,16,1 1 1 1 1 1 1 1 1 1 1 1 1 1 1 1,138999330043036529275790537616,138999330043036529275790537616,61077253968588414135768333804,1.0,2.275795341331535,2.275795341331535,159704,893492
16,1,100,0.01,forward,12,0x5625,1,0.0,0,1 1 1 1 1 1 1 1 1 1 1 1 1 1 1 1,138999330043036529275790537616,138999330043036529275790537616,61077253968588414135768333804,1.0,2.275795341331535,2.275795341331535,159242,942573
16,1,100,0.01,even_odd,12,0x5625,1,0.0,0,1 1 1 1 1 1 1 1 1 1 1 1 1 1 1 1,138999330043036529275790537616,138999330043036529275790537616,61077253968588414135768333804,1.0,2.275795341331535,2.275795341331535,167962,915362
16,1,100,0.01,forward,12,0x5625,1,0.25,4,2 2 2 2 1 1 1 1 1 1 1 1 1 1 1 1,104600505941476984151983788408,104600505941476984151983788408,52390682225770347185312084004,1.0,1.9965478878613505,1.9965478878613505,163519,935279
16,1,100,0.01,even_odd,12,0x5625,1,0.25,4,2 1 2 1 2 1 2 1 1 1 1 1 1 1 1 1,104600505941476984151983788408,78801387865307325309128726502,43790089815517972222024017102,1.3273942093541202,2.3886798675715326,1.7995256049322452,164366,892521
16,1,100,0.01,forward,12,0x5625,1,0.5,8,2 2 2 2 2 2 2 2 1 1 1 1 1 1 1 1,70201681839917439028177039200,70201681839917439028177039200,43790089815517972222024017102,1.0,1.6031408507191494,1.6031408507191494,173089,886840
16,1,100,0.01,even_odd,12,0x5625,1,0.5,8,2 1 2 1 2 1 2 1 2 1 2 1 2 1 2 1,70201681839917439028177039200,10003739662188235061515228086,9216647984668557130807933098,7.017543859649122,7.616834445309673,1.0853989084566282,165150,881492
16,1,100,0.01,forward,12,0x5625,1,0.75,12,2 2 2 2 2 2 2 2 2 2 2 2 1 1 1 1,35802857738357893904370289992,35802857738357893904370289992,34839384335224652728594476702,1.0,1.027654719551376,1.027654719551376,163373,874869
16,1,100,0.01,even_odd,12,0x5625,1,0.75,12,2 2 2 2 2 2 2 2 2 1 2 1 2 1 2 1,35802857738357893904370289992,10003739662188235061515228086,8951618998472963581240520400,3.5789473684210527,3.9995957987561157,1.1175341202406794,154889,899875
16,1,100,0.01,forward,12,0x5625,1,1.0,16,2 2 2 2 2 2 2 2 2 2 2 2 2 2 2 2,1404033636798348780563540784,1404033636798348780563540784,792446162955719752998768294,1.0,1.771771638796872,1.771771638796872,158475,876384
16,1,100,0.01,even_odd,12,0x5625,1,1.0,16,2 2 2 2 2 2 2 2 2 2 2 2 2 2 2 2,1404033636798348780563540784,1404033636798348780563540784,792446162955719752998768294,1.0,1.771771638796872,1.771771638796872,156650,868563
16,1,100,0.01,forward,12,0x5625,2,0.0,0,2 2 2 2 2 2 2 2 2 2 2 2 2 2 2 2,1404033636798348780563540784,1404033636798348780563540784,792446162955719752998768294,1.0,1.771771638796872,1.771771638796872,150854,906396
16,1,100,0.01,even_odd,12,0x5625,2,0.0,0,2 2 2 2 2 2 2 2 2 2 2 2 2 2 2 2,1404033636798348780563540784,1404033636798348780563540784,792446162955719752998768294,1.0,1.771771638796872,1.771771638796872,165180,899996
16,1,100,0.01,forward,12,0x5625,2,0.25,4,3 3 3 3 2 2 2 2 2 2 2 2 2 2 2 2,1056570767085626102545290792,1056570767085626102545290792,704693971140360147761018094,1.0,1.499332774730351,1.499332774730351,169467,871371
16,1,100,0.01,even_odd,12,0x5625,2,0.25,4,3 2 3 2 3 2 3 2 2 2 2 2 2 2 2 2,1056570767085626102545290792,795973614801084094031603298,616933005896221469226585396,1.3273942093541202,1.7126183183387,1.290210780090732,145462,862250
16,1,100,0.01,forward,12,0x5625,2,0.5,8,3 3 3 3 3 3 3 3 2 2 2 2 2 2 2 2,709107897372903424527040800,709107897372903424527040800,616933005896221469226585396,1.0,1.1494082673414094,1.1494082673414094,145962,862349
16,1,100,0.01,even_odd,12,0x5625,2,0.5,8,3 2 3 2 3 2 3 2 3 2 3 2 3 2 3 2,709107897372903424527040800,101047875375638737995103314,94870224124703091252024804,7.017543859649122,7.4745042916817575,1.0651168615646505,144682,852572
16,1,100,0.01,forward,12,0x5625,2,0.75,12,3 3 3 3 3 3 3 3 3 3 3 3 2 2 2 2,361645027660180746508790808,361645027660180746508790808,355458422122505918596690200,1.0,1.0174045827940537,1.0174045827940537,146307,849268
16,1,100,0.01,even_odd,12,0x5625,2,0.75,12,3 3 3 3 3 3 3 3 3 2 3 2 3 2 3 2,361645027660180746508790808,101047875375638737995103314,93097363952384926769477502,3.5789473684210527,3.884589340737357,1.085399962853085,139253,834401
16,1,100,0.01,forward,12,0x5625,2,1.0,16,3 3 3 3 3 3 3 3 3 3 3 3 3 3 3 3,14182157947458068490540816,14182157947458068490540816,9777185088229931944690008,1.0,1.450535897548976,1.450535897548976,147719,885269
16,1,100,0.01,even_odd,12,0x5625,2,1.0,16,3 3 3 3 3 3 3 3 3 3 3 3 3 3 3 3,14182157947458068490540816,14182157947458068490540816,9777185088229931944690008,1.0,1.450535897548976,1.450535897548976,140587,817142
16,1,100,0.01,forward,12,0x5625,3,0.0,0,3 3 3 3 3 3 3 3 3 3 3 3 3 3 3 3,14182157947458068490540816,14182157947458068490540816,9777185088229931944690008,1.0,1.450535897548976,1.450535897548976,147671,855158
16,1,100,0.01,even_odd,12,0x5625,3,0.0,0,3 3 3 3 3 3 3 3 3 3 3 3 3 3 3 3,14182157947458068490540816,14182157947458068490540816,9777185088229931944690008,1.0,1.450535897548976,1.450535897548976,144460,864674
16,1,100,0.01,forward,12,0x5625,3,0.25,4,4 4 4 4 3 3 3 3 3 3 3 3 3 3 3 3,10672431990763900025710008,10672431990763900025710008,8013368736567707492102706,1.0,1.3318283909814344,1.3318283909814344,143347,814364
16,1,100,0.01,even_odd,12,0x5625,3,0.25,4,4 3 4 3 4 3 4 3 3 3 3 3 3 3 3 3,10672431990763900025710008,8040137523243273677086902,7109078013377799381122706,1.3273942093541202,1.5012399597642074,1.1309676878089416,139908,829565
16,1,100,0.01,forward,12,0x5625,3,0.5,8,4 4 4 4 4 4 4 4 3 3 3 3 3 3 3 3,7162706034069731560879200,7162706034069731560879200,7109078013377799381122706,1.0,1.0075435971571862,1.0075435971571862,137307,822110
16,1,100,0.01,even_odd,12,0x5625,3,0.5,8,4 3 4 3 4 3 4 3 4 3 4 3 4 3 4 3,7162706034069731560879200,1020685609854936747425286,976190934509197994436894,7.017543859649122,7.337402736351924,1.0455798899301492,138763,841030
16,1,100,0.01,forward,12,0x5625,3,0.75,12,4 4 4 4 4 4 4 4 4 4 4 4 3 3 3 3,3652980077375563096048392,3652980077375563096048392,3617348346364910627062098,1.0,1.0098502349231748,1.0098502349231748,141648,831509
16,1,100,0.01,even_odd,12,0x5625,3,0.75,12,4 4 4 4 4 4 4 4 4 3 4 3 4 3 4 3,3652980077375563096048392,1020685609854936747425286,958374607724731080774396,3.5789473684210527,3.811641134825214,1.065017375907045,134190,816296
16,1,100,0.01,forward,12,0x5625,3,1.0,16,4 4 4 4 4 4 4 4 4 4 4 4 4 4 4 4,143254120681394631217584,143254120681394631217584,116665287676135779211290,1.0,1.2279069767441861,1.2279069767441861,135298,848802
16,1,100,0.01,even_odd,12,0x5625,3,1.0,16,4 4 4 4 4 4 4 4 4 4 4 4 4 4 4 4,143254120681394631217584,143254120681394631217584,116665287676135779211290,1.0,1.2279069767441861,1.2279069767441861,132727,782026
16,1,100,0.01,forward,13,0x3404,0,0.0,0,0 0 0 0 0 0 0 0 0 0 0 0 0 0 0 0,13760933674260616398303263223984,13760933674260616398303263223984,6898106791415713430553186861792,1.0,1.9948855664840222,1.9948855664840222,177072,977933
16,1,100,0.01,even_odd,13,0x3404,0,0.0,0,0 0 0 0 0 0 0 0 0 0 0 0 0 0 0 0,13760933674260616398303263223984,13760933674260616398303263223984,6898106791415713430553186861792,1.0,1.9948855664840222,1.9948855664840222,176754,967604
16,1,100,0.01,forward,13,0x3404,0,0.25,4,1 1 1 1 0 0 0 0 0 0 0 0 0 0 0 0,10355450088206221431046395052392,10355450088206221431046395052392,2597643946109906008134010853706,1.0,3.986477863416961,3.986477863416961,183206,977598
16,1,100,0.01,even_odd,13,0x3404,0,0.25,4,1 0 1 0 1 0 1 0 0 0 0 0 0 0 0 0,10355450088206221431046395052392,9504079191692622689232178009494,2597643946109906008134010853706,1.089579524680073,3.986477863416961,3.6587305222971103,174380,950465
16,1,100,0.01,forward,13,0x3404,0,0.5,8,1 1 1 1 1 1 1 1 0 0 0 0 0 0 0 0,6949966502151826463789526880800,6949966502151826463789526880800,2597643946109906008134010853706,1.0,2.6754884989375576,2.6754884989375576,188096,966031
16,1,100,0.01,even_odd,13,0x3404,0,0.5,8,1 0 1 0 1 0 1 0 1 0 1 0 1 0 1 0,6949966502151826463789526880800,4395853812611030238346875752106,921048742891535241112734081906,1.5810276679841897,7.54570977463488,4.772661432456562,166961,967543
16,1,100,0.01,forward,13,0x3404,0,0.75,12,1 1 1 1 1 1 1 1 1 1 1 1 0 0 0 0,3544482916097431496532658709208,3544482916097431496532658709208,2597643946109906008134010853706,1.0,1.3644991344581545,1.3644991344581545,167754,942656
16,1,100,0.01,even_odd,13,0x3404,0,0.75,12,1 1 1 1 1 1 1 1 1 0 1 0 1 0 1 0,3544482916097431496532658709208,1841741123070234012904224623412,921048742891535241112734081906,1.9245283018867925,3.848311985063789,1.9996130902782434,169422,966821
16,1,100,0.01,forward,13,0x3404,0,1.0,16,1 1 1 1 1 1 1 1 1 1 1 1 1 1 1 1,138999330043036529275790537616,138999330043036529275790537616,95650695888962519480381225910,1.0,1.4531972689921242,1.4531972689921242,167450,963721
16,1,100,0.01,even_odd,13,0x3404,0,1.0,16,1 1 1 1 1 1 1 1 1 1 1 1 1 1 1 1,138999330043036529275790537616,138999330043036529275790537616,95650695888962519480381225910,1.0,1.4531972689921242,1.4531972689921242,169309,970524
16,1,100,0.01,forward,13,0x3404,1,0.0,0,1 1 1 1 1 1 1 1 1 1 1 1 1 1 1 1,138999330043036529275790537616,138999330043036529275790537616,95650695888962519480381225910,1.0,1.4531972689921242,1.4531972689921242,172210,1014138
16,1,100,0.01,even_odd,13,0x3404,1,0.0,0,1 1 1 1 1 1 1 1 1 1 1 1 1 1 1 1,138999330043036529275790537616,138999330043036529275790537616,95650695888962519480381225910,1.0,1.4531972689921242,1.4531972689921242,203668,1002193
16,1,100,0.01,forward,13,0x3404,1,0.25,4,2 2 2 2 1 1 1 1 1 1 1 1 1 1 1 1,104600505941476984151983788408,104600505941476984151983788408,44140211748484891092575874396,1.0,2.36973276289431,2.36973276289431,184351,971622
16,1,100,0.01,even_odd,13,0x3404,1,0.25,4,2 1 2 1 2 1 2 1 1 1 1 1 1 1 1 1,104600505941476984151983788408,96000799916087097871032101106,44140211748484891092575874396,1.089579524680073,2.36973276289431,2.1749057404415897,160059,942648
16,1,100,0.01,forward,13,0x3404,1,0.5,8,2 2 2 2 2 2 2 2 1 1 1 1 1 1 1 1,70201681839917439028177039200,70201681839917439028177039200,44140211748484891092575874396,1.0,1.5904246730834295,1.5904246730834295,161772,925085
16,1,100,0.01,even_odd,13,0x3404,1,0.5,8,2 1 2 1 2 1 2 1 2 1 2 1 2 1 2 1,70201681839917439028177039200,44402563763747780185321977294,17903228680859939221484354796,1.5810276679841897,3.921174392134585,2.480142803025125,155644,943212
16,1,100,0.01,forward,13,0x3404,1,0.75,12,2 2 2 2 2 2 2 2 2 2 2 2 1 1 1 1,35802857738357893904370289992,35802857738357893904370289992,34838533763873785353012402996,1.0,1.027679809403577,1.027679809403577,160070,956450
16,1,100,0.01,even_odd,13,0x3404,1,0.75,12,2 2 2 2 2 2 2 2 2 1 2 1 2 1 2 1,35802857738357893904370289992,18603445687578121342466915388,9565874670732942033278770392,1.9245283018867925,3.7427688497631824,1.9447720493867515,158015,923623
16,1,100,0.01,forward,13,0x3404,1,1.0,16,2 2 2 2 2 2 2 2 2 2 2 2 2 2 2 2,1404033636798348780563540784,1404033636798348780563540784,1142559053024633229933645588,1.0,1.2288499514152273,1.2288499514152273,157841,950409
16,1,100,0.01,even_odd,13,0x3404,1,1.0,16,2 2 2 2 2 2 2 2 2 2 2 2 2 2 2 2,1404033636798348780563540784,1404033636798348780563540784,1142559053024633229933645588,1.0,1.2288499514152273,1.2288499514152273,155766,919833
16,1,100,0.01,forward,13,0x3404,2,0.0,0,2 2 2 2 2 2 2 2 2 2 2 2 2 2 2 2,1404033636798348780563540784,1404033636798348780563540784,1142559053024633229933645588,1.0,1.2288499514152273,1.2288499514152273,163431,945889
16,1,100,0.01,even_odd,13,0x3404,2,0.0,0,2 2 2 2 2 2 2 2 2 2 2 2 2 2 2 2,1404033636798348780563540784,1404033636798348780563540784,1142559053024633229933645588,1.0,1.2288499514152273,1.2288499514152273,162583,919042
16,1,100,0.01,forward,13,0x3404,2,0.25,4,3 3 3 3 2 2 2 2 2 2 2 2 2 2 2 2,1056570767085626102545290792,1056570767085626102545290792,532726442160351286601288502,1.0,1.9833270576938944,1.9833270576938944,166431,1120216
16,1,100,0.01,even_odd,13,0x3404,2,0.25,4,3 2 3 2 3 2 3 2 2 2 2 2 2 2 2 2,1056570767085626102545290792,969705049657445433040728294,532726442160351286601288502,1.089579524680073,1.9833270576938944,1.8202682895277855,168374,943572
16,1,100,0.01,forward,13,0x3404,2,0.5,8,3 3 3 3 3 3 3 3 2 2 2 2 2 2 2 2,709107897372903424527040800,709107897372903424527040800,532726442160351286601288502,1.0,1.3310919850294594,1.3310919850294594,216392,919012
16,1,100,0.01,even_odd,13,0x3404,2,0.5,8,3 2 3 2 3 2 3 2 3 2 3 2 3 2 3 2,709107897372903424527040800,448510745088361416013353306,267706411174240661640768102,1.5810276679841897,2.648826728738185,1.675382905926902,159071,976622
16,1,100,0.01,forward,13,0x3404,2,0.75,12,3 3 3 3 3 3 3 3 3 3 3 3 2 2 2 2,361645027660180746508790808,361645027660180746508790808,358995007303989947592163506,1.0,1.0073817749614185,1.0073817749614185,153554,875103
16,1,100,0.01,even_odd,13,0x3404,2,0.75,12,3 3 3 3 3 3 3 3 3 2 3 2 3 2 3 2,361645027660180746508790808,187913592803819407499665812,98406717963783025362478110,1.9245283018867925,3.6750034463427412,1.90956061427613,142335,883582
16,1,100,0.01,forward,13,0x3404,2,1.0,16,3 3 3 3 3 3 3 3 3 3 3 3 3 3 3 3,14182157947458068490540816,14182157947458068490540816,13304726458284526374333114,1.0,1.065948855989233,1.065948855989233,150341,887064
16,1,100,0.01,even_odd,13,0x3404,2,1.0,16,3 3 3 3 3 3 3 3 3 3 3 3 3 3 3 3,14182157947458068490540816,14182157947458068490540816,13304726458284526374333114,1.0,1.065948855989233,1.065948855989233,147509,895093
16,1,100,0.01,forward,13,0x3404,3,0.0,0,3 3 3 3 3 3 3 3 3 3 3 3 3 3 3 3,14182157947458068490540816,14182157947458068490540816,13304726458284526374333114,1.0,1.065948855989233,1.065948855989233,144237,871796
16,1,100,0.01,even_odd,13,0x3404,3,0.0,0,3 3 3 3 3 3 3 3 3 3 3 3 3 3 3 3,14182157947458068490540816,14182157947458068490540816,13304726458284526374333114,1.0,1.065948855989233,1.065948855989233,140725,968507
16,1,100,0.01,forward,13,0x3404,3,0.25,4,4 4 4 4 3 3 3 3 3 3 3 3 3 3 3 3,10672431990763900025710008,10672431990763900025710008,6258506662510423799049000,1.0,1.7052681360385344,1.7052681360385344,144310,923138
16,1,100,0.01,even_odd,13,0x3404,3,0.25,4,4 3 4 3 4 3 4 3 3 3 3 3 3 3 3 3,10672431990763900025710008,9795000501590357909502306,6258506662510423799049000,1.089579524680073,1.7052681360385344,1.5650699168004671,162320,928686
16,1,100,0.01,forward,13,0x3404,3,0.5,8,4 4 4 4 4 4 4 4 3 3 3 3 3 3 3 3,7162706034069731560879200,7162706034069731560879200,6258506662510423799049000,1.0,1.1444752590862648,1.1444752590862648,146651,918116
16,1,100,0.01,even_odd,13,0x3404,3,0.5,8,4 3 4 3 4 3 4 3 4 3 4 3 4 3 4 3,7162706034069731560879200,4530411566549105212256094,2730873045761933945024196,1.5810276679841897,2.6228630602896748,1.6589608856332194,138464,837271
16,1,100,0.01,forward,13,0x3404,3,0.75,12,4 4 4 4 4 4 4 4 4 4 4 4 3 3 3 3,3652980077375563096048392,3652980077375563096048392,3652980077375563096048392,1.0,1.0,1.0,130545,855752
16,1,100,0.01,even_odd,13,0x3404,3,0.75,12,4 4 4 4 4 4 4 4 4 3 4 3 4 3 4 3,3652980077375563096048392,1898117099028478863632988,1862486272307626934008392,1.9245283018867925,1.961346041412433,1.0191307862241075,131274,880387
16,1,100,0.01,forward,13,0x3404,3,1.0,16,4 4 4 4 4 4 4 4 4 4 4 4 4 4 4 4,143254120681394631217584,143254120681394631217584,143254120681394631217584,1.0,1.0,1.0,149325,844543
16,1,100,0.01,even_odd,13,0x3404,3,1.0,16,4 4 4 4 4 4 4 4 4 4 4 4 4 4 4 4,143254120681394631217584,143254120681394631217584,143254120681394631217584,1.0,1.0,1.0,133015,916389
16,1,20,0.05,forward,0,0x0,0,0.0,0,0 0 0 0 0 0 0 0 0 0 0 0 0 0 0 0,242898032477996772784,242898032477996772784,242898032477996772784,1.0,1.0,1.0,180422,912014
16,1,20,0.05,even_odd,0,0x0,0,0.0,0,0 0 0 0 0 0 0 0 0 0 0 0 0 0 0 0,242898032477996772784,242898032477996772784,242898032477996772784,1.0,1.0,1.0,177450,910374
16,1,20,0.05,forward,0,0x0,0,0.25,4,1 1 1 1 0 0 0 0 0 0 0 0 0 0 0 0,185369551101629116072,185369551101629116072,27166227316618060114,1.0,6.823529411764706,6.823529411764706,168748,919917
16,1,20,0.05,even_odd,0,0x0,0,0.25,4,1 0 1 0 1 0 1 0 0 0 0 0 0 0 0 0,185369551101629116072,185369551101629116072,27166227316618060114,1.0,6.823529411764706,6.823529411764706,179437,903078
16,1,20,0.05,forward,0,0x0,0,0.5,8,1 1 1 1 1 1 1 1 0 0 0 0 0 0 0 0,127841069725261459360,127841069725261459360,27166227316618060114,1.0,4.705882352941177,4.705882352941177,162153,916654
16,1,20,0.05,even_odd,0,0x0,0,0.5,8,1 0 1 0 1 0 1 0 1 0 1 0 1 0 1 0,127841069725261459360,127841069725261459360,27166227316618060114,1.0,4.705882352941177,4.705882352941177,165506,916243
16,1,20,0.05,forward,0,0x0,0,0.75,12,1 1 1 1 1 1 1 1 1 1 1 1 0 0 0 0,70312588348893802648,70312588348893802648,27166227316618060114,1.0,2.588235294117647,2.588235294117647,165734,954388
16,1,20,0.05,even_odd,0,0x0,0,0.75,12,1 1 1 1 1 1 1 1 1 0 1 0 1 0 1 0,70312588348893802648,70312588348893802648,27166227316618060114,1.0,2.588235294117647,2.588235294117647,160737,921004
16,1,20,0.05,forward,0,0x0,0,1.0,16,1 1 1 1 1 1 1 1 1 1 1 1 1 1 1 1,12784106972526145936,12784106972526145936,2186755140037367068,1.0,5.846153846153846,5.846153846153846,166332,899786
16,1,20,0.05,even_odd,0,0x0,0,1.0,16,1 1 1 1 1 1 1 1 1 1 1 1 1 1 1 1,12784106972526145936,12784106972526145936,2186755140037367068,1.0,5.846153846153846,5.846153846153846,163156,913679
16,1,20,0.05,forward,0,0x0,1,0.0,0,1 1 1 1 1 1 1 1 1 1 1 1 1 1 1 1,12784106972526145936,12784106972526145936,2186755140037367068,1.0,5.846153846153846,5.846153846153846,176393,927352
16,1,20,0.05,even_odd,0,0x0,1,0.0,0,1 1 1 1 1 1 1 1 1 1 1 1 1 1 1 1,12784106972526145936,12784106972526145936,2186755140037367068,1.0,5.846153846153846,5.846153846153846,159108,914671
16,1,20,0.05,forward,0,0x0,1,0.25,4,2 2 2 2 1 1 1 1 1 1 1 1 1 1 1 1,9756292163243637688,9756292163243637688,2186755140037367068,1.0,4.461538461538462,4.461538461538462,159858,895030
16,1,20,0.05,even_odd,0,0x0,1,0.25,4,2 1 2 1 2 1 2 1 1 1 1 1 1 1 1 1,9756292163243637688,9756292163243637688,2186755140037367068,1.0,4.461538461538462,4.461538461538462,151881,942647
16,1,20,0.05,forward,0,0x0,1,0.5,8,2 2 2 2 2 2 2 2 1 1 1 1 1 1 1 1,6728477353961129440,6728477353961129440,2186755140037367068,1.0,3.076923076923077,3.076923076923077,149794,901748
16,1,20,0.05,even_odd,0,0x0,1,0.5,8,2 1 2 1 2 1 2 1 2 1 2 1 2 1 2 1,6728477353961129440,6728477353961129440,2186755140037367068,1.0,3.076923076923077,3.076923076923077,163274,895787
16,1,20,0.05,forward,0,0x0,1,0.75,12,2 2 2 2 2 2 2 2 2 2 2 2 1 1 1 1,3700662544678621192,3700662544678621192,2186755140037367068,1.0,1.6923076923076923,1.6923076923076923,152358,871036
16,1,20,0.05,even_odd,0,0x0,1,0.75,12,2 2 2 2 2 2 2 2 2 1 2 1 2 1 2 1,3700662544678621192,3700662544678621192,2186755140037367068,1.0,1.6923076923076923,1.6923076923076923,158398,889332
16,1,20,0.05,forward,0,0x0,1,1.0,16,2 2 2 2 2 2 2 2 2 2 2 2 2 2 2 2,672847735396112944,672847735396112944,154932044334631270,1.0,4.3428571428571425,4.3428571428571425,149741,885310
16,1,20,0.05,even_odd,0,0x0,1,1.0,16,2 2 2 2 2 2 2 2 2 2 2 2 2 2 2 2,672847735396112944,672847735396112944,154932044334631270,1.0,4.3428571428571425,4.3428571428571425,156257,879882
16,1,20,0.05,forward,0,0x0,2,0.0,0,2 2 2 2 2 2 2 2 2 2 2 2 2 2 2 2,672847735396112944,672847735396112944,154932044334631270,1.0,4.3428571428571425,4.3428571428571425,158880,882200
16,1,20,0.05,even_odd,0,0x0,2,0.0,0,2 2 2 2 2 2 2 2 2 2 2 2 2 2 2 2,672847735396112944,672847735396112944,154932044334631270,1.0,4.3428571428571425,4.3428571428571425,154097,930137
16,1,20,0.05,forward,0,0x0,2,0.25,4,3 3 3 3 2 2 2 2 2 2 2 2 2 2 2 2,513489061223349352,513489061223349352,154932044334631270,1.0,3.3142857142857145,3.3142857142857145,152289,875802
16,1,20,0.05,even_odd,0,0x0,2,0.25,4,3 2 3 2 3 2 3 2 2 2 2 2 2 2 2 2,513489061223349352,513489061223349352,154932044334631270,1.0,3.3142857142857145,3.3142857142857145,143028,861857
16,1,20,0.05,forward,0,0x0,2,0.5,8,3 3 3 3 3 3 3 3 2 2 2 2 2 2 2 2,354130387050585760,354130387050585760,154932044334631270,1.0,2.2857142857142856,2.2857142857142856,142196,890996
16,1,20,0.05,even_odd,0,0x0,2,0.5,8,3 2 3 2 3 2 3 2 3 2 3 2 3 2 3 2,354130387050585760,354130387050585760,154932044334631270,1.0,2.2857142857142856,2.2857142857142856,198403,836327
16,1,20,0.05,forward,0,0x0,2,0.75,12,3 3 3 3 3 3 3 3 3 3 3 3 2 2 2 2,194771712877822168,194771712877822168,154932044334631270,1.0,1.2571428571428571,1.2571428571428571,138745,851344
16,1,20,0.05,even_odd,0,0x0,2,0.75,12,3 3 3 3 3 3 3 3 3 2 3 2 3 2 3 2,194771712877822168,194771712877822168,154932044334631270,1.0,1.2571428571428571,1.2571428571428571,136551,860347
16,1,20,0.05,forward,0,0x0,2,1.0,16,3 3 3 3 3 3 3 3 3 3 3 3 3 3 3 3,35413038705058576,35413038705058576,10251142783043272,1.0,3.4545454545454546,3.4545454545454546,139212,853990
16,1,20,0.05,even_odd,0,0x0,2,1.0,16,3 3 3 3 3 3 3 3 3 3 3 3 3 3 3 3,35413038705058576,35413038705058576,10251142783043272,1.0,3.4545454545454546,3.4545454545454546,139113,859951
16,1,20,0.05,forward,0,0x0,3,0.0,0,3 3 3 3 3 3 3 3 3 3 3 3 3 3 3 3,35413038705058576,35413038705058576,10251142783043272,1.0,3.4545454545454546,3.4545454545454546,138913,859859
16,1,20,0.05,even_odd,0,0x0,3,0.0,0,3 3 3 3 3 3 3 3 3 3 3 3 3 3 3 3,35413038705058576,35413038705058576,10251142783043272,1.0,3.4545454545454546,3.4545454545454546,134197,873227
16,1,20,0.05,forward,0,0x0,3,0.25,4,4 4 4 4 3 3 3 3 3 3 3 3 3 3 3 3,27025740064386808,27025740064386808,10251142783043272,1.0,2.6363636363636362,2.6363636363636362,137336,852206
16,1,20,0.05,even_odd,0,0x0,3,0.25,4,4 3 4 3 4 3 4 3 3 3 3 3 3 3 3 3,27025740064386808,27025740064386808,10251142783043272,1.0,2.6363636363636362,2.6363636363636362,142436,863540
16,1,20,0.05,forward,0,0x0,3,0.5,8,4 4 4 4 4 4 4 4 3 3 3 3 3 3 3 3,18638441423715040,18638441423715040,10251142783043272,1.0,1.8181818181818181,1.8181818181818181,133779,818940
16,1,20,0.05,even_odd,0,0x0,3,0.5,8,4 3 4 3 4 3 4 3 4 3 4 3 4 3 4 3,18638441423715040,18638441423715040,10251142783043272,1.0,1.8181818181818181,1.8181818181818181,129631,818670
16,1,20,0.05,forward,0,0x0,3,0.75,12,4 4 4 4 4 4 4 4 4 4 4 4 3 3 3 3,10251142783043272,10251142783043272,10251142783043272,1.0,1.0,1.0,130638,821881
16,1,20,0.05,even_odd,0,0x0,3,0.75,12,4 4 4 4 4 4 4 4 4 3 4 3 4 3 4 3,10251142783043272,10251142783043272,10251142783043272,1.0,1.0,1.0,130158,867023
16,1,20,0.05,forward,0,0x0,3,1.0,16,4 4 4 4 4 4 4 4 4 4 4 4 4 4 4 4,1863844142371504,1863844142371504,649893023326906,1.0,2.8679245283018866,2.8679245283018866,130357,820803
16,1,20,0.05,even_odd,0,0x0,3,1.0,16,4 4 4 4 4 4 4 4 4 4 4 4 4 4 4 4,1863844142371504,1863844142371504,649893023326906,1.0,2.8679245283018866,2.8679245283018866,125413,856868
16,1,20,0.05,forward,1,0x7fff,0,0.0,0,0 0 0 0 0 0 0 0 0 0 0 0 0 0 0 0,242898032477996772784,242898032477996772784,242898032477996772784,1.0,1.0,1.0,170349,964971
16,1,20,0.05,even_odd,1,0x7fff,0,0.0,0,0 0 0 0 0 0 0 0 0 0 0 0 0 0 0 0,242898032477996772784,242898032477996772784,242898032477996772784,1.0,1.0,1.0,169349,910908
16,1,20,0.05,forward,1,0x7fff,0,0.25,4,1 1 1 1 0 0 0 0 0 0 0 0 0 0 0 0,185369551101629116072,185369551101629116072,27166227316618060114,1.0,6.823529411764706,6.823529411764706,156514,925580
16,1,20,0.05,even_odd,1,0x7fff,0,0.25,4,1 0 1 0 1 0 1 0 0 0 0 0 0 0 0 0,185369551101629116072,185369551101629116072,27166227316618060114,1.0,6.823529411764706,6.823529411764706,165110,890479
16,1,20,0.05,forward,1,0x7fff,0,0.5,8,1 1 1 1 1 1 1 1 0 0 0 0 0 0 0 0,127841069725261459360,127841069725261459360,27166227316618060114,1.0,4.705882352941177,4.705882352941177,157715,917246
16,1,20,0.05,even_odd,1,0x7fff,0,0.5,8,1 0 1 0 1 0 1 0 1 0 1 0 1 0 1 0,127841069725261459360,127841069725261459360,27166227316618060114,1.0,4.705882352941177,4.705882352941177,199302,884879
16,1,20,0.05,forward,1,0x7fff,0,0.75,12,1 1 1 1 1 1 1 1 1 1 1 1 0 0 0 0,70312588348893802648,70312588348893802648,27166227316618060114,1.0,2.588235294117647,2.588235294117647,159109,902070
16,1,20,0.05,even_odd,1,0x7fff,0,0.75,12,1 1 1 1 1 1 1 1 1 0 1 0 1 0 1 0,70312588348893802648,70312588348893802648,27166227316618060114,1.0,2.588235294117647,2.588235294117647,155734,891539
16,1,20,0.05,forward,1,0x7fff,0,1.0,16,1 1 1 1 1 1 1 1 1 1 1 1 1 1 1 1,12784106972526145936,12784106972526145936,2186755140037367068,1.0,5.846153846153846,5.846153846153846,159725,885843
16,1,20,0.05,even_odd,1,0x7fff,0,1.0,16,1 1 1 1 1 1 1 1 1 1 1 1 1 1 1 1,12784106972526145936,12784106972526145936,2186755140037367068,1.0,5.846153846153846,5.846153846153846,156972,900025
16,1,20,0.05,forward,1,0x7fff,1,0.0,0,1 1 1 1 1 1 1 1 1 1 1 1 1 1 1 1,12784106972526145936,12784106972526145936,2186755140037367068,1.0,5.846153846153846,5.846153846153846,162954,905960
16,1,20,0.05,even_odd,1,0x7fff,1,0.0,0,1 1 1 1 1 1 1 1 1 1 1 1 1 1 1 1,12784106972526145936,12784106972526145936,2186755140037367068,1.0,5.846153846153846,5.846153846153846,160090,887879
16,1,20,0.05,forward,1,0x7fff,1,0.25,4,2 2 2 2 1 1 1 1 1 1 1 1 1 1 1 1,9756292163243637688,9756292163243637688,2186755140037367068,1.0,4.461538461538462,4.461538461538462,156749,957002
16,1,20,0.05,even_odd,1,0x7fff,1,0.25,4,2 1 2 1 2 1 2 1 1 1 1 1 1 1 1 1,9756292163243637688,9756292163243637688,2186755140037367068,1.0,4.461538461538462,4.461538461538462,147344,886558
16,1,20,0.05,forward,1,0x7fff,1,0.5,8,2 2 2 2 2 2 2 2 1 1 1 1 1 1 1 1,6728477353961129440,6728477353961129440,2186755140037367068,1.0,3.076923076923077,3.076923076923077,143549,899353
16,1,20,0.05,even_odd,1,0x7fff,1,0.5,8,2 1 2 1 2 1 2 1 2 1 2 1 2 1 2 1,6728477353961129440,6728477353961129440,2186755140037367068,1.0,3.076923076923077,3.076923076923077,138992,889115
16,1,20,0.05,forward,1,0x7fff,1,0.75,12,2 2 2 2 2 2 2 2 2 2 2 2 1 1 1 1,3700662544678621192,3700662544678621192,2186755140037367068,1.0,1.6923076923076923,1.6923076923076923,149258,864706
16,1,20,0.05,even_odd,1,0x7fff,1,0.75,12,2 2 2 2 2 2 2 2 2 1 2 1 2 1 2 1,3700662544678621192,3700662544678621192,2186755140037367068,1.0,1.6923076923076923,1.6923076923076923,148663,913448
16,1,20,0.05,forward,1,0x7fff,1,1.0,16,2 2 2 2 2 2 2 2 2 2 2 2 2 2 2 2,672847735396112944,672847735396112944,154932044334631270,1.0,4.3428571428571425,4.3428571428571425,143235,872005
16,1,20,0.05,even_odd,1,0x7fff,1,1.0,16,2 2 2 2 2 2 2 2 2 2 2 2 2 2 2 2,672847735396112944,672847735396112944,154932044334631270,1.0,4.3428571428571425,4.3428571428571425,142434,875095
16,1,20,0.05,forward,1,0x7fff,2,0.0,0,2 2 2 2 2 2 2 2 2 2 2 2 2 2 2 2,672847735396112944,672847735396112944,154932044334631270,1.0,4.3428571428571425,4.3428571428571425,142673,938925
16,1,20,0.05,even_odd,1,0x7fff,2,0.0,0,2 2 2 2 2 2 2 2 2 2 2 2 2 2 2 2,672847735396112944,672847735396112944,154932044334631270,1.0,4.3428571428571425,4.3428571428571425,143914,865370
16,1,20,0.05,forward,1,0x7fff,2,0.25,4,3 3 3 3 2 2 2 2 2 2 2 2 2 2 2 2,513489061223349352,513489061223349352,154932044334631270,1.0,3.3142857142857145,3.3142857142857145,150213,860529
16,1,20,0.05,even_odd,1,0x7fff,2,0.25,4,3 2 3 2 3 2 3 2 2 2 2 2 2 2 2 2,513489061223349352,513489061223349352,154932044334631270,1.0,3.3142857142857145,3.3142857142857145,134923,869996
16,1,20,0.05,forward,1,0x7fff,2,0.5,8,3 3 3 3 3 3 3 3 2 2 2 2 2 2 2 2,354130387050585760,354130387050585760,154932044334631270,1.0,2.2857142857142856,2.2857142857142856,142969,849613
16,1,20,0.05,even_odd,1,0x7fff,2,0.5,8,3 2 3 2 3 2 3 2 3 2 3 2 3 2 3 2,354130387050585760,354130387050585760,154932044334631270,1.0,2.2857142857142856,2.2857142857142856,135634,866818
16,1,20,0.05,forward,1,0x7fff,2,0.75,12,3 3 3 3 3 3 3 3 3 3 3 3 2 2 2 2,194771712877822168,194771712877822168,154932044334631270,1.0,1.2571428571428571,1.2571428571428571,134112,862963
16,1,20,0.05,even_odd,1,0x7fff,2,0.75,12,3 3 3 3 3 3 3 3 3 2 3 2 3 2 3 2,194771712877822168,194771712877822168,154932044334631270,1.0,1.2571428571428571,1.2571428571428571,147749,837535
16,1,20,0.05,forward,1,0x7fff,2,1.0,16,3 3 3 3 3 3 3 3 3 3 3 3 3 3 3 3,35413038705058576,35413038705058576,10251142783043272,1.0,3.4545454545454546,3.4545454545454546,131914,871902
16,1,20,0.05,even_odd,1,0x7fff,2,1.0,16,3 3 3 3 3 3 3 3 3 3 3 3 3 3 3 3,35413038705058576,35413038705058576,10251142783043272,1.0,3.4545454545454546,3.4545454545454546,140948,848466
16,1,20,0.05,forward,1,0x7fff,3,0.0,0,3 3 3 3 3 3 3 3 3 3 3 3 3 3 3 3,35413038705058576,35413038705058576,10251142783043272,1.0,3.4545454545454546,3.4545454545454546,147623,877876
16,1,20,0.05,even_odd,1,0x7fff,3,0.0,0,3 3 3 3 3 3 3 3 3 3 3 3 3 3 3 3,35413038705058576,35413038705058576,10251142783043272,1.0,3.4545454545454546,3.4545454545454546,137527,846754
16,1,20,0.05,forward,1,0x7fff,3,0.25,4,4 4 4 4 3 3 3 3 3 3 3 3 3 3 3 3,27025740064386808,27025740064386808,10251142783043272,1.0,2.6363636363636362,2.6363636363636362,124813,805708
16,1,20,0.05,even_odd,1,0x7fff,3,0.25,4,4 3 4 3 4 3 4 3 3 3 3 3 3 3 3 3,27025740064386808,27025740064386808,10251142783043272,1.0,2.6363636363636362,2.6363636363636362,125610,831757
16,1,20,0.05,forward,1,0x7fff,3,0.5,8,4 4 4 4 4 4 4 4 3 3 3 3 3 3 3 3,18638441423715040,18638441423715040,10251142783043272,1.0,1.8181818181818181,1.8181818181818181,121367,828223
16,1,20,0.05,even_odd,1,0x7fff,3,0.5,8,4 3 4 3 4 3 4 3 4 3 4 3 4 3 4 3,18638441423715040,18638441423715040,10251142783043272,1.0,1.8181818181818181,1.8181818181818181,120644,803688
16,1,20,0.05,forward,1,0x7fff,3,0.75,12,4 4 4 4 4 4 4 4 4 4 4 4 3 3 3 3,10251142783043272,10251142783043272,10251142783043272,1.0,1.0,1.0,121698,852815
16,1,20,0.05,even_odd,1,0x7fff,3,0.75,12,4 4 4 4 4 4 4 4 4 3 4 3 4 3 4 3,10251142783043272,10251142783043272,10251142783043272,1.0,1.0,1.0,120645,819437
16,1,20,0.05,forward,1,0x7fff,3,1.0,16,4 4 4 4 4 4 4 4 4 4 4 4 4 4 4 4,1863844142371504,1863844142371504,649893023326906,1.0,2.8679245283018866,2.8679245283018866,125997,815694
16,1,20,0.05,even_odd,1,0x7fff,3,1.0,16,4 4 4 4 4 4 4 4 4 4 4 4 4 4 4 4,1863844142371504,1863844142371504,649893023326906,1.0,2.8679245283018866,2.8679245283018866,128970,810379
16,1,20,0.05,forward,2,0xf86,0,0.0,0,0 0 0 0 0 0 0 0 0 0 0 0 0 0 0 0,242898032477996772784,242898032477996772784,96766128261572558920,1.0,2.5101555352241536,2.5101555352241536,178203,932298
16,1,20,0.05,even_odd,2,0xf86,0,0.0,0,0 0 0 0 0 0 0 0 0 0 0 0 0 0 0 0,242898032477996772784,242898032477996772784,96766128261572558920,1.0,2.5101555352241536,2.5101555352241536,169639,963743
16,1,20,0.05,forward,2,0xf86,0,0.25,4,1 1 1 1 0 0 0 0 0 0 0 0 0 0 0 0,185369551101629116072,185369551101629116072,96766128261572558920,1.0,1.9156450137236962,1.9156450137236962,175134,993267
16,1,20,0.05,even_odd,2,0xf86,0,0.25,4,1 0 1 0 1 0 1 0 0 0 0 0 0 0 0 0,185369551101629116072,156605310413445287716,96766128261572558920,1.183673469387755,1.9156450137236962,1.6183897529734674,164973,950499
16,1,20,0.05,forward,2,0xf86,0,0.5,8,1 1 1 1 1 1 1 1 0 0 0 0 0 0 0 0,127841069725261459360,127841069725261459360,64892296602359672578,1.0,1.970050012386413,1.970050012386413,205035,935687
16,1,20,0.05,even_odd,2,0xf86,0,0.5,8,1 0 1 0 1 0 1 0 1 0 1 0 1 0 1 0,127841069725261459360,55930468004801888470,19475074463122048858,2.2857142857142856,6.564343051285426,2.8719000849373737,177952,934621
16,1,20,0.05,forward,2,0xf86,0,0.75,12,1 1 1 1 1 1 1 1 1 1 1 1 0 0 0 0,70312588348893802648,70312588348893802648,64892296602359672578,1.0,1.0835275068125272,1.0835275068125272,162659,945326
16,1,20,0.05,even_odd,2,0xf86,0,0.75,12,1 1 1 1 1 1 1 1 1 0 1 0 1 0 1 0,70312588348893802648,41548347660709974292,19475074463122048858,1.6923076923076923,3.610388678206984,2.133411491667763,169355,969017
16,1,20,0.05,forward,2,0xf86,0,1.0,16,1 1 1 1 1 1 1 1 1 1 1 1 1 1 1 1,12784106972526145936,12784106972526145936,7485431056281756502,1.0,1.7078651685393258,1.7078651685393258,165125,922182
16,1,20,0.05,even_odd,2,0xf86,0,1.0,16,1 1 1 1 1 1 1 1 1 1 1 1 1 1 1 1,12784106972526145936,12784106972526145936,7485431056281756502,1.0,1.7078651685393258,1.7078651685393258,160894,922804
16,1,20,0.05,forward,2,0xf86,1,0.0,0,1 1 1 1 1 1 1 1 1 1 1 1 1 1 1 1,12784106972526145936,12784106972526145936,7485431056281756502,1.0,1.7078651685393258,1.7078651685393258,158464,975346
16,1,20,0.05,even_odd,2,0xf86,1,0.0,0,1 1 1 1 1 1 1 1 1 1 1 1 1 1 1 1,12784106972526145936,12784106972526145936,7485431056281756502,1.0,1.7078651685393258,1.7078651685393258,170242,991486
16,1,20,0.05,forward,2,0xf86,1,0.25,4,2 2 2 2 1 1 1 1 1 1 1 1 1 1 1 1,9756292163243637688,9756292163243637688,5849907821350761742,1.0,1.667768529212633,1.667768529212633,171044,937112
16,1,20,0.05,even_odd,2,0xf86,1,0.25,4,2 1 2 1 2 1 2 1 1 1 1 1 1 1 1 1,9756292163243637688,8242384758602383564,5849907821350761742,1.183673469387755,1.667768529212633,1.4089768608865347,164060,985638
16,1,20,0.05,forward,2,0xf86,1,0.5,8,2 2 2 2 2 2 2 2 1 1 1 1 1 1 1 1,6728477353961129440,6728477353961129440,4172337734023767724,1.0,1.6126396717823324,1.6126396717823324,160846,895025
16,1,20,0.05,even_odd,2,0xf86,1,0.5,8,2 1 2 1 2 1 2 1 2 1 2 1 2 1 2 1,6728477353961129440,2943708842357994130,1781957621432313844,2.2857142857142856,3.7758907804737065,1.6519522164572467,150345,887917
16,1,20,0.05,forward,2,0xf86,1,0.75,12,2 2 2 2 2 2 2 2 2 2 2 2 1 1 1 1,3700662544678621192,3700662544678621192,3541303870505857600,1.0,1.045,1.045,153160,904024
16,1,20,0.05,even_odd,2,0xf86,1,0.75,12,2 2 2 2 2 2 2 2 2 1 2 1 2 1 2 1,3700662544678621192,2186755140037367068,1781957621432313844,1.6923076923076923,2.0767399292605386,1.2271645036539547,161874,901582
16,1,20,0.05,forward,2,0xf86,1,1.0,16,2 2 2 2 2 2 2 2 2 2 2 2 2 2 2 2,672847735396112944,672847735396112944,473649392680158454,1.0,1.4205607476635513,1.4205607476635513,149160,935900
16,1,20,0.05,even_odd,2,0xf86,1,1.0,16,2 2 2 2 2 2 2 2 2 2 2 2 2 2 2 2,672847735396112944,672847735396112944,473649392680158454,1.0,1.4205607476635513,1.4205607476635513,150973,910914
16,1,20,0.05,forward,2,0xf86,2,0.0,0,2 2 2 2 2 2 2 2 2 2 2 2 2 2 2 2,672847735396112944,672847735396112944,473649392680158454,1.0,1.4205607476635513,1.4205607476635513,161793,925674
16,1,20,0.05,even_odd,2,0xf86,2,0.0,0,2 2 2 2 2 2 2 2 2 2 2 2 2 2 2 2,672847735396112944,672847735396112944,473649392680158454,1.0,1.4205607476635513,1.4205607476635513,149030,912523
16,1,20,0.05,forward,2,0xf86,2,0.25,4,3 3 3 3 2 2 2 2 2 2 2 2 2 2 2 2,513489061223349352,513489061223349352,347729553877441516,1.0,1.4766908808801749,1.4766908808801749,146157,903916
16,1,20,0.05,even_odd,2,0xf86,2,0.25,4,3 2 3 2 3 2 3 2 2 2 2 2 2 2 2 2,513489061223349352,433809724136967556,347729553877441516,1.183673469387755,1.4766908808801749,1.247549192467734,146032,909777
16,1,20,0.05,forward,2,0xf86,2,0.5,8,3 3 3 3 3 3 3 3 2 2 2 2 2 2 2 2,354130387050585760,354130387050585760,259436391386547094,1.0,1.36499889301555,1.36499889301555,146023,867365
16,1,20,0.05,even_odd,2,0xf86,2,0.5,8,3 2 3 2 3 2 3 2 3 2 3 2 3 2 3 2,354130387050585760,154932044334631270,100414603170264778,2.2857142857142856,3.5266821345707657,1.54292343387471,149830,875328
16,1,20,0.05,forward,2,0xf86,2,0.75,12,3 3 3 3 3 3 3 3 3 3 3 3 2 2 2 2,194771712877822168,194771712877822168,188481238897318342,1.0,1.0333745364647713,1.0333745364647713,181316,901590
16,1,20,0.05,even_odd,2,0xf86,2,0.75,12,3 3 3 3 3 3 3 3 3 2 3 2 3 2 3 2,194771712877822168,115092375791440372,100414603170264778,1.6923076923076923,1.939675174013921,1.1461716937354989,148615,880990
16,1,20,0.05,forward,2,0xf86,2,1.0,16,3 3 3 3 3 3 3 3 3 3 3 3 3 3 3 3,35413038705058576,35413038705058576,27025740064386808,1.0,1.3103448275862069,1.3103448275862069,136143,886024
16,1,20,0.05,even_odd,2,0xf86,2,1.0,16,3 3 3 3 3 3 3 3 3 3 3 3 3 3 3 3,35413038705058576,35413038705058576,27025740064386808,1.0,1.3103448275862069,1.3103448275862069,139844,861379
16,1,20,0.05,forward,2,0xf86,3,0.0,0,3 3 3 3 3 3 3 3 3 3 3 3 3 3 3 3,35413038705058576,35413038705058576,27025740064386808,1.0,1.3103448275862069,1.3103448275862069,141424,912140
16,1,20,0.05,even_odd,2,0xf86,3,0.0,0,3 3 3 3 3 3 3 3 3 3 3 3 3 3 3 3,35413038705058576,35413038705058576,27025740064386808,1.0,1.3103448275862069,1.3103448275862069,138077,879041
16,1,20,0.05,forward,2,0xf86,3,0.25,4,4 4 4 4 3 3 3 3 3 3 3 3 3 3 3 3,27025740064386808,27025740064386808,20398380127401706,1.0,1.3248963837124688,1.3248963837124688,150377,848330
16,1,20,0.05,even_odd,2,0xf86,3,0.25,4,4 3 4 3 4 3 4 3 3 3 3 3 3 3 3 3,27025740064386808,22832090744050924,20398380127401706,1.183673469387755,1.3248963837124688,1.119309013826051,135390,893049
16,1,20,0.05,forward,2,0xf86,3,0.5,8,4 4 4 4 4 4 4 4 3 3 3 3 3 3 3 3,18638441423715040,18638441423715040,15751371575249368,1.0,1.183290060467002,1.183290060467002,129650,885340
16,1,20,0.05,even_odd,2,0xf86,3,0.5,8,4 3 4 3 4 3 4 3 4 3 4 3 4 3 4 3,18638441423715040,8154318122875330,7375995395832382,2.2857142857142856,2.5269052410534605,1.105521042960889,131043,847273
16,1,20,0.05,forward,2,0xf86,3,0.75,12,4 4 4 4 4 4 4 4 4 4 4 4 3 3 3 3,10251142783043272,10251142783043272,10030424397762436,1.0,1.02200488997555,1.02200488997555,134472,857109
16,1,20,0.05,even_odd,2,0xf86,3,0.75,12,4 4 4 4 4 4 4 4 4 3 4 3 4 3 4 3,10251142783043272,6057493462707388,5505697499505298,1.6923076923076923,1.8619153674832962,1.1002227171492205,135327,873150
16,1,20,0.05,forward,2,0xf86,3,1.0,16,4 4 4 4 4 4 4 4 4 4 4 4 4 4 4 4,1863844142371504,1863844142371504,1532766564450250,1.0,1.216,1.216,134355,849549
16,1,20,0.05,even_odd,2,0xf86,3,1.0,16,4 4 4 4 4 4 4 4 4 4 4 4 4 4 4 4,1863844142371504,1863844142371504,1532766564450250,1.0,1.216,1.216,132376,851078
16,1,20,0.05,forward,3,0x313e,0,0.0,0,0 0 0 0 0 0 0 0 0 0 0 0 0 0 0 0,242898032477996772784,242898032477996772784,93532714276400951938,1.0,2.5969312914431466,2.5969312914431466,174037,970217
16,1,20,0.05,even_odd,3,0x313e,0,0.0,0,0 0 0 0 0 0 0 0 0 0 0 0 0 0 0 0,242898032477996772784,242898032477996772784,93532714276400951938,1.0,2.5969312914431466,2.5969312914431466,169920,1007388
16,1,20,0.05,forward,3,0x313e,0,0.25,4,1 1 1 1 0 0 0 0 0 0 0 0 0 0 0 0,185369551101629116072,185369551101629116072,63258870192088845760,1.0,2.9303329404832055,2.9303329404832055,183477,965148
16,1,20,0.05,even_odd,3,0x313e,0,0.25,4,1 0 1 0 1 0 1 0 0 0 0 0 0 0 0 0,185369551101629116072,142223190069353373538,63258870192088845760,1.303370786516854,2.9303329404832055,2.2482726870948735,179021,962751
16,1,20,0.05,forward,3,0x313e,0,0.5,8,1 1 1 1 1 1 1 1 0 0 0 0 0 0 0 0,127841069725261459360,127841069725261459360,63258870192088845760,1.0,2.0209192692987625,2.0209192692987625,163654,938132
16,1,20,0.05,even_odd,3,0x313e,0,0.5,8,1 0 1 0 1 0 1 0 1 0 1 0 1 0 1 0,127841069725261459360,55930468004801888470,19304894779691964280,2.2857142857142856,6.622210127751928,2.8972169308914686,168213,964877
16,1,20,0.05,forward,3,0x313e,0,0.75,12,1 1 1 1 1 1 1 1 1 1 1 1 0 0 0 0,70312588348893802648,70312588348893802648,48786476028417069658,1.0,1.441231137660737,1.441231137660737,173471,936450
16,1,20,0.05,even_odd,3,0x313e,0,0.75,12,1 1 1 1 1 1 1 1 1 0 1 0 1 0 1 0,70312588348893802648,41548347660709974292,17711534564728169218,1.6923076923076923,3.9698755684851035,2.345835563195743,167852,954583
16,1,20,0.05,forward,3,0x313e,0,1.0,16,1 1 1 1 1 1 1 1 1 1 1 1 1 1 1 1,12784106972526145936,12784106972526145936,6606861523671388804,1.0,1.9349742577050568,1.9349742577050568,161119,978117
16,1,20,0.05,even_odd,3,0x313e,0,1.0,16,1 1 1 1 1 1 1 1 1 1 1 1 1 1 1 1,12784106972526145936,12784106972526145936,6606861523671388804,1.0,1.9349742577050568,1.9349742577050568,168353,976542
16,1,20,0.05,forward,3,0x313e,1,0.0,0,1 1 1 1 1 1 1 1 1 1 1 1 1 1 1 1,12784106972526145936,12784106972526145936,6606861523671388804,1.0,1.9349742577050568,1.9349742577050568,162236,910087
16,1,20,0.05,even_odd,3,0x313e,1,0.0,0,1 1 1 1 1 1 1 1 1 1 1 1 1 1 1 1,12784106972526145936,12784106972526145936,6606861523671388804,1.0,1.9349742577050568,1.9349742577050568,154129,923514
16,1,20,0.05,forward,3,0x313e,1,0.25,4,2 2 2 2 1 1 1 1 1 1 1 1 1 1 1 1,9756292163243637688,9756292163243637688,5891844314554120582,1.0,1.6558978211870774,1.6558978211870774,170515,935461
16,1,20,0.05,even_odd,3,0x313e,1,0.25,4,2 1 2 1 2 1 2 1 1 1 1 1 1 1 1 1,9756292163243637688,7485431056281756502,4883161293820700062,1.303370786516854,1.9979459158126815,1.532906780235592,172611,950688
16,1,20,0.05,forward,3,0x313e,1,0.5,8,2 2 2 2 2 2 2 2 1 1 1 1 1 1 1 1,6728477353961129440,6728477353961129440,4883161293820700062,1.0,1.3778937350432288,1.3778937350432288,156049,975680
16,1,20,0.05,even_odd,3,0x313e,1,0.5,8,2 1 2 1 2 1 2 1 2 1 2 1 2 1 2 1,6728477353961129440,2943708842357994130,1773000795988625182,2.2857142857142856,3.794965782973228,1.6602975300507872,158256,970572
16,1,20,0.05,forward,3,0x313e,1,0.75,12,2 2 2 2 2 2 2 2 2 2 2 2 1 1 1 1,3700662544678621192,3700662544678621192,3324662966974157044,1.0,1.1130940433479997,1.1130940433479997,159719,903892
16,1,20,0.05,even_odd,3,0x313e,1,0.75,12,2 2 2 2 2 2 2 2 2 1 2 1 2 1 2 1,3700662544678621192,2186755140037367068,1067050771507686040,1.6923076923076923,3.468122270742358,2.049344978165939,172476,913242
16,1,20,0.05,forward,3,0x313e,1,1.0,16,2 2 2 2 2 2 2 2 2 2 2 2 2 2 2 2,672847735396112944,672847735396112944,473649392680158454,1.0,1.4205607476635513,1.4205607476635513,149910,919718
16,1,20,0.05,even_odd,3,0x313e,1,1.0,16,2 2 2 2 2 2 2 2 2 2 2 2 2 2 2 2,672847735396112944,672847735396112944,473649392680158454,1.0,1.4205607476635513,1.4205607476635513,149458,906381
16,1,20,0.05,forward,3,0x313e,2,0.0,0,2 2 2 2 2 2 2 2 2 2 2 2 2 2 2 2,672847735396112944,672847735396112944,473649392680158454,1.0,1.4205607476635513,1.4205607476635513,168698,898377
16,1,20,0.05,even_odd,3,0x313e,2,0.0,0,2 2 2 2 2 2 2 2 2 2 2 2 2 2 2 2,672847735396112944,672847735396112944,473649392680158454,1.0,1.4205607476635513,1.4205607476635513,163662,916842
16,1,20,0.05,forward,3,0x313e,2,0.25,4,3 3 3 3 2 2 2 2 2 2 2 2 2 2 2 2,513489061223349352,513489061223349352,391873230933608716,1.0,1.3103448275862069,1.3103448275862069,151249,875564
16,1,20,0.05,even_odd,3,0x313e,2,0.25,4,3 2 3 2 3 2 3 2 2 2 2 2 2 2 2 2,513489061223349352,393970055593776658,296848157691648796,1.303370786516854,1.7298037663980939,1.327177027667503,150816,931593
16,1,20,0.05,forward,3,0x313e,2,0.5,8,3 3 3 3 3 3 3 3 2 2 2 2 2 2 2 2,354130387050585760,354130387050585760,296848157691648796,1.0,1.1929681147573061,1.1929681147573061,161402,870974
16,1,20,0.05,even_odd,3,0x313e,2,0.5,8,3 2 3 2 3 2 3 2 3 2 3 2 3 2 3 2,354130387050585760,154932044334631270,97980892553615560,2.2857142857142856,3.6142800685021736,1.5812475299697009,172986,882894
16,1,20,0.05,forward,3,0x313e,2,0.75,12,3 3 3 3 3 3 3 3 3 3 3 3 2 2 2 2,194771712877822168,194771712877822168,182080405724174098,1.0,1.0697016634116776,1.0697016634116776,144998,888336
16,1,20,0.05,even_odd,3,0x313e,2,0.75,12,3 3 3 3 3 3 3 3 3 2 3 2 3 2 3 2,194771712877822168,115092375791440372,93206099673142738,1.6923076923076923,2.089688481342445,1.2348159207932627,145834,907893
16,1,20,0.05,forward,3,0x313e,2,1.0,16,3 3 3 3 3 3 3 3 3 3 3 3 3 3 3 3,35413038705058576,35413038705058576,27025740064386808,1.0,1.3103448275862069,1.3103448275862069,168642,890009
16,1,20,0.05,even_odd,3,0x313e,2,1.0,16,3 3 3 3 3 3 3 3 3 3 3 3 3 3 3 3,35413038705058576,35413038705058576,27025740064386808,1.0,1.3103448275862069,1.3103448275862069,146348,849330
16,1,20,0.05,forward,3,0x313e,3,0.0,0,3 3 3 3 3 3 3 3 3 3 3 3 3 3 3 3,35413038705058576,35413038705058576,27025740064386808,1.0,1.3103448275862069,1.3103448275862069,133209,857552
16,1,20,0.05,even_odd,3,0x313e,3,0.0,0,3 3 3 3 3 3 3 3 3 3 3 3 3 3 3 3,35413038705058576,35413038705058576,27025740064386808,1.0,1.3103448275862069,1.3103448275862069,190023,898381
16,1,20,0.05,forward,3,0x313e,3,0.25,4,4 4 4 4 3 3 3 3 3 3 3 3 3 3 3 3,27025740064386808,27025740064386808,22721731551410506,1.0,1.1894225580140314,1.1894225580140314,142519,894701
16,1,20,0.05,even_odd,3,0x313e,3,0.25,4,4 3 4 3 4 3 4 3 3 3 3 3 3 3 3 3,27025740064386808,20735266083882982,16320898378266262,1.303370786516854,1.6558978211870774,1.270473328324568,138159,871857
16,1,20,0.05,forward,3,0x313e,3,0.5,8,4 4 4 4 4 4 4 4 3 3 3 3 3 3 3 3,18638441423715040,18638441423715040,16320898378266262,1.0,1.1419984973703983,1.1419984973703983,155239,860622
16,1,20,0.05,even_odd,3,0x313e,3,0.5,8,4 3 4 3 4 3 4 3 4 3 4 3 4 3 4 3,18638441423715040,8154318122875330,5505697499505298,2.2857142857142856,3.3853006681514475,1.4810690423162582,127703,832440
16,1,20,0.05,forward,3,0x313e,3,0.75,12,4 4 4 4 4 4 4 4 4 4 4 4 3 3 3 3,10251142783043272,10251142783043272,9809706012481600,1.0,1.045,1.045,140930,846131
16,1,20,0.05,even_odd,3,0x313e,3,0.75,12,4 4 4 4 4 4 4 4 4 3 4 3 4 3 4 3,10251142783043272,6057493462707388,5279170735664440,1.6923076923076923,1.9418092909535452,1.1474327628361858,136451,845093
16,1,20,0.05,forward,3,0x313e,3,1.0,16,4 4 4 4 4 4 4 4 4 4 4 4 4 4 4 4,1863844142371504,1863844142371504,1532766564450250,1.0,1.216,1.216,144437,870438
16,1,20,0.05,even_odd,3,0x313e,3,1.0,16,4 4 4 4 4 4 4 4 4 4 4 4 4 4 4 4,1863844142371504,1863844142371504,1532766564450250,1.0,1.216,1.216,128550,850490
16,1,20,0.05,forward,4,0xa03,0,0.0,0,0 0 0 0 0 0 0 0 0 0 0 0 0 0 0 0,242898032477996772784,242898032477996772784,123890652065505056632,1.0,1.9605840184743608,1.9605840184743608,180718,957858
16,1,20,0.05,even_odd,4,0xa03,0,0.0,0,0 0 0 0 0 0 0 0 0 0 0 0 0 0 0 0,242898032477996772784,242898032477996772784,123890652065505056632,1.0,1.9605840184743608,1.9605840184743608,185068,1005915
16,1,20,0.05,forward,4,0xa03,0,0.25,4,1 1 1 1 0 0 0 0 0 0 0 0 0 0 0 0,185369551101629116072,185369551101629116072,61568608797608203672,1.0,3.0107802453517563,3.0107802453517563,188043,998710
16,1,20,0.05,even_odd,4,0xa03,0,0.25,4,1 0 1 0 1 0 1 0 0 0 0 0 0 0 0 0,185369551101629116072,170987430757537201894,61568608797608203672,1.0841121495327102,3.0107802453517563,2.777185226315844,180527,947503
16,1,20,0.05,forward,4,0xa03,0,0.5,8,1 1 1 1 1 1 1 1 0 0 0 0 0 0 0 0,127841069725261459360,127841069725261459360,61568608797608203672,1.0,2.0764001692081075,2.0764001692081075,166719,949052
16,1,20,0.05,even_odd,4,0xa03,0,0.5,8,1 0 1 0 1 0 1 0 1 0 1 0 1 0 1 0,127841069725261459360,84694708692985716826,20902680979118496106,1.509433962264151,6.116013053683067,4.051858648065031,180336,930645
16,1,20,0.05,forward,4,0xa03,0,0.75,12,1 1 1 1 1 1 1 1 1 1 1 1 0 0 0 0,70312588348893802648,70312588348893802648,61568608797608203672,1.0,1.1420200930644593,1.1420200930644593,213273,952540
16,1,20,0.05,even_odd,4,0xa03,0,0.75,12,1 1 1 1 1 1 1 1 1 0 1 0 1 0 1 0,70312588348893802648,41548347660709974292,17622573438702872266,1.6923076923076923,3.989916035445345,2.3576776573086127,166988,944350
16,1,20,0.05,forward,4,0xa03,0,1.0,16,1 1 1 1 1 1 1 1 1 1 1 1 1 1 1 1,12784106972526145936,12784106972526145936,8122865752972810870,1.0,1.573841961852861,1.573841961852861,169277,934408
16,1,20,0.05,even_odd,4,0xa03,0,1.0,16,1 1 1 1 1 1 1 1 1 1 1 1 1 1 1 1,12784106972526145936,12784106972526145936,8122865752972810870,1.0,1.573841961852861,1.573841961852861,164588,910237
16,1,20,0.05,forward,4,0xa03,1,0.0,0,1 1 1 1 1 1 1 1 1 1 1 1 1 1 1 1,12784106972526145936,12784106972526145936,8122865752972810870,1.0,1.573841961852861,1.573841961852861,180090,943368
16,1,20,0.05,even_odd,4,0xa03,1,0.0,0,1 1 1 1 1 1 1 1 1 1 1 1 1 1 1 1,12784106972526145936,12784106972526145936,8122865752972810870,1.0,1.573841961852861,1.573841961852861,164514,933202
16,1,20,0.05,forward,4,0xa03,1,0.25,4,2 2 2 2 1 1 1 1 1 1 1 1 1 1 1 1,9756292163243637688,9756292163243637688,4851819283110821350,1.0,2.0108523409363745,2.0108523409363745,158971,936173
16,1,20,0.05,even_odd,4,0xa03,1,0.25,4,2 1 2 1 2 1 2 1 1 1 1 1 1 1 1 1,9756292163243637688,8999338460923010626,4851819283110821350,1.0841121495327102,2.0108523409363745,1.8548379351740696,160774,958308
16,1,20,0.05,forward,4,0xa03,1,0.5,8,2 2 2 2 2 2 2 2 1 1 1 1 1 1 1 1,6728477353961129440,6728477353961129440,4851819283110821350,1.0,1.386794717887155,1.386794717887155,159810,934157
16,1,20,0.05,even_odd,4,0xa03,1,0.5,8,2 1 2 1 2 1 2 1 2 1 2 1 2 1 2 1,6728477353961129440,4457616246999248254,1857094806484758436,1.509433962264151,3.623120010064145,2.400317006667496,160435,920123
16,1,20,0.05,forward,4,0xa03,1,0.75,12,2 2 2 2 2 2 2 2 2 2 2 2 1 1 1 1,3700662544678621192,3700662544678621192,3337911878469567226,1.0,1.1086759265722064,1.1086759265722064,157957,960254
16,1,20,0.05,even_odd,4,0xa03,1,0.75,12,2 2 2 2 2 2 2 2 2 1 2 1 2 1 2 1,3700662544678621192,2186755140037367068,1684457567515515076,1.6923076923076923,2.196946136278696,1.298195444164684,155916,917425
16,1,20,0.05,forward,4,0xa03,1,1.0,16,2 2 2 2 2 2 2 2 2 2 2 2 2 2 2 2,672847735396112944,672847735396112944,593168398309731148,1.0,1.1343283582089552,1.1343283582089552,154471,907380
16,1,20,0.05,even_odd,4,0xa03,1,1.0,16,2 2 2 2 2 2 2 2 2 2 2 2 2 2 2 2,672847735396112944,672847735396112944,593168398309731148,1.0,1.1343283582089552,1.1343283582089552,154490,983599
16,1,20,0.05,forward,4,0xa03,2,0.0,0,2 2 2 2 2 2 2 2 2 2 2 2 2 2 2 2,672847735396112944,672847735396112944,593168398309731148,1.0,1.1343283582089552,1.1343283582089552,150202,982717
16,1,20,0.05,even_odd,4,0xa03,2,0.0,0,2 2 2 2 2 2 2 2 2 2 2 2 2 2 2 2,672847735396112944,672847735396112944,593168398309731148,1.0,1.1343283582089552,1.1343283582089552,154795,923081
16,1,20,0.05,forward,4,0xa03,2,0.25,4,3 3 3 3 2 2 2 2 2 2 2 2 2 2 2 2,513489061223349352,513489061223349352,261870102003196312,1.0,1.9608540925266904,1.9608540925266904,148532,895883
16,1,20,0.05,even_odd,4,0xa03,2,0.25,4,3 2 3 2 3 2 3 2 2 2 2 2 2 2 2 2,513489061223349352,473649392680158454,261870102003196312,1.0841121495327102,1.9608540925266904,1.8087188612099645,146068,895486
16,1,20,0.05,forward,4,0xa03,2,0.5,8,3 3 3 3 3 3 3 3 2 2 2 2 2 2 2 2,354130387050585760,354130387050585760,261870102003196312,1.0,1.3523131672597866,1.3523131672597866,145746,899164
16,1,20,0.05,even_odd,4,0xa03,2,0.5,8,3 2 3 2 3 2 3 2 3 2 3 2 3 2 3 2,354130387050585760,234611381421013066,137581500463441342,1.509433962264151,2.573968054263855,1.705253835949804,139941,881509
16,1,20,0.05,forward,4,0xa03,2,0.75,12,3 3 3 3 3 3 3 3 3 3 3 3 2 2 2 2,194771712877822168,194771712877822168,182190764916814516,1.0,1.0690537084398977,1.0690537084398977,142499,885357
16,1,20,0.05,even_odd,4,0xa03,2,0.75,12,3 3 3 3 3 3 3 3 3 2 3 2 3 2 3 2,194771712877822168,115092375791440372,93119279698877146,1.6923076923076923,2.0916368071967675,1.2359672042526353,140694,885657
16,1,20,0.05,forward,4,0xa03,2,1.0,16,3 3 3 3 3 3 3 3 3 3 3 3 3 3 3 3,35413038705058576,35413038705058576,33316214044890634,1.0,1.062937062937063,1.062937062937063,201903,881791
16,1,20,0.05,even_odd,4,0xa03,2,1.0,16,3 3 3 3 3 3 3 3 3 3 3 3 3 3 3 3,35413038705058576,35413038705058576,33316214044890634,1.0,1.062937062937063,1.062937062937063,146368,897081
16,1,20,0.05,forward,4,0xa03,3,0.0,0,3 3 3 3 3 3 3 3 3 3 3 3 3 3 3 3,35413038705058576,35413038705058576,33316214044890634,1.0,1.062937062937063,1.062937062937063,138460,873857
16,1,20,0.05,even_odd,4,0xa03,3,0.0,0,3 3 3 3 3 3 3 3 3 3 3 3 3 3 3 3,35413038705058576,35413038705058576,33316214044890634,1.0,1.062937062937063,1.062937062937063,135963,881560
16,1,20,0.05,forward,4,0xa03,3,0.25,4,4 4 4 4 3 3 3 3 3 3 3 3 3 3 3 3,27025740064386808,27025740064386808,14224073718098320,1.0,1.9,1.9,135418,885310
16,1,20,0.05,even_odd,4,0xa03,3,0.25,4,4 3 4 3 4 3 4 3 3 3 3 3 3 3 3 3,27025740064386808,24928915404218866,15879461607704590,1.0841121495327102,1.701930501930502,1.56988416988417,141846,878674
16,1,20,0.05,forward,4,0xa03,3,0.5,8,4 4 4 4 4 4 4 4 3 3 3 3 3 3 3 3,18638441423715040,18638441423715040,14224073718098320,1.0,1.3103448275862069,1.3103448275862069,139898,855304
16,1,20,0.05,even_odd,4,0xa03,3,0.5,8,4 3 4 3 4 3 4 3 4 3 4 3 4 3 4 3,18638441423715040,12347967443211214,7474737831352756,1.509433962264151,2.4935244344672767,1.6519599378345708,136895,939304
16,1,20,0.05,forward,4,0xa03,3,0.75,12,4 4 4 4 4 4 4 4 4 4 4 4 3 3 3 3,10251142783043272,10251142783043272,9699346819841182,1.0,1.056890012642225,1.056890012642225,132763,850855
16,1,20,0.05,even_odd,4,0xa03,3,0.75,12,4 4 4 4 4 4 4 4 4 3 4 3 4 3 4 3,10251142783043272,6057493462707388,5836775077426552,1.6923076923076923,1.7563025210084033,1.0378151260504203,130449,838192
16,1,20,0.05,forward,4,0xa03,3,1.0,16,4 4 4 4 4 4 4 4 4 4 4 4 4 4 4 4,1863844142371504,1863844142371504,1863844142371504,1.0,1.0,1.0,128404,817974
16,1,20,0.05,even_odd,4,0xa03,3,1.0,16,4 4 4 4 4 4 4 4 4 4 4 4 4 4 4 4,1863844142371504,1863844142371504,1863844142371504,1.0,1.0,1.0,138548,842084
16,1,20,0.05,forward,5,0x3c01,0,0.0,0,0 0 0 0 0 0 0 0 0 0 0 0 0 0 0 0,242898032477996772784,242898032477996772784,155848356711124660654,1.0,1.5585536967080411,1.5585536967080411,184101,961342
16,1,20,0.05,even_odd,5,0x3c01,0,0.0,0,0 0 0 0 0 0 0 0 0 0 0 0 0 0 0 0,242898032477996772784,242898032477996772784,155848356711124660654,1.0,1.5585536967080411,1.5585536967080411,172258,952383
16,1,20,0.05,forward,5,0x3c01,0,0.25,4,1 1 1 1 0 0 0 0 0 0 0 0 0 0 0 0,185369551101629116072,185369551101629116072,83937754990665089764,1.0,2.208416833667335,2.208416833667335,173172,984896
16,1,20,0.05,even_odd,5,0x3c01,0,0.25,4,1 0 1 0 1 0 1 0 0 0 0 0 0 0 0 0,185369551101629116072,170987430757537201894,83937754990665089764,1.0841121495327102,2.208416833667335,2.0370741482965933,170495,996528
16,1,20,0.05,forward,5,0x3c01,0,0.5,8,1 1 1 1 1 1 1 1 0 0 0 0 0 0 0 0,127841069725261459360,127841069725261459360,83937754990665089764,1.0,1.5230460921843687,1.5230460921843687,176346,961958
16,1,20,0.05,even_odd,5,0x3c01,0,0.5,8,1 0 1 0 1 0 1 0 1 0 1 0 1 0 1 0,127841069725261459360,84694708692985716826,22584665434151106844,1.509433962264151,5.660525284202274,3.750098000784006,162308,964053
16,1,20,0.05,forward,5,0x3c01,0,0.75,12,1 1 1 1 1 1 1 1 1 1 1 1 0 0 0 0,70312588348893802648,70312588348893802648,33938970968960512774,1.0,2.071736011477762,2.071736011477762,170097,951749
16,1,20,0.05,even_odd,5,0x3c01,0,0.75,12,1 1 1 1 1 1 1 1 1 0 1 0 1 0 1 0,70312588348893802648,41548347660709974292,22584665434151106844,1.6923076923076923,3.1132889063112503,1.839670717365739,178345,953753
16,1,20,0.05,forward,5,0x3c01,0,1.0,16,1 1 1 1 1 1 1 1 1 1 1 1 1 1 1 1,12784106972526145936,12784106972526145936,9756292163243637688,1.0,1.3103448275862069,1.3103448275862069,158010,953047
16,1,20,0.05,even_odd,5,0x3c01,0,1.0,16,1 1 1 1 1 1 1 1 1 1 1 1 1 1 1 1,12784106972526145936,12784106972526145936,9756292163243637688,1.0,1.3103448275862069,1.3103448275862069,180971,955055
16,1,20,0.05,forward,5,0x3c01,1,0.0,0,1 1 1 1 1 1 1 1 1 1 1 1 1 1 1 1,12784106972526145936,12784106972526145936,9756292163243637688,1.0,1.3103448275862069,1.3103448275862069,165937,1005941
16,1,20,0.05,even_odd,5,0x3c01,1,0.0,0,1 1 1 1 1 1 1 1 1 1 1 1 1 1 1 1,12784106972526145936,12784106972526145936,9756292163243637688,1.0,1.3103448275862069,1.3103448275862069,161466,945370
16,1,20,0.05,forward,5,0x3c01,1,0.25,4,2 2 2 2 1 1 1 1 1 1 1 1 1 1 1 1,9756292163243637688,9756292163243637688,5174730280776684418,1.0,1.8853721129170231,1.8853721129170231,171522,946460
16,1,20,0.05,even_odd,5,0x3c01,1,0.25,4,2 1 2 1 2 1 2 1 1 1 1 1 1 1 1 1,9756292163243637688,8999338460923010626,5174730280776684418,1.0841121495327102,1.8853721129170231,1.739093242087254,154124,943772
16,1,20,0.05,forward,5,0x3c01,1,0.5,8,2 2 2 2 2 2 2 2 1 1 1 1 1 1 1 1,6728477353961129440,6728477353961129440,5174730280776684418,1.0,1.300256629597947,1.300256629597947,154178,975729
16,1,20,0.05,even_odd,5,0x3c01,1,0.5,8,2 1 2 1 2 1 2 1 2 1 2 1 2 1 2 1,6728477353961129440,4457616246999248254,1945620304118053738,1.509433962264151,3.458268470841815,2.2911028619327025,153275,949643
16,1,20,0.05,forward,5,0x3c01,1,0.75,12,2 2 2 2 2 2 2 2 2 2 2 2 1 1 1 1,3700662544678621192,3700662544678621192,2543215332265917208,1.0,1.4551117625503847,1.4551117625503847,150287,930316
16,1,20,0.05,even_odd,5,0x3c01,1,0.75,12,2 2 2 2 2 2 2 2 2 1 2 1 2 1 2 1,3700662544678621192,2186755140037367068,1746421961402099248,1.6923076923076923,2.1189967982924225,1.2521344717182497,153880,979889
16,1,20,0.05,forward,5,0x3c01,1,1.0,16,2 2 2 2 2 2 2 2 2 2 2 2 2 2 2 2,672847735396112944,672847735396112944,553328729766540250,1.0,1.216,1.216,157282,941294
16,1,20,0.05,even_odd,5,0x3c01,1,1.0,16,2 2 2 2 2 2 2 2 2 2 2 2 2 2 2 2,672847735396112944,672847735396112944,553328729766540250,1.0,1.216,1.216,161788,937780
16,1,20,0.05,forward,5,0x3c01,2,0.0,0,2 2 2 2 2 2 2 2 2 2 2 2 2 2 2 2,672847735396112944,672847735396112944,553328729766540250,1.0,1.216,1.216,151001,934199
16,1,20,0.05,even_odd,5,0x3c01,2,0.0,0,2 2 2 2 2 2 2 2 2 2 2 2 2 2 2 2,672847735396112944,672847735396112944,553328729766540250,1.0,1.216,1.216,158465,926840
16,1,20,0.05,forward,5,0x3c01,2,0.25,4,3 3 3 3 2 2 2 2 2 2 2 2 2 2 2 2,513489061223349352,513489061223349352,312193893847226920,1.0,1.644776119402985,1.644776119402985,147372,945272
16,1,20,0.05,even_odd,5,0x3c01,2,0.25,4,3 2 3 2 3 2 3 2 2 2 2 2 2 2 2 2,513489061223349352,473649392680158454,312193893847226920,1.0841121495327102,1.644776119402985,1.5171641791044777,144070,936401
16,1,20,0.05,forward,5,0x3c01,2,0.5,8,3 3 3 3 3 3 3 3 2 2 2 2 2 2 2 2,354130387050585760,354130387050585760,312193893847226920,1.0,1.1343283582089552,1.1343283582089552,148744,953683
16,1,20,0.05,even_odd,5,0x3c01,2,0.5,8,3 2 3 2 3 2 3 2 3 2 3 2 3 2 3 2,354130387050585760,234611381421013066,142240737180983200,1.509433962264151,2.489655172413793,1.649396551724138,147353,897552
16,1,20,0.05,forward,5,0x3c01,2,0.75,12,3 3 3 3 3 3 3 3 3 3 3 3 2 2 2 2,194771712877822168,194771712877822168,173693107083502330,1.0,1.1213554535827746,1.1213554535827746,156011,920355
16,1,20,0.05,even_odd,5,0x3c01,2,0.75,12,3 3 3 3 3 3 3 3 3 2 3 2 3 2 3 2,194771712877822168,115092375791440372,106705077150768604,1.6923076923076923,1.8253275109170306,1.0786026200873362,149406,915571
16,1,20,0.05,forward,5,0x3c01,2,1.0,16,3 3 3 3 3 3 3 3 3 3 3 3 3 3 3 3,35413038705058576,35413038705058576,31219389384722692,1.0,1.1343283582089552,1.1343283582089552,134089,895212
16,1,20,0.05,even_odd,5,0x3c01,2,1.0,16,3 3 3 3 3 3 3 3 3 3 3 3 3 3 3 3,35413038705058576,35413038705058576,31219389384722692,1.0,1.1343283582089552,1.1343283582089552,135865,890173
16,1,20,0.05,forward,5,0x3c01,3,0.0,0,3 3 3 3 3 3 3 3 3 3 3 3 3 3 3 3,35413038705058576,35413038705058576,31219389384722692,1.0,1.1343283582089552,1.1343283582089552,140754,909703
16,1,20,0.05,even_odd,5,0x3c01,3,0.0,0,3 3 3 3 3 3 3 3 3 3 3 3 3 3 3 3,35413038705058576,35413038705058576,31219389384722692,1.0,1.1343283582089552,1.1343283582089552,143115,901272
16,1,20,0.05,forward,5,0x3c01,3,0.25,4,4 4 4 4 3 3 3 3 3 3 3 3 3 3 3 3,27025740064386808,27025740064386808,18528082231074622,1.0,1.4586366644606221,1.4586366644606221,136682,910261
16,1,20,0.05,even_odd,5,0x3c01,3,0.25,4,4 3 4 3 4 3 4 3 3 3 3 3 3 3 3 3,27025740064386808,24928915404218866,18528082231074622,1.0841121495327102,1.4586366644606221,1.3454665784248843,139029,870758
16,1,20,0.05,forward,5,0x3c01,3,0.5,8,4 4 4 4 4 4 4 4 3 3 3 3 3 3 3 3,18638441423715040,18638441423715040,18528082231074622,1.0,1.0059563203176705,1.0059563203176705,146544,905150
16,1,20,0.05,even_odd,5,0x3c01,3,0.5,8,4 3 4 3 4 3 4 3 4 3 4 3 4 3 4 3,18638441423715040,12347967443211214,9583179248640742,1.509433962264151,1.9449121152939592,1.288504276382248,140393,871703
16,1,20,0.05,forward,5,0x3c01,3,0.75,12,4 4 4 4 4 4 4 4 4 4 4 4 3 3 3 3,10251142783043272,10251142783043272,9368269241919928,1.0,1.094240837696335,1.094240837696335,138384,877349
16,1,20,0.05,even_odd,5,0x3c01,3,0.75,12,4 4 4 4 4 4 4 4 4 3 4 3 4 3 4 3,10251142783043272,6057493462707388,5726415884786134,1.6923076923076923,1.7901498929336188,1.0578158458244111,133586,821274
16,1,20,0.05,forward,5,0x3c01,3,1.0,16,4 4 4 4 4 4 4 4 4 4 4 4 4 4 4 4,1863844142371504,1863844142371504,1753484949731086,1.0,1.062937062937063,1.062937062937063,129235,860481
16,1,20,0.05,even_odd,5,0x3c01,3,1.0,16,4 4 4 4 4 4 4 4 4 4 4 4 4 4 4 4,1863844142371504,1863844142371504,1753484949731086,1.0,1.062937062937063,1.062937062937063,139064,864519
16,1,20,0.05,forward,6,0x1340,0,0.0,0,0 0 0 0 0 0 0 0 0 0 0 0 0 0 0 0,242898032477996772784,242898032477996772784,107113615265166311392,1.0,2.2676672043669504,2.2676672043669504,189354,1028582
16,1,20,0.05,even_odd,6,0x1340,0,0.0,0,0 0 0 0 0 0 0 0 0 0 0 0 0 0 0 0,242898032477996772784,242898032477996772784,107113615265166311392,1.0,2.2676672043669504,2.2676672043669504,183199,993973
16,1,20,0.05,forward,6,0x1340,0,0.25,4,1 1 1 1 0 0 0 0 0 0 0 0 0 0 0 0,185369551101629116072,185369551101629116072,48069472353832273912,1.0,3.856284290727206,3.856284290727206,168366,946645
16,1,20,0.05,even_odd,6,0x1340,0,0.25,4,1 0 1 0 1 0 1 0 0 0 0 0 0 0 0 0,185369551101629116072,170987430757537201894,48069472353832273912,1.0841121495327102,3.856284290727206,3.5570898198949226,178267,973494
16,1,20,0.05,forward,6,0x1340,0,0.5,8,1 1 1 1 1 1 1 1 0 0 0 0 0 0 0 0,127841069725261459360,127841069725261459360,48069472353832273912,1.0,2.659506407398073,2.659506407398073,168969,927403
16,1,20,0.05,even_odd,6,0x1340,0,0.5,8,1 0 1 0 1 0 1 0 1 0 1 0 1 0 1 0,127841069725261459360,84694708692985716826,20019679042258562146,1.509433962264151,6.385770194187828,4.230572753649437,179251,941168
16,1,20,0.05,forward,6,0x1340,0,0.75,12,1 1 1 1 1 1 1 1 1 1 1 1 0 0 0 0,70312588348893802648,70312588348893802648,46431044929621268152,1.0,1.5143443025129293,1.5143443025129293,167430,960271
16,1,20,0.05,even_odd,6,0x1340,0,0.75,12,1 1 1 1 1 1 1 1 1 0 1 0 1 0 1 0,70312588348893802648,41548347660709974292,16912092573240981226,1.6923076923076923,4.157533317913912,2.456724233312766,164568,1010134
16,1,20,0.05,forward,6,0x1340,0,1.0,16,1 1 1 1 1 1 1 1 1 1 1 1 1 1 1 1,12784106972526145936,12784106972526145936,7279721521200017350,1.0,1.7561258264201793,1.7561258264201793,179271,1037619
16,1,20,0.05,even_odd,6,0x1340,0,1.0,16,1 1 1 1 1 1 1 1 1 1 1 1 1 1 1 1,12784106972526145936,12784106972526145936,7279721521200017350,1.0,1.7561258264201793,1.7561258264201793,172317,970654
16,1,20,0.05,forward,6,0x1340,1,0.0,0,1 1 1 1 1 1 1 1 1 1 1 1 1 1 1 1,12784106972526145936,12784106972526145936,7279721521200017350,1.0,1.7561258264201793,1.7561258264201793,179211,985795
16,1,20,0.05,even_odd,6,0x1340,1,0.0,0,1 1 1 1 1 1 1 1 1 1 1 1 1 1 1 1,12784106972526145936,12784106972526145936,7279721521200017350,1.0,1.7561258264201793,1.7561258264201793,178623,978275
16,1,20,0.05,forward,6,0x1340,1,0.25,4,2 2 2 2 1 1 1 1 1 1 1 1 1 1 1 1,9756292163243637688,9756292163243637688,4880512673197330030,1.0,1.9990301873044987,1.9990301873044987,167110,921824
16,1,20,0.05,even_odd,6,0x1340,1,0.25,4,2 1 2 1 2 1 2 1 1 1 1 1 1 1 1 1,9756292163243637688,8999338460923010626,4880512673197330030,1.0841121495327102,1.9990301873044987,1.8439330175998392,154562,902222
16,1,20,0.05,forward,6,0x1340,1,0.5,8,2 2 2 2 2 2 2 2 1 1 1 1 1 1 1 1,6728477353961129440,6728477353961129440,4880512673197330030,1.0,1.378641508485861,1.378641508485861,193652,979244
16,1,20,0.05,even_odd,6,0x1340,1,0.5,8,2 1 2 1 2 1 2 1 2 1 2 1 2 1 2 1,6728477353961129440,4457616246999248254,1810621020334235596,1.509433962264151,3.7161157848035318,2.46192670743234,159928,926321
16,1,20,0.05,forward,6,0x1340,1,0.75,12,2 2 2 2 2 2 2 2 2 2 2 2 1 1 1 1,3700662544678621192,3700662544678621192,2569811897692257946,1.0,1.4400519150844813,1.4400519150844813,186521,972215
16,1,20,0.05,even_odd,6,0x1340,1,0.75,12,2 2 2 2 2 2 2 2 2 1 2 1 2 1 2 1,3700662544678621192,2186755140037367068,1013822790383644432,1.6923076923076923,3.65020650529886,2.156940207676599,160844,958291
16,1,20,0.05,forward,6,0x1340,1,1.0,16,2 2 2 2 2 2 2 2 2 2 2 2 2 2 2 2,672847735396112944,672847735396112944,509295411903013468,1.0,1.3211344922232389,1.3211344922232389,170460,954044
16,1,20,0.05,even_odd,6,0x1340,1,1.0,16,2 2 2 2 2 2 2 2 2 2 2 2 2 2 2 2,672847735396112944,672847735396112944,509295411903013468,1.0,1.3211344922232389,1.3211344922232389,153032,930498
16,1,20,0.05,forward,6,0x1340,2,0.0,0,2 2 2 2 2 2 2 2 2 2 2 2 2 2 2 2,672847735396112944,672847735396112944,509295411903013468,1.0,1.3211344922232389,1.3211344922232389,156453,906882
16,1,20,0.05,even_odd,6,0x1340,2,0.0,0,2 2 2 2 2 2 2 2 2 2 2 2 2 2 2 2,672847735396112944,672847735396112944,509295411903013468,1.0,1.3211344922232389,1.3211344922232389,162417,971939
16,1,20,0.05,forward,6,0x1340,2,0.25,4,3 3 3 3 2 2 2 2 2 2 2 2 2 2 2 2,513489061223349352,513489061223349352,341549439089578108,1.0,1.5034106412005457,1.5034106412005457,147514,920702
16,1,20,0.05,even_odd,6,0x1340,2,0.25,4,3 2 3 2 3 2 3 2 2 2 2 2 2 2 2 2,513489061223349352,473649392680158454,341549439089578108,1.0841121495327102,1.5034106412005457,1.3867667121418827,159539,946014
16,1,20,0.05,forward,6,0x1340,2,0.5,8,3 3 3 3 3 3 3 3 2 2 2 2 2 2 2 2,354130387050585760,354130387050585760,296708756606208268,1.0,1.1935286005751002,1.1935286005751002,152386,938252
16,1,20,0.05,even_odd,6,0x1340,2,0.5,8,3 2 3 2 3 2 3 2 3 2 3 2 3 2 3 2,354130387050585760,234611381421013066,135135511718676982,1.509433962264151,2.6205575614188588,1.7361193844399938,143381,848496
16,1,20,0.05,forward,6,0x1340,2,0.75,12,3 3 3 3 3 3 3 3 3 3 3 3 2 2 2 2,194771712877822168,194771712877822168,172878099860290822,1.0,1.126641911469552,1.126641911469552,137831,890093
16,1,20,0.05,even_odd,6,0x1340,2,0.75,12,3 3 3 3 3 3 3 3 3 2 3 2 3 2 3 2,194771712877822168,115092375791440372,93198762773909026,1.6923076923076923,2.0898529881809598,1.234913129379658,145811,919214
16,1,20,0.05,forward,6,0x1340,2,1.0,16,3 3 3 3 3 3 3 3 3 3 3 3 3 3 3 3,35413038705058576,35413038705058576,33316214044890634,1.0,1.062937062937063,1.062937062937063,149022,963055
16,1,20,0.05,even_odd,6,0x1340,2,1.0,16,3 3 3 3 3 3 3 3 3 3 3 3 3 3 3 3,35413038705058576,35413038705058576,33316214044890634,1.0,1.062937062937063,1.062937062937063,142599,903419
16,1,20,0.05,forward,6,0x1340,3,0.0,0,3 3 3 3 3 3 3 3 3 3 3 3 3 3 3 3,35413038705058576,35413038705058576,33316214044890634,1.0,1.062937062937063,1.062937062937063,143969,867351
16,1,20,0.05,even_odd,6,0x1340,3,0.0,0,3 3 3 3 3 3 3 3 3 3 3 3 3 3 3 3,35413038705058576,35413038705058576,33316214044890634,1.0,1.062937062937063,1.062937062937063,135739,854101
16,1,20,0.05,forward,6,0x1340,3,0.25,4,4 4 4 4 3 3 3 3 3 3 3 3 3 3 3 3,27025740064386808,27025740064386808,20073110928040474,1.0,1.346365302382407,1.346365302382407,141459,894220
16,1,20,0.05,even_odd,6,0x1340,3,0.25,4,4 3 4 3 4 3 4 3 3 3 3 3 3 3 3 3,27025740064386808,24928915404218866,20073110928040474,1.0841121495327102,1.346365302382407,1.241905925473427,141411,874988
16,1,20,0.05,forward,6,0x1340,3,0.5,8,4 4 4 4 4 4 4 4 3 3 3 3 3 3 3 3,18638441423715040,18638441423715040,15879461607704590,1.0,1.1737451737451738,1.1737451737451738,137481,846616
16,1,20,0.05,even_odd,6,0x1340,3,0.5,8,4 3 4 3 4 3 4 3 4 3 4 3 4 3 4 3,18638441423715040,12347967443211214,7351812589805476,1.509433962264151,2.535217158495086,1.6795813675029947,131366,855647
16,1,20,0.05,forward,6,0x1340,3,0.75,12,4 4 4 4 4 4 4 4 4 4 4 4 3 3 3 3,10251142783043272,10251142783043272,9333418970559796,1.0,1.0983266491494952,1.0983266491494952,133595,902063
16,1,20,0.05,even_odd,6,0x1340,3,0.75,12,4 4 4 4 4 4 4 4 4 3 4 3 4 3 4 3,10251142783043272,6057493462707388,5139769650223912,1.6923076923076923,1.9944751381215469,1.178553490708187,130624,863233
16,1,20,0.05,forward,6,0x1340,3,1.0,16,4 4 4 4 4 4 4 4 4 4 4 4 4 4 4 4,1863844142371504,1863844142371504,1863844142371504,1.0,1.0,1.0,135891,893432
16,1,20,0.05,even_odd,6,0x1340,3,1.0,16,4 4 4 4 4 4 4 4 4 4 4 4 4 4 4 4,1863844142371504,1863844142371504,1863844142371504,1.0,1.0,1.0,135655,875382
16,1,20,0.05,forward,7,0x2364,0,0.0,0,0 0 0 0 0 0 0 0 0 0 0 0 0 0 0 0,242898032477996772784,242898032477996772784,63210300530569941796,1.0,3.8426970041144757,3.8426970041144757,172717,933715
16,1,20,0.05,even_odd,7,0x2364,0,0.0,0,0 0 0 0 0 0 0 0 0 0 0 0 0 0 0 0,242898032477996772784,242898032477996772784,63210300530569941796,1.0,3.8426970041144757,3.8426970041144757,171837,942656
16,1,20,0.05,forward,7,0x2364,0,0.25,4,1 1 1 1 0 0 0 0 0 0 0 0 0 0 0 0,185369551101629116072,185369551101629116072,63210300530569941796,1.0,2.9325845557715735,2.9325845557715735,213680,942694
16,1,20,0.05,even_odd,7,0x2364,0,0.25,4,1 0 1 0 1 0 1 0 0 0 0 0 0 0 0 0,185369551101629116072,142223190069353373538,63210300530569941796,1.303370786516854,2.9325845557715735,2.250000219514397,181014,929879
16,1,20,0.05,forward,7,0x2364,0,0.5,8,1 1 1 1 1 1 1 1 0 0 0 0 0 0 0 0,127841069725261459360,127841069725261459360,63210300530569941796,1.0,2.0224721074286713,2.0224721074286713,185080,963444
16,1,20,0.05,even_odd,7,0x2364,0,0.5,8,1 0 1 0 1 0 1 0 1 0 1 0 1 0 1 0,127841069725261459360,55930468004801888470,17708978266753490062,2.2857142857142856,7.218997493789234,3.1583114035327897,163854,931786
16,1,20,0.05,forward,7,0x2364,0,0.75,12,1 1 1 1 1 1 1 1 1 1 1 1 0 0 0 0,70312588348893802648,70312588348893802648,33644845684029849262,1.0,2.0898472535503108,2.0898472535503108,165074,921297
16,1,20,0.05,even_odd,7,0x2364,0,0.75,12,1 1 1 1 1 1 1 1 1 0 1 0 1 0 1 0,70312588348893802648,41548347660709974292,17708978266753490062,1.6923076923076923,3.9704486215840786,2.3461741854815013,156931,925812
16,1,20,0.05,forward,7,0x2364,0,1.0,16,1 1 1 1 1 1 1 1 1 1 1 1 1 1 1 1,12784106972526145936,12784106972526145936,5009081132623417000,1.0,2.5521860465116277,2.5521860465116277,164301,958066
16,1,20,0.05,even_odd,7,0x2364,0,1.0,16,1 1 1 1 1 1 1 1 1 1 1 1 1 1 1 1,12784106972526145936,12784106972526145936,5009081132623417000,1.0,2.5521860465116277,2.5521860465116277,170515,946087
16,1,20,0.05,forward,7,0x2364,1,0.0,0,1 1 1 1 1 1 1 1 1 1 1 1 1 1 1 1,12784106972526145936,12784106972526145936,5009081132623417000,1.0,2.5521860465116277,2.5521860465116277,167198,945745
16,1,20,0.05,even_odd,7,0x2364,1,0.0,0,1 1 1 1 1 1 1 1 1 1 1 1 1 1 1 1,12784106972526145936,12784106972526145936,5009081132623417000,1.0,2.5521860465116277,2.5521860465116277,163785,955653
16,1,20,0.05,forward,7,0x2364,1,0.25,4,2 2 2 2 1 1 1 1 1 1 1 1 1 1 1 1,9756292163243637688,9756292163243637688,5009081132623417000,1.0,1.9477209302325582,1.9477209302325582,168595,915905
16,1,20,0.05,even_odd,7,0x2364,1,0.25,4,2 1 2 1 2 1 2 1 1 1 1 1 1 1 1 1,9756292163243637688,7485431056281756502,4969020745694945266,1.303370786516854,1.9634235119054964,1.5064197634447343,157371,945105
16,1,20,0.05,forward,7,0x2364,1,0.5,8,2 2 2 2 2 2 2 2 1 1 1 1 1 1 1 1,6728477353961129440,6728477353961129440,4880604995846020906,1.0,1.3786154297854198,1.3786154297854198,182254,911101
16,1,20,0.05,even_odd,7,0x2364,1,0.5,8,2 1 2 1 2 1 2 1 2 1 2 1 2 1 2 1,6728477353961129440,2943708842357994130,1020589551406070062,2.2857142857142856,6.592735879660223,2.8843219473513475,150617,908346
16,1,20,0.05,forward,7,0x2364,1,0.75,12,2 2 2 2 2 2 2 2 2 2 2 2 1 1 1 1,3700662544678621192,3700662544678621192,2527735054111671760,1.0,1.4640231137591095,1.4640231137591095,153309,908520
16,1,20,0.05,even_odd,7,0x2364,1,0.75,12,2 2 2 2 2 2 2 2 2 1 2 1 2 1 2 1,3700662544678621192,2186755140037367068,1020589551406070062,1.6923076923076923,3.6260047338131227,2.1426391608895723,151289,889780
16,1,20,0.05,forward,7,0x2364,1,1.0,16,2 2 2 2 2 2 2 2 2 2 2 2 2 2 2 2,672847735396112944,672847735396112944,387679581613272832,1.0,1.7355769230769231,1.7355769230769231,145104,938858
16,1,20,0.05,even_odd,7,0x2364,1,1.0,16,2 2 2 2 2 2 2 2 2 2 2 2 2 2 2 2,672847735396112944,672847735396112944,387679581613272832,1.0,1.7355769230769231,1.7355769230769231,150291,906415
16,1,20,0.05,forward,7,0x2364,2,0.0,0,2 2 2 2 2 2 2 2 2 2 2 2 2 2 2 2,672847735396112944,672847735396112944,387679581613272832,1.0,1.7355769230769231,1.7355769230769231,158297,923259
16,1,20,0.05,even_odd,7,0x2364,2,0.0,0,2 2 2 2 2 2 2 2 2 2 2 2 2 2 2 2,672847735396112944,672847735396112944,387679581613272832,1.0,1.7355769230769231,1.7355769230769231,166776,872376
16,1,20,0.05,forward,7,0x2364,2,0.25,4,3 3 3 3 2 2 2 2 2 2 2 2 2 2 2 2,513489061223349352,513489061223349352,347619194684801098,1.0,1.4771596881724223,1.4771596881724223,150435,888447
16,1,20,0.05,even_odd,7,0x2364,2,0.25,4,3 2 3 2 3 2 3 2 2 2 2 2 2 2 2 2,513489061223349352,393970055593776658,343303569414704752,1.303370786516854,1.4957288737160304,1.1475850841441957,152570,887634
16,1,20,0.05,forward,7,0x2364,2,0.5,8,3 3 3 3 3 3 3 3 2 2 2 2 2 2 2 2,354130387050585760,354130387050585760,296713615692981472,1.0,1.1935090549299738,1.1935090549299738,161210,928158
16,1,20,0.05,even_odd,7,0x2364,2,0.5,8,3 2 3 2 3 2 3 2 3 2 3 2 3 2 3 2,354130387050585760,154932044334631270,93199018515318142,2.2857142857142856,3.799722279182383,1.6623784971422926,152884,890163
16,1,20,0.05,forward,7,0x2364,2,0.75,12,3 3 3 3 3 3 3 3 3 3 3 3 2 2 2 2,194771712877822168,194771712877822168,172878355601699938,1.0,1.126640244812156,1.126640244812156,157729,916393
16,1,20,0.05,even_odd,7,0x2364,2,0.75,12,3 3 3 3 3 3 3 3 3 2 3 2 3 2 3 2,194771712877822168,115092375791440372,93199018515318142,1.6923076923076923,2.0898472535503108,1.2349097407342744,141165,877513
16,1,20,0.05,forward,7,0x2364,2,1.0,16,3 3 3 3 3 3 3 3 3 3 3 3 3 3 3 3,35413038705058576,35413038705058576,26915380871746390,1.0,1.3157175398633258,1.3157175398633258,134602,897270
16,1,20,0.05,even_odd,7,0x2364,2,1.0,16,3 3 3 3 3 3 3 3 3 3 3 3 3 3 3 3,35413038705058576,35413038705058576,26915380871746390,1.0,1.3157175398633258,1.3157175398633258,137191,885954
16,1,20,0.05,forward,7,0x2364,3,0.0,0,3 3 3 3 3 3 3 3 3 3 3 3 3 3 3 3,35413038705058576,35413038705058576,26915380871746390,1.0,1.3157175398633258,1.3157175398633258,144554,871322
16,1,20,0.05,even_odd,7,0x2364,3,0.0,0,3 3 3 3 3 3 3 3 3 3 3 3 3 3 3 3,35413038705058576,35413038705058576,26915380871746390,1.0,1.3157175398633258,1.3157175398633258,147034,846080
16,1,20,0.05,forward,7,0x2364,3,0.25,4,4 4 4 4 3 3 3 3 3 3 3 3 3 3 3 3,27025740064386808,27025740064386808,20392571748841684,1.0,1.3252737515032598,1.3252737515032598,145236,875824
16,1,20,0.05,even_odd,7,0x2364,3,0.25,4,4 3 4 3 4 3 4 3 3 3 3 3 3 3 3 3,27025740064386808,20735266083882982,20165433576731350,1.303370786516854,1.340201288583821,1.0282578852065525,154290,863529
16,1,20,0.05,forward,7,0x2364,3,0.5,8,4 4 4 4 4 4 4 4 3 3 3 3 3 3 3 3,18638441423715040,18638441423715040,15971784256395466,1.0,1.1669605051327803,1.1669605051327803,141443,898875
16,1,20,0.05,even_odd,7,0x2364,3,0.5,8,4 3 4 3 4 3 4 3 4 3 4 3 4 3 4 3,18638441423715040,8154318122875330,5144628736997116,2.2857142857142856,3.622893385810026,1.5850158562918863,139457,836934
16,1,20,0.05,forward,7,0x2364,3,0.75,12,4 4 4 4 4 4 4 4 4 4 4 4 3 3 3 3,10251142783043272,10251142783043272,9338278057333000,1.0,1.0977551450177083,1.0977551450177083,141836,847730
16,1,20,0.05,even_odd,7,0x2364,3,0.75,12,4 4 4 4 4 4 4 4 4 3 4 3 4 3 4 3,10251142783043272,6057493462707388,5144628736997116,1.6923076923076923,1.9925913621955145,1.1774403503882584,146880,822997
16,1,20,0.05,forward,7,0x2364,3,1.0,16,4 4 4 4 4 4 4 4 4 4 4 4 4 4 4 4,1863844142371504,1863844142371504,1643125757090668,1.0,1.1343283582089552,1.1343283582089552,130965,831280
16,1,20,0.05,even_odd,7,0x2364,3,1.0,16,4 4 4 4 4 4 4 4 4 4 4 4 4 4 4 4,1863844142371504,1863844142371504,1643125757090668,1.0,1.1343283582089552,1.1343283582089552,132271,835168
16,1,20,0.05,forward,8,0xf5e,0,0.0,0,0 0 0 0 0 0 0 0 0 0 0 0 0 0 0 0,242898032477996772784,242898032477996772784,79146400282988701876,1.0,3.0689713190936363,3.0689713190936363,173347,933064
16,1,20,0.05,even_odd,8,0xf5e,0,0.0,0,0 0 0 0 0 0 0 0 0 0 0 0 0 0 0 0,242898032477996772784,242898032477996772784,79146400282988701876,1.0,3.0689713190936363,3.0689713190936363,170945,944111
16,1,20,0.05,forward,8,0xf5e,0,0.25,4,1 1 1 1 0 0 0 0 0 0 0 0 0 0 0 0,185369551101629116072,185369551101629116072,79146400282988701876,1.0,2.3421096908872485,2.3421096908872485,207081,948982
16,1,20,0.05,even_odd,8,0xf5e,0,0.25,4,1 0 1 0 1 0 1 0 0 0 0 0 0 0 0 0,185369551101629116072,156605310413445287716,79146400282988701876,1.183673469387755,2.3421096908872485,1.9786788767840549,165565,948339
16,1,20,0.05,forward,8,0xf5e,0,0.5,8,1 1 1 1 1 1 1 1 0 0 0 0 0 0 0 0,127841069725261459360,127841069725261459360,79146400282988701876,1.0,1.6152480626808612,1.6152480626808612,166850,936404
16,1,20,0.05,even_odd,8,0xf5e,0,0.5,8,1 0 1 0 1 0 1 0 1 0 1 0 1 0 1 0,127841069725261459360,55930468004801888470,18547720358986056382,2.2857142857142856,6.892548909026689,3.0154901476991767,173253,946891
16,1,20,0.05,forward,8,0xf5e,0,0.75,12,1 1 1 1 1 1 1 1 1 1 1 1 0 0 0 0,70312588348893802648,70312588348893802648,63964942498223680102,1.0,1.0992363254425874,1.0992363254425874,161794,933764
16,1,20,0.05,even_odd,8,0xf5e,0,0.75,12,1 1 1 1 1 1 1 1 1 0 1 0 1 0 1 0,70312588348893802648,41548347660709974292,18547720358986056382,1.6923076923076923,3.790901899964679,2.2400783954336743,157732,918025
16,1,20,0.05,forward,8,0xf5e,0,1.0,16,1 1 1 1 1 1 1 1 1 1 1 1 1 1 1 1,12784106972526145936,12784106972526145936,5770228484264379946,1.0,2.215528727742561,2.215528727742561,153115,970538
16,1,20,0.05,even_odd,8,0xf5e,0,1.0,16,1 1 1 1 1 1 1 1 1 1 1 1 1 1 1 1,12784106972526145936,12784106972526145936,5770228484264379946,1.0,2.215528727742561,2.215528727742561,158910,939909
16,1,20,0.05,forward,8,0xf5e,1,0.0,0,1 1 1 1 1 1 1 1 1 1 1 1 1 1 1 1,12784106972526145936,12784106972526145936,5770228484264379946,1.0,2.215528727742561,2.215528727742561,154793,935130
16,1,20,0.05,even_odd,8,0xf5e,1,0.0,0,1 1 1 1 1 1 1 1 1 1 1 1 1 1 1 1,12784106972526145936,12784106972526145936,5770228484264379946,1.0,2.215528727742561,2.215528727742561,162748,940917
16,1,20,0.05,forward,8,0xf5e,1,0.25,4,2 2 2 2 1 1 1 1 1 1 1 1 1 1 1 1,9756292163243637688,9756292163243637688,5770228484264379946,1.0,1.6907982395930068,1.6907982395930068,155531,925198
16,1,20,0.05,even_odd,8,0xf5e,1,0.25,4,2 1 2 1 2 1 2 1 1 1 1 1 1 1 1 1,9756292163243637688,8242384758602383564,4964937455567249800,1.183673469387755,1.965038281057051,1.6601185477895777,156172,909043
16,1,20,0.05,forward,8,0xf5e,1,0.5,8,2 2 2 2 2 2 2 2 1 1 1 1 1 1 1 1,6728477353961129440,6728477353961129440,4922553717214769266,1.0,1.3668672279656036,1.3668672279656036,153068,906500
16,1,20,0.05,even_odd,8,0xf5e,1,0.5,8,2 1 2 1 2 1 2 1 2 1 2 1 2 1 2 1,6728477353961129440,2943708842357994130,1733149510688314240,2.2857142857142856,3.88222557400079,1.6984736886253458,155832,899771
16,1,20,0.05,forward,8,0xf5e,1,0.75,12,2 2 2 2 2 2 2 2 2 2 2 2 1 1 1 1,3700662544678621192,3700662544678621192,3451030050925995676,1.0,1.0723356476382009,1.0723356476382009,158225,936678
16,1,20,0.05,even_odd,8,0xf5e,1,0.75,12,2 2 2 2 2 2 2 2 2 1 2 1 2 1 2 1,3700662544678621192,2186755140037367068,1733149510688314240,1.6923076923076923,2.1352240657004344,1.2617233115502569,157376,885025
16,1,20,0.05,forward,8,0xf5e,1,1.0,16,2 2 2 2 2 2 2 2 2 2 2 2 2 2 2 2,672847735396112944,672847735396112944,513489061223349352,1.0,1.3103448275862069,1.3103448275862069,148092,909359
16,1,20,0.05,even_odd,8,0xf5e,1,1.0,16,2 2 2 2 2 2 2 2 2 2 2 2 2 2 2 2,672847735396112944,672847735396112944,513489061223349352,1.0,1.3103448275862069,1.3103448275862069,156738,897623
16,1,20,0.05,forward,8,0xf5e,2,0.0,0,2 2 2 2 2 2 2 2 2 2 2 2 2 2 2 2,672847735396112944,672847735396112944,513489061223349352,1.0,1.3103448275862069,1.3103448275862069,153342,906811
16,1,20,0.05,even_odd,8,0xf5e,2,0.0,0,2 2 2 2 2 2 2 2 2 2 2 2 2 2 2 2,672847735396112944,672847735396112944,513489061223349352,1.0,1.3103448275862069,1.3103448275862069,147246,903838
16,1,20,0.05,forward,8,0xf5e,2,0.25,4,3 3 3 3 2 2 2 2 2 2 2 2 2 2 2 2,513489061223349352,513489061223349352,352033562390417818,1.0,1.4586366644606221,1.4586366644606221,150831,890015
16,1,20,0.05,even_odd,8,0xf5e,2,0.25,4,3 2 3 2 3 2 3 2 2 2 2 2 2 2 2 2,513489061223349352,433809724136967556,301152166204625098,1.183673469387755,1.7050817455334086,1.4405000953644314,143032,885528
16,1,20,0.05,forward,8,0xf5e,2,0.5,8,3 3 3 3 3 3 3 3 2 2 2 2 2 2 2 2,354130387050585760,354130387050585760,298921443133441912,1.0,1.184693822358197,1.184693822358197,157474,914345
16,1,20,0.05,even_odd,8,0xf5e,2,0.5,8,3 2 3 2 3 2 3 2 3 2 3 2 3 2 3 2,354130387050585760,154932044334631270,95663349508166782,2.2857142857142856,3.7018397209722793,1.6195548779253723,136946,871619
16,1,20,0.05,forward,8,0xf5e,2,0.75,12,3 3 3 3 3 3 3 3 3 3 3 3 2 2 2 2,194771712877822168,194771712877822168,192674888217654226,1.0,1.0108827085852479,1.0108827085852479,146607,896423
16,1,20,0.05,even_odd,8,0xf5e,2,0.75,12,3 3 3 3 3 3 3 3 3 2 3 2 3 2 3 2,194771712877822168,115092375791440372,95663349508166782,1.6923076923076923,2.0360118465347536,1.2030979093159908,143700,890431
16,1,20,0.05,forward,8,0xf5e,2,1.0,16,3 3 3 3 3 3 3 3 3 3 3 3 3 3 3 3,35413038705058576,35413038705058576,29122564724554750,1.0,1.216,1.216,135664,883331
16,1,20,0.05,even_odd,8,0xf5e,2,1.0,16,3 3 3 3 3 3 3 3 3 3 3 3 3 3 3 3,35413038705058576,35413038705058576,29122564724554750,1.0,1.216,1.216,137283,863582
16,1,20,0.05,forward,8,0xf5e,3,0.0,0,3 3 3 3 3 3 3 3 3 3 3 3 3 3 3 3,35413038705058576,35413038705058576,29122564724554750,1.0,1.216,1.216,144387,872782
16,1,20,0.05,even_odd,8,0xf5e,3,0.0,0,3 3 3 3 3 3 3 3 3 3 3 3 3 3 3 3,35413038705058576,35413038705058576,29122564724554750,1.0,1.216,1.216,140127,889038
16,1,20,0.05,forward,8,0xf5e,3,0.25,4,4 4 4 4 3 3 3 3 3 3 3 3 3 3 3 3,27025740064386808,27025740064386808,20624906891242564,1.0,1.3103448275862069,1.3103448275862069,136141,874205
16,1,20,0.05,even_odd,8,0xf5e,3,0.25,4,4 3 4 3 4 3 4 3 3 3 3 3 3 3 3 3,27025740064386808,22832090744050924,17946938670937684,1.183673469387755,1.5058690821822918,1.2721997418436601,136749,839821
16,1,20,0.05,forward,8,0xf5e,3,0.5,8,4 4 4 4 4 4 4 4 3 3 3 3 3 3 3 3,18638441423715040,18638441423715040,17829532193506990,1.0,1.045369066413455,1.045369066413455,135394,850522
16,1,20,0.05,even_odd,8,0xf5e,3,0.5,8,4 3 4 3 4 3 4 3 4 3 4 3 4 3 4 3,18638441423715040,8154318122875330,5616056692145716,2.2857142857142856,3.3187772925764194,1.4519650655021834,129842,839942
16,1,20,0.05,forward,8,0xf5e,3,0.75,12,4 4 4 4 4 4 4 4 4 4 4 4 3 3 3 3,10251142783043272,10251142783043272,10251142783043272,1.0,1.0,1.0,142659,885896
16,1,20,0.05,even_odd,8,0xf5e,3,0.75,12,4 4 4 4 4 4 4 4 4 3 4 3 4 3 4 3,10251142783043272,6057493462707388,5616056692145716,1.6923076923076923,1.8253275109170306,1.0786026200873362,138147,848687
16,1,20,0.05,forward,8,0xf5e,3,1.0,16,4 4 4 4 4 4 4 4 4 4 4 4 4 4 4 4,1863844142371504,1863844142371504,1643125757090668,1.0,1.1343283582089552,1.1343283582089552,133180,854466
16,1,20,0.05,even_odd,8,0xf5e,3,1.0,16,4 4 4 4 4 4 4 4 4 4 4 4 4 4 4 4,1863844142371504,1863844142371504,1643125757090668,1.0,1.1343283582089552,1.1343283582089552,133210,826386
16,1,20,0.05,forward,9,0x5431,0,0.0,0,0 0 0 0 0 0 0 0 0 0 0 0 0 0 0 0,242898032477996772784,242898032477996772784,78475416391734960436,1.0,3.095211770084712,3.095211770084712,177076,953562
16,1,20,0.05,even_odd,9,0x5431,0,0.0,0,0 0 0 0 0 0 0 0 0 0 0 0 0 0 0 0,242898032477996772784,242898032477996772784,78475416391734960436,1.0,3.095211770084712,3.095211770084712,171930,936671
16,1,20,0.05,forward,9,0x5431,0,0.25,4,1 1 1 1 0 0 0 0 0 0 0 0 0 0 0 0,185369551101629116072,185369551101629116072,78475416391734960436,1.0,2.3621352982225434,2.3621352982225434,166592,979028
16,1,20,0.05,even_odd,9,0x5431,0,0.25,4,1 0 1 0 1 0 1 0 0 0 0 0 0 0 0 0,185369551101629116072,156605310413445287716,34492532679244849462,1.183673469387755,5.374193679119751,4.5402670737391,196477,948872
16,1,20,0.05,forward,9,0x5431,0,0.5,8,1 1 1 1 1 1 1 1 0 0 0 0 0 0 0 0,127841069725261459360,127841069725261459360,34492532679244849462,1.0,3.706340468358449,3.706340468358449,165033,958050
16,1,20,0.05,even_odd,9,0x5431,0,0.5,8,1 0 1 0 1 0 1 0 1 0 1 0 1 0 1 0,127841069725261459360,55930468004801888470,18512405417341122622,2.2857142857142856,6.905697387412925,3.0212426069931544,166185,930949
16,1,20,0.05,forward,9,0x5431,0,0.75,12,1 1 1 1 1 1 1 1 1 1 1 1 0 0 0 0,70312588348893802648,70312588348893802648,32053478354320411222,1.0,2.193602440635481,2.193602440635481,176246,959612
16,1,20,0.05,even_odd,9,0x5431,0,0.75,12,1 1 1 1 1 1 1 1 1 0 1 0 1 0 1 0,70312588348893802648,27166227316618060114,18512405417341122622,2.588235294117647,3.7981335630771085,1.4674606948252464,213031,946482
16,1,20,0.05,forward,9,0x5431,0,1.0,16,1 1 1 1 1 1 1 1 1 1 1 1 1 1 1 1,12784106972526145936,12784106972526145936,7319555381364648226,1.0,1.7465687881908878,1.7465687881908878,160026,946418
16,1,20,0.05,even_odd,9,0x5431,0,1.0,16,1 1 1 1 1 1 1 1 1 1 1 1 1 1 1 1,12784106972526145936,12784106972526145936,7319555381364648226,1.0,1.7465687881908878,1.7465687881908878,164598,957697
16,1,20,0.05,forward,9,0x5431,1,0.0,0,1 1 1 1 1 1 1 1 1 1 1 1 1 1 1 1,12784106972526145936,12784106972526145936,7319555381364648226,1.0,1.7465687881908878,1.7465687881908878,177039,952756
16,1,20,0.05,even_odd,9,0x5431,1,0.0,0,1 1 1 1 1 1 1 1 1 1 1 1 1 1 1 1,12784106972526145936,12784106972526145936,7319555381364648226,1.0,1.7465687881908878,1.7465687881908878,164186,940733
16,1,20,0.05,forward,9,0x5431,1,0.25,4,2 2 2 2 1 1 1 1 1 1 1 1 1 1 1 1,9756292163243637688,9756292163243637688,5728291991061021106,1.0,1.7031764753731646,1.7031764753731646,179759,950914
16,1,20,0.05,even_odd,9,0x5431,1,0.25,4,2 1 2 1 2 1 2 1 1 1 1 1 1 1 1 1,9756292163243637688,8242384758602383564,3413287207042972720,1.183673469387755,2.8583273458830294,2.414793792211525,165862,916644
16,1,20,0.05,forward,9,0x5431,1,0.5,8,2 2 2 2 2 2 2 2 1 1 1 1 1 1 1 1,6728477353961129440,6728477353961129440,3413287207042972720,1.0,1.9712602385400202,1.9712602385400202,155926,997384
16,1,20,0.05,even_odd,9,0x5431,1,0.5,8,2 1 2 1 2 1 2 1 2 1 2 1 2 1 2 1,6728477353961129440,2943708842357994130,1731290829549107200,2.2857142857142856,3.8863934580612756,1.7002971379018081,168804,965293
16,1,20,0.05,forward,9,0x5431,1,0.75,12,2 2 2 2 2 2 2 2 2 2 2 2 1 1 1 1,3700662544678621192,3700662544678621192,3240772249727624560,1.0,1.1419076255635208,1.1419076255635208,163934,960448
16,1,20,0.05,even_odd,9,0x5431,1,0.75,12,2 2 2 2 2 2 2 2 2 1 2 1 2 1 2 1,3700662544678621192,1429801437716740006,1142193459234555916,2.588235294117647,3.239961247159155,1.2518032091296736,163826,1001129
16,1,20,0.05,forward,9,0x5431,1,1.0,16,2 2 2 2 2 2 2 2 2 2 2 2 2 2 2 2,672847735396112944,672847735396112944,469345384167182152,1.0,1.433587626711255,1.433587626711255,159254,928396
16,1,20,0.05,even_odd,9,0x5431,1,1.0,16,2 2 2 2 2 2 2 2 2 2 2 2 2 2 2 2,672847735396112944,672847735396112944,469345384167182152,1.0,1.433587626711255,1.433587626711255,158317,947815
16,1,20,0.05,forward,9,0x5431,2,0.0,0,2 2 2 2 2 2 2 2 2 2 2 2 2 2 2 2,672847735396112944,672847735396112944,469345384167182152,1.0,1.433587626711255,1.433587626711255,154472,928340
16,1,20,0.05,even_odd,9,0x5431,2,0.0,0,2 2 2 2 2 2 2 2 2 2 2 2 2 2 2 2,672847735396112944,672847735396112944,469345384167182152,1.0,1.433587626711255,1.433587626711255,156870,967168
16,1,20,0.05,forward,9,0x5431,2,0.25,4,3 3 3 3 2 2 2 2 2 2 2 2 2 2 2 2,513489061223349352,513489061223349352,385472397760464472,1.0,1.3321033210332103,1.3321033210332103,152073,922407
16,1,20,0.05,even_odd,9,0x5431,2,0.25,4,3 2 3 2 3 2 3 2 2 2 2 2 2 2 2 2,513489061223349352,433809724136967556,261422856854074618,1.183673469387755,1.9642087436523474,1.6594177317062935,161759,938314
16,1,20,0.05,forward,9,0x5431,2,0.5,8,3 3 3 3 3 3 3 3 2 2 2 2 2 2 2 2,354130387050585760,354130387050585760,261422856854074618,1.0,1.3546267197602395,1.3546267197602395,155089,898587
16,1,20,0.05,even_odd,9,0x5431,2,0.5,8,3 2 3 2 3 2 3 2 3 2 3 2 3 2 3 2,354130387050585760,154932044334631270,99955113766062262,2.2857142857142856,3.542894142258718,1.5500161872381892,143186,915192
16,1,20,0.05,forward,9,0x5431,2,0.75,12,3 3 3 3 3 3 3 3 3 3 3 3 2 2 2 2,194771712877822168,194771712877822168,181743519767692822,1.0,1.0716844987198562,1.0716844987198562,152962,914587
16,1,20,0.05,even_odd,9,0x5431,2,0.75,12,3 3 3 3 3 3 3 3 3 2 3 2 3 2 3 2,194771712877822168,75252707248249474,64542057183568906,2.588235294117647,3.017748757586969,1.165948383613147,150574,903820
16,1,20,0.05,forward,9,0x5431,2,1.0,16,3 3 3 3 3 3 3 3 3 3 3 3 3 3 3 3,35413038705058576,35413038705058576,29122564724554750,1.0,1.216,1.216,154551,1017280
16,1,20,0.05,even_odd,9,0x5431,2,1.0,16,3 3 3 3 3 3 3 3 3 3 3 3 3 3 3 3,35413038705058576,35413038705058576,29122564724554750,1.0,1.216,1.216,147243,884486
16,1,20,0.05,forward,9,0x5431,3,0.0,0,3 3 3 3 3 3 3 3 3 3 3 3 3 3 3 3,35413038705058576,35413038705058576,29122564724554750,1.0,1.216,1.216,143847,904208
16,1,20,0.05,even_odd,9,0x5431,3,0.0,0,3 3 3 3 3 3 3 3 3 3 3 3 3 3 3 3,35413038705058576,35413038705058576,29122564724554750,1.0,1.216,1.216,143420,917632
16,1,20,0.05,forward,9,0x5431,3,0.25,4,4 4 4 4 3 3 3 3 3 3 3 3 3 3 3 3,27025740064386808,27025740064386808,22384845594929230,1.0,1.2073230503099321,1.2073230503099321,143407,851049
16,1,20,0.05,even_odd,9,0x5431,3,0.25,4,4 3 4 3 4 3 4 3 3 3 3 3 3 3 3 3,27025740064386808,22832090744050924,15855922389329764,1.183673469387755,1.704457136001988,1.4399724080016796,133920,836125
16,1,20,0.05,forward,9,0x5431,3,0.5,8,4 4 4 4 4 4 4 4 3 3 3 3 3 3 3 3,18638441423715040,18638441423715040,15855922389329764,1.0,1.175487680001371,1.175487680001371,132467,832061
16,1,20,0.05,even_odd,9,0x5431,3,0.5,8,4 3 4 3 4 3 4 3 4 3 4 3 4 3 4 3,18638441423715040,8154318122875330,7357620121539640,2.2857142857142856,2.5332160557121557,1.1082820243740683,136360,866759
16,1,20,0.05,forward,9,0x5431,3,0.75,12,4 4 4 4 4 4 4 4 4 4 4 4 3 3 3 3,10251142783043272,10251142783043272,10030424397762436,1.0,1.02200488997555,1.02200488997555,131667,864326
16,1,20,0.05,even_odd,9,0x5431,3,0.75,12,4 4 4 4 4 4 4 4 4 3 4 3 4 3 4 3,10251142783043272,3960668802539446,3629591224618192,2.588235294117647,2.824324324324324,1.0912162162162162,133043,840724
16,1,20,0.05,forward,9,0x5431,3,1.0,16,4 4 4 4 4 4 4 4 4 4 4 4 4 4 4 4,1863844142371504,1863844142371504,1643125757090668,1.0,1.1343283582089552,1.1343283582089552,132733,834789
16,1,20,0.05,even_odd,9,0x5431,3,1.0,16,4 4 4 4 4 4 4 4 4 4 4 4 4 4 4 4,1863844142371504,1863844142371504,1643125757090668,1.0,1.1343283582089552,1.1343283582089552,142220,857203
16,1,20,0.05,forward,10,0x53d1,0,0.0,0,0 0 0 0 0 0 0 0 0 0 0 0 0 0 0 0,242898032477996772784,242898032477996772784,78395847413841219058,1.0,3.0983532991967095,3.0983532991967095,174832,961533
16,1,20,0.05,even_odd,10,0x53d1,0,0.0,0,0 0 0 0 0 0 0 0 0 0 0 0 0 0 0 0,242898032477996772784,242898032477996772784,78395847413841219058,1.0,3.0983532991967095,3.0983532991967095,177486,952087
16,1,20,0.05,forward,10,0x53d1,0,0.25,4,1 1 1 1 0 0 0 0 0 0 0 0 0 0 0 0,185369551101629116072,185369551101629116072,78395847413841219058,1.0,2.36453278096591,2.36453278096591,165712,975114
16,1,20,0.05,even_odd,10,0x53d1,0,0.25,4,1 0 1 0 1 0 1 0 0 0 0 0 0 0 0 0,185369551101629116072,142223190069353373538,49627302717144414400,1.303370786516854,3.7352332476774066,2.8658255089938725,165403,933100
16,1,20,0.05,forward,10,0x53d1,0,0.5,8,1 1 1 1 1 1 1 1 0 0 0 0 0 0 0 0,127841069725261459360,127841069725261459360,49627302717144414400,1.0,2.5760229294326944,2.5760229294326944,200433,945373
16,1,20,0.05,even_odd,10,0x53d1,0,0.5,8,1 0 1 0 1 0 1 0 1 0 1 0 1 0 1 0,127841069725261459360,55930468004801888470,18508217576399346760,2.2857142857142856,6.90725993454266,3.021926221362414,163477,912521
16,1,20,0.05,forward,10,0x53d1,0,0.75,12,1 1 1 1 1 1 1 1 1 1 1 1 0 0 0 0,70312588348893802648,70312588348893802648,32971887555473969818,1.0,2.1325011566473258,2.1325011566473258,158398,949752
16,1,20,0.05,even_odd,10,0x53d1,0,0.75,12,1 1 1 1 1 1 1 1 1 0 1 0 1 0 1 0,70312588348893802648,41548347660709974292,18508217576399346760,1.6923076923076923,3.798992963998463,2.2448594787263643,170098,918128
16,1,20,0.05,forward,10,0x53d1,0,1.0,16,1 1 1 1 1 1 1 1 1 1 1 1 1 1 1 1,12784106972526145936,12784106972526145936,5807860968954762484,1.0,2.2011730378640406,2.2011730378640406,162430,925666
16,1,20,0.05,even_odd,10,0x53d1,0,1.0,16,1 1 1 1 1 1 1 1 1 1 1 1 1 1 1 1,12784106972526145936,12784106972526145936,5807860968954762484,1.0,2.2011730378640406,2.2011730378640406,160758,937896
16,1,20,0.05,forward,10,0x53d1,1,0.0,0,1 1 1 1 1 1 1 1 1 1 1 1 1 1 1 1,12784106972526145936,12784106972526145936,5807860968954762484,1.0,2.2011730378640406,2.2011730378640406,166270,970836
16,1,20,0.05,even_odd,10,0x53d1,1,0.0,0,1 1 1 1 1 1 1 1 1 1 1 1 1 1 1 1,12784106972526145936,12784106972526145936,5807860968954762484,1.0,2.2011730378640406,2.2011730378640406,165899,968349
16,1,20,0.05,forward,10,0x53d1,1,0.25,4,2 2 2 2 1 1 1 1 1 1 1 1 1 1 1 1,9756292163243637688,9756292163243637688,5807860968954762484,1.0,1.6798425815278206,1.6798425815278206,158106,924193
16,1,20,0.05,even_odd,10,0x53d1,1,0.25,4,2 1 2 1 2 1 2 1 1 1 1 1 1 1 1 1,9756292163243637688,7485431056281756502,4207646867290141462,1.303370786516854,2.318705079337373,1.7790064832847088,151566,875652
16,1,20,0.05,forward,10,0x53d1,1,0.5,8,2 2 2 2 2 2 2 2 1 1 1 1 1 1 1 1,6728477353961129440,6728477353961129440,4207646867290141462,1.0,1.599106951267154,1.599106951267154,158341,907093
16,1,20,0.05,even_odd,10,0x53d1,1,0.5,8,2 1 2 1 2 1 2 1 2 1 2 1 2 1 2 1,6728477353961129440,2943708842357994130,1731070416867961102,2.2857142857142856,3.886888302403674,1.7005136323016072,150773,910032
16,1,20,0.05,forward,10,0x53d1,1,0.75,12,2 2 2 2 2 2 2 2 2 2 2 2 1 1 1 1,3700662544678621192,3700662544678621192,3289109576104127644,1.0,1.125125952496228,1.125125952496228,196476,901787
16,1,20,0.05,even_odd,10,0x53d1,1,0.75,12,2 2 2 2 2 2 2 2 2 1 2 1 2 1 2 1,3700662544678621192,2186755140037367068,1062630595423509298,1.6923076923076923,3.4825484609764406,2.0578695451224425,161601,904493
16,1,20,0.05,forward,10,0x53d1,1,1.0,16,2 2 2 2 2 2 2 2 2 2 2 2 2 2 2 2,672847735396112944,672847735396112944,389776406273440774,1.0,1.726240286909743,1.726240286909743,152271,913580
16,1,20,0.05,even_odd,10,0x53d1,1,1.0,16,2 2 2 2 2 2 2 2 2 2 2 2 2 2 2 2,672847735396112944,672847735396112944,389776406273440774,1.0,1.726240286909743,1.726240286909743,146601,889982
16,1,20,0.05,forward,10,0x53d1,2,0.0,0,2 2 2 2 2 2 2 2 2 2 2 2 2 2 2 2,672847735396112944,672847735396112944,389776406273440774,1.0,1.726240286909743,1.726240286909743,152687,909847
16,1,20,0.05,even_odd,10,0x53d1,2,0.0,0,2 2 2 2 2 2 2 2 2 2 2 2 2 2 2 2,672847735396112944,672847735396112944,389776406273440774,1.0,1.726240286909743,1.726240286909743,150351,897584
16,1,20,0.05,forward,10,0x53d1,2,0.25,4,3 3 3 3 2 2 2 2 2 2 2 2 2 2 2 2,513489061223349352,513489061223349352,389776406273440774,1.0,1.3173939031679618,1.3173939031679618,148304,873031
16,1,20,0.05,even_odd,10,0x53d1,2,0.25,4,3 2 3 2 3 2 3 2 2 2 2 2 2 2 2 2,513489061223349352,393970055593776658,261294766821619396,1.303370786516854,1.9651716238691372,1.507760987278907,161594,898861
16,1,20,0.05,forward,10,0x53d1,2,0.5,8,3 3 3 3 3 3 3 3 2 2 2 2 2 2 2 2,354130387050585760,354130387050585760,261294766821619396,1.0,1.3552907750821637,1.3552907750821637,139948,873939
16,1,20,0.05,even_odd,10,0x53d1,2,0.5,8,3 2 3 2 3 2 3 2 3 2 3 2 3 2 3 2,354130387050585760,154932044334631270,95767594618112440,2.2857142857142856,3.6978101879109886,1.6177919572110575,150098,874801
16,1,20,0.05,forward,10,0x53d1,2,0.75,12,3 3 3 3 3 3 3 3 3 3 3 3 2 2 2 2,194771712877822168,194771712877822168,177549870447356938,1.0,1.0969972120344151,1.0969972120344151,144100,920908
16,1,20,0.05,even_odd,10,0x53d1,2,0.75,12,3 3 3 3 3 3 3 3 3 2 3 2 3 2 3 2,194771712877822168,115092375791440372,60354216241793044,1.6923076923076923,3.2271434376269807,1.906948394961398,140721,871740
16,1,20,0.05,forward,10,0x53d1,2,1.0,16,3 3 3 3 3 3 3 3 3 3 3 3 3 3 3 3,35413038705058576,35413038705058576,24928915404218866,1.0,1.4205607476635513,1.4205607476635513,138816,859013
16,1,20,0.05,even_odd,10,0x53d1,2,1.0,16,3 3 3 3 3 3 3 3 3 3 3 3 3 3 3 3,35413038705058576,35413038705058576,24928915404218866,1.0,1.4205607476635513,1.4205607476635513,136801,893822
16,1,20,0.05,forward,10,0x53d1,3,0.0,0,3 3 3 3 3 3 3 3 3 3 3 3 3 3 3 3,35413038705058576,35413038705058576,24928915404218866,1.0,1.4205607476635513,1.4205607476635513,144421,883914
16,1,20,0.05,even_odd,10,0x53d1,3,0.0,0,3 3 3 3 3 3 3 3 3 3 3 3 3 3 3 3,35413038705058576,35413038705058576,24928915404218866,1.0,1.4205607476635513,1.4205607476635513,139626,860110
16,1,20,0.05,forward,10,0x53d1,3,0.25,4,4 4 4 4 3 3 3 3 3 3 3 3 3 3 3 3,27025740064386808,27025740064386808,24818556211578448,1.0,1.0889328063241106,1.0889328063241106,133545,865996
16,1,20,0.05,even_odd,10,0x53d1,3,0.25,4,4 3 4 3 4 3 4 3 3 3 3 3 3 3 3 3,27025740064386808,20735266083882982,15849180808674226,1.303370786516854,1.7051821409971972,1.3082862978340566,136518,867782
16,1,20,0.05,forward,10,0x53d1,3,0.5,8,4 4 4 4 4 4 4 4 3 3 3 3 3 3 3 3,18638441423715040,18638441423715040,15849180808674226,1.0,1.175987683446343,1.175987683446343,156633,854639
16,1,20,0.05,even_odd,10,0x53d1,3,0.5,8,4 3 4 3 4 3 4 3 4 3 4 3 4 3 4 3,18638441423715040,8154318122875330,5273362357104418,2.2857142857142856,3.5344511075755722,1.5463223595643127,127540,803581
16,1,20,0.05,forward,10,0x53d1,3,0.75,12,4 4 4 4 4 4 4 4 4 4 4 4 3 3 3 3,10251142783043272,10251142783043272,9809706012481600,1.0,1.045,1.045,149908,848716
16,1,20,0.05,even_odd,10,0x53d1,3,0.75,12,4 4 4 4 4 4 4 4 4 3 4 3 4 3 4 3,10251142783043272,6057493462707388,5254698315194098,1.6923076923076923,1.9508527736790948,1.1527766389921923,135460,844546
16,1,20,0.05,forward,10,0x53d1,3,1.0,16,4 4 4 4 4 4 4 4 4 4 4 4 4 4 4 4,1863844142371504,1863844142371504,1532766564450250,1.0,1.216,1.216,141170,831545
16,1,20,0.05,even_odd,10,0x53d1,3,1.0,16,4 4 4 4 4 4 4 4 4 4 4 4 4 4 4 4,1863844142371504,1863844142371504,1532766564450250,1.0,1.216,1.216,128593,843279
16,1,20,0.05,forward,11,0x51dc,0,0.0,0,0 0 0 0 0 0 0 0 0 0 0 0 0 0 0 0,242898032477996772784,242898032477996772784,64095503231495854618,1.0,3.789626732482525,3.789626732482525,173232,948221
16,1,20,0.05,even_odd,11,0x51dc,0,0.0,0,0 0 0 0 0 0 0 0 0 0 0 0 0 0 0 0,242898032477996772784,242898032477996772784,64095503231495854618,1.0,3.789626732482525,3.789626732482525,175487,962196
16,1,20,0.05,forward,11,0x51dc,0,0.25,4,1 1 1 1 0 0 0 0 0 0 0 0 0 0 0 0,185369551101629116072,185369551101629116072,64095503231495854618,1.0,2.892083558999822,2.892083558999822,213820,954882
16,1,20,0.05,even_odd,11,0x51dc,0,0.25,4,1 0 1 0 1 0 1 0 0 0 0 0 0 0 0 0,185369551101629116072,156605310413445287716,64013727069749304880,1.183673469387755,2.8957781336439075,2.446433250837094,182999,958627
16,1,20,0.05,forward,11,0x51dc,0,0.5,8,1 1 1 1 1 1 1 1 0 0 0 0 0 0 0 0,127841069725261459360,127841069725261459360,64013727069749304880,1.0,1.997088368030281,1.997088368030281,172109,1035517
16,1,20,0.05,even_odd,11,0x51dc,0,0.5,8,1 0 1 0 1 0 1 0 1 0 1 0 1 0 1 0,127841069725261459360,55930468004801888470,17755567882591696000,2.2857142857142856,7.200055248618784,3.150024171270718,165453,905827
16,1,20,0.05,forward,11,0x51dc,0,0.75,12,1 1 1 1 1 1 1 1 1 1 1 1 0 0 0 0,70312588348893802648,70312588348893802648,33729067784558437738,1.0,2.0846288666502586,2.0846288666502586,167040,958680
16,1,20,0.05,even_odd,11,0x51dc,0,0.75,12,1 1 1 1 1 1 1 1 1 0 1 0 1 0 1 0,70312588348893802648,27166227316618060114,17751263874078719698,2.588235294117647,3.9609905439785473,1.5303827101735297,161198,940681
16,1,20,0.05,forward,11,0x51dc,0,1.0,16,1 1 1 1 1 1 1 1 1 1 1 1 1 1 1 1,12784106972526145936,12784106972526145936,6604654339818580444,1.0,1.9356208992577355,1.9356208992577355,170131,931263
16,1,20,0.05,even_odd,11,0x51dc,0,1.0,16,1 1 1 1 1 1 1 1 1 1 1 1 1 1 1 1,12784106972526145936,12784106972526145936,6604654339818580444,1.0,1.9356208992577355,1.9356208992577355,200246,959331
16,1,20,0.05,forward,11,0x51dc,1,0.0,0,1 1 1 1 1 1 1 1 1 1 1 1 1 1 1 1,12784106972526145936,12784106972526145936,6604654339818580444,1.0,1.9356208992577355,1.9356208992577355,167339,962861
16,1,20,0.05,even_odd,11,0x51dc,1,0.0,0,1 1 1 1 1 1 1 1 1 1 1 1 1 1 1 1,12784106972526145936,12784106972526145936,6604654339818580444,1.0,1.9356208992577355,1.9356208992577355,179723,975300
16,1,20,0.05,forward,11,0x51dc,1,0.25,4,2 2 2 2 1 1 1 1 1 1 1 1 1 1 1 1,9756292163243637688,9756292163243637688,5053114450486943782,1.0,1.9307483055926968,1.9307483055926968,162729,942250
16,1,20,0.05,even_odd,11,0x51dc,1,0.25,4,2 1 2 1 2 1 2 1 1 1 1 1 1 1 1 1,9756292163243637688,8242384758602383564,4964827096374609382,1.183673469387755,1.9650819603300642,1.6601554492443644,163832,912787
16,1,20,0.05,forward,11,0x51dc,1,0.5,8,2 2 2 2 2 2 2 2 1 1 1 1 1 1 1 1,6728477353961129440,6728477353961129440,4964827096374609382,1.0,1.3552289381586649,1.3552289381586649,155217,930158
16,1,20,0.05,even_odd,11,0x51dc,1,0.5,8,2 1 2 1 2 1 2 1 2 1 2 1 2 1 2 1,6728477353961129440,2943708842357994130,1104567088626868138,2.2857142857142856,6.091506277201841,2.6650339962758056,149424,957045
16,1,20,0.05,forward,11,0x51dc,1,0.75,12,2 2 2 2 2 2 2 2 2 2 2 2 1 1 1 1,3700662544678621192,3700662544678621192,3328961167108573324,1.0,1.111656867987107,1.111656867987107,149537,968997
16,1,20,0.05,even_odd,11,0x51dc,1,0.75,12,2 2 2 2 2 2 2 2 2 1 2 1 2 1 2 1,3700662544678621192,1429801437716740006,1022907094451518840,2.588235294117647,3.617789498921122,1.3977823064013426,148508,935040
16,1,20,0.05,forward,11,0x51dc,1,1.0,16,2 2 2 2 2 2 2 2 2 2 2 2 2 2 2 2,672847735396112944,672847735396112944,431712899476799614,1.0,1.5585536967080411,1.5585536967080411,154970,951443
16,1,20,0.05,even_odd,11,0x51dc,1,1.0,16,2 2 2 2 2 2 2 2 2 2 2 2 2 2 2 2,672847735396112944,672847735396112944,431712899476799614,1.0,1.5585536967080411,1.5585536967080411,187849,912849
16,1,20,0.05,forward,11,0x51dc,2,0.0,0,2 2 2 2 2 2 2 2 2 2 2 2 2 2 2 2,672847735396112944,672847735396112944,431712899476799614,1.0,1.5585536967080411,1.5585536967080411,161711,948863
16,1,20,0.05,even_odd,11,0x51dc,2,0.0,0,2 2 2 2 2 2 2 2 2 2 2 2 2 2 2 2,672847735396112944,672847735396112944,431712899476799614,1.0,1.5585536967080411,1.5585536967080411,156365,983709
16,1,20,0.05,forward,11,0x51dc,2,0.25,4,3 3 3 3 2 2 2 2 2 2 2 2 2 2 2 2,513489061223349352,513489061223349352,349936737730249876,1.0,1.4673768308921438,1.4673768308921438,152460,944205
16,1,20,0.05,even_odd,11,0x51dc,2,0.25,4,3 2 3 2 3 2 3 2 2 2 2 2 2 2 2 2,513489061223349352,433809724136967556,301146357826065076,1.183673469387755,1.7051146324005297,1.4405278790969993,155232,984504
16,1,20,0.05,forward,11,0x51dc,2,0.5,8,3 3 3 3 3 3 3 3 2 2 2 2 2 2 2 2,354130387050585760,354130387050585760,301146357826065076,1.0,1.1759411257934689,1.1759411257934689,165508,941032
16,1,20,0.05,even_odd,11,0x51dc,2,0.5,8,3 2 3 2 3 2 3 2 3 2 3 2 3 2 3 2,354130387050585760,154932044334631270,97974778470920800,2.2857142857142856,3.6145056164193594,1.5813462071834696,148664,938565
16,1,20,0.05,forward,11,0x51dc,2,0.75,12,3 3 3 3 3 3 3 3 3 3 3 3 2 2 2 2,194771712877822168,194771712877822168,179873221871365738,1.0,1.082827731951735,1.082827731951735,155740,891099
16,1,20,0.05,even_odd,11,0x51dc,2,0.75,12,3 3 3 3 3 3 3 3 3 2 3 2 3 2 3 2,194771712877822168,75252707248249474,60348407863233022,2.588235294117647,3.2274540418569337,1.2469708798083607,150536,868044
16,1,20,0.05,forward,11,0x51dc,2,1.0,16,3 3 3 3 3 3 3 3 3 3 3 3 3 3 3 3,35413038705058576,35413038705058576,27025740064386808,1.0,1.3103448275862069,1.3103448275862069,142059,876324
16,1,20,0.05,even_odd,11,0x51dc,2,1.0,16,3 3 3 3 3 3 3 3 3 3 3 3 3 3 3 3,35413038705058576,35413038705058576,27025740064386808,1.0,1.3103448275862069,1.3103448275862069,137053,902353
16,1,20,0.05,forward,11,0x51dc,3,0.0,0,3 3 3 3 3 3 3 3 3 3 3 3 3 3 3 3,35413038705058576,35413038705058576,27025740064386808,1.0,1.3103448275862069,1.3103448275862069,142689,913674
16,1,20,0.05,even_odd,11,0x51dc,3,0.0,0,3 3 3 3 3 3 3 3 3 3 3 3 3 3 3 3,35413038705058576,35413038705058576,27025740064386808,1.0,1.3103448275862069,1.3103448275862069,137083,887674
16,1,20,0.05,forward,11,0x51dc,3,0.25,4,4 4 4 4 3 3 3 3 3 3 3 3 3 3 3 3,27025740064386808,27025740064386808,20514547698602146,1.0,1.3173939031679618,1.3173939031679618,145994,873204
16,1,20,0.05,even_odd,11,0x51dc,3,0.25,4,4 3 4 3 4 3 4 3 3 3 3 3 3 3 3 3,27025740064386808,22832090744050924,17946632966802946,1.183673469387755,1.505894733255986,1.272221412578333,155109,879173
16,1,20,0.05,forward,11,0x51dc,3,0.5,8,4 4 4 4 4 4 4 4 3 3 3 3 3 3 3 3,18638441423715040,18638441423715040,17946632966802946,1.0,1.03854809190068,1.03854809190068,133135,888771
16,1,20,0.05,even_odd,11,0x51dc,3,0.5,8,4 3 4 3 4 3 4 3 4 3 4 3 4 3 4 3,18638441423715040,8154318122875330,5389529928304858,2.2857142857142856,3.458268470841815,1.5129924559932941,138132,870331
16,1,20,0.05,forward,11,0x51dc,3,0.75,12,4 4 4 4 4 4 4 4 4 4 4 4 3 3 3 3,10251142783043272,10251142783043272,9809706012481600,1.0,1.045,1.045,133126,853144
16,1,20,0.05,even_odd,11,0x51dc,3,0.75,12,4 4 4 4 4 4 4 4 4 3 4 3 4 3 4 3,10251142783043272,3960668802539446,3519232031977774,2.588235294117647,2.912891986062718,1.1254355400696865,135377,863263
16,1,20,0.05,forward,11,0x51dc,3,1.0,16,4 4 4 4 4 4 4 4 4 4 4 4 4 4 4 4,1863844142371504,1863844142371504,1532766564450250,1.0,1.216,1.216,131726,880912
16,1,20,0.05,even_odd,11,0x51dc,3,1.0,16,4 4 4 4 4 4 4 4 4 4 4 4 4 4 4 4,1863844142371504,1863844142371504,1532766564450250,1.0,1.216,1.216,131834,859615
16,1,20,0.05,forward,12,0x7ec3,0,0.0,0,0 0 0 0 0 0 0 0 0 0 0 0 0 0 0 0,242898032477996772784,242898032477996772784,107160088102025047414,1.0,2.2666837698634428,2.2666837698634428,188254,982933
16,1,20,0.05,even_odd,12,0x7ec3,0,0.0,0,0 0 0 0 0 0 0 0 0 0 0 0 0 0 0 0,242898032477996772784,242898032477996772784,107160088102025047414,1.0,2.2666837698634428,2.2666837698634428,175227,953951
16,1,20,0.05,forward,12,0x7ec3,0,0.25,4,1 1 1 1 0 0 0 0 0 0 0 0 0 0 0 0,185369551101629116072,185369551101629116072,107160088102025047414,1.0,1.7298376138431535,1.7298376138431535,168819,985228
16,1,20,0.05,even_odd,12,0x7ec3,0,0.25,4,1 0 1 0 1 0 1 0 0 0 0 0 0 0 0 0,185369551101629116072,156605310413445287716,107160088102025047414,1.183673469387755,1.7298376138431535,1.461414535833009,175275,966853
16,1,20,0.05,forward,12,0x7ec3,0,0.5,8,1 1 1 1 1 1 1 1 0 0 0 0 0 0 0 0,127841069725261459360,127841069725261459360,107160088102025047414,1.0,1.1929914578228644,1.1929914578228644,170830,942298
16,1,20,0.05,even_odd,12,0x7ec3,0,0.5,8,1 0 1 0 1 0 1 0 1 0 1 0 1 0 1 0,127841069725261459360,84694708692985716826,20022124981040600884,1.509433962264151,6.3849900970210225,4.230055939276427,160393,989741
16,1,20,0.05,forward,12,0x7ec3,0,0.75,12,1 1 1 1 1 1 1 1 1 1 1 1 0 0 0 0,70312588348893802648,70312588348893802648,20022124981040600884,1.0,3.511744553361562,3.511744553361562,160965,947454
16,1,20,0.05,even_odd,12,0x7ec3,0,0.75,12,1 1 1 1 1 1 1 1 1 0 1 0 1 0 1 0,70312588348893802648,55930468004801888470,20022124981040600884,1.2571428571428571,3.511744553361562,2.7934331674466972,155043,927040
16,1,20,0.05,forward,12,0x7ec3,0,1.0,16,1 1 1 1 1 1 1 1 1 1 1 1 1 1 1 1,12784106972526145936,12784106972526145936,8162705421516001768,1.0,1.5661605206073752,1.5661605206073752,159129,938761
16,1,20,0.05,even_odd,12,0x7ec3,0,1.0,16,1 1 1 1 1 1 1 1 1 1 1 1 1 1 1 1,12784106972526145936,12784106972526145936,8162705421516001768,1.0,1.5661605206073752,1.5661605206073752,164225,969531
16,1,20,0.05,forward,12,0x7ec3,1,0.0,0,1 1 1 1 1 1 1 1 1 1 1 1 1 1 1 1,12784106972526145936,12784106972526145936,8162705421516001768,1.0,1.5661605206073752,1.5661605206073752,160157,910437
16,1,20,0.05,even_odd,12,0x7ec3,1,0.0,0,1 1 1 1 1 1 1 1 1 1 1 1 1 1 1 1,12784106972526145936,12784106972526145936,8162705421516001768,1.0,1.5661605206073752,1.5661605206073752,155185,937472
16,1,20,0.05,forward,12,0x7ec3,1,0.25,4,2 2 2 2 1 1 1 1 1 1 1 1 1 1 1 1,9756292163243637688,9756292163243637688,8162705421516001768,1.0,1.1952277657266812,1.1952277657266812,163051,941944
16,1,20,0.05,even_odd,12,0x7ec3,1,0.25,4,2 1 2 1 2 1 2 1 1 1 1 1 1 1 1 1,9756292163243637688,8242384758602383564,5852004646010929684,1.183673469387755,1.6671709531013617,1.4084720121028744,161271,981373
16,1,20,0.05,forward,12,0x7ec3,1,0.5,8,2 2 2 2 2 2 2 2 1 1 1 1 1 1 1 1,6728477353961129440,6728477353961129440,5852004646010929684,1.0,1.1497730711043872,1.1497730711043872,162224,926870
16,1,20,0.05,even_odd,12,0x7ec3,1,0.5,8,2 1 2 1 2 1 2 1 2 1 2 1 2 1 2 1,6728477353961129440,4457616246999248254,1810749753954342898,1.509433962264151,3.7158515909044736,2.4617516789742138,147383,956163
16,1,20,0.05,forward,12,0x7ec3,1,0.75,12,2 2 2 2 2 2 2 2 2 2 2 2 1 1 1 1,3700662544678621192,3700662544678621192,1810749753954342898,1.0,2.0437183749974603,2.0437183749974603,156453,916842
16,1,20,0.05,even_odd,12,0x7ec3,1,0.75,12,2 2 2 2 2 2 2 2 2 1 2 1 2 1 2 1,3700662544678621192,2943708842357994130,1810749753954342898,1.2571428571428571,2.0437183749974603,1.6256850710207074,153427,931619
16,1,20,0.05,forward,12,0x7ec3,1,1.0,16,2 2 2 2 2 2 2 2 2 2 2 2 2 2 2 2,672847735396112944,672847735396112944,553328729766540250,1.0,1.216,1.216,146185,924927
16,1,20,0.05,even_odd,12,0x7ec3,1,1.0,16,2 2 2 2 2 2 2 2 2 2 2 2 2 2 2 2,672847735396112944,672847735396112944,553328729766540250,1.0,1.216,1.216,152834,921892
16,1,20,0.05,forward,12,0x7ec3,2,0.0,0,2 2 2 2 2 2 2 2 2 2 2 2 2 2 2 2,672847735396112944,672847735396112944,553328729766540250,1.0,1.216,1.216,145705,945420
16,1,20,0.05,even_odd,12,0x7ec3,2,0.0,0,2 2 2 2 2 2 2 2 2 2 2 2 2 2 2 2,672847735396112944,672847735396112944,553328729766540250,1.0,1.216,1.216,150773,946597
16,1,20,0.05,forward,12,0x7ec3,2,0.25,4,3 3 3 3 2 2 2 2 2 2 2 2 2 2 2 2,513489061223349352,513489061223349352,469455743359822570,1.0,1.0937965260545905,1.0937965260545905,144059,887965
16,1,20,0.05,even_odd,12,0x7ec3,2,0.25,4,3 2 3 2 3 2 3 2 2 2 2 2 2 2 2 2,513489061223349352,433809724136967556,347839913070081934,1.183673469387755,1.4762223710649698,1.24715338245144,148964,912268
16,1,20,0.05,forward,12,0x7ec3,2,0.5,8,3 3 3 3 3 3 3 3 2 2 2 2 2 2 2 2,354130387050585760,354130387050585760,310097069187058978,1.0,1.1419984973703983,1.1419984973703983,147131,916900
16,1,20,0.05,even_odd,12,0x7ec3,2,0.5,8,3 2 3 2 3 2 3 2 3 2 3 2 3 2 3 2,354130387050585760,234611381421013066,135142287172366840,1.509433962264151,2.620426177920988,1.7360323428726543,142715,883758
16,1,20,0.05,forward,12,0x7ec3,2,0.75,12,3 3 3 3 3 3 3 3 3 3 3 3 2 2 2 2,194771712877822168,194771712877822168,135142287172366840,1.0,1.4412343978565432,1.4412343978565432,135271,899290
16,1,20,0.05,even_odd,12,0x7ec3,2,0.75,12,3 3 3 3 3 3 3 3 3 2 3 2 3 2 3 2,194771712877822168,154932044334631270,135142287172366840,1.2571428571428571,1.4412343978565432,1.146436452840432,139567,861482
16,1,20,0.05,forward,12,0x7ec3,2,1.0,16,3 3 3 3 3 3 3 3 3 3 3 3 3 3 3 3,35413038705058576,35413038705058576,31219389384722692,1.0,1.1343283582089552,1.1343283582089552,176937,874204
16,1,20,0.05,even_odd,12,0x7ec3,2,1.0,16,3 3 3 3 3 3 3 3 3 3 3 3 3 3 3 3,35413038705058576,35413038705058576,31219389384722692,1.0,1.1343283582089552,1.1343283582089552,145256,921873
16,1,20,0.05,forward,12,0x7ec3,3,0.0,0,3 3 3 3 3 3 3 3 3 3 3 3 3 3 3 3,35413038705058576,35413038705058576,31219389384722692,1.0,1.1343283582089552,1.1343283582089552,140544,899454
16,1,20,0.05,even_odd,12,0x7ec3,3,0.0,0,3 3 3 3 3 3 3 3 3 3 3 3 3 3 3 3,35413038705058576,35413038705058576,31219389384722692,1.0,1.1343283582089552,1.1343283582089552,140703,899201
16,1,20,0.05,forward,12,0x7ec3,3,0.25,4,4 4 4 4 3 3 3 3 3 3 3 3 3 3 3 3,27025740064386808,27025740064386808,26805021679105972,1.0,1.0082342177493138,1.0082342177493138,131180,846190
16,1,20,0.05,even_odd,12,0x7ec3,3,0.25,4,4 3 4 3 4 3 4 3 3 3 3 3 3 3 3 3,27025740064386808,22832090744050924,20404188505961728,1.183673469387755,1.3245192307692308,1.1189903846153846,133104,890896
16,1,20,0.05,forward,12,0x7ec3,3,0.5,8,4 4 4 4 4 4 4 4 3 3 3 3 3 3 3 3,18638441423715040,18638441423715040,16431257570906680,1.0,1.1343283582089552,1.1343283582089552,135023,864386
16,1,20,0.05,even_odd,12,0x7ec3,3,0.5,8,4 3 4 3 4 3 4 3 4 3 4 3 4 3 4 3,18638441423715040,12347967443211214,7480546209912778,1.509433962264151,2.491588301268225,1.6506772495901993,131116,911150
16,1,20,0.05,forward,12,0x7ec3,3,0.75,12,4 4 4 4 4 4 4 4 4 4 4 4 3 3 3 3,10251142783043272,10251142783043272,9209576616608302,1.0,1.1130959879910916,1.1130959879910916,133151,858012
16,1,20,0.05,even_odd,12,0x7ec3,3,0.75,12,4 4 4 4 4 4 4 4 4 3 4 3 4 3 4 3,10251142783043272,8154318122875330,7480546209912778,1.2571428571428571,1.370373565697524,1.0900698818048487,140785,842922
16,1,20,0.05,forward,12,0x7ec3,3,1.0,16,4 4 4 4 4 4 4 4 4 4 4 4 4 4 4 4,1863844142371504,1863844142371504,1753484949731086,1.0,1.062937062937063,1.062937062937063,130665,873358
16,1,20,0.05,even_odd,12,0x7ec3,3,1.0,16,4 4 4 4 4 4 4 4 4 4 4 4 4 4 4 4,1863844142371504,1863844142371504,1753484949731086,1.0,1.062937062937063,1.062937062937063,129257,840434
16,1,20,0.05,forward,13,0x692,0,0.0,0,0 0 0 0 0 0 0 0 0 0 0 0 0 0 0 0,242898032477996772784,242898032477996772784,77548154594157967534,1.0,3.1322219561404663,3.1322219561404663,175432,919433
16,1,20,0.05,even_odd,13,0x692,0,0.0,0,0 0 0 0 0 0 0 0 0 0 0 0 0 0 0 0,242898032477996772784,242898032477996772784,77548154594157967534,1.0,3.1322219561404663,3.1322219561404663,185885,939168
16,1,20,0.05,forward,13,0x692,0,0.25,4,1 1 1 1 0 0 0 0 0 0 0 0 0 0 0 0,185369551101629116072,185369551101629116072,77548154594157967534,1.0,2.390379913896672,2.390379913896672,168157,908522
16,1,20,0.05,even_odd,13,0x692,0,0.25,4,1 0 1 0 1 0 1 0 0 0 0 0 0 0 0 0,185369551101629116072,156605310413445287716,77548154594157967534,1.183673469387755,2.390379913896672,2.0194588927747743,173708,1026169
16,1,20,0.05,forward,13,0x692,0,0.5,8,1 1 1 1 1 1 1 1 0 0 0 0 0 0 0 0,127841069725261459360,127841069725261459360,77548154594157967534,1.0,1.6485378716528771,1.6485378716528771,176329,922333
16,1,20,0.05,even_odd,13,0x692,0,0.5,8,1 0 1 0 1 0 1 0 1 0 1 0 1 0 1 0,127841069725261459360,55930468004801888470,18463602164837070364,2.2857142857142856,6.923950623715661,3.0292283978756016,167848,902131
16,1,20,0.05,forward,13,0x692,0,0.75,12,1 1 1 1 1 1 1 1 1 1 1 1 0 0 0 0,70312588348893802648,70312588348893802648,18463602164837070364,1.0,3.8081728430436135,3.8081728430436135,165272,879326
16,1,20,0.05,even_odd,13,0x692,0,0.75,12,1 1 1 1 1 1 1 1 1 0 1 0 1 0 1 0,70312588348893802648,41548347660709974292,18463602164837070364,1.6923076923076923,3.8081728430436135,2.2502839527075897,163599,900674
16,1,20,0.05,forward,13,0x692,0,1.0,16,1 1 1 1 1 1 1 1 1 1 1 1 1 1 1 1,12784106972526145936,12784106972526145936,5681708489305509928,1.0,2.2500462662928316,2.2500462662928316,159865,915453
16,1,20,0.05,even_odd,13,0x692,0,1.0,16,1 1 1 1 1 1 1 1 1 1 1 1 1 1 1 1,12784106972526145936,12784106972526145936,5681708489305509928,1.0,2.2500462662928316,2.2500462662928316,162511,891591
16,1,20,0.05,forward,13,0x692,1,0.0,0,1 1 1 1 1 1 1 1 1 1 1 1 1 1 1 1,12784106972526145936,12784106972526145936,5681708489305509928,1.0,2.2500462662928316,2.2500462662928316,162774,930666
16,1,20,0.05,even_odd,13,0x692,1,0.0,0,1 1 1 1 1 1 1 1 1 1 1 1 1 1 1 1,12784106972526145936,12784106972526145936,5681708489305509928,1.0,2.2500462662928316,2.2500462662928316,166428,871032
16,1,20,0.05,forward,13,0x692,1,0.25,4,2 2 2 2 1 1 1 1 1 1 1 1 1 1 1 1,9756292163243637688,9756292163243637688,5681708489305509928,1.0,1.7171405716445292,1.7171405716445292,166486,895063
16,1,20,0.05,even_odd,13,0x692,1,0.25,4,2 1 2 1 2 1 2 1 1 1 1 1 1 1 1 1,9756292163243637688,8242384758602383564,5681708489305509928,1.183673469387755,1.7171405716445292,1.4506877243203782,160916,906145
16,1,20,0.05,forward,13,0x692,1,0.5,8,2 2 2 2 2 2 2 2 1 1 1 1 1 1 1 1,6728477353961129440,6728477353961129440,5681708489305509928,1.0,1.184234876996227,1.184234876996227,180538,901500
16,1,20,0.05,even_odd,13,0x692,1,0.5,8,2 1 2 1 2 1 2 1 2 1 2 1 2 1 2 1,6728477353961129440,2943708842357994130,1728722237312051818,2.2857142857142856,3.892167989013131,1.7028234951932448,154401,876831
16,1,20,0.05,forward,13,0x692,1,0.75,12,2 2 2 2 2 2 2 2 2 2 2 2 1 1 1 1,3700662544678621192,3700662544678621192,1728722237312051818,1.0,2.140692393957222,2.140692393957222,152695,859014
16,1,20,0.05,even_odd,13,0x692,1,0.75,12,2 2 2 2 2 2 2 2 2 1 2 1 2 1 2 1,3700662544678621192,2186755140037367068,1728722237312051818,1.6923076923076923,2.140692393957222,1.2649545964292677,153465,871657
16,1,20,0.05,forward,13,0x692,1,1.0,16,2 2 2 2 2 2 2 2 2 2 2 2 2 2 2 2,672847735396112944,672847735396112944,425195898732454930,1.0,1.5824417342733765,1.5824417342733765,154511,925596
16,1,20,0.05,even_odd,13,0x692,1,1.0,16,2 2 2 2 2 2 2 2 2 2 2 2 2 2 2 2,672847735396112944,672847735396112944,425195898732454930,1.0,1.5824417342733765,1.5824417342733765,154878,871638
16,1,20,0.05,forward,13,0x692,2,0.0,0,2 2 2 2 2 2 2 2 2 2 2 2 2 2 2 2,672847735396112944,672847735396112944,425195898732454930,1.0,1.5824417342733765,1.5824417342733765,149601,884441
16,1,20,0.05,even_odd,13,0x692,2,0.0,0,2 2 2 2 2 2 2 2 2 2 2 2 2 2 2 2,672847735396112944,672847735396112944,425195898732454930,1.0,1.5824417342733765,1.5824417342733765,145927,847047
16,1,20,0.05,forward,13,0x692,2,0.25,4,3 3 3 3 2 2 2 2 2 2 2 2 2 2 2 2,513489061223349352,513489061223349352,425195898732454930,1.0,1.2076529024717872,1.2076529024717872,151025,864500
16,1,20,0.05,even_odd,13,0x692,2,0.25,4,3 2 3 2 3 2 3 2 2 2 2 2 2 2 2 2,513489061223349352,433809724136967556,338876957454007210,1.183673469387755,1.5152669720632768,1.280139338467251,143683,833384
16,1,20,0.05,forward,13,0x692,2,0.5,8,3 3 3 3 3 3 3 3 2 2 2 2 2 2 2 2,354130387050585760,354130387050585760,338876957454007210,1.0,1.0450117048712253,1.0450117048712253,142961,860258
16,1,20,0.05,even_odd,13,0x692,2,0.5,8,3 2 3 2 3 2 3 2 3 2 3 2 3 2 3 2,354130387050585760,154932044334631270,95418141765898444,2.2857142857142856,3.711352794098833,1.6237168474182395,155702,823216
16,1,20,0.05,forward,13,0x692,2,0.75,12,3 3 3 3 3 3 3 3 3 3 3 3 2 2 2 2,194771712877822168,194771712877822168,130825049454351520,1.0,1.488795255114988,1.488795255114988,146955,883723
16,1,20,0.05,even_odd,13,0x692,2,0.75,12,3 3 3 3 3 3 3 3 3 2 3 2 3 2 3 2,194771712877822168,115092375791440372,95418141765898444,1.6923076923076923,2.041244036754358,1.2061896580821208,150281,815567
16,1,20,0.05,forward,13,0x692,2,1.0,16,3 3 3 3 3 3 3 3 3 3 3 3 3 3 3 3,35413038705058576,35413038705058576,29012205531914332,1.0,1.220625528317836,1.220625528317836,139917,865025
16,1,20,0.05,even_odd,13,0x692,2,1.0,16,3 3 3 3 3 3 3 3 3 3 3 3 3 3 3 3,35413038705058576,35413038705058576,29012205531914332,1.0,1.220625528317836,1.220625528317836,147010,829195
16,1,20,0.05,forward,13,0x692,3,0.0,0,3 3 3 3 3 3 3 3 3 3 3 3 3 3 3 3,35413038705058576,35413038705058576,29012205531914332,1.0,1.220625528317836,1.220625528317836,155020,848272
16,1,20,0.05,even_odd,13,0x692,3,0.0,0,3 3 3 3 3 3 3 3 3 3 3 3 3 3 3 3,35413038705058576,35413038705058576,29012205531914332,1.0,1.220625528317836,1.220625528317836,144221,822635
16,1,20,0.05,forward,13,0x692,3,0.25,4,4 4 4 4 3 3 3 3 3 3 3 3 3 3 3 3,27025740064386808,27025740064386808,24475556172402412,1.0,1.104193092652165,1.104193092652165,146929,851099
16,1,20,0.05,even_odd,13,0x692,3,0.25,4,4 3 4 3 4 3 4 3 3 3 3 3 3 3 3 3,27025740064386808,22832090744050924,18074722999258168,1.183673469387755,1.495222917966489,1.2632055686268615,134115,796249
16,1,20,0.05,forward,13,0x692,3,0.5,8,4 4 4 4 4 4 4 4 3 3 3 3 3 3 3 3,18638441423715040,18638441423715040,18074722999258168,1.0,1.0311882192872337,1.0311882192872337,144067,855352
16,1,20,0.05,even_odd,13,0x692,3,0.5,8,4 3 4 3 4 3 4 3 4 3 4 3 4 3 4 3,18638441423715040,8154318122875330,5371477294664014,2.2857142857142856,3.4698911307379685,1.5180773696978613,140603,791988
16,1,20,0.05,forward,13,0x692,3,0.75,12,4 4 4 4 4 4 4 4 4 4 4 4 3 3 3 3,10251142783043272,10251142783043272,8982353578818022,1.0,1.1412535359571325,1.1412535359571325,142795,809829
16,1,20,0.05,even_odd,13,0x692,3,0.75,12,4 4 4 4 4 4 4 4 4 3 4 3 4 3 4 3,10251142783043272,6057493462707388,5371477294664014,1.6923076923076923,1.9084401219058826,1.1277146174898398,145530,806957
16,1,20,0.05,forward,13,0x692,3,1.0,16,4 4 4 4 4 4 4 4 4 4 4 4 4 4 4 4,1863844142371504,1863844142371504,1753484949731086,1.0,1.062937062937063,1.062937062937063,140900,781780
16,1,20,0.05,even_odd,13,0x692,3,1.0,16,4 4 4 4 4 4 4 4 4 4 4 4 4 4 4 4,1863844142371504,1863844142371504,1753484949731086,1.0,1.062937062937063,1.062937062937063,127388,763526
24,1,100,0.01,forward,0,0x0,0,0.0,0,0 0 0 0 0 0 0 0 0 0 0 0 0 0 0 0 0 0 0 0 0 0 0 0,190467428074477324030300457070602126550443335176,190467428074477324030300457070602126550443335176,190467428074477324030300457070602126550443335176,1.0,1.0,1.0,425620,3971530
24,1,100,0.01,even_odd,0,0x0,0,0.0,0,0 0 0 0 0 0 0 0 0 0 0 0 0 0 0 0 0 0 0 0 0 0 0 0,190467428074477324030300457070602126550443335176,190467428074477324030300457070602126550443335176,190467428074477324030300457070602126550443335176,1.0,1.0,1.0,429562,3316395
24,1,100,0.01,forward,0,0x0,0,0.25,6,1 1 1 1 1 1 0 0 0 0 0 0 0 0 0 0 0 0 0 0 0 0 0 0,143331549409581420608660444967271297252606348188,143331549409581420608660444967271297252606348188,9779893192376360914013744007833947575401551722,1.0,14.655737704918034,14.655737704918034,437083,3317844
24,1,100,0.01,even_odd,0,0x0,0,0.25,6,1 0 1 0 1 0 1 0 1 0 1 0 0 0 0 0 0 0 0 0 0 0 0 0,143331549409581420608660444967271297252606348188,143331549409581420608660444967271297252606348188,9779893192376360914013744007833947575401551722,1.0,14.655737704918034,14.655737704918034,395666,3281475
24,1,100,0.01,forward,0,0x0,0,0.5,12,1 1 1 1 1 1 1 1 1 1 1 1 0 0 0 0 0 0 0 0 0 0 0 0,96195670744685517187020432863940467954769361200,96195670744685517187020432863940467954769361200,9779893192376360914013744007833947575401551722,1.0,9.836065573770492,9.836065573770492,389555,3291399
24,1,100,0.01,even_odd,0,0x0,0,0.5,12,1 0 1 0 1 0 1 0 1 0 1 0 1 0 1 0 1 0 1 0 1 0 1 0,96195670744685517187020432863940467954769361200,96195670744685517187020432863940467954769361200,9779893192376360914013744007833947575401551722,1.0,9.836065573770492,9.836065573770492,380582,3303721
24,1,100,0.01,forward,0,0x0,0,0.75,18,1 1 1 1 1 1 1 1 1 1 1 1 1 1 1 1 1 1 0 0 0 0 0 0,49059792079789613765380420760609638656932374212,49059792079789613765380420760609638656932374212,9779893192376360914013744007833947575401551722,1.0,5.016393442622951,5.016393442622951,386804,3239951
24,1,100,0.01,even_odd,0,0x0,0,0.75,18,1 1 1 1 1 1 1 1 1 1 1 1 1 0 1 0 1 0 1 0 1 0 1 0,49059792079789613765380420760609638656932374212,49059792079789613765380420760609638656932374212,9779893192376360914013744007833947575401551722,1.0,5.016393442622951,5.016393442622951,439606,3250169
24,1,100,0.01,forward,0,0x0,0,1.0,24,1 1 1 1 1 1 1 1 1 1 1 1 1 1 1 1 1 1 1 1 1 1 1 1,1923913414893710343740408657278809359095387224,1923913414893710343740408657278809359095387224,178140131008676883679667468266556422138461780,1.0,10.8,10.8,386421,3248641
24,1,100,0.01,even_odd,0,0x0,0,1.0,24,1 1 1 1 1 1 1 1 1 1 1 1 1 1 1 1 1 1 1 1 1 1 1 1,1923913414893710343740408657278809359095387224,1923913414893710343740408657278809359095387224,178140131008676883679667468266556422138461780,1.0,10.8,10.8,391089,3426515
24,1,100,0.01,forward,0,0x0,1,0.0,0,1 1 1 1 1 1 1 1 1 1 1 1 1 1 1 1 1 1 1 1 1 1 1 1,1923913414893710343740408657278809359095387224,1923913414893710343740408657278809359095387224,178140131008676883679667468266556422138461780,1.0,10.8,10.8,403351,3270826
24,1,100,0.01,even_odd,0,0x0,1,0.0,0,1 1 1 1 1 1 1 1 1 1 1 1 1 1 1 1 1 1 1 1 1 1 1 1,1923913414893710343740408657278809359095387224,1923913414893710343740408657278809359095387224,178140131008676883679667468266556422138461780,1.0,10.8,10.8,393543,3296681
24,1,100,0.01,forward,0,0x0,1,0.25,6,2 2 2 2 2 2 1 1 1 1 1 1 1 1 1 1 1 1 1 1 1 1 1 1,1447793428379610309178388333002740376288953012,1447793428379610309178388333002740376288953012,178140131008676883679667468266556422138461780,1.0,8.127272727272727,8.127272727272727,383305,3285591
24,1,100,0.01,even_odd,0,0x0,1,0.25,6,2 1 2 1 2 1 2 1 2 1 2 1 1 1 1 1 1 1 1 1 1 1 1 1,1447793428379610309178388333002740376288953012,1447793428379610309178388333002740376288953012,178140131008676883679667468266556422138461780,1.0,8.127272727272727,8.127272727272727,379759,3301523
24,1,100,0.01,forward,0,0x0,1,0.5,12,2 2 2 2 2 2 2 2 2 2 2 2 1 1 1 1 1 1 1 1 1 1 1 1,971673441865510274616368008726671393482518800,971673441865510274616368008726671393482518800,178140131008676883679667468266556422138461780,1.0,5.454545454545454,5.454545454545454,373148,3279590
24,1,100,0.01,even_odd,0,0x0,1,0.5,12,2 1 2 1 2 1 2 1 2 1 2 1 2 1 2 1 2 1 2 1 2 1 2 1,971673441865510274616368008726671393482518800,971673441865510274616368008726671393482518800,178140131008676883679667468266556422138461780,1.0,5.454545454545454,5.454545454545454,383971,3296135
24,1,100,0.01,forward,0,0x0,1,0.75,18,2 2 2 2 2 2 2 2 2 2 2 2 2 2 2 2 2 2 1 1 1 1 1 1,495553455351410240054347684450602410676084588,495553455351410240054347684450602410676084588,178140131008676883679667468266556422138461780,1.0,2.7818181818181817,2.7818181818181817,367167,3241779
24,1,100,0.01,even_odd,0,0x0,1,0.75,18,2 2 2 2 2 2 2 2 2 2 2 2 2 1 2 1 2 1 2 1 2 1 2 1,495553455351410240054347684450602410676084588,495553455351410240054347684450602410676084588,178140131008676883679667468266556422138461780,1.0,2.7818181818181817,2.7818181818181817,374943,3260932
24,1,100,0.01,forward,0,0x0,1,1.0,24,2 2 2 2 2 2 2 2 2 2 2 2 2 2 2 2 2 2 2 2 2 2 2 2,19433468837310205492327360174533427869650376,19433468837310205492327360174533427869650376,2600944061559194169427651740530989083564318,1.0,7.471698113207547,7.471698113207547,364254,3277032
24,1,100,0.01,even_odd,0,0x0,1,1.0,24,2 2 2 2 2 2 2 2 2 2 2 2 2 2 2 2 2 2 2 2 2 2 2 2,19433468837310205492327360174533427869650376,19433468837310205492327360174533427869650376,2600944061559194169427651740530989083564318,1.0,7.471698113207547,7.471698113207547,378339,3248055
24,1,100,0.01,forward,0,0x0,2,0.0,0,2 2 2 2 2 2 2 2 2 2 2 2 2 2 2 2 2 2 2 2 2 2 2 2,19433468837310205492327360174533427869650376,19433468837310205492327360174533427869650376,2600944061559194169427651740530989083564318,1.0,7.471698113207547,7.471698113207547,383150,3249230
24,1,100,0.01,even_odd,0,0x0,2,0.0,0,2 2 2 2 2 2 2 2 2 2 2 2 2 2 2 2 2 2 2 2 2 2 2 2,19433468837310205492327360174533427869650376,19433468837310205492327360174533427869650376,2600944061559194169427651740530989083564318,1.0,7.471698113207547,7.471698113207547,377516,3266264
24,1,100,0.01,forward,0,0x0,2,0.25,6,3 3 3 3 3 3 2 2 2 2 2 2 2 2 2 2 2 2 2 2 2 2 2 2,14624176044238487971498872050532731073625788,14624176044238487971498872050532731073625788,2600944061559194169427651740530989083564318,1.0,5.622641509433962,5.622641509433962,361843,3294497
24,1,100,0.01,even_odd,0,0x0,2,0.25,6,3 2 3 2 3 2 3 2 3 2 3 2 2 2 2 2 2 2 2 2 2 2 2 2,14624176044238487971498872050532731073625788,14624176044238487971498872050532731073625788,2600944061559194169427651740530989083564318,1.0,5.622641509433962,5.622641509433962,361454,3224277
24,1,100,0.01,forward,0,0x0,2,0.5,12,3 3 3 3 3 3 3 3 3 3 3 3 2 2 2 2 2 2 2 2 2 2 2 2,9814883251166770450670383926532034277601200,9814883251166770450670383926532034277601200,2600944061559194169427651740530989083564318,1.0,3.7735849056603774,3.7735849056603774,351291,3196364
24,1,100,0.01,even_odd,0,0x0,2,0.5,12,3 2 3 2 3 2 3 2 3 2 3 2 3 2 3 2 3 2 3 2 3 2 3 2,9814883251166770450670383926532034277601200,9814883251166770450670383926532034277601200,2600944061559194169427651740530989083564318,1.0,3.7735849056603774,3.7735849056603774,392756,3212401
24,1,100,0.01,forward,0,0x0,2,0.75,18,3 3 3 3 3 3 3 3 3 3 3 3 3 3 3 3 3 3 2 2 2 2 2 2,5005590458095052929841895802531337481576612,5005590458095052929841895802531337481576612,2600944061559194169427651740530989083564318,1.0,1.9245283018867925,1.9245283018867925,364418,3240096
24,1,100,0.01,even_odd,0,0x0,2,0.75,18,3 3 3 3 3 3 3 3 3 3 3 3 3 2 3 2 3 2 3 2 3 2 3 2,5005590458095052929841895802531337481576612,5005590458095052929841895802531337481576612,2600944061559194169427651740530989083564318,1.0,1.9245283018867925,1.9245283018867925,358784,3168156
24,1,100,0.01,forward,0,0x0,2,1.0,24,3 3 3 3 3 3 3 3 3 3 3 3 3 3 3 3 3 3 3 3 3 3 3 3,196297665023335409013407678530640685552024,196297665023335409013407678530640685552024,34368614751560408312111782099640793429984,1.0,5.711538461538462,5.711538461538462,344056,3139335
24,1,100,0.01,even_odd,0,0x0,2,1.0,24,3 3 3 3 3 3 3 3 3 3 3 3 3 3 3 3 3 3 3 3 3 3 3 3,196297665023335409013407678530640685552024,196297665023335409013407678530640685552024,34368614751560408312111782099640793429984,1.0,5.711538461538462,5.711538461538462,381714,3212330
24,1,100,0.01,forward,0,0x0,3,0.0,0,3 3 3 3 3 3 3 3 3 3 3 3 3 3 3 3 3 3 3 3 3 3 3 3,196297665023335409013407678530640685552024,196297665023335409013407678530640685552024,34368614751560408312111782099640793429984,1.0,5.711538461538462,5.711538461538462,342581,3137289
24,1,100,0.01,even_odd,0,0x0,3,0.0,0,3 3 3 3 3 3 3 3 3 3 3 3 3 3 3 3 3 3 3 3 3 3 3 3,196297665023335409013407678530640685552024,196297665023335409013407678530640685552024,34368614751560408312111782099640793429984,1.0,5.711538461538462,5.711538461538462,343139,3222075
24,1,100,0.01,forward,0,0x0,3,0.25,6,4 4 4 4 4 4 3 3 3 3 3 3 3 3 3 3 3 3 3 3 3 3 3 3,147718949941802908803018909601340717915412,147718949941802908803018909601340717915412,34368614751560408312111782099640793429984,1.0,4.298076923076923,4.298076923076923,344245,3187493
24,1,100,0.01,even_odd,0,0x0,3,0.25,6,4 3 4 3 4 3 4 3 4 3 4 3 3 3 3 3 3 3 3 3 3 3 3 3,147718949941802908803018909601340717915412,147718949941802908803018909601340717915412,34368614751560408312111782099640793429984,1.0,4.298076923076923,4.298076923076923,356682,3230623
24,1,100,0.01,forward,0,0x0,3,0.5,12,4 4 4 4 4 4 4 4 4 4 4 4 3 3 3 3 3 3 3 3 3 3 3 3,99140234860270408592630140672040750278800,99140234860270408592630140672040750278800,34368614751560408312111782099640793429984,1.0,2.8846153846153846,2.8846153846153846,345003,3176200
24,1,100,0.01,even_odd,0,0x0,3,0.5,12,4 3 4 3 4 3 4 3 4 3 4 3 4 3 4 3 4 3 4 3 4 3 4 3,99140234860270408592630140672040750278800,99140234860270408592630140672040750278800,34368614751560408312111782099640793429984,1.0,2.8846153846153846,2.8846153846153846,346629,3196135
24,1,100,0.01,forward,0,0x0,3,0.75,18,4 4 4 4 4 4 4 4 4 4 4 4 4 4 4 4 4 4 3 3 3 3 3 3,50561519778737908382241371742740782642188,50561519778737908382241371742740782642188,34368614751560408312111782099640793429984,1.0,1.4711538461538463,1.4711538461538463,334311,3123932
24,1,100,0.01,even_odd,0,0x0,3,0.75,18,4 4 4 4 4 4 4 4 4 4 4 4 4 3 4 3 4 3 4 3 4 3 4 3,50561519778737908382241371742740782642188,50561519778737908382241371742740782642188,34368614751560408312111782099640793429984,1.0,1.4711538461538463,1.4711538461538463,338200,3168787
24,1,100,0.01,forward,0,0x0,3,1.0,24,4 4 4 4 4 4 4 4 4 4 4 4 4 4 4 4 4 4 4 4 4 4 4 4,1982804697205408171852602813440815005576,1982804697205408171852602813440815005576,428940073385345033809864413345361495314,1.0,4.622568093385214,4.622568093385214,315496,3191644
24,1,100,0.01,even_odd,0,0x0,3,1.0,24,4 4 4 4 4 4 4 4 4 4 4 4 4 4 4 4 4 4 4 4 4 4 4 4,1982804697205408171852602813440815005576,1982804697205408171852602813440815005576,428940073385345033809864413345361495314,1.0,4.622568093385214,4.622568093385214,321194,3119756
24,1,100,0.01,forward,1,0x7fffff,0,0.0,0,0 0 0 0 0 0 0 0 0 0 0 0 0 0 0 0 0 0 0 0 0 0 0 0,190467428074477324030300457070602126550443335176,190467428074477324030300457070602126550443335176,190467428074477324030300457070602126550443335176,1.0,1.0,1.0,381955,3324125
24,1,100,0.01,even_odd,1,0x7fffff,0,0.0,0,0 0 0 0 0 0 0 0 0 0 0 0 0 0 0 0 0 0 0 0 0 0 0 0,190467428074477324030300457070602126550443335176,190467428074477324030300457070602126550443335176,190467428074477324030300457070602126550443335176,1.0,1.0,1.0,377748,3289208
24,1,100,0.01,forward,1,0x7fffff,0,0.25,6,1 1 1 1 1 1 0 0 0 0 0 0 0 0 0 0 0 0 0 0 0 0 0 0,143331549409581420608660444967271297252606348188,143331549409581420608660444967271297252606348188,9779893192376360914013744007833947575401551722,1.0,14.655737704918034,14.655737704918034,387147,3354022
24,1,100,0.01,even_odd,1,0x7fffff,0,0.25,6,1 0 1 0 1 0 1 0 1 0 1 0 0 0 0 0 0 0 0 0 0 0 0 0,143331549409581420608660444967271297252606348188,143331549409581420608660444967271297252606348188,9779893192376360914013744007833947575401551722,1.0,14.655737704918034,14.655737704918034,412657,3215525
24,1,100,0.01,forward,1,0x7fffff,0,0.5,12,1 1 1 1 1 1 1 1 1 1 1 1 0 0 0 0 0 0 0 0 0 0 0 0,96195670744685517187020432863940467954769361200,96195670744685517187020432863940467954769361200,9779893192376360914013744007833947575401551722,1.0,9.836065573770492,9.836065573770492,371000,3308594
24,1,100,0.01,even_odd,1,0x7fffff,0,0.5,12,1 0 1 0 1 0 1 0 1 0 1 0 1 0 1 0 1 0 1 0 1 0 1 0,96195670744685517187020432863940467954769361200,96195670744685517187020432863940467954769361200,9779893192376360914013744007833947575401551722,1.0,9.836065573770492,9.836065573770492,386465,3347698
24,1,100,0.01,forward,1,0x7fffff,0,0.75,18,1 1 1 1 1 1 1 1 1 1 1 1 1 1 1 1 1 1 0 0 0 0 0 0,49059792079789613765380420760609638656932374212,49059792079789613765380420760609638656932374212,9779893192376360914013744007833947575401551722,1.0,5.016393442622951,5.016393442622951,377607,3350649
24,1,100,0.01,even_odd,1,0x7fffff,0,0.75,18,1 1 1 1 1 1 1 1 1 1 1 1 1 0 1 0 1 0 1 0 1 0 1 0,49059792079789613765380420760609638656932374212,49059792079789613765380420760609638656932374212,9779893192376360914013744007833947575401551722,1.0,5.016393442622951,5.016393442622951,379511,3342523
24,1,100,0.01,forward,1,0x7fffff,0,1.0,24,1 1 1 1 1 1 1 1 1 1 1 1 1 1 1 1 1 1 1 1 1 1 1 1,1923913414893710343740408657278809359095387224,1923913414893710343740408657278809359095387224,178140131008676883679667468266556422138461780,1.0,10.8,10.8,360518,3242968
24,1,100,0.01,even_odd,1,0x7fffff,0,1.0,24,1 1 1 1 1 1 1 1 1 1 1 1 1 1 1 1 1 1 1 1 1 1 1 1,1923913414893710343740408657278809359095387224,1923913414893710343740408657278809359095387224,178140131008676883679667468266556422138461780,1.0,10.8,10.8,373851,3296454
24,1,100,0.01,forward,1,0x7fffff,1,0.0,0,1 1 1 1 1 1 1 1 1 1 1 1 1 1 1 1 1 1 1 1 1 1 1 1,1923913414893710343740408657278809359095387224,1923913414893710343740408657278809359095387224,178140131008676883679667468266556422138461780,1.0,10.8,10.8,372051,3295444
24,1,100,0.01,even_odd,1,0x7fffff,1,0.0,0,1 1 1 1 1 1 1 1 1 1 1 1 1 1 1 1 1 1 1 1 1 1 1 1,1923913414893710343740408657278809359095387224,1923913414893710343740408657278809359095387224,178140131008676883679667468266556422138461780,1.0,10.8,10.8,372344,3329329
24,1,100,0.01,forward,1,0x7fffff,1,0.25,6,2 2 2 2 2 2 1 1 1 1 1 1 1 1 1 1 1 1 1 1 1 1 1 1,1447793428379610309178388333002740376288953012,1447793428379610309178388333002740376288953012,178140131008676883679667468266556422138461780,1.0,8.127272727272727,8.127272727272727,375462,3241589
24,1,100,0.01,even_odd,1,0x7fffff,1,0.25,6,2 1 2 1 2 1 2 1 2 1 2 1 1 1 1 1 1 1 1 1 1 1 1 1,1447793428379610309178388333002740376288953012,1447793428379610309178388333002740376288953012,178140131008676883679667468266556422138461780,1.0,8.127272727272727,8.127272727272727,384989,3264260
24,1,100,0.01,forward,1,0x7fffff,1,0.5,12,2 2 2 2 2 2 2 2 2 2 2 2 1 1 1 1 1 1 1 1 1 1 1 1,971673441865510274616368008726671393482518800,971673441865510274616368008726671393482518800,178140131008676883679667468266556422138461780,1.0,5.454545454545454,5.454545454545454,350402,3262556
24,1,100,0.01,even_odd,1,0x7fffff,1,0.5,12,2 1 2 1 2 1 2 1 2 1 2 1 2 1 2 1 2 1 2 1 2 1 2 1,971673441865510274616368008726671393482518800,971673441865510274616368008726671393482518800,178140131008676883679667468266556422138461780,1.0,5.454545454545454,5.454545454545454,347326,3266310
24,1,100,0.01,forward,1,0x7fffff,1,0.75,18,2 2 2 2 2 2 2 2 2 2 2 2 2 2 2 2 2 2 1 1 1 1 1 1,495553455351410240054347684450602410676084588,495553455351410240054347684450602410676084588,178140131008676883679667468266556422138461780,1.0,2.7818181818181817,2.7818181818181817,362993,3169636
24,1,100,0.01,even_odd,1,0x7fffff,1,0.75,18,2 2 2 2 2 2 2 2 2 2 2 2 2 1 2 1 2 1 2 1 2 1 2 1,495553455351410240054347684450602410676084588,495553455351410240054347684450602410676084588,178140131008676883679667468266556422138461780,1.0,2.7818181818181817,2.7818181818181817,352325,3291487
24,1,100,0.01,forward,1,0x7fffff,1,1.0,24,2 2 2 2 2 2 2 2 2 2 2 2 2 2 2 2 2 2 2 2 2 2 2 2,19433468837310205492327360174533427869650376,19433468837310205492327360174533427869650376,2600944061559194169427651740530989083564318,1.0,7.471698113207547,7.471698113207547,349868,3208427
24,1,100,0.01,even_odd,1,0x7fffff,1,1.0,24,2 2 2 2 2 2 2 2 2 2 2 2 2 2 2 2 2 2 2 2 2 2 2 2,19433468837310205492327360174533427869650376,19433468837310205492327360174533427869650376,2600944061559194169427651740530989083564318,1.0,7.471698113207547,7.471698113207547,348180,3201106
24,1,100,0.01,forward,1,0x7fffff,2,0.0,0,2 2 2 2 2 2 2 2 2 2 2 2 2 2 2 2 2 2 2 2 2 2 2 2,19433468837310205492327360174533427869650376,19433468837310205492327360174533427869650376,2600944061559194169427651740530989083564318,1.0,7.471698113207547,7.471698113207547,367082,3340690
24,1,100,0.01,even_odd,1,0x7fffff,2,0.0,0,2 2 2 2 2 2 2 2 2 2 2 2 2 2 2 2 2 2 2 2 2 2 2 2,19433468837310205492327360174533427869650376,19433468837310205492327360174533427869650376,2600944061559194169427651740530989083564318,1.0,7.471698113207547,7.471698113207547,355523,3229768
24,1,100,0.01,forward,1,0x7fffff,2,0.25,6,3 3 3 3 3 3 2 2 2 2 2 2 2 2 2 2 2 2 2 2 2 2 2 2,14624176044238487971498872050532731073625788,14624176044238487971498872050532731073625788,2600944061559194169427651740530989083564318,1.0,5.622641509433962,5.622641509433962,340644,3231773
24,1,100,0.01,even_odd,1,0x7fffff,2,0.25,6,3 2 3 2 3 2 3 2 3 2 3 2 2 2 2 2 2 2 2 2 2 2 2 2,14624176044238487971498872050532731073625788,14624176044238487971498872050532731073625788,2600944061559194169427651740530989083564318,1.0,5.622641509433962,5.622641509433962,340745,3242405
24,1,100,0.01,forward,1,0x7fffff,2,0.5,12,3 3 3 3 3 3 3 3 3 3 3 3 2 2 2 2 2 2 2 2 2 2 2 2,9814883251166770450670383926532034277601200,9814883251166770450670383926532034277601200,2600944061559194169427651740530989083564318,1.0,3.7735849056603774,3.7735849056603774,336271,3211472
24,1,100,0.01,even_odd,1,0x7fffff,2,0.5,12,3 2 3 2 3 2 3 2 3 2 3 2 3 2 3 2 3 2 3 2 3 2 3 2,9814883251166770450670383926532034277601200,9814883251166770450670383926532034277601200,2600944061559194169427651740530989083564318,1.0,3.7735849056603774,3.7735849056603774,344657,3170015
24,1,100,0.01,forward,1,0x7fffff,2,0.75,18,3 3 3 3 3 3 3 3 3 3 3 3 3 3 3 3 3 3 2 2 2 2 2 2,5005590458095052929841895802531337481576612,5005590458095052929841895802531337481576612,2600944061559194169427651740530989083564318,1.0,1.9245283018867925,1.9245283018867925,355285,3266968
24,1,100,0.01,even_odd,1,0x7fffff,2,0.75,18,3 3 3 3 3 3 3 3 3 3 3 3 3 2 3 2 3 2 3 2 3 2 3 2,5005590458095052929841895802531337481576612,5005590458095052929841895802531337481576612,2600944061559194169427651740530989083564318,1.0,1.9245283018867925,1.9245283018867925,333087,3187514
24,1,100,0.01,forward,1,0x7fffff,2,1.0,24,3 3 3 3 3 3 3 3 3 3 3 3 3 3 3 3 3 3 3 3 3 3 3 3,196297665023335409013407678530640685552024,196297665023335409013407678530640685552024,34368614751560408312111782099640793429984,1.0,5.711538461538462,5.711538461538462,329874,3180986
24,1,100,0.01,even_odd,1,0x7fffff,2,1.0,24,3 3 3 3 3 3 3 3 3 3 3 3 3 3 3 3 3 3 3 3 3 3 3 3,196297665023335409013407678530640685552024,196297665023335409013407678530640685552024,34368614751560408312111782099640793429984,1.0,5.711538461538462,5.711538461538462,329913,3332713
24,1,100,0.01,forward,1,0x7fffff,3,0.0,0,3 3 3 3 3 3 3 3 3 3 3 3 3 3 3 3 3 3 3 3 3 3 3 3,196297665023335409013407678530640685552024,196297665023335409013407678530640685552024,34368614751560408312111782099640793429984,1.0,5.711538461538462,5.711538461538462,340049,3155812
24,1,100,0.01,even_odd,1,0x7fffff,3,0.0,0,3 3 3 3 3 3 3 3 3 3 3 3 3 3 3 3 3 3 3 3 3 3 3 3,196297665023335409013407678530640685552024,196297665023335409013407678530640685552024,34368614751560408312111782099640793429984,1.0,5.711538461538462,5.711538461538462,329212,3228098
24,1,100,0.01,forward,1,0x7fffff,3,0.25,6,4 4 4 4 4 4 3 3 3 3 3 3 3 3 3 3 3 3 3 3 3 3 3 3,147718949941802908803018909601340717915412,147718949941802908803018909601340717915412,34368614751560408312111782099640793429984,1.0,4.298076923076923,4.298076923076923,316107,3208417
24,1,100,0.01,even_odd,1,0x7fffff,3,0.25,6,4 3 4 3 4 3 4 3 4 3 4 3 3 3 3 3 3 3 3 3 3 3 3 3,147718949941802908803018909601340717915412,147718949941802908803018909601340717915412,34368614751560408312111782099640793429984,1.0,4.298076923076923,4.298076923076923,311557,3206952
24,1,100,0.01,forward,1,0x7fffff,3,0.5,12,4 4 4 4 4 4 4 4 4 4 4 4 3 3 3 3 3 3 3 3 3 3 3 3,99140234860270408592630140672040750278800,99140234860270408592630140672040750278800,34368614751560408312111782099640793429984,1.0,2.8846153846153846,2.8846153846153846,324432,3129975
24,1,100,0.01,even_odd,1,0x7fffff,3,0.5,12,4 3 4 3 4 3 4 3 4 3 4 3 4 3 4 3 4 3 4 3 4 3 4 3,99140234860270408592630140672040750278800,99140234860270408592630140672040750278800,34368614751560408312111782099640793429984,1.0,2.8846153846153846,2.8846153846153846,322353,3176059
24,1,100,0.01,forward,1,0x7fffff,3,0.75,18,4 4 4 4 4 4 4 4 4 4 4 4 4 4 4 4 4 4 3 3 3 3 3 3,50561519778737908382241371742740782642188,50561519778737908382241371742740782642188,34368614751560408312111782099640793429984,1.0,1.4711538461538463,1.4711538461538463,349069,3156516
24,1,100,0.01,even_odd,1,0x7fffff,3,0.75,18,4 4 4 4 4 4 4 4 4 4 4 4 4 3 4 3 4 3 4 3 4 3 4 3,50561519778737908382241371742740782642188,50561519778737908382241371742740782642188,34368614751560408312111782099640793429984,1.0,1.4711538461538463,1.4711538461538463,311254,3185474
24,1,100,0.01,forward,1,0x7fffff,3,1.0,24,4 4 4 4 4 4 4 4 4 4 4 4 4 4 4 4 4 4 4 4 4 4 4 4,1982804697205408171852602813440815005576,1982804697205408171852602813440815005576,428940073385345033809864413345361495314,1.0,4.622568093385214,4.622568093385214,331308,3137371
24,1,100,0.01,even_odd,1,0x7fffff,3,1.0,24,4 4 4 4 4 4 4 4 4 4 4 4 4 4 4 4 4 4 4 4 4 4 4 4,1982804697205408171852602813440815005576,1982804697205408171852602813440815005576,428940073385345033809864413345361495314,1.0,4.622568093385214,4.622568093385214,320910,3145603
24,1,100,0.01,forward,2,0x6a0c11,0,0.0,0,0 0 0 0 0 0 0 0 0 0 0 0 0 0 0 0 0 0 0 0 0 0 0 0,190467428074477324030300457070602126550443335176,190467428074477324030300457070602126550443335176,47863840460025542682154345272743382000958628592,1.0,3.979359496519091,3.979359496519091,423086,3497121
24,1,100,0.01,even_odd,2,0x6a0c11,0,0.0,0,0 0 0 0 0 0 0 0 0 0 0 0 0 0 0 0 0 0 0 0 0 0 0 0,190467428074477324030300457070602126550443335176,190467428074477324030300457070602126550443335176,47863840460025542682154345272743382000958628592,1.0,3.979359496519091,3.979359496519091,409408,3412803
24,1,100,0.01,forward,2,0x6a0c11,0,0.25,6,1 1 1 1 1 1 0 0 0 0 0 0 0 0 0 0 0 0 0 0 0 0 0 0,143331549409581420608660444967271297252606348188,143331549409581420608660444967271297252606348188,47862221253800115115118123125842598500214717992,1.0,2.9946698179663223,2.9946698179663223,393552,3523132
24,1,100,0.01,even_odd,2,0x6a0c11,0,0.25,6,1 0 1 0 1 0 1 0 1 0 1 0 0 0 0 0 0 0 0 0 0 0 0 0,143331549409581420608660444967271297252606348188,111907630299650818327567103565050744387381690196,47862221253800115115118123125842598500214717992,1.2808022922636104,2.9946698179663223,2.3381202829312,403110,3429351
24,1,100,0.01,forward,2,0x6a0c11,0,0.5,12,1 1 1 1 1 1 1 1 1 1 1 1 0 0 0 0 0 0 0 0 0 0 0 0,96195670744685517187020432863940467954769361200,96195670744685517187020432863940467954769361200,47862221253800115115118123125842598500214717992,1.0,2.0098455154136388,2.0098455154136388,411633,3442393
24,1,100,0.01,even_odd,2,0x6a0c11,0,0.5,12,1 0 1 0 1 0 1 0 1 0 1 0 1 0 1 0 1 0 1 0 1 0 1 0,96195670744685517187020432863940467954769361200,41203812302306963195107085410054500440626209714,8339452913442504536759742878562647125406756706,2.3346303501945527,11.535009759408329,4.940829180279901,414626,3429196
24,1,100,0.01,forward,2,0x6a0c11,0,0.75,18,1 1 1 1 1 1 1 1 1 1 1 1 1 1 1 1 1 1 0 0 0 0 0 0,49059792079789613765380420760609638656932374212,49059792079789613765380420760609638656932374212,23889409562007884002085115694620502288765631706,1.0,2.0536209550281654,2.0536209550281654,393639,3496743
24,1,100,0.01,even_odd,2,0x6a0c11,0,0.75,18,1 1 1 1 1 1 1 1 1 1 1 1 1 0 1 0 1 0 1 0 1 0 1 0,49059792079789613765380420760609638656932374212,17635872969859011484287079358389085791707716220,8339436557824065874466447705361629110247727306,2.7818181818181817,5.882866514975964,2.1147559367560658,385517,3421160
24,1,100,0.01,forward,2,0x6a0c11,0,1.0,24,1 1 1 1 1 1 1 1 1 1 1 1 1 1 1 1 1 1 1 1 1 1 1 1,1923913414893710343740408657278809359095387224,1923913414893710343740408657278809359095387224,964418773414120229226694623072260828756387310,1.0,1.9948941973442738,1.9948941973442738,395064,3506153
24,1,100,0.01,even_odd,2,0x6a0c11,0,1.0,24,1 1 1 1 1 1 1 1 1 1 1 1 1 1 1 1 1 1 1 1 1 1 1 1,1923913414893710343740408657278809359095387224,1923913414893710343740408657278809359095387224,964418773414120229226694623072260828756387310,1.0,1.9948941973442738,1.9948941973442738,401963,3386142
24,1,100,0.01,forward,2,0x6a0c11,1,0.0,0,1 1 1 1 1 1 1 1 1 1 1 1 1 1 1 1 1 1 1 1 1 1 1 1,1923913414893710343740408657278809359095387224,1923913414893710343740408657278809359095387224,964418773414120229226694623072260828756387310,1.0,1.9948941973442738,1.9948941973442738,392724,3438063
24,1,100,0.01,even_odd,2,0x6a0c11,1,0.0,0,1 1 1 1 1 1 1 1 1 1 1 1 1 1 1 1 1 1 1 1 1 1 1 1,1923913414893710343740408657278809359095387224,1923913414893710343740408657278809359095387224,964418773414120229226694623072260828756387310,1.0,1.9948941973442738,1.9948941973442738,393093,3424007
24,1,100,0.01,forward,2,0x6a0c11,1,0.25,6,2 2 2 2 2 2 1 1 1 1 1 1 1 1 1 1 1 1 1 1 1 1 1 1,1447793428379610309178388333002740376288953012,1447793428379610309178388333002740376288953012,643782980014714257745720751357125656690658710,1.0,2.248884287600333,2.248884287600333,394727,3403696
24,1,100,0.01,even_odd,2,0x6a0c11,1,0.25,6,2 1 2 1 2 1 2 1 2 1 2 1 1 1 1 1 1 1 1 1 1 1 1 1,1447793428379610309178388333002740376288953012,1130380104036876952803708116818694387751330204,643782980014714257745720751357125656690658710,1.2808022922636104,2.248884287600333,1.755840305083929,440113,3386483
24,1,100,0.01,forward,2,0x6a0c11,1,0.5,12,2 2 2 2 2 2 2 2 2 2 2 2 1 1 1 1 1 1 1 1 1 1 1 1,971673441865510274616368008726671393482518800,971673441865510274616368008726671393482518800,643782980014714257745720751357125656690658710,1.0,1.5093183138257271,1.5093183138257271,409118,3467189
24,1,100,0.01,even_odd,2,0x6a0c11,1,0.5,12,2 1 2 1 2 1 2 1 2 1 2 1 2 1 2 1 2 1 2 1 2 1 2 1,971673441865510274616368008726671393482518800,416200124265726900960677630404590913541678886,163590229201264193000334123526442276178918396,2.3346303501945527,5.939678956437341,2.544162486340661,403974,3387088
24,1,100,0.01,forward,2,0x6a0c11,1,0.75,18,2 2 2 2 2 2 2 2 2 2 2 2 2 2 2 2 2 2 1 1 1 1 1 1,495553455351410240054347684450602410676084588,495553455351410240054347684450602410676084588,401633616502694554152513250333123479642024996,1.0,1.2338445662654973,1.2338445662654973,406488,3416478
24,1,100,0.01,even_odd,2,0x6a0c11,1,0.75,18,2 2 2 2 2 2 2 2 2 2 2 2 2 1 2 1 2 1 2 1 2 1 2 1,495553455351410240054347684450602410676084588,178140131008676883679667468266556422138461780,163590063992997135805452354100169366934887796,2.7818181818181817,3.029239326983964,1.0889422417262615,384962,3424679
24,1,100,0.01,forward,2,0x6a0c11,1,1.0,24,2 2 2 2 2 2 2 2 2 2 2 2 2 2 2 2 2 2 2 2 2 2 2 2,19433468837310205492327360174533427869650376,19433468837310205492327360174533427869650376,12980266559643922417831268311115779445986188,1.0,1.4971548348421058,1.4971548348421058,377083,3393647
24,1,100,0.01,even_odd,2,0x6a0c11,1,1.0,24,2 2 2 2 2 2 2 2 2 2 2 2 2 2 2 2 2 2 2 2 2 2 2 2,19433468837310205492327360174533427869650376,19433468837310205492327360174533427869650376,12980266559643922417831268311115779445986188,1.0,1.4971548348421058,1.4971548348421058,374223,3465395
24,1,100,0.01,forward,2,0x6a0c11,2,0.0,0,2 2 2 2 2 2 2 2 2 2 2 2 2 2 2 2 2 2 2 2 2 2 2 2,19433468837310205492327360174533427869650376,19433468837310205492327360174533427869650376,12980266559643922417831268311115779445986188,1.0,1.4971548348421058,1.4971548348421058,365740,3442069
24,1,100,0.01,even_odd,2,0x6a0c11,2,0.0,0,2 2 2 2 2 2 2 2 2 2 2 2 2 2 2 2 2 2 2 2 2 2 2 2,19433468837310205492327360174533427869650376,19433468837310205492327360174533427869650376,12980266559643922417831268311115779445986188,1.0,1.4971548348421058,1.4971548348421058,359377,3411069
24,1,100,0.01,forward,2,0x6a0c11,2,0.25,6,3 3 3 3 3 3 2 2 2 2 2 2 2 2 2 2 2 2 2 2 2 2 2 2,14624176044238487971498872050532731073625788,14624176044238487971498872050532731073625788,8130408903915595678722679122230223225724188,1.0,1.7987011744508326,1.7987011744508326,379706,3416157
24,1,100,0.01,even_odd,2,0x6a0c11,2,0.25,6,3 2 3 2 3 2 3 2 3 2 3 2 2 2 2 2 2 2 2 2 2 2 2 2,14624176044238487971498872050532731073625788,11417980848857342957613213301198933209609396,8130408903915595678722679122230223225724188,1.2808022922636104,1.7987011744508326,1.4043550556674285,362525,3437947
24,1,100,0.01,forward,2,0x6a0c11,2,0.5,12,3 3 3 3 3 3 3 3 3 3 3 3 2 2 2 2 2 2 2 2 2 2 2 2,9814883251166770450670383926532034277601200,9814883251166770450670383926532034277601200,8130408903915595678722679122230223225724188,1.0,1.2071819962757264,1.2071819962757264,390374,3451950
24,1,100,0.01,even_odd,2,0x6a0c11,2,0.5,12,3 2 3 2 3 2 3 2 3 2 3 2 3 2 3 2 3 2 3 2 3 2 3 2,9814883251166770450670383926532034277601200,4204041659249766676370481115197888015572514,1701497635790166449318780259583974825157506,2.3346303501945527,5.768379011945433,2.470789010116627,359622,3334013
24,1,100,0.01,forward,2,0x6a0c11,2,0.75,18,3 3 3 3 3 3 3 3 3 3 3 3 3 3 3 3 3 3 2 2 2 2 2 2,5005590458095052929841895802531337481576612,5005590458095052929841895802531337481576612,4106062241717402663171876552797521291209706,1.0,1.219073205281324,1.219073205281324,364099,3310566
24,1,100,0.01,even_odd,2,0x6a0c11,2,0.75,18,3 3 3 3 3 3 3 3 3 3 3 3 3 2 3 2 3 2 3 2 3 2 3 2,5005590458095052929841895802531337481576612,1799395262713907915956237053197539617560220,1701497635790166449318780259583974825157506,2.7818181818181817,2.941873296092171,1.057536152189996,352277,3388542
24,1,100,0.01,forward,2,0x6a0c11,2,1.0,24,3 3 3 3 3 3 3 3 3 3 3 3 3 3 3 3 3 3 3 3 3 3 3 3,196297665023335409013407678530640685552024,196297665023335409013407678530640685552024,147471950727277550547689415299571158851314,1.0,1.3310847524242226,1.3310847524242226,346872,3407782
24,1,100,0.01,even_odd,2,0x6a0c11,2,1.0,24,3 3 3 3 3 3 3 3 3 3 3 3 3 3 3 3 3 3 3 3 3 3 3 3,196297665023335409013407678530640685552024,196297665023335409013407678530640685552024,147471950727277550547689415299571158851314,1.0,1.3310847524242226,1.3310847524242226,344010,3315526
24,1,100,0.01,forward,2,0x6a0c11,3,0.0,0,3 3 3 3 3 3 3 3 3 3 3 3 3 3 3 3 3 3 3 3 3 3 3 3,196297665023335409013407678530640685552024,196297665023335409013407678530640685552024,147471950727277550547689415299571158851314,1.0,1.3310847524242226,1.3310847524242226,396029,3354194
24,1,100,0.01,even_odd,2,0x6a0c11,3,0.0,0,3 3 3 3 3 3 3 3 3 3 3 3 3 3 3 3 3 3 3 3 3 3 3 3,196297665023335409013407678530640685552024,196297665023335409013407678530640685552024,147471950727277550547689415299571158851314,1.0,1.3310847524242226,1.3310847524242226,341780,3397217
24,1,100,0.01,forward,2,0x6a0c11,3,0.25,6,4 4 4 4 4 4 3 3 3 3 3 3 3 3 3 3 3 3 3 3 3 3 3 3,147718949941802908803018909601340717915412,147718949941802908803018909601340717915412,90221794977382645779738321308723966583114,1.0,1.6372867551441868,1.6372867551441868,353824,3387516
24,1,100,0.01,even_odd,2,0x6a0c11,3,0.25,6,4 3 4 3 4 3 4 3 4 3 4 3 3 3 3 3 3 3 3 3 3 3 3 3,147718949941802908803018909601340717915412,115333139887447908662759730315140739491004,90221794977382645779738321308723966583114,1.2808022922636104,1.6372867551441868,1.2783290325398684,357825,3295261
24,1,100,0.01,forward,2,0x6a0c11,3,0.5,12,4 4 4 4 4 4 4 4 4 4 4 4 3 3 3 3 3 3 3 3 3 3 3 3,99140234860270408592630140672040750278800,99140234860270408592630140672040750278800,90221794977382645779738321308723966583114,1.0,1.0988501712377092,1.0988501712377092,360730,3367345
24,1,100,0.01,even_odd,2,0x6a0c11,3,0.5,12,4 3 4 3 4 3 4 3 4 3 4 3 4 3 4 3 4 3 4 3 4 3 4 3,99140234860270408592630140672040750278800,42465067265149158347176576921190788036086,25283297319550027300911060069872972637996,2.3346303501945527,3.921175059062068,1.6795699836315858,368647,3365079
24,1,100,0.01,forward,2,0x6a0c11,3,0.75,18,4 4 4 4 4 4 4 4 4 4 4 4 4 4 4 4 4 4 3 3 3 3 3 3,50561519778737908382241371742740782642188,50561519778737908382241371742740782642188,49161222972503623072353334374403979494914,1.0,1.0284837667081124,1.0284837667081124,355696,3349235
24,1,100,0.01,even_odd,2,0x6a0c11,3,0.75,18,4 4 4 4 4 4 4 4 4 4 4 4 4 3 4 3 4 3 4 3 4 3 4 3,50561519778737908382241371742740782642188,18175709724382908241982192456540804217780,17517286882053933333860970962466970075992,2.7818181818181817,2.8863784739711633,1.0375870331268888,346143,3223858
24,1,100,0.01,forward,2,0x6a0c11,3,1.0,24,4 4 4 4 4 4 4 4 4 4 4 4 4 4 4 4 4 4 4 4 4 4 4 4,1982804697205408171852602813440815005576,1982804697205408171852602813440815005576,1655675302716973827001499992368087950784,1.0,1.1975806451612903,1.1975806451612903,336275,3302390
24,1,100,0.01,even_odd,2,0x6a0c11,3,1.0,24,4 4 4 4 4 4 4 4 4 4 4 4 4 4 4 4 4 4 4 4 4 4 4 4,1982804697205408171852602813440815005576,1982804697205408171852602813440815005576,1655675302716973827001499992368087950784,1.0,1.1975806451612903,1.1975806451612903,338136,3302517
24,1,100,0.01,forward,3,0x4085ec,0,0.0,0,0 0 0 0 0 0 0 0 0 0 0 0 0 0 0 0 0 0 0 0 0 0 0 0,190467428074477324030300457070602126550443335176,190467428074477324030300457070602126550443335176,55716573149469475250337222630441444866055774294,1.0,3.418505792944499,3.418505792944499,398271,3544104
24,1,100,0.01,even_odd,3,0x4085ec,0,0.0,0,0 0 0 0 0 0 0 0 0 0 0 0 0 0 0 0 0 0 0 0 0 0 0 0,190467428074477324030300457070602126550443335176,190467428074477324030300457070602126550443335176,55716573149469475250337222630441444866055774294,1.0,3.418505792944499,3.418505792944499,434767,3447976
24,1,100,0.01,forward,3,0x4085ec,0,0.25,6,1 1 1 1 1 1 0 0 0 0 0 0 0 0 0 0 0 0 0 0 0 0 0 0,143331549409581420608660444967271297252606348188,143331549409581420608660444967271297252606348188,55716573149469475250337222630441444866055774294,1.0,2.5725119350945977,2.5725119350945977,385051,3432707
24,1,100,0.01,even_odd,3,0x4085ec,0,0.25,6,1 0 1 0 1 0 1 0 1 0 1 0 0 0 0 0 0 0 0 0 0 0 0 0,143331549409581420608660444967271297252606348188,119763610077133468897840438915605882603687854694,55716573149469475250337222630441444866055774294,1.1967871485943775,2.5725119350945977,2.149515006169647,402774,3412753
24,1,100,0.01,forward,3,0x4085ec,0,0.5,12,1 1 1 1 1 1 1 1 1 1 1 1 0 0 0 0 0 0 0 0 0 0 0 0,96195670744685517187020432863940467954769361200,96195670744685517187020432863940467954769361200,55716573149469475250337222630441444866055774294,1.0,1.7265180772446964,1.7265180772446964,394476,3408937
24,1,100,0.01,even_odd,3,0x4085ec,0,0.5,12,1 0 1 0 1 0 1 0 1 0 1 0 1 0 1 0 1 0 1 0 1 0 1 0,96195670744685517187020432863940467954769361200,41203812302306963195107085410054500440626209714,8418773445659109916236337599347476043236020804,2.3346303501945527,11.4263284747597,4.894277363355404,428609,3453260
24,1,100,0.01,forward,3,0x4085ec,0,0.75,18,1 1 1 1 1 1 1 1 1 1 1 1 1 1 1 1 1 1 0 0 0 0 0 0,49059792079789613765380420760609638656932374212,49059792079789613765380420760609638656932374212,16354106554227443825603343003948625756676591004,1.0,2.9998454465926137,2.9998454465926137,389800,3333121
24,1,100,0.01,even_odd,3,0x4085ec,0,0.75,18,1 1 1 1 1 1 1 1 1 1 1 1 1 0 1 0 1 0 1 0 1 0 1 0,49059792079789613765380420760609638656932374212,33347832524824312624833750059499362224320045216,8418773445659109916236337599347476043236020804,1.4711538461538463,5.827427522127446,3.9611272045833625,393185,3433114
24,1,100,0.01,forward,3,0x4085ec,0,1.0,24,1 1 1 1 1 1 1 1 1 1 1 1 1 1 1 1 1 1 1 1 1 1 1 1,1923913414893710343740408657278809359095387224,1923913414893710343740408657278809359095387224,963584673571666112409954269950002395459771808,1.0,1.996621021131902,1.996621021131902,393330,3341993
24,1,100,0.01,even_odd,3,0x4085ec,0,1.0,24,1 1 1 1 1 1 1 1 1 1 1 1 1 1 1 1 1 1 1 1 1 1 1 1,1923913414893710343740408657278809359095387224,1923913414893710343740408657278809359095387224,963584673571666112409954269950002395459771808,1.0,1.996621021131902,1.996621021131902,390888,3487156
24,1,100,0.01,forward,3,0x4085ec,1,0.0,0,1 1 1 1 1 1 1 1 1 1 1 1 1 1 1 1 1 1 1 1 1 1 1 1,1923913414893710343740408657278809359095387224,1923913414893710343740408657278809359095387224,963584673571666112409954269950002395459771808,1.0,1.996621021131902,1.996621021131902,404176,3394016
24,1,100,0.01,even_odd,3,0x4085ec,1,0.0,0,1 1 1 1 1 1 1 1 1 1 1 1 1 1 1 1 1 1 1 1 1 1 1 1,1923913414893710343740408657278809359095387224,1923913414893710343740408657278809359095387224,963584673571666112409954269950002395459771808,1.0,1.996621021131902,1.996621021131902,403902,3412491
24,1,100,0.01,forward,3,0x4085ec,1,0.25,6,2 2 2 2 2 2 1 1 1 1 1 1 1 1 1 1 1 1 1 1 1 1 1 1,1447793428379610309178388333002740376288953012,1447793428379610309178388333002740376288953012,963584673571666112409954269950002395459771808,1.0,1.502507738124512,1.502507738124512,404652,3409865
24,1,100,0.01,even_odd,3,0x4085ec,1,0.25,6,2 1 2 1 2 1 2 1 2 1 2 1 1 1 1 1 1 1 1 1 1 1 1 1,1447793428379610309178388333002740376288953012,1209733435122560291897378170864705884885735906,963584673571666112409954269950002395459771808,1.1967871485943775,1.502507738124512,1.255451096620817,379328,3404948
24,1,100,0.01,forward,3,0x4085ec,1,0.5,12,2 2 2 2 2 2 2 2 2 2 2 2 1 1 1 1 1 1 1 1 1 1 1 1,971673441865510274616368008726671393482518800,971673441865510274616368008726671393482518800,642146999262142685056672302838349324064262008,1.0,1.5131635637665661,1.5131635637665661,391878,3416109
24,1,100,0.01,even_odd,3,0x4085ec,1,0.5,12,2 1 2 1 2 1 2 1 2 1 2 1 2 1 2 1 2 1 2 1 2 1 2 1,971673441865510274616368008726671393482518800,416200124265726900960677630404590913541678886,164391446698401621075855282322248628884264498,2.3346303501945527,5.91072991557874,2.5317626471728936,374554,3359258
24,1,100,0.01,forward,3,0x4085ec,1,0.75,18,2 2 2 2 2 2 2 2 2 2 2 2 2 2 2 2 2 2 1 1 1 1 1 1,495553455351410240054347684450602410676084588,495553455351410240054347684450602410676084588,244546326582930246422996751055593575484674298,1.0,2.026419542979145,2.026419542979145,378009,3340953
24,1,100,0.01,even_odd,3,0x4085ec,1,0.75,18,2 2 2 2 2 2 2 2 2 2 2 2 2 1 2 1 2 1 2 1 2 1 2 1,495553455351410240054347684450602410676084588,336846793180043561867007576358579416407273184,164391446698401621075855282322248628884264498,1.4711538461538463,3.014472256945157,2.0490530374006295,386862,3396973
24,1,100,0.01,forward,3,0x4085ec,1,1.0,24,2 2 2 2 2 2 2 2 2 2 2 2 2 2 2 2 2 2 2 2 2 2 2 2,19433468837310205492327360174533427869650376,19433468837310205492327360174533427869650376,11377169804726251740596347057084145495751090,1.0,1.7081109951648294,1.7081109951648294,368137,3398147
24,1,100,0.01,even_odd,3,0x4085ec,1,1.0,24,2 2 2 2 2 2 2 2 2 2 2 2 2 2 2 2 2 2 2 2 2 2 2 2,19433468837310205492327360174533427869650376,19433468837310205492327360174533427869650376,11377169804726251740596347057084145495751090,1.0,1.7081109951648294,1.7081109951648294,376566,3325316
24,1,100,0.01,forward,3,0x4085ec,2,0.0,0,2 2 2 2 2 2 2 2 2 2 2 2 2 2 2 2 2 2 2 2 2 2 2 2,19433468837310205492327360174533427869650376,19433468837310205492327360174533427869650376,11377169804726251740596347057084145495751090,1.0,1.7081109951648294,1.7081109951648294,377557,3413542
24,1,100,0.01,even_odd,3,0x4085ec,2,0.0,0,2 2 2 2 2 2 2 2 2 2 2 2 2 2 2 2 2 2 2 2 2 2 2 2,19433468837310205492327360174533427869650376,19433468837310205492327360174533427869650376,11377169804726251740596347057084145495751090,1.0,1.7081109951648294,1.7081109951648294,369038,3349102
24,1,100,0.01,forward,3,0x4085ec,2,0.25,6,3 3 3 3 3 3 2 2 2 2 2 2 2 2 2 2 2 2 2 2 2 2 2 2,14624176044238487971498872050532731073625788,14624176044238487971498872050532731073625788,11377169804726251740596347057084145495751090,1.0,1.2853966579775735,1.2853966579775735,398327,3366278
24,1,100,0.01,even_odd,3,0x4085ec,2,0.25,6,3 2 3 2 3 2 3 2 3 2 3 2 2 2 2 2 2 2 2 2 2 2 2 2,14624176044238487971498872050532731073625788,12219529647702629211084627988532382675613494,10534727319771206580844690141373877702971490,1.1967871485943775,1.3881874300431438,1.159928423089741,364749,3344178
24,1,100,0.01,forward,3,0x4085ec,2,0.5,12,3 3 3 3 3 3 3 3 3 3 3 3 2 2 2 2 2 2 2 2 2 2 2 2,9814883251166770450670383926532034277601200,9814883251166770450670383926532034277601200,6502693968004009063382422320241980389132694,1.0,1.5093564758637152,1.5093564758637152,370431,3415264
24,1,100,0.01,even_odd,3,0x4085ec,2,0.5,12,3 2 3 2 3 2 3 2 3 2 3 2 3 2 3 2 3 2 3 2 3 2 3 2,9814883251166770450670383926532034277601200,4204041659249766676370481115197888015572514,2462068462465504648177023599679395212309800,2.3346303501945527,3.98643798935558,1.7075242721073067,358609,3318473
24,1,100,0.01,forward,3,0x4085ec,2,0.75,18,3 3 3 3 3 3 3 3 3 3 3 3 3 3 3 3 3 3 2 2 2 2 2 2,5005590458095052929841895802531337481576612,5005590458095052929841895802531337481576612,3271713713824379651683503081834394672920000,1.0,1.529959799643932,1.529959799643932,358382,3334676
24,1,100,0.01,even_odd,3,0x4085ec,2,0.75,18,3 3 3 3 3 3 3 3 3 3 3 3 3 2 3 2 3 2 3 2 3 2 3 2,5005590458095052929841895802531337481576612,3402492860404480422899066427864438549568416,2462068462465504648177023599679395212309800,1.4711538461538463,2.033083374571346,1.3819651696432678,354403,7744447
24,1,100,0.01,forward,3,0x4085ec,2,1.0,24,3 3 3 3 3 3 3 3 3 3 3 3 3 3 3 3 3 3 3 3 3 3 3 3,196297665023335409013407678530640685552024,196297665023335409013407678530640685552024,131362480217381191560463768547704365175812,1.0,1.4943206362920234,1.4943206362920234,365173,3236439
24,1,100,0.01,even_odd,3,0x4085ec,2,1.0,24,3 3 3 3 3 3 3 3 3 3 3 3 3 3 3 3 3 3 3 3 3 3 3 3,196297665023335409013407678530640685552024,196297665023335409013407678530640685552024,131362480217381191560463768547704365175812,1.0,1.4943206362920234,1.4943206362920234,345452,3313299
24,1,100,0.01,forward,3,0x4085ec,3,0.0,0,3 3 3 3 3 3 3 3 3 3 3 3 3 3 3 3 3 3 3 3 3 3 3 3,196297665023335409013407678530640685552024,196297665023335409013407678530640685552024,131362480217381191560463768547704365175812,1.0,1.4943206362920234,1.4943206362920234,348722,3220330
24,1,100,0.01,even_odd,3,0x4085ec,3,0.0,0,3 3 3 3 3 3 3 3 3 3 3 3 3 3 3 3 3 3 3 3 3 3 3 3,196297665023335409013407678530640685552024,196297665023335409013407678530640685552024,131362480217381191560463768547704365175812,1.0,1.4943206362920234,1.4943206362920234,370998,3309157
24,1,100,0.01,forward,3,0x4085ec,3,0.25,6,4 4 4 4 4 4 3 3 3 3 3 3 3 3 3 3 3 3 3 3 3 3 3 3,147718949941802908803018909601340717915412,147718949941802908803018909601340717915412,123017359632035737313815775196137322846012,1.0,1.2007975978646714,1.2007975978646714,344851,3313363
24,1,100,0.01,even_odd,3,0x4085ec,3,0.25,6,4 3 4 3 4 3 4 3 4 3 4 3 3 3 3 3 3 3 3 3 3 3 3 3,147718949941802908803018909601340717915412,123429592401036658697824525136690734097106,106824454604858237243686185553037333633808,1.1967871485943775,1.3828196033222233,1.1554432255947436,348704,3321926
24,1,100,0.01,forward,3,0x4085ec,3,0.5,12,4 4 4 4 4 4 4 4 4 4 4 4 3 3 3 3 3 3 3 3 3 3 3 3,99140234860270408592630140672040750278800,99140234860270408592630140672040750278800,66096844991048161309723884329482815312204,1.0,1.4999238598105171,1.4999238598105171,331555,3284669
24,1,100,0.01,even_odd,3,0x4085ec,3,0.5,12,4 3 4 3 4 3 4 3 4 3 4 3 4 3 4 3 4 3 4 3 4 3 4 3,99140234860270408592630140672040750278800,42465067265149158347176576921190788036086,25282437687784505418669874256920204024098,2.3346303501945527,3.9213083834938565,1.6796270909298685,339899,3203383
24,1,100,0.01,forward,3,0x4085ec,3,0.75,18,4 4 4 4 4 4 4 4 4 4 4 4 4 4 4 4 4 4 3 3 3 3 3 3,50561519778737908382241371742740782642188,50561519778737908382241371742740782642188,41144065784542079850049674436038829686102,1.0,1.2288897272212216,1.2288897272212216,382498,3291848
24,1,100,0.01,even_odd,3,0x4085ec,3,0.75,18,4 4 4 4 4 4 4 4 4 4 4 4 4 3 4 3 4 3 4 3 4 3 4 3,50561519778737908382241371742740782642188,34368614751560408312111782099640793429984,25282437687784505418669874256920204024098,1.4711538461538463,1.9998672755818667,1.3593869062778703,392111,3311946
24,1,100,0.01,forward,3,0x4085ec,3,1.0,24,4 4 4 4 4 4 4 4 4 4 4 4 4 4 4 4 4 4 4 4 4 4 4 4,1982804697205408171852602813440815005576,1982804697205408171852602813440815005576,1573892954094865240788724287099906187086,1.0,1.2598091198303287,1.2598091198303287,376556,3391917
24,1,100,0.01,even_odd,3,0x4085ec,3,1.0,24,4 4 4 4 4 4 4 4 4 4 4 4 4 4 4 4 4 4 4 4 4 4 4 4,1982804697205408171852602813440815005576,1982804697205408171852602813440815005576,1573892954094865240788724287099906187086,1.0,1.2598091198303287,1.2598091198303287,347063,3174220
24,1,100,0.01,forward,4,0x2765e4,0,0.0,0,0 0 0 0 0 0 0 0 0 0 0 0 0 0 0 0 0 0 0 0 0 0 0 0,190467428074477324030300457070602126550443335176,190467428074477324030300457070602126550443335176,39922855697152134023641660639232934076861975098,1.0,4.770886870401512,4.770886870401512,403789,3432638
24,1,100,0.01,even_odd,4,0x2765e4,0,0.0,0,0 0 0 0 0 0 0 0 0 0 0 0 0 0 0 0 0 0 0 0 0 0 0 0,190467428074477324030300457070602126550443335176,190467428074477324030300457070602126550443335176,39922855697152134023641660639232934076861975098,1.0,4.770886870401512,4.770886870401512,408769,3397284
24,1,100,0.01,forward,4,0x2765e4,0,0.25,6,1 1 1 1 1 1 0 0 0 0 0 0 0 0 0 0 0 0 0 0 0 0 0 0,143331549409581420608660444967271297252606348188,143331549409581420608660444967271297252606348188,31987514326905991199028569911975663749107765298,1.0,4.480859248541843,4.480859248541843,404543,3391468
24,1,100,0.01,even_odd,4,0x2765e4,0,0.25,6,1 0 1 0 1 0 1 0 1 0 1 0 0 0 0 0 0 0 0 0 0 0 0 0,143331549409581420608660444967271297252606348188,111907630299650818327567103565050744387381690196,31987514326905991199028569911975663749107765298,1.2808022922636104,4.480859248541843,3.4984784736937433,396555,3384702
24,1,100,0.01,forward,4,0x2765e4,0,0.5,12,1 1 1 1 1 1 1 1 1 1 1 1 0 0 0 0 0 0 0 0 0 0 0 0,96195670744685517187020432863940467954769361200,96195670744685517187020432863940467954769361200,31987514326905991199028569911975663749107765298,1.0,3.0072880862696936,3.0072880862696936,390365,3386857
24,1,100,0.01,even_odd,4,0x2765e4,0,0.5,12,1 0 1 0 1 0 1 0 1 0 1 0 1 0 1 0 1 0 1 0 1 0 1 0,96195670744685517187020432863940467954769361200,17635872969859011484287079358389085791707716220,8259240946140752934148503639840319368597699600,5.454545454545454,11.647035287139104,2.1352898026421694,410036,3389496
24,1,100,0.01,forward,4,0x2765e4,0,0.75,18,1 1 1 1 1 1 1 1 1 1 1 1 1 1 1 1 1 1 0 0 0 0 0 0,49059792079789613765380420760609638656932374212,49059792079789613765380420760609638656932374212,24130716725077488628742121076780772576613049800,1.0,2.033084745833718,2.033084745833718,397288,3400304
24,1,100,0.01,even_odd,4,0x2765e4,0,0.75,18,1 1 1 1 1 1 1 1 1 1 1 1 1 0 1 0 1 0 1 0 1 0 1 0,49059792079789613765380420760609638656932374212,9779893192376360914013744007833947575401551722,8179085982804933309657462319362973203670889400,5.016393442622951,5.998199821218295,1.195719572203647,403996,3622898
24,1,100,0.01,forward,4,0x2765e4,0,1.0,24,1 1 1 1 1 1 1 1 1 1 1 1 1 1 1 1 1 1 1 1 1 1 1 1,1923913414893710343740408657278809359095387224,1923913414893710343740408657278809359095387224,564405111729418439495227419036272867544350604,1.0,3.4087455533465367,3.4087455533465367,417835,3513593
24,1,100,0.01,even_odd,4,0x2765e4,0,1.0,24,1 1 1 1 1 1 1 1 1 1 1 1 1 1 1 1 1 1 1 1 1 1 1 1,1923913414893710343740408657278809359095387224,1923913414893710343740408657278809359095387224,564405111729418439495227419036272867544350604,1.0,3.4087455533465367,3.4087455533465367,405365,3469808
24,1,100,0.01,forward,4,0x2765e4,1,0.0,0,1 1 1 1 1 1 1 1 1 1 1 1 1 1 1 1 1 1 1 1 1 1 1 1,1923913414893710343740408657278809359095387224,1923913414893710343740408657278809359095387224,564405111729418439495227419036272867544350604,1.0,3.4087455533465367,3.4087455533465367,411507,3328367
24,1,100,0.01,even_odd,4,0x2765e4,1,0.0,0,1 1 1 1 1 1 1 1 1 1 1 1 1 1 1 1 1 1 1 1 1 1 1 1,1923913414893710343740408657278809359095387224,1923913414893710343740408657278809359095387224,564405111729418439495227419036272867544350604,1.0,3.4087455533465367,3.4087455533465367,383188,3355124
24,1,100,0.01,forward,4,0x2765e4,1,0.25,6,2 2 2 2 2 2 1 1 1 1 1 1 1 1 1 1 1 1 1 1 1 1 1 1,1447793428379610309178388333002740376288953012,1447793428379610309178388333002740376288953012,564396850877694705136286955562487049954640404,1.0,2.5652046536548596,2.5652046536548596,375865,3440310
24,1,100,0.01,even_odd,4,0x2765e4,1,0.25,6,2 1 2 1 2 1 2 1 2 1 2 1 1 1 1 1 1 1 1 1 1 1 1 1,1447793428379610309178388333002740376288953012,1130380104036876952803708116818694387751330204,564396850877694705136286955562487049954640404,1.2808022922636104,2.5652046536548596,2.0028107922271725,439248,3456848
24,1,100,0.01,forward,4,0x2765e4,1,0.5,12,2 2 2 2 2 2 2 2 2 2 2 2 1 1 1 1 1 1 1 1 1 1 1 1,971673441865510274616368008726671393482518800,971673441865510274616368008726671393482518800,564396850877694705136286955562487049954640404,1.0,1.7216138615133285,1.7216138615133285,362822,3339417
24,1,100,0.01,even_odd,4,0x2765e4,1,0.5,12,2 1 2 1 2 1 2 1 2 1 2 1 2 1 2 1 2 1 2 1 2 1 2 1,971673441865510274616368008726671393482518800,178140131008676883679667468266556422138461780,85054392820323929391601644137286980644954698,5.454545454545454,11.424141771467998,2.0944259914357994,383793,3458529
24,1,100,0.01,forward,4,0x2765e4,1,0.75,18,2 2 2 2 2 2 2 2 2 2 2 2 2 2 2 2 2 2 1 1 1 1 1 1,495553455351410240054347684450602410676084588,495553455351410240054347684450602410676084588,403252824354833061700832947797344045518785702,1.0,1.228890228219107,1.228890228219107,386657,3455180
24,1,100,0.01,even_odd,4,0x2765e4,1,0.75,18,2 2 2 2 2 2 2 2 2 2 2 2 2 1 2 1 2 1 2 1 2 1 2 1,495553455351410240054347684450602410676084588,98786799922993544585997414220544925004056078,85054309377377225004137599051693184507684898,5.016393442622951,5.826318019380894,1.1614555528831194,430462,3486778
24,1,100,0.01,forward,4,0x2765e4,1,1.0,24,2 2 2 2 2 2 2 2 2 2 2 2 2 2 2 2 2 2 2 2 2 2 2 2,19433468837310205492327360174533427869650376,19433468837310205492327360174533427869650376,8130328773735632602633157513710920057733494,1.0,2.390243909949675,2.390243909949675,369397,3319251
24,1,100,0.01,even_odd,4,0x2765e4,1,1.0,24,2 2 2 2 2 2 2 2 2 2 2 2 2 2 2 2 2 2 2 2 2 2 2 2,19433468837310205492327360174533427869650376,19433468837310205492327360174533427869650376,8130328773735632602633157513710920057733494,1.0,2.390243909949675,2.390243909949675,374045,3410839
24,1,100,0.01,forward,4,0x2765e4,2,0.0,0,2 2 2 2 2 2 2 2 2 2 2 2 2 2 2 2 2 2 2 2 2 2 2 2,19433468837310205492327360174533427869650376,19433468837310205492327360174533427869650376,8130328773735632602633157513710920057733494,1.0,2.390243909949675,2.390243909949675,404766,3454304
24,1,100,0.01,even_odd,4,0x2765e4,2,0.0,0,2 2 2 2 2 2 2 2 2 2 2 2 2 2 2 2 2 2 2 2 2 2 2 2,19433468837310205492327360174533427869650376,19433468837310205492327360174533427869650376,8130328773735632602633157513710920057733494,1.0,2.390243909949675,2.390243909949675,395695,3318781
24,1,100,0.01,forward,4,0x2765e4,2,0.25,6,3 3 3 3 3 3 2 2 2 2 2 2 2 2 2 2 2 2 2 2 2 2 2 2,14624176044238487971498872050532731073625788,14624176044238487971498872050532731073625788,7320682687948141926148551179441796852793494,1.0,1.9976519496349576,1.9976519496349576,369404,3327702
24,1,100,0.01,even_odd,4,0x2765e4,2,0.25,6,3 2 3 2 3 2 3 2 3 2 3 2 2 2 2 2 2 2 2 2 2 2 2 2,14624176044238487971498872050532731073625788,11417980848857342957613213301198933209609396,7320350576760258026066716745696954476263294,1.2808022922636104,1.9977425795241979,1.5597587477716892,360399,3502854
24,1,100,0.01,forward,4,0x2765e4,2,0.5,12,3 3 3 3 3 3 3 3 3 3 3 3 2 2 2 2 2 2 2 2 2 2 2 2,9814883251166770450670383926532034277601200,9814883251166770450670383926532034277601200,7320350576760258026066716745696954476263294,1.0,1.3407668318954349,1.3407668318954349,376219,3477107
24,1,100,0.01,even_odd,4,0x2765e4,2,0.5,12,3 2 3 2 3 2 3 2 3 2 3 2 3 2 3 2 3 2 3 2 3 2 3 2,9814883251166770450670383926532034277601200,1799395262713907915956237053197539617560220,883673331913322946427305167269923405981204,5.454545454545454,11.106913490209847,2.0362674732051387,373683,3251610
24,1,100,0.01,forward,4,0x2765e4,2,0.75,18,3 3 3 3 3 3 3 3 3 3 3 3 3 3 3 3 3 3 2 2 2 2 2 2,5005590458095052929841895802531337481576612,5005590458095052929841895802531337481576612,4874809650914307078732353553973288309628196,1.0,1.0268278797626933,1.0268278797626933,359614,3315698
24,1,100,0.01,even_odd,4,0x2765e4,2,0.75,18,3 3 3 3 3 3 3 3 3 3 3 3 3 2 3 2 3 2 3 2 3 2 3 2,5005590458095052929841895802531337481576612,997846463868621662484822365864090151556122,875495088622540212321400052782356504921204,5.016393442622951,5.717439792804088,1.139751069807351,361796,3715725
24,1,100,0.01,forward,4,0x2765e4,2,1.0,24,3 3 3 3 3 3 3 3 3 3 3 3 3 3 3 3 3 3 3 3 3 3 3 3,196297665023335409013407678530640685552024,196297665023335409013407678530640685552024,114921749891348816986659101009852310013008,1.0,1.708098468818325,1.708098468818325,374380,3646903
24,1,100,0.01,even_odd,4,0x2765e4,2,1.0,24,3 3 3 3 3 3 3 3 3 3 3 3 3 3 3 3 3 3 3 3 3 3 3 3,196297665023335409013407678530640685552024,196297665023335409013407678530640685552024,114921749891348816986659101009852310013008,1.0,1.708098468818325,1.708098468818325,352665,3245873
24,1,100,0.01,forward,4,0x2765e4,3,0.0,0,3 3 3 3 3 3 3 3 3 3 3 3 3 3 3 3 3 3 3 3 3 3 3 3,196297665023335409013407678530640685552024,196297665023335409013407678530640685552024,114921749891348816986659101009852310013008,1.0,1.708098468818325,1.708098468818325,390298,3332392
24,1,100,0.01,even_odd,4,0x2765e4,3,0.0,0,3 3 3 3 3 3 3 3 3 3 3 3 3 3 3 3 3 3 3 3 3 3 3 3,196297665023335409013407678530640685552024,196297665023335409013407678530640685552024,114921749891348816986659101009852310013008,1.0,1.708098468818325,1.708098468818325,364319,3515329
24,1,100,0.01,forward,4,0x2765e4,3,0.25,6,4 4 4 4 4 4 3 3 3 3 3 3 3 3 3 3 3 3 3 3 3 3 3 3,147718949941802908803018909601340717915412,147718949941802908803018909601340717915412,90303585586005192340886090095525898543208,1.0,1.6358038164621413,1.6358038164621413,359400,3316271
24,1,100,0.01,even_odd,4,0x2765e4,3,0.25,6,4 3 4 3 4 3 4 3 4 3 4 3 3 3 3 3 3 3 3 3 3 3 3 3,147718949941802908803018909601340717915412,115333139887447908662759730315140739491004,82122029611915494718790175231259298408106,1.2808022922636104,1.7987737351339115,1.404411708191801,360748,3379803
24,1,100,0.01,forward,4,0x2765e4,3,0.5,12,4 4 4 4 4 4 4 4 4 4 4 4 3 3 3 3 3 3 3 3 3 3 3 3,99140234860270408592630140672040750278800,99140234860270408592630140672040750278800,82039387632379235146849812454852565073408,1.0,1.2084467927103568,1.2084467927103568,348885,3366098
24,1,100,0.01,even_odd,4,0x2765e4,3,0.5,12,4 3 4 3 4 3 4 3 4 3 4 3 4 3 4 3 4 3 4 3 4 3 4 3,99140234860270408592630140672040750278800,18175709724382908241982192456540804217780,9257278270067020913717917053972745212294,5.454545454545454,10.709436614953637,1.9633967127415,366438,3357765
24,1,100,0.01,forward,4,0x2765e4,3,0.75,18,4 4 4 4 4 4 4 4 4 4 4 4 4 4 4 4 4 4 3 3 3 3 3 3,50561519778737908382241371742740782642188,50561519778737908382241371742740782642188,49489178113309954606165684154314134906102,1.0,1.0216682051775587,1.0216682051775587,354367,3344054
24,1,100,0.01,even_odd,4,0x2765e4,3,0.75,18,4 4 4 4 4 4 4 4 4 4 4 4 4 3 4 3 4 3 4 3 4 3 4 3,50561519778737908382241371742740782642188,10079257210794158206917397634990809611678,9257278270067020913717917053972745212294,5.016393442622951,5.461812673626355,1.0887927225202862,350899,3306748
24,1,100,0.01,forward,4,0x2765e4,3,1.0,24,4 4 4 4 4 4 4 4 4 4 4 4 4 4 4 4 4 4 4 4 4 4 4 4,1982804697205408171852602813440815005576,1982804697205408171852602813440815005576,1326885395283350255677961464189109679690,1.0,1.4943300335158105,1.4943300335158105,352014,3348694
24,1,100,0.01,even_odd,4,0x2765e4,3,1.0,24,4 4 4 4 4 4 4 4 4 4 4 4 4 4 4 4 4 4 4 4 4 4 4 4,1982804697205408171852602813440815005576,1982804697205408171852602813440815005576,1326885395283350255677961464189109679690,1.0,1.4943300335158105,1.4943300335158105,348700,3330144
24,1,100,0.01,forward,5,0x5a22d4,0,0.0,0,0 0 0 0 0 0 0 0 0 0 0 0 0 0 0 0 0 0 0 0 0 0 0 0,190467428074477324030300457070602126550443335176,190467428074477324030300457070602126550443335176,31908161080089339745209508762197580844834558796,1.0,5.969238640747894,5.969238640747894,425324,3332535
24,1,100,0.01,even_odd,5,0x5a22d4,0,0.0,0,0 0 0 0 0 0 0 0 0 0 0 0 0 0 0 0 0 0 0 0 0 0 0 0,190467428074477324030300457070602126550443335176,190467428074477324030300457070602126550443335176,31908161080089339745209508762197580844834558796,1.0,5.969238640747894,5.969238640747894,416009,3382740
24,1,100,0.01,forward,5,0x5a22d4,0,0.25,6,1 1 1 1 1 1 0 0 0 0 0 0 0 0 0 0 0 0 0 0 0 0 0 0,143331549409581420608660444967271297252606348188,143331549409581420608660444967271297252606348188,31908161080089339745209508762197580844834558796,1.0,4.492002815512303,4.492002815512303,422593,3410795
24,1,100,0.01,even_odd,5,0x5a22d4,0,0.25,6,1 0 1 0 1 0 1 0 1 0 1 0 0 0 0 0 0 0 0 0 0 0 0 0,143331549409581420608660444967271297252606348188,111907630299650818327567103565050744387381690196,31908161080080824316303167696802182484068118396,1.2808022922636104,4.492002815513502,3.5071789320228466,423604,3478419
24,1,100,0.01,forward,5,0x5a22d4,0,0.5,12,1 1 1 1 1 1 1 1 1 1 1 1 0 0 0 0 0 0 0 0 0 0 0 0,96195670744685517187020432863940467954769361200,96195670744685517187020432863940467954769361200,31908161080080824316303167696802182484068118396,1.0,3.0147669902775185,3.0147669902775185,409062,3381642
24,1,100,0.01,even_odd,5,0x5a22d4,0,0.5,12,1 0 1 0 1 0 1 0 1 0 1 0 1 0 1 0 1 0 1 0 1 0 1 0,96195670744685517187020432863940467954769361200,25491852747341662054560414708944224008013880718,8178284434857290365679492004718750144031766102,3.7735849056603774,11.76232882469612,3.1170171385444716,408174,3380448
24,1,100,0.01,forward,5,0x5a22d4,0,0.75,18,1 1 1 1 1 1 1 1 1 1 1 1 1 1 1 1 1 1 0 0 0 0 0 0,49059792079789613765380420760609638656932374212,49059792079789613765380420760609638656932374212,23970398705290965107662445603106734012151288102,1.0,2.046682355306868,2.046682355306868,410020,3713188
24,1,100,0.01,even_odd,5,0x5a22d4,0,0.75,18,1 1 1 1 1 1 1 1 1 1 1 1 1 0 1 0 1 0 1 0 1 0 1 0,49059792079789613765380420760609638656932374212,9779893192376360914013744007833947575401551722,8178284434857204351246094620219806726246246502,5.016393442622951,5.998787700595084,1.195836763844118,414136,3522420
24,1,100,0.01,forward,5,0x5a22d4,0,1.0,24,1 1 1 1 1 1 1 1 1 1 1 1 1 1 1 1 1 1 1 1 1 1 1 1,1923913414893710343740408657278809359095387224,1923913414893710343740408657278809359095387224,642940617659853187201510742577011456144537106,1.0,2.9923656431853463,2.9923656431853463,404844,3463974
24,1,100,0.01,even_odd,5,0x5a22d4,0,1.0,24,1 1 1 1 1 1 1 1 1 1 1 1 1 1 1 1 1 1 1 1 1 1 1 1,1923913414893710343740408657278809359095387224,1923913414893710343740408657278809359095387224,642940617659853187201510742577011456144537106,1.0,2.9923656431853463,2.9923656431853463,420050,3384934
24,1,100,0.01,forward,5,0x5a22d4,1,0.0,0,1 1 1 1 1 1 1 1 1 1 1 1 1 1 1 1 1 1 1 1 1 1 1 1,1923913414893710343740408657278809359095387224,1923913414893710343740408657278809359095387224,642940617659853187201510742577011456144537106,1.0,2.9923656431853463,2.9923656431853463,404643,3395388
24,1,100,0.01,even_odd,5,0x5a22d4,1,0.0,0,1 1 1 1 1 1 1 1 1 1 1 1 1 1 1 1 1 1 1 1 1 1 1 1,1923913414893710343740408657278809359095387224,1923913414893710343740408657278809359095387224,642940617659853187201510742577011456144537106,1.0,2.9923656431853463,2.9923656431853463,398363,3365694
24,1,100,0.01,forward,5,0x5a22d4,1,0.25,6,2 2 2 2 2 2 1 1 1 1 1 1 1 1 1 1 1 1 1 1 1 1 1 1,1447793428379610309178388333002740376288953012,1447793428379610309178388333002740376288953012,642940617659853187201510742577011456144537106,1.0,2.251830711285942,2.251830711285942,393137,3405326
24,1,100,0.01,even_odd,5,0x5a22d4,1,0.25,6,2 1 2 1 2 1 2 1 2 1 2 1 1 1 1 1 1 1 1 1 1 1 1 1,1447793428379610309178388333002740376288953012,1130380104036876952803708116818694387751330204,483440419690778657904039587338160021461137906,1.2808022922636104,2.994771163953683,2.338199409887775,411286,3447990
24,1,100,0.01,forward,5,0x5a22d4,1,0.5,12,2 2 2 2 2 2 2 2 2 2 2 2 1 1 1 1 1 1 1 1 1 1 1 1,971673441865510274616368008726671393482518800,971673441865510274616368008726671393482518800,483440419690778657904039587338160021461137906,1.0,2.0099135328548208,2.0099135328548208,408148,3360053
24,1,100,0.01,even_odd,5,0x5a22d4,1,0.5,12,2 1 2 1 2 1 2 1 2 1 2 1 2 1 2 1 2 1 2 1 2 1 2 1,971673441865510274616368008726671393482518800,257493462094360222773337522312567919272867482,85847680759015189469442889829617673459097996,3.7735849056603774,11.318575333364159,2.999422463341502,388645,3352954
24,1,100,0.01,forward,5,0x5a22d4,1,0.75,18,2 2 2 2 2 2 2 2 2 2 2 2 2 2 2 2 2 2 1 1 1 1 1 1,495553455351410240054347684450602410676084588,495553455351410240054347684450602410676084588,401633450417595450376795821800636585271697200,1.0,1.2338450764899243,1.2338450764899243,387100,3360177
24,1,100,0.01,even_odd,5,0x5a22d4,1,0.75,18,2 2 2 2 2 2 2 2 2 2 2 2 2 1 2 1 2 1 2 1 2 1 2 1,495553455351410240054347684450602410676084588,98786799922993544585997414220544925004056078,85847680759015189469442889829617673459097996,5.016393442622951,5.7724734200157215,1.1507218255586895,380277,3323186
24,1,100,0.01,forward,5,0x5a22d4,1,1.0,24,2 2 2 2 2 2 2 2 2 2 2 2 2 2 2 2 2 2 2 2 2 2 2 2,19433468837310205492327360174533427869650376,19433468837310205492327360174533427869650376,8121983644637429554147035700958996803466592,1.0,2.3926998240314394,2.3926998240314394,411674,3347050
24,1,100,0.01,even_odd,5,0x5a22d4,1,1.0,24,2 2 2 2 2 2 2 2 2 2 2 2 2 2 2 2 2 2 2 2 2 2 2 2,19433468837310205492327360174533427869650376,19433468837310205492327360174533427869650376,8121983644637429554147035700958996803466592,1.0,2.3926998240314394,2.3926998240314394,420279,3330490
24,1,100,0.01,forward,5,0x5a22d4,2,0.0,0,2 2 2 2 2 2 2 2 2 2 2 2 2 2 2 2 2 2 2 2 2 2 2 2,19433468837310205492327360174533427869650376,19433468837310205492327360174533427869650376,8121983644637429554147035700958996803466592,1.0,2.3926998240314394,2.3926998240314394,406714,3363889
24,1,100,0.01,even_odd,5,0x5a22d4,2,0.0,0,2 2 2 2 2 2 2 2 2 2 2 2 2 2 2 2 2 2 2 2 2 2 2 2,19433468837310205492327360174533427869650376,19433468837310205492327360174533427869650376,8121983644637429554147035700958996803466592,1.0,2.3926998240314394,2.3926998240314394,397472,3357316
24,1,100,0.01,forward,5,0x5a22d4,2,0.25,6,3 3 3 3 3 3 2 2 2 2 2 2 2 2 2 2 2 2 2 2 2 2 2 2,14624176044238487971498872050532731073625788,14624176044238487971498872050532731073625788,8121983644637429554147035700958996803466592,1.0,1.8005670392963862,1.8005670392963862,404793,3367815
24,1,100,0.01,even_odd,5,0x5a22d4,2,0.25,6,3 2 3 2 3 2 3 2 3 2 3 2 2 2 2 2 2 2 2 2 2 2 2 2,14624176044238487971498872050532731073625788,11417980848857342957613213301198933209609396,6502608847599489872205632218178499642995592,1.2808022922636104,2.248970588110519,1.75590768512432,377243,3297560
24,1,100,0.01,forward,5,0x5a22d4,2,0.5,12,3 3 3 3 3 3 3 3 3 3 3 3 2 2 2 2 2 2 2 2 2 2 2 2,9814883251166770450670383926532034277601200,9814883251166770450670383926532034277601200,6502608847599489872205632218178499642995592,1.0,1.5093762336312206,1.5093762336312206,370801,3331764
24,1,100,0.01,even_odd,5,0x5a22d4,2,0.5,12,3 2 3 2 3 2 3 2 3 2 3 2 3 2 3 2 3 2 3 2 3 2 3 2,9814883251166770450670383926532034277601200,2600944061559194169427651740530989083564318,1668697089340389177405181251268981521146502,3.7735849056603774,5.881764469935311,1.5586675845328575,385042,3336433
24,1,100,0.01,forward,5,0x5a22d4,2,0.75,18,3 3 3 3 3 3 3 3 3 3 3 3 3 3 3 3 3 3 2 2 2 2 2 2,5005590458095052929841895802531337481576612,5005590458095052929841895802531337481576612,4089619816906128867146451836594978628757902,1.0,1.2239745213974125,1.2239745213974125,364994,3278903
24,1,100,0.01,even_odd,5,0x5a22d4,2,0.75,18,3 3 3 3 3 3 3 3 3 3 3 3 3 2 3 2 3 2 3 2 3 2 3 2,5005590458095052929841895802531337481576612,997846463868621662484822365864090151556122,883589037680007764119364542898691857958306,5.016393442622951,5.665066274744606,1.1293105972530098,377792,3286685
24,1,100,0.01,forward,5,0x5a22d4,2,1.0,24,3 3 3 3 3 3 3 3 3 3 3 3 3 3 3 3 3 3 3 3 3 3 3 3,196297665023335409013407678530640685552024,196297665023335409013407678530640685552024,98480985933611917436163335584984409250510,1.0,1.993254465950044,1.993254465950044,365260,3280665
24,1,100,0.01,even_odd,5,0x5a22d4,2,1.0,24,3 3 3 3 3 3 3 3 3 3 3 3 3 3 3 3 3 3 3 3 3 3 3 3,196297665023335409013407678530640685552024,196297665023335409013407678530640685552024,98480985933611917436163335584984409250510,1.0,1.993254465950044,1.993254465950044,370206,3333294
24,1,100,0.01,forward,5,0x5a22d4,3,0.0,0,3 3 3 3 3 3 3 3 3 3 3 3 3 3 3 3 3 3 3 3 3 3 3 3,196297665023335409013407678530640685552024,196297665023335409013407678530640685552024,98480985933611917436163335584984409250510,1.0,1.993254465950044,1.993254465950044,365821,3285899
24,1,100,0.01,even_odd,5,0x5a22d4,3,0.0,0,3 3 3 3 3 3 3 3 3 3 3 3 3 3 3 3 3 3 3 3 3 3 3 3,196297665023335409013407678530640685552024,196297665023335409013407678530640685552024,98480985933611917436163335584984409250510,1.0,1.993254465950044,1.993254465950044,355949,3278835
24,1,100,0.01,forward,5,0x5a22d4,3,0.25,6,4 4 4 4 4 4 3 3 3 3 3 3 3 3 3 3 3 3 3 3 3 3 3 3,147718949941802908803018909601340717915412,147718949941802908803018909601340717915412,98480985933611917436163335584984409250510,1.0,1.4999743203361442,1.4999743203361442,372063,3269757
24,1,100,0.01,even_odd,5,0x5a22d4,3,0.25,6,4 3 4 3 4 3 4 3 4 3 4 3 3 3 3 3 3 3 3 3 3 3 3 3,147718949941802908803018909601340717915412,115333139887447908662759730315140739491004,74025551810022344364185129867803925750604,1.2808022922636104,1.9955129861227618,1.5580179690309708,356371,3267655
24,1,100,0.01,forward,5,0x5a22d4,3,0.5,12,4 4 4 4 4 4 4 4 4 4 4 4 3 3 3 3 3 3 3 3 3 3 3 3,99140234860270408592630140672040750278800,99140234860270408592630140672040750278800,74025551810022344364185129867803925750604,1.0,1.3392704604850751,1.3392704604850751,374351,3201997
24,1,100,0.01,even_odd,5,0x5a22d4,3,0.5,12,4 3 4 3 4 3 4 3 4 3 4 3 4 3 4 3 4 3 4 3 4 3 4 3,99140234860270408592630140672040750278800,26272162237971658277046987278090798823882,17021594308336303207987668992243851757196,3.7735849056603774,5.824380082406066,1.5434607218376073,343582,3273036
24,1,100,0.01,forward,5,0x5a22d4,3,0.75,18,4 4 4 4 4 4 4 4 4 4 4 4 4 4 4 4 4 4 3 3 3 3 3 3,50561519778737908382241371742740782642188,50561519778737908382241371742740782642188,49159545345239948570157086571506056562310,1.0,1.0285188649254606,1.0285188649254606,361317,3211819
24,1,100,0.01,even_odd,5,0x5a22d4,3,0.75,18,4 4 4 4 4 4 4 4 4 4 4 4 4 3 4 3 4 3 4 3 4 3 4 3,50561519778737908382241371742740782642188,10079257210794158206917397634990809611678,9091209947261597685935131544630645204592,5.016393442622951,5.561583119523904,1.1086816022580332,348730,3169507
24,1,100,0.01,forward,5,0x5a22d4,3,1.0,24,4 4 4 4 4 4 4 4 4 4 4 4 4 4 4 4 4 4 4 4 4 4 4 4,1982804697205408171852602813440815005576,1982804697205408171852602813440815005576,1159991159291160390833719239084031782588,1.0,1.7093274214409075,1.7093274214409075,345932,3213720
24,1,100,0.01,even_odd,5,0x5a22d4,3,1.0,24,4 4 4 4 4 4 4 4 4 4 4 4 4 4 4 4 4 4 4 4 4 4 4 4,1982804697205408171852602813440815005576,1982804697205408171852602813440815005576,1159991159291160390833719239084031782588,1.0,1.7093274214409075,1.7093274214409075,347248,3223207
24,1,100,0.01,forward,6,0x3dd8bc,0,0.0,0,0 0 0 0 0 0 0 0 0 0 0 0 0 0 0 0 0 0 0 0 0 0 0 0,190467428074477324030300457070602126550443335176,190467428074477324030300457070602126550443335176,39922037790214454227168725876873999921092831094,1.0,4.770984614446811,4.770984614446811,421936,3497260
24,1,100,0.01,even_odd,6,0x3dd8bc,0,0.0,0,0 0 0 0 0 0 0 0 0 0 0 0 0 0 0 0 0 0 0 0 0 0 0 0,190467428074477324030300457070602126550443335176,190467428074477324030300457070602126550443335176,39922037790214454227168725876873999921092831094,1.0,4.770984614446811,4.770984614446811,424248,3540921
24,1,100,0.01,forward,6,0x3dd8bc,0,0.25,6,1 1 1 1 1 1 0 0 0 0 0 0 0 0 0 0 0 0 0 0 0 0 0 0,143331549409581420608660444967271297252606348188,143331549409581420608660444967271297252606348188,39843477830510408869739773164385685474813213094,1.0,3.5973654212440342,3.5973654212440342,434404,3496332
24,1,100,0.01,even_odd,6,0x3dd8bc,0,0.25,6,1 0 1 0 1 0 1 0 1 0 1 0 0 0 0 0 0 0 0 0 0 0 0 0,143331549409581420608660444967271297252606348188,119763610077133468897840438915605882603687854694,39843477830510408869739773164385685474813213094,1.1967871485943775,3.5973654212440342,3.005852315066324,426421,3482248
24,1,100,0.01,forward,6,0x3dd8bc,0,0.5,12,1 1 1 1 1 1 1 1 1 1 1 1 0 0 0 0 0 0 0 0 0 0 0 0,96195670744685517187020432863940467954769361200,96195670744685517187020432863940467954769361200,39843477830510408869739773164385685474813213094,1.0,2.4143392088886135,2.4143392088886135,401700,3503984
24,1,100,0.01,even_odd,6,0x3dd8bc,0,0.5,12,1 0 1 0 1 0 1 0 1 0 1 0 1 0 1 0 1 0 1 0 1 0 1 0,96195670744685517187020432863940467954769361200,41203812302306963195107085410054500440626209714,8259232684454513744285140662442754377125284004,2.3346303501945527,11.647046937634356,4.988818438286716,416527,3516177
24,1,100,0.01,forward,6,0x3dd8bc,0,0.75,18,1 1 1 1 1 1 1 1 1 1 1 1 1 1 1 1 1 1 0 0 0 0 0 0,49059792079789613765380420760609638656932374212,49059792079789613765380420760609638656932374212,39843477830510408869739773164385685474813213094,1.0,1.231312996533193,1.231312996533193,410496,3518237
24,1,100,0.01,even_odd,6,0x3dd8bc,0,0.75,18,1 1 1 1 1 1 1 1 1 1 1 1 1 0 1 0 1 0 1 0 1 0 1 0,49059792079789613765380420760609638656932374212,25491852747341662054560414708944224008013880718,8258439149508008235624242150195397665546702004,1.9245283018867925,5.940564698925259,3.08676401022587,409433,3536000
24,1,100,0.01,forward,6,0x3dd8bc,0,1.0,24,1 1 1 1 1 1 1 1 1 1 1 1 1 1 1 1 1 1 1 1 1 1 1 1,1923913414893710343740408657278809359095387224,1923913414893710343740408657278809359095387224,723103593154208487929527241457465923679112608,1.0,2.660633183278095,2.660633183278095,398018,3523906
24,1,100,0.01,even_odd,6,0x3dd8bc,0,1.0,24,1 1 1 1 1 1 1 1 1 1 1 1 1 1 1 1 1 1 1 1 1 1 1 1,1923913414893710343740408657278809359095387224,1923913414893710343740408657278809359095387224,723103593154208487929527241457465923679112608,1.0,2.660633183278095,2.660633183278095,419453,3524565
24,1,100,0.01,forward,6,0x3dd8bc,1,0.0,0,1 1 1 1 1 1 1 1 1 1 1 1 1 1 1 1 1 1 1 1 1 1 1 1,1923913414893710343740408657278809359095387224,1923913414893710343740408657278809359095387224,723103593154208487929527241457465923679112608,1.0,2.660633183278095,2.660633183278095,405114,3652287
24,1,100,0.01,even_odd,6,0x3dd8bc,1,0.0,0,1 1 1 1 1 1 1 1 1 1 1 1 1 1 1 1 1 1 1 1 1 1 1 1,1923913414893710343740408657278809359095387224,1923913414893710343740408657278809359095387224,723103593154208487929527241457465923679112608,1.0,2.660633183278095,2.660633183278095,410074,3458407
24,1,100,0.01,forward,6,0x3dd8bc,1,0.25,6,2 2 2 2 2 2 1 1 1 1 1 1 1 1 1 1 1 1 1 1 1 1 1 1,1447793428379610309178388333002740376288953012,1447793428379610309178388333002740376288953012,723103593154208487929527241457465923679112608,1.0,2.002193658123415,2.002193658123415,404609,3538508
24,1,100,0.01,even_odd,6,0x3dd8bc,1,0.25,6,2 1 2 1 2 1 2 1 2 1 2 1 1 1 1 1 1 1 1 1 1 1 1 1,1447793428379610309178388333002740376288953012,1209733435122560291897378170864705884885735906,723103593154208487929527241457465923679112608,1.1967871485943775,2.002193658123415,1.672973895546075,391243,3577706
24,1,100,0.01,forward,6,0x3dd8bc,1,0.5,12,2 2 2 2 2 2 2 2 2 2 2 2 1 1 1 1 1 1 1 1 1 1 1 1,971673441865510274616368008726671393482518800,971673441865510274616368008726671393482518800,723103593154208487929527241457465923679112608,1.0,1.343754132968735,1.343754132968735,401440,3463011
24,1,100,0.01,even_odd,6,0x3dd8bc,1,0.5,12,2 1 2 1 2 1 2 1 2 1 2 1 2 1 2 1 2 1 2 1 2 1 2 1,971673441865510274616368008726671393482518800,416200124265726900960677630404590913541678886,162779923857951154692509858717150430236681298,2.3346303501945527,5.969246199632301,2.556827122175836,391301,3455352
24,1,100,0.01,forward,6,0x3dd8bc,1,0.75,18,2 2 2 2 2 2 2 2 2 2 2 2 2 2 2 2 2 2 1 1 1 1 1 1,495553455351410240054347684450602410676084588,495553455351410240054347684450602410676084588,481812703111041004444576853686270946374943208,1.0,1.028518866670899,1.028518866670899,433010,3422411
24,1,100,0.01,even_odd,6,0x3dd8bc,1,0.75,18,2 2 2 2 2 2 2 2 2 2 2 2 2 1 2 1 2 1 2 1 2 1 2 1,495553455351410240054347684450602410676084588,257493462094360222773337522312567919272867482,162771908353440998039369469704550867493463298,1.9245283018867925,3.0444654754269473,1.5819281391924334,395859,3488024
24,1,100,0.01,forward,6,0x3dd8bc,1,1.0,24,2 2 2 2 2 2 2 2 2 2 2 2 2 2 2 2 2 2 2 2 2 2 2 2,19433468837310205492327360174533427869650376,19433468837310205492327360174533427869650376,9749534181423156279336740099422579532200890,1.0,1.9932715220732184,1.9932715220732184,359708,3226272
24,1,100,0.01,even_odd,6,0x3dd8bc,1,1.0,24,2 2 2 2 2 2 2 2 2 2 2 2 2 2 2 2 2 2 2 2 2 2 2 2,19433468837310205492327360174533427869650376,19433468837310205492327360174533427869650376,9749534181423156279336740099422579532200890,1.0,1.9932715220732184,1.9932715220732184,367817,3290882
24,1,100,0.01,forward,6,0x3dd8bc,2,0.0,0,2 2 2 2 2 2 2 2 2 2 2 2 2 2 2 2 2 2 2 2 2 2 2 2,19433468837310205492327360174533427869650376,19433468837310205492327360174533427869650376,9749534181423156279336740099422579532200890,1.0,1.9932715220732184,1.9932715220732184,372174,3229517
24,1,100,0.01,even_odd,6,0x3dd8bc,2,0.0,0,2 2 2 2 2 2 2 2 2 2 2 2 2 2 2 2 2 2 2 2 2 2 2 2,19433468837310205492327360174533427869650376,19433468837310205492327360174533427869650376,9749534181423156279336740099422579532200890,1.0,1.9932715220732184,1.9932715220732184,360462,3368600
24,1,100,0.01,forward,6,0x3dd8bc,2,0.25,6,3 3 3 3 3 3 2 2 2 2 2 2 2 2 2 2 2 2 2 2 2 2 2 2,14624176044238487971498872050532731073625788,14624176044238487971498872050532731073625788,9749534181423156279336740099422579532200890,1.0,1.4999871554995432,1.4999871554995432,391510,3448173
24,1,100,0.01,even_odd,6,0x3dd8bc,2,0.25,6,3 2 3 2 3 2 3 2 3 2 3 2 2 2 2 2 2 2 2 2 2 2 2 2,14624176044238487971498872050532731073625788,12219529647702629211084627988532382675613494,9749534181423156279336740099422579532200890,1.1967871485943775,1.4999871554995432,1.2533449722127057,390371,3470351
24,1,100,0.01,forward,6,0x3dd8bc,2,0.5,12,3 3 3 3 3 3 3 3 3 3 3 3 2 2 2 2 2 2 2 2 2 2 2 2,9814883251166770450670383926532034277601200,9814883251166770450670383926532034277601200,8105625497372644717406033287913913341550690,1.0,1.2108730232291345,1.2108730232291345,351035,3216780
24,1,100,0.01,even_odd,6,0x3dd8bc,2,0.5,12,3 2 3 2 3 2 3 2 3 2 3 2 3 2 3 2 3 2 3 2 3 2 3 2,9814883251166770450670383926532034277601200,4204041659249766676370481115197888015572514,1676876150200949865164391178713166243882404,2.3346303501945527,5.85307582196252,2.507067477073946,355073,3306077
24,1,100,0.01,forward,6,0x3dd8bc,2,0.75,18,3 3 3 3 3 3 3 3 3 3 3 3 3 3 3 3 3 3 2 2 2 2 2 2,5005590458095052929841895802531337481576612,5005590458095052929841895802531337481576612,4883237396964322203450244948937015488322094,1.0,1.0250557265978493,1.0250557265978493,377374,3437324
24,1,100,0.01,even_odd,6,0x3dd8bc,2,0.75,18,3 3 3 3 3 3 3 3 3 3 3 3 3 2 3 2 3 2 3 2 3 2 3 2,5005590458095052929841895802531337481576612,2600944061559194169427651740530989083564318,1676876150200949865164391178713166243882404,1.9245283018867925,2.985068669200885,1.5510650928200678,361916,3426731
24,1,100,0.01,forward,6,0x3dd8bc,2,1.0,24,3 3 3 3 3 3 3 3 3 3 3 3 3 3 3 3 3 3 3 3 3 3 3 3,196297665023335409013407678530640685552024,196297665023335409013407678530640685552024,114923402060007849483350268195817323786012,1.0,1.708073912751361,1.708073912751361,357461,3312723
24,1,100,0.01,even_odd,6,0x3dd8bc,2,1.0,24,3 3 3 3 3 3 3 3 3 3 3 3 3 3 3 3 3 3 3 3 3 3 3 3,196297665023335409013407678530640685552024,196297665023335409013407678530640685552024,114923402060007849483350268195817323786012,1.0,1.708073912751361,1.708073912751361,373289,3446812
24,1,100,0.01,forward,6,0x3dd8bc,3,0.0,0,3 3 3 3 3 3 3 3 3 3 3 3 3 3 3 3 3 3 3 3 3 3 3 3,196297665023335409013407678530640685552024,196297665023335409013407678530640685552024,114923402060007849483350268195817323786012,1.0,1.708073912751361,1.708073912751361,369041,3469634
24,1,100,0.01,even_odd,6,0x3dd8bc,3,0.0,0,3 3 3 3 3 3 3 3 3 3 3 3 3 3 3 3 3 3 3 3 3 3 3 3,196297665023335409013407678530640685552024,196297665023335409013407678530640685552024,114923402060007849483350268195817323786012,1.0,1.708073912751361,1.708073912751361,358876,3420835
24,1,100,0.01,forward,6,0x3dd8bc,3,0.25,6,4 4 4 4 4 4 3 3 3 3 3 3 3 3 3 3 3 3 3 3 3 3 3 3,147718949941802908803018909601340717915412,147718949941802908803018909601340717915412,114840793627056224648791908897566635135812,1.0,1.2862933568842967,1.2862933568842967,356711,3408897
24,1,100,0.01,even_odd,6,0x3dd8bc,3,0.25,6,4 3 4 3 4 3 4 3 4 3 4 3 3 3 3 3 3 3 3 3 3 3 3 3,147718949941802908803018909601340717915412,123429592401036658697824525136690734097106,106576595760287298311193482694505343416212,1.1967871485943775,1.3860355445585186,1.1581303711243998,353226,3319237
24,1,100,0.01,forward,6,0x3dd8bc,3,0.5,12,4 4 4 4 4 4 4 4 4 4 4 4 3 3 3 3 3 3 3 3 3 3 3 3,99140234860270408592630140672040750278800,99140234860270408592630140672040750278800,82205455870898939619786322524587177834208,1.0,1.2060055358851973,1.2060055358851973,347611,3337656
24,1,100,0.01,even_odd,6,0x3dd8bc,3,0.5,12,4 3 4 3 4 3 4 3 4 3 4 3 4 3 4 3 4 3 4 3 4 3 4 3,99140234860270408592630140672040750278800,42465067265149158347176576921190788036086,25034595444911475945816220869157734443298,2.3346303501945527,3.9601292970133306,1.6962553822207098,354684,3422768
24,1,100,0.01,forward,6,0x3dd8bc,3,0.75,18,4 4 4 4 4 4 4 4 4 4 4 4 4 4 4 4 4 4 3 3 3 3 3 3,50561519778737908382241371742740782642188,50561519778737908382241371742740782642188,49656081119299722307101591827850835882404,1.0,1.0182341948665432,1.0182341948665432,343677,3398617
24,1,100,0.01,even_odd,6,0x3dd8bc,3,0.75,18,4 4 4 4 4 4 4 4 4 4 4 4 4 3 4 3 4 3 4 3 4 3 4 3,50561519778737908382241371742740782642188,26272162237971658277046987278090798823882,25034595444911475945816220869157734443298,1.9245283018867925,2.0196659414767986,1.0494342637085325,344285,3388629
24,1,100,0.01,forward,6,0x3dd8bc,3,1.0,24,4 4 4 4 4 4 4 4 4 4 4 4 4 4 4 4 4 4 4 4 4 4 4 4,1982804697205408171852602813440815005576,1982804697205408171852602813440815005576,1573892954094865240788724287099906187086,1.0,1.2598091198303287,1.2598091198303287,348904,3342578
24,1,100,0.01,even_odd,6,0x3dd8bc,3,1.0,24,4 4 4 4 4 4 4 4 4 4 4 4 4 4 4 4 4 4 4 4 4 4 4 4,1982804697205408171852602813440815005576,1982804697205408171852602813440815005576,1573892954094865240788724287099906187086,1.0,1.2598091198303287,1.2598091198303287,350466,3396910
24,1,100,0.01,forward,7,0x331dc0,0,0.0,0,0 0 0 0 0 0 0 0 0 0 0 0 0 0 0 0 0 0 0 0 0 0 0 0,190467428074477324030300457070602126550443335176,190467428074477324030300457070602126550443335176,55794323546530593833016606908208160749346389396,1.0,3.4137420434111703,3.4137420434111703,429004,3616139
24,1,100,0.01,even_odd,7,0x331dc0,0,0.0,0,0 0 0 0 0 0 0 0 0 0 0 0 0 0 0 0 0 0 0 0 0 0 0 0,190467428074477324030300457070602126550443335176,190467428074477324030300457070602126550443335176,55794323546530593833016606908208160749346389396,1.0,3.4137420434111703,3.4137420434111703,420865,3599045
24,1,100,0.01,forward,7,0x331dc0,0,0.25,6,1 1 1 1 1 1 0 0 0 0 0 0 0 0 0 0 0 0 0 0 0 0 0 0,143331549409581420608660444967271297252606348188,143331549409581420608660444967271297252606348188,32308166646156040847582673874566300987283566102,1.0,4.436387585200063,4.436387585200063,424052,3610818
24,1,100,0.01,even_odd,7,0x331dc0,0,0.25,6,1 0 1 0 1 0 1 0 1 0 1 0 0 0 0 0 0 0 0 0 0 0 0 0,143331549409581420608660444967271297252606348188,111907630299650818327567103565050744387381690196,32147857297785323982136796818997437523749667796,1.2808022922636104,4.458510191889386,3.4810292102223612,428376,3625455
24,1,100,0.01,forward,7,0x331dc0,0,0.5,12,1 1 1 1 1 1 1 1 1 1 1 1 0 0 0 0 0 0 0 0 0 0 0 0,96195670744685517187020432863940467954769361200,96195670744685517187020432863940467954769361200,32147857297785323982136796818997437523749667796,1.0,2.992288719388849,2.992288719388849,417953,3618667
24,1,100,0.01,even_odd,7,0x331dc0,0,0.5,12,1 0 1 0 1 0 1 0 1 0 1 0 1 0 1 0 1 0 1 0 1 0 1 0,96195670744685517187020432863940467954769361200,49059792079789613765380420760609638656932374212,8419558803205181821111886935486533779430875502,1.9607843137254901,11.425262652487856,5.8268839527688066,403967,3606683
24,1,100,0.01,forward,7,0x331dc0,0,0.75,18,1 1 1 1 1 1 1 1 1 1 1 1 1 1 1 1 1 1 0 0 0 0 0 0,49059792079789613765380420760609638656932374212,49059792079789613765380420760609638656932374212,24132344278977277105097778762795572905047677196,1.0,2.0329476288189583,2.0329476288189583,407674,3631045
24,1,100,0.01,even_odd,7,0x331dc0,0,0.75,18,1 1 1 1 1 1 1 1 1 1 1 1 1 0 1 0 1 0 1 0 1 0 1 0,49059792079789613765380420760609638656932374212,25491852747341662054560414708944224008013880718,8180705608773411418577747439635920413515757102,1.9245283018867925,5.997012290379373,3.1160946214716345,405234,3621856
24,1,100,0.01,forward,7,0x331dc0,0,1.0,24,1 1 1 1 1 1 1 1 1 1 1 1 1 1 1 1 1 1 1 1 1 1 1 1,1923913414893710343740408657278809359095387224,1923913414893710343740408657278809359095387224,725540874054071888301992364253725127790096706,1.0,2.6516954229519096,2.6516954229519096,404414,3540076
24,1,100,0.01,even_odd,7,0x331dc0,0,1.0,24,1 1 1 1 1 1 1 1 1 1 1 1 1 1 1 1 1 1 1 1 1 1 1 1,1923913414893710343740408657278809359095387224,1923913414893710343740408657278809359095387224,725540874054071888301992364253725127790096706,1.0,2.6516954229519096,2.6516954229519096,398603,3536793
24,1,100,0.01,forward,7,0x331dc0,1,0.0,0,1 1 1 1 1 1 1 1 1 1 1 1 1 1 1 1 1 1 1 1 1 1 1 1,1923913414893710343740408657278809359095387224,1923913414893710343740408657278809359095387224,725540874054071888301992364253725127790096706,1.0,2.6516954229519096,2.6516954229519096,444248,3612723
24,1,100,0.01,even_odd,7,0x331dc0,1,0.0,0,1 1 1 1 1 1 1 1 1 1 1 1 1 1 1 1 1 1 1 1 1 1 1 1,1923913414893710343740408657278809359095387224,1923913414893710343740408657278809359095387224,725540874054071888301992364253725127790096706,1.0,2.6516954229519096,2.6516954229519096,400750,3550205
24,1,100,0.01,forward,7,0x331dc0,1,0.25,6,2 2 2 2 2 2 1 1 1 1 1 1 1 1 1 1 1 1 1 1 1 1 1 1,1447793428379610309178388333002740376288953012,1447793428379610309178388333002740376288953012,648608547495161774875205581846474721657659200,1.0,2.23215286627164,2.23215286627164,396666,3567058
24,1,100,0.01,even_odd,7,0x331dc0,1,0.25,6,2 1 2 1 2 1 2 1 2 1 2 1 1 1 1 1 1 1 1 1 1 1 1 1,1447793428379610309178388333002740376288953012,1130380104036876952803708116818694387751330204,566016390883081398957999317128320404642408106,1.2808022922636104,2.557864845787959,1.9970801592393688,400431,3650648
24,1,100,0.01,forward,7,0x331dc0,1,0.5,12,2 2 2 2 2 2 2 2 2 2 2 2 1 1 1 1 1 1 1 1 1 1 1 1,971673441865510274616368008726671393482518800,971673441865510274616368008726671393482518800,566016390883081398957999317128320404642408106,1.0,1.7166878159650734,1.7166878159650734,396550,3542785
24,1,100,0.01,even_odd,7,0x331dc0,1,0.5,12,2 1 2 1 2 1 2 1 2 1 2 1 2 1 2 1 2 1 2 1 2 1 2 1,971673441865510274616368008726671393482518800,495553455351410240054347684450602410676084588,164399379602907397892780023091330020158960000,1.9607843137254901,5.910444700049989,3.014326797025494,395869,3530811
24,1,100,0.01,forward,7,0x331dc0,1,0.75,18,2 2 2 2 2 2 2 2 2 2 2 2 2 2 2 2 2 2 1 1 1 1 1 1,495553455351410240054347684450602410676084588,495553455351410240054347684450602410676084588,403269264293214763482203227454059200351458706,1.0,1.2288401304769316,1.2288401304769316,396729,3554440
24,1,100,0.01,even_odd,7,0x331dc0,1,0.75,18,2 2 2 2 2 2 2 2 2 2 2 2 2 1 2 1 2 1 2 1 2 1 2 1,495553455351410240054347684450602410676084588,257493462094360222773337522312567919272867482,85070668367330625951831663309933925464126996,1.9245283018867925,5.825197625245363,3.0268183739020027,391931,3614111
24,1,100,0.01,forward,7,0x331dc0,1,1.0,24,2 2 2 2 2 2 2 2 2 2 2 2 2 2 2 2 2 2 2 2 2 2 2 2,19433468837310205492327360174533427869650376,19433468837310205492327360174533427869650376,10575703614313917111959490729048946718397192,1.0,1.837558005219393,1.837558005219393,385484,3551847
24,1,100,0.01,even_odd,7,0x331dc0,1,1.0,24,2 2 2 2 2 2 2 2 2 2 2 2 2 2 2 2 2 2 2 2 2 2 2 2,19433468837310205492327360174533427869650376,19433468837310205492327360174533427869650376,10575703614313917111959490729048946718397192,1.0,1.837558005219393,1.837558005219393,395551,3540872
24,1,100,0.01,forward,7,0x331dc0,2,0.0,0,2 2 2 2 2 2 2 2 2 2 2 2 2 2 2 2 2 2 2 2 2 2 2 2,19433468837310205492327360174533427869650376,19433468837310205492327360174533427869650376,10575703614313917111959490729048946718397192,1.0,1.837558005219393,1.837558005219393,388331,3499173
24,1,100,0.01,even_odd,7,0x331dc0,2,0.0,0,2 2 2 2 2 2 2 2 2 2 2 2 2 2 2 2 2 2 2 2 2 2 2 2,19433468837310205492327360174533427869650376,19433468837310205492327360174533427869650376,10575703614313917111959490729048946718397192,1.0,1.837558005219393,1.837558005219393,393442,3543246
24,1,100,0.01,forward,7,0x331dc0,2,0.25,6,3 3 3 3 3 3 2 2 2 2 2 2 2 2 2 2 2 2 2 2 2 2 2 2,14624176044238487971498872050532731073625788,14624176044238487971498872050532731073625788,8988963312432095838507562079028666646015098,1.0,1.626903518897743,1.626903518897743,397750,3501492
24,1,100,0.01,even_odd,7,0x331dc0,2,0.25,6,3 2 3 2 3 2 3 2 3 2 3 2 2 2 2 2 2 2 2 2 2 2 2 2,14624176044238487971498872050532731073625788,11417980848857342957613213301198933209609396,7328531331851448115139503433410877256335592,1.2808022922636104,1.9955125224993615,1.5580176070520741,393019,3513648
24,1,100,0.01,forward,7,0x331dc0,2,0.5,12,3 3 3 3 3 3 3 3 3 3 3 3 2 2 2 2 2 2 2 2 2 2 2 2,9814883251166770450670383926532034277601200,9814883251166770450670383926532034277601200,7328531331851448115139503433410877256335592,1.0,1.3392701493284305,1.3392701493284305,386192,3519262
24,1,100,0.01,even_odd,7,0x331dc0,2,0.5,12,3 2 3 2 3 2 3 2 3 2 3 2 3 2 3 2 3 2 3 2 3 2 3 2,9814883251166770450670383926532034277601200,5005590458095052929841895802531337481576612,2462148592814047848347980577144863811044098,1.9607843137254901,3.986308251180368,2.0330172081019877,386336,3573810
24,1,100,0.01,forward,7,0x331dc0,2,0.75,18,3 3 3 3 3 3 3 3 3 3 3 3 3 3 3 3 3 3 2 2 2 2 2 2,5005590458095052929841895802531337481576612,5005590458095052929841895802531337481576612,4874975710897960632079528095960310075614792,1.0,1.0267929021482312,1.0267929021482312,376588,3523577
24,1,100,0.01,even_odd,7,0x331dc0,2,0.75,18,3 3 3 3 3 3 3 3 3 3 3 3 3 2 3 2 3 2 3 2 3 2 3 2,5005590458095052929841895802531337481576612,2600944061559194169427651740530989083564318,1660848479323373384297997145009549723217502,1.9245283018867925,3.0138754500556977,1.5660333220877645,369613,3514991
24,1,100,0.01,forward,7,0x331dc0,2,1.0,24,3 3 3 3 3 3 3 3 3 3 3 3 3 3 3 3 3 3 3 3 3 3 3 3,196297665023335409013407678530640685552024,196297665023335409013407678530640685552024,131444262566003300146676544252972546939510,1.0,1.4933908958161386,1.4933908958161386,377464,3592435
24,1,100,0.01,even_odd,7,0x331dc0,2,1.0,24,3 3 3 3 3 3 3 3 3 3 3 3 3 3 3 3 3 3 3 3 3 3 3 3,196297665023335409013407678530640685552024,196297665023335409013407678530640685552024,131444262566003300146676544252972546939510,1.0,1.4933908958161386,1.4933908958161386,371416,3486577
24,1,100,0.01,forward,7,0x331dc0,3,0.0,0,3 3 3 3 3 3 3 3 3 3 3 3 3 3 3 3 3 3 3 3 3 3 3 3,196297665023335409013407678530640685552024,196297665023335409013407678530640685552024,131444262566003300146676544252972546939510,1.0,1.4933908958161386,1.4933908958161386,362483,3656248
24,1,100,0.01,even_odd,7,0x331dc0,3,0.0,0,3 3 3 3 3 3 3 3 3 3 3 3 3 3 3 3 3 3 3 3 3 3 3 3,196297665023335409013407678530640685552024,196297665023335409013407678530640685552024,131444262566003300146676544252972546939510,1.0,1.4933908958161386,1.4933908958161386,372739,3631467
24,1,100,0.01,forward,7,0x331dc0,3,0.25,6,4 4 4 4 4 4 3 3 3 3 3 3 3 3 3 3 3 3 3 3 3 3 3 3,147718949941802908803018909601340717915412,147718949941802908803018909601340717915412,115333139887447908662759730315140739491004,1.0,1.2808022922636104,1.2808022922636104,465781,3840856
24,1,100,0.01,even_odd,7,0x331dc0,3,0.25,6,4 3 4 3 4 3 4 3 4 3 4 3 3 3 3 3 3 3 3 3 3 3 3 3,147718949941802908803018909601340717915412,115333139887447908662759730315140739491004,82122021522189236046574930512568956791310,1.2808022922636104,1.7987739123286133,1.4044118465384474,362736,3704407
24,1,100,0.01,forward,7,0x331dc0,3,0.5,12,4 4 4 4 4 4 4 4 4 4 4 4 3 3 3 3 3 3 3 3 3 3 3 3,99140234860270408592630140672040750278800,99140234860270408592630140672040750278800,82122021522189236046574930512568956791310,1.0,1.2072308136433645,1.2072308136433645,373134,3557893
24,1,100,0.01,even_odd,7,0x331dc0,3,0.5,12,4 3 4 3 4 3 4 3 4 3 4 3 4 3 4 3 4 3 4 3 4 3 4 3,99140234860270408592630140672040750278800,50561519778737908382241371742740782642188,25037107331350463722133072811493302349800,1.9607843137254901,3.959731990928959,2.0194633153737693,375414,3600325
24,1,100,0.01,forward,7,0x331dc0,3,0.75,18,4 4 4 4 4 4 4 4 4 4 4 4 4 4 4 4 4 4 3 3 3 3 3 3,50561519778737908382241371742740782642188,50561519778737908382241371742740782642188,49572646770590018733890199815832614839506,1.0,1.0199479566367347,1.0199479566367347,373521,3470977
24,1,100,0.01,even_odd,7,0x331dc0,3,0.75,18,4 4 4 4 4 4 4 4 4 4 4 4 4 3 4 3 4 3 4 3 4 3 4 3,50561519778737908382241371742740782642188,26272162237971658277046987278090798823882,17023272018990801421205469119096272887702,1.9245283018867925,2.970141094046582,1.543308607690871,381779,3408254
24,1,100,0.01,forward,7,0x331dc0,3,1.0,24,4 4 4 4 4 4 4 4 4 4 4 4 4 4 4 4 4 4 4 4 4 4 4 4,1982804697205408171852602813440815005576,1982804697205408171852602813440815005576,1492110605472756654575948581831724423388,1.0,1.3288590604026846,1.3288590604026846,349737,3419341
24,1,100,0.01,even_odd,7,0x331dc0,3,1.0,24,4 4 4 4 4 4 4 4 4 4 4 4 4 4 4 4 4 4 4 4 4 4 4 4,1982804697205408171852602813440815005576,1982804697205408171852602813440815005576,1492110605472756654575948581831724423388,1.0,1.3288590604026846,1.3288590604026846,357902,3470014
24,1,100,0.01,forward,8,0x219398,0,0.0,0,0 0 0 0 0 0 0 0 0 0 0 0 0 0 0 0 0 0 0 0 0 0 0 0,190467428074477324030300457070602126550443335176,190467428074477324030300457070602126550443335176,39923640889472827167673301384833994955467592294,1.0,4.770793039687427,4.770793039687427,421687,3601601
24,1,100,0.01,even_odd,8,0x219398,0,0.0,0,0 0 0 0 0 0 0 0 0 0 0 0 0 0 0 0 0 0 0 0 0 0 0 0,190467428074477324030300457070602126550443335176,190467428074477324030300457070602126550443335176,39923640889472827167673301384833994955467592294,1.0,4.770793039687427,4.770793039687427,415666,3552619
24,1,100,0.01,forward,8,0x219398,0,0.25,6,1 1 1 1 1 1 0 0 0 0 0 0 0 0 0 0 0 0 0 0 0 0 0 0,143331549409581420608660444967271297252606348188,143331549409581420608660444967271297252606348188,39923640889472827167673301384833994955467592294,1.0,3.590142236936498,3.590142236936498,435728,3661865
24,1,100,0.01,even_odd,8,0x219398,0,0.25,6,1 0 1 0 1 0 1 0 1 0 1 0 0 0 0 0 0 0 0 0 0 0 0 0,143331549409581420608660444967271297252606348188,111907630299650818327567103565050744387381690196,39923640889472827167673301384833994955467592294,1.2808022922636104,3.590142236936498,2.8030417017692124,429237,3567664
24,1,100,0.01,forward,8,0x219398,0,0.5,12,1 1 1 1 1 1 1 1 1 1 1 1 0 0 0 0 0 0 0 0 0 0 0 0,96195670744685517187020432863940467954769361200,96195670744685517187020432863940467954769361200,39923640889472827167673301384833994955467592294,1.0,2.4094914341855693,2.4094914341855693,425516,3558896
24,1,100,0.01,even_odd,8,0x219398,0,0.5,12,1 0 1 0 1 0 1 0 1 0 1 0 1 0 1 0 1 0 1 0 1 0 1 0,96195670744685517187020432863940467954769361200,33347832524824312624833750059499362224320045216,8259248877376315491158924253432249276462402804,2.8846153846153846,11.64702410266194,4.037635022256139,416187,3595139
24,1,100,0.01,forward,8,0x219398,0,0.75,18,1 1 1 1 1 1 1 1 1 1 1 1 1 1 1 1 1 1 0 0 0 0 0 0,49059792079789613765380420760609638656932374212,49059792079789613765380420760609638656932374212,16274736865829178025873071126766743936503382804,1.0,3.0144752867124205,3.0144752867124205,415946,3816824
24,1,100,0.01,even_odd,8,0x219398,0,0.75,18,1 1 1 1 1 1 1 1 1 1 1 1 1 0 1 0 1 0 1 0 1 0 1 0,49059792079789613765380420760609638656932374212,17635872969859011484287079358389085791707716220,8259248877376315491158924253432249276462402804,2.7818181818181817,5.939982292357589,2.135287752154689,419783,3672753
24,1,100,0.01,forward,8,0x219398,0,1.0,24,1 1 1 1 1 1 1 1 1 1 1 1 1 1 1 1 1 1 1 1 1 1 1 1,1923913414893710343740408657278809359095387224,1923913414893710343740408657278809359095387224,643758441980757448634674192505609848421673408,1.0,2.988564171638805,2.988564171638805,431061,3552886
24,1,100,0.01,even_odd,8,0x219398,0,1.0,24,1 1 1 1 1 1 1 1 1 1 1 1 1 1 1 1 1 1 1 1 1 1 1 1,1923913414893710343740408657278809359095387224,1923913414893710343740408657278809359095387224,643758441980757448634674192505609848421673408,1.0,2.988564171638805,2.988564171638805,415733,3546352
24,1,100,0.01,forward,8,0x219398,1,0.0,0,1 1 1 1 1 1 1 1 1 1 1 1 1 1 1 1 1 1 1 1 1 1 1 1,1923913414893710343740408657278809359095387224,1923913414893710343740408657278809359095387224,643758441980757448634674192505609848421673408,1.0,2.988564171638805,2.988564171638805,419528,3618723
24,1,100,0.01,even_odd,8,0x219398,1,0.0,0,1 1 1 1 1 1 1 1 1 1 1 1 1 1 1 1 1 1 1 1 1 1 1 1,1923913414893710343740408657278809359095387224,1923913414893710343740408657278809359095387224,643758441980757448634674192505609848421673408,1.0,2.988564171638805,2.988564171638805,406602,3517384
24,1,100,0.01,forward,8,0x219398,1,0.25,6,2 2 2 2 2 2 1 1 1 1 1 1 1 1 1 1 1 1 1 1 1 1 1 1,1447793428379610309178388333002740376288953012,1447793428379610309178388333002740376288953012,643758441980757448634674192505609848421673408,1.0,2.248970007950414,2.248970007950414,400124,3591770
24,1,100,0.01,even_odd,8,0x219398,1,0.25,6,2 1 2 1 2 1 2 1 2 1 2 1 1 1 1 1 1 1 1 1 1 1 1 1,1447793428379610309178388333002740376288953012,1130380104036876952803708116818694387751330204,643758441980757448634674192505609848421673408,1.2808022922636104,2.248970007950414,1.7559072321581533,408098,3491005
24,1,100,0.01,forward,8,0x219398,1,0.5,12,2 2 2 2 2 2 2 2 2 2 2 2 1 1 1 1 1 1 1 1 1 1 1 1,971673441865510274616368008726671393482518800,971673441865510274616368008726671393482518800,643758441980757448634674192505609848421673408,1.0,1.5093758442620229,1.5093758442620229,395265,3521030
24,1,100,0.01,even_odd,8,0x219398,1,0.5,12,2 1 2 1 2 1 2 1 2 1 2 1 2 1 2 1 2 1 2 1 2 1 2 1,971673441865510274616368008726671393482518800,336846793180043561867007576358579416407273184,85855941610741495140484944879401495603311494,2.8846153846153846,11.31748628733161,3.9233952462749584,390824,3534119
24,1,100,0.01,forward,8,0x219398,1,0.75,18,2 2 2 2 2 2 2 2 2 2 2 2 2 2 2 2 2 2 1 1 1 1 1 1,495553455351410240054347684450602410676084588,495553455351410240054347684450602410676084588,243744612558705339355014206841635173260702498,1.0,2.0330847527227185,2.0330847527227185,396680,3502952
24,1,100,0.01,even_odd,8,0x219398,1,0.75,18,2 2 2 2 2 2 2 2 2 2 2 2 2 1 2 1 2 1 2 1 2 1 2 1,495553455351410240054347684450602410676084588,178140131008676883679667468266556422138461780,85855941610741495140484944879401495603311494,2.7818181818181817,5.771918006539122,2.074872486010795,415979,3580807
24,1,100,0.01,forward,8,0x219398,1,1.0,24,2 2 2 2 2 2 2 2 2 2 2 2 2 2 2 2 2 2 2 2 2 2 2 2,19433468837310205492327360174533427869650376,19433468837310205492327360174533427869650376,8948151442216675105242350251320896425270290,1.0,2.1717858669249415,2.1717858669249415,405519,3525540
24,1,100,0.01,even_odd,8,0x219398,1,1.0,24,2 2 2 2 2 2 2 2 2 2 2 2 2 2 2 2 2 2 2 2 2 2 2 2,19433468837310205492327360174533427869650376,19433468837310205492327360174533427869650376,8948151442216675105242350251320896425270290,1.0,2.1717858669249415,2.1717858669249415,394520,3536318
24,1,100,0.01,forward,8,0x219398,2,0.0,0,2 2 2 2 2 2 2 2 2 2 2 2 2 2 2 2 2 2 2 2 2 2 2 2,19433468837310205492327360174533427869650376,19433468837310205492327360174533427869650376,8948151442216675105242350251320896425270290,1.0,2.1717858669249415,2.1717858669249415,414014,3517755
24,1,100,0.01,even_odd,8,0x219398,2,0.0,0,2 2 2 2 2 2 2 2 2 2 2 2 2 2 2 2 2 2 2 2 2 2 2 2,19433468837310205492327360174533427869650376,19433468837310205492327360174533427869650376,8948151442216675105242350251320896425270290,1.0,2.1717858669249415,2.1717858669249415,368651,3337735
24,1,100,0.01,forward,8,0x219398,2,0.25,6,3 3 3 3 3 3 2 2 2 2 2 2 2 2 2 2 2 2 2 2 2 2 2 2,14624176044238487971498872050532731073625788,14624176044238487971498872050532731073625788,8948151442216675105242350251320896425270290,1.0,1.6343237079384658,1.6343237079384658,361685,3456030
24,1,100,0.01,even_odd,8,0x219398,2,0.25,6,3 2 3 2 3 2 3 2 3 2 3 2 2 2 2 2 2 2 2 2 2 2 2 2,14624176044238487971498872050532731073625788,11417980848857342957613213301198933209609396,8113804575262317303792785002878447395520090,1.2808022922636104,1.8023820895101719,1.407228969214877,417283,3494106
24,1,100,0.01,forward,8,0x219398,2,0.5,12,3 3 3 3 3 3 3 3 3 3 3 3 2 2 2 2 2 2 2 2 2 2 2 2,9814883251166770450670383926532034277601200,9814883251166770450670383926532034277601200,8113804575262317303792785002878447395520090,1.0,1.2096524090672294,1.2096524090672294,398932,3417605
24,1,100,0.01,even_odd,8,0x219398,2,0.5,12,3 2 3 2 3 2 3 2 3 2 3 2 3 2 3 2 3 2 3 2 3 2 3 2,9814883251166770450670383926532034277601200,3402492860404480422899066427864438549568416,1660517994676989901629738917127511880063604,2.8846153846153846,5.910735856298864,2.0490550968502728,384428,3261757
24,1,100,0.01,forward,8,0x219398,2,0.75,18,3 3 3 3 3 3 3 3 3 3 3 3 3 3 3 3 3 3 2 2 2 2 2 2,5005590458095052929841895802531337481576612,5005590458095052929841895802531337481576612,3263615592367562408572568291794410812071800,1.0,1.5337561414406007,1.5337561414406007,362777,3472482
24,1,100,0.01,even_odd,8,0x219398,2,0.75,18,3 3 3 3 3 3 3 3 3 3 3 3 3 2 3 2 3 2 3 2 3 2 3 2,5005590458095052929841895802531337481576612,1799395262713907915956237053197539617560220,1660517994676989901629738917127511880063604,2.7818181818181817,3.0144752867124205,1.083634906988125,388378,3396053
24,1,100,0.01,forward,8,0x219398,2,1.0,24,3 3 3 3 3 3 3 3 3 3 3 3 3 3 3 3 3 3 3 3 3 3 3 3,196297665023335409013407678530640685552024,196297665023335409013407678530640685552024,115006010492959474317908627494068012436212,1.0,1.70684700896874,1.70684700896874,354032,3229747
24,1,100,0.01,even_odd,8,0x219398,2,1.0,24,3 3 3 3 3 3 3 3 3 3 3 3 3 3 3 3 3 3 3 3 3 3 3 3,196297665023335409013407678530640685552024,196297665023335409013407678530640685552024,115006010492959474317908627494068012436212,1.0,1.70684700896874,1.70684700896874,367949,3263469
24,1,100,0.01,forward,8,0x219398,3,0.0,0,3 3 3 3 3 3 3 3 3 3 3 3 3 3 3 3 3 3 3 3 3 3 3 3,196297665023335409013407678530640685552024,196297665023335409013407678530640685552024,115006010492959474317908627494068012436212,1.0,1.70684700896874,1.70684700896874,369202,3493892
24,1,100,0.01,even_odd,8,0x219398,3,0.0,0,3 3 3 3 3 3 3 3 3 3 3 3 3 3 3 3 3 3 3 3 3 3 3 3,196297665023335409013407678530640685552024,196297665023335409013407678530640685552024,115006010492959474317908627494068012436212,1.0,1.70684700896874,1.70684700896874,349403,3262319
24,1,100,0.01,forward,8,0x219398,3,0.25,6,4 4 4 4 4 4 3 3 3 3 3 3 3 3 3 3 3 3 3 3 3 3 3 3,147718949941802908803018909601340717915412,147718949941802908803018909601340717915412,106660055478998347093133782028377225776612,1.0,1.384950994806947,1.384950994806947,373249,3295674
24,1,100,0.01,even_odd,8,0x219398,3,0.25,6,4 3 4 3 4 3 4 3 4 3 4 3 3 3 3 3 3 3 3 3 3 3 3 3,147718949941802908803018909601340717915412,115333139887447908662759730315140739491004,90054074485935389467315148385978756177012,1.2808022922636104,1.640336106778529,1.280709846232006,342328,3450922
24,1,100,0.01,forward,8,0x219398,3,0.5,12,4 4 4 4 4 4 4 4 4 4 4 4 3 3 3 3 3 3 3 3 3 3 3 3,99140234860270408592630140672040750278800,99140234860270408592630140672040750278800,90054074485935389467315148385978756177012,1.0,1.1008967159587442,1.1008967159587442,357811,3446838
24,1,100,0.01,even_odd,8,0x219398,3,0.5,12,4 3 4 3 4 3 4 3 4 3 4 3 4 3 4 3 4 3 4 3 4 3 4 3,99140234860270408592630140672040750278800,34368614751560408312111782099640793429984,17105888543371426721006270619665737240494,2.8846153846153846,5.795678757575414,2.0091686359594765,354093,3355500
24,1,100,0.01,forward,8,0x219398,3,0.75,18,4 4 4 4 4 4 4 4 4 4 4 4 4 4 4 4 4 4 3 3 3 3 3 3,50561519778737908382241371742740782642188,50561519778737908382241371742740782642188,41062266577907562242868514940685457354302,1.0,1.231337770476147,1.231337770476147,342448,3365199
24,1,100,0.01,even_odd,8,0x219398,3,0.75,18,4 4 4 4 4 4 4 4 4 4 4 4 4 3 4 3 4 3 4 3 4 3 4 3,50561519778737908382241371742740782642188,18175709724382908241982192456540804217780,17020759794574940872475552810417451450294,2.7818181818181817,2.970579479939167,1.067855368605583,366310,3375858
24,1,100,0.01,forward,8,0x219398,3,1.0,24,4 4 4 4 4 4 4 4 4 4 4 4 4 4 4 4 4 4 4 4 4 4 4 4,1982804697205408171852602813440815005576,1982804697205408171852602813440815005576,1491284521143240406230364988849217536886,1.0,1.3295951705348361,1.3295951705348361,332381,3188155
24,1,100,0.01,even_odd,8,0x219398,3,1.0,24,4 4 4 4 4 4 4 4 4 4 4 4 4 4 4 4 4 4 4 4 4 4 4 4,1982804697205408171852602813440815005576,1982804697205408171852602813440815005576,1491284521143240406230364988849217536886,1.0,1.3295951705348361,1.3295951705348361,338035,3293810
24,1,100,0.01,forward,9,0x272056,0,0.0,0,0 0 0 0 0 0 0 0 0 0 0 0 0 0 0 0 0 0 0 0 0 0 0 0,190467428074477324030300457070602126550443335176,190467428074477324030300457070602126550443335176,55715788123216850334631340050822318316750963694,1.0,3.41855395912652,3.41855395912652,426004,3429816
24,1,100,0.01,even_odd,9,0x272056,0,0.0,0,0 0 0 0 0 0 0 0 0 0 0 0 0 0 0 0 0 0 0 0 0 0 0 0,190467428074477324030300457070602126550443335176,190467428074477324030300457070602126550443335176,55715788123216850334631340050822318316750963694,1.0,3.41855395912652,3.41855395912652,405025,3413989
24,1,100,0.01,forward,9,0x272056,0,0.25,6,1 1 1 1 1 1 0 0 0 0 0 0 0 0 0 0 0 0 0 0 0 0 0 0,143331549409581420608660444967271297252606348188,143331549409581420608660444967271297252606348188,55715788123216850334631340050822318316750963694,1.0,2.5725481813628863,2.5725481813628863,389613,3313658
24,1,100,0.01,even_odd,9,0x272056,0,0.25,6,1 0 1 0 1 0 1 0 1 0 1 0 0 0 0 0 0 0 0 0 0 0 0 0,143331549409581420608660444967271297252606348188,111907630299650818327567103565050744387381690196,32066900374243805837149344753505417404429682404,1.2808022922636104,4.469766261684138,3.4898175063260943,403432,3266799
24,1,100,0.01,forward,9,0x272056,0,0.5,12,1 1 1 1 1 1 1 1 1 1 1 1 0 0 0 0 0 0 0 0 0 0 0 0,96195670744685517187020432863940467954769361200,96195670744685517187020432863940467954769361200,32066900374243805837149344753505417404429682404,1.0,2.9998431286470724,2.9998431286470724,411015,3255576
24,1,100,0.01,even_odd,9,0x272056,0,0.5,12,1 0 1 0 1 0 1 0 1 0 1 0 1 0 1 0 1 0 1 0 1 0 1 0,96195670744685517187020432863940467954769361200,33347832524824312624833750059499362224320045216,8418765516101002593855470098543242441727891404,2.8846153846153846,11.426339237113803,3.961130935532785,375960,3309630
24,1,100,0.01,forward,9,0x272056,0,0.75,18,1 1 1 1 1 1 1 1 1 1 1 1 1 1 1 1 1 1 0 0 0 0 0 0,49059792079789613765380420760609638656932374212,49059792079789613765380420760609638656932374212,24131518604343527160440310721644709482222362094,1.0,2.0330171873625535,2.0330171873625535,395422,3249849
24,1,100,0.01,even_odd,9,0x272056,0,0.75,18,1 1 1 1 1 1 1 1 1 1 1 1 1 0 1 0 1 0 1 0 1 0 1 0,49059792079789613765380420760609638656932374212,17635872969859011484287079358389085791707716220,8179887862070971841355651964226910109280201694,2.7818181818181817,5.9976118141268415,2.1560042469083416,391396,3311170
24,1,100,0.01,forward,9,0x272056,0,1.0,24,1 1 1 1 1 1 1 1 1 1 1 1 1 1 1 1 1 1 1 1 1 1 1 1,1923913414893710343740408657278809359095387224,1923913414893710343740408657278809359095387224,804894205139755227395662418299736624924502408,1.0,2.390268687000496,2.390268687000496,432507,3304464
24,1,100,0.01,even_odd,9,0x272056,0,1.0,24,1 1 1 1 1 1 1 1 1 1 1 1 1 1 1 1 1 1 1 1 1 1 1 1,1923913414893710343740408657278809359095387224,1923913414893710343740408657278809359095387224,804894205139755227395662418299736624924502408,1.0,2.390268687000496,2.390268687000496,388086,3317475
24,1,100,0.01,forward,9,0x272056,1,0.0,0,1 1 1 1 1 1 1 1 1 1 1 1 1 1 1 1 1 1 1 1 1 1 1 1,1923913414893710343740408657278809359095387224,1923913414893710343740408657278809359095387224,804894205139755227395662418299736624924502408,1.0,2.390268687000496,2.390268687000496,380047,3335199
24,1,100,0.01,even_odd,9,0x272056,1,0.0,0,1 1 1 1 1 1 1 1 1 1 1 1 1 1 1 1 1 1 1 1 1 1 1 1,1923913414893710343740408657278809359095387224,1923913414893710343740408657278809359095387224,804894205139755227395662418299736624924502408,1.0,2.390268687000496,2.390268687000496,391861,3252721
24,1,100,0.01,forward,9,0x272056,1,0.25,6,2 2 2 2 2 2 1 1 1 1 1 1 1 1 1 1 1 1 1 1 1 1 1 1,1447793428379610309178388333002740376288953012,1447793428379610309178388333002740376288953012,804894205139755227395662418299736624924502408,1.0,1.7987375472882519,1.7987375472882519,422648,3398123
24,1,100,0.01,even_odd,9,0x272056,1,0.25,6,2 1 2 1 2 1 2 1 2 1 2 1 1 1 1 1 1 1 1 1 1 1 1 1,1447793428379610309178388333002740376288953012,1130380104036876952803708116818694387751330204,488282428753009969725990862406949213383863698,1.2808022922636104,2.965073783377845,2.3150128644269974,386168,3250481
24,1,100,0.01,forward,9,0x272056,1,0.5,12,2 2 2 2 2 2 2 2 2 2 2 2 1 1 1 1 1 1 1 1 1 1 1 1,971673441865510274616368008726671393482518800,971673441865510274616368008726671393482518800,488282428753009969725990862406949213383863698,1.0,1.9899824049515737,1.9899824049515737,382844,3456565
24,1,100,0.01,even_odd,9,0x272056,1,0.5,12,2 1 2 1 2 1 2 1 2 1 2 1 2 1 2 1 2 1 2 1 2 1 2 1,971673441865510274616368008726671393482518800,336846793180043561867007576358579416407273184,164391366601855082465947529788872531899333898,2.8846153846153846,5.910732795468745,2.0490540357624987,392906,3241487
24,1,100,0.01,forward,9,0x272056,1,0.75,18,2 2 2 2 2 2 2 2 2 2 2 2 2 2 2 2 2 2 1 1 1 1 1 1,495553455351410240054347684450602410676084588,495553455351410240054347684450602410676084588,403260924145399107475562136129303004161304008,1.0,1.2288655450601862,1.2288655450601862,382549,3273868
24,1,100,0.01,even_odd,9,0x272056,1,0.75,18,2 2 2 2 2 2 2 2 2 2 2 2 2 1 2 1 2 1 2 1 2 1 2 1,495553455351410240054347684450602410676084588,178140131008676883679667468266556422138461780,87483575582044503006757553220756311527582494,2.7818181818181817,5.664531336932686,2.0362694348450834,408687,3314248
24,1,100,0.01,forward,9,0x272056,1,1.0,24,2 2 2 2 2 2 2 2 2 2 2 2 2 2 2 2 2 2 2 2 2 2 2 2,19433468837310205492327360174533427869650376,19433468837310205492327360174533427869650376,10559344641219362657027708756213331645421290,1.0,1.8404048260201578,1.8404048260201578,372189,3288258
24,1,100,0.01,even_odd,9,0x272056,1,1.0,24,2 2 2 2 2 2 2 2 2 2 2 2 2 2 2 2 2 2 2 2 2 2 2 2,19433468837310205492327360174533427869650376,19433468837310205492327360174533427869650376,10559344641219362657027708756213331645421290,1.0,1.8404048260201578,1.8404048260201578,372561,3405051
24,1,100,0.01,forward,9,0x272056,2,0.0,0,2 2 2 2 2 2 2 2 2 2 2 2 2 2 2 2 2 2 2 2 2 2 2 2,19433468837310205492327360174533427869650376,19433468837310205492327360174533427869650376,10559344641219362657027708756213331645421290,1.0,1.8404048260201578,1.8404048260201578,365310,3202166
24,1,100,0.01,even_odd,9,0x272056,2,0.0,0,2 2 2 2 2 2 2 2 2 2 2 2 2 2 2 2 2 2 2 2 2 2 2 2,19433468837310205492327360174533427869650376,19433468837310205492327360174533427869650376,10559344641219362657027708756213331645421290,1.0,1.8404048260201578,1.8404048260201578,375424,3244854
24,1,100,0.01,forward,9,0x272056,2,0.25,6,3 3 3 3 3 3 2 2 2 2 2 2 2 2 2 2 2 2 2 2 2 2 2 2,14624176044238487971498872050532731073625788,14624176044238487971498872050532731073625788,10559344641219362657027708756213331645421290,1.0,1.3849511064495126,1.3849511064495126,358772,3228750
24,1,100,0.01,even_odd,9,0x272056,2,0.25,6,3 2 3 2 3 2 3 2 3 2 3 2 2 2 2 2 2 2 2 2 2 2 2 2,14624176044238487971498872050532731073625788,11417980848857342957613213301198933209609396,6551518030046270799700089542105663197770600,1.2808022922636104,2.2321813016723397,1.7427992713280684,362932,3403516
24,1,100,0.01,forward,9,0x272056,2,0.5,12,3 3 3 3 3 3 3 3 3 3 3 3 2 2 2 2 2 2 2 2 2 2 2 2,9814883251166770450670383926532034277601200,9814883251166770450670383926532034277601200,6551518030046270799700089542105663197770600,1.0,1.4981082561559327,1.4981082561559327,371230,3214857
24,1,100,0.01,even_odd,9,0x272056,2,0.5,12,3 2 3 2 3 2 3 2 3 2 3 2 3 2 3 2 3 2 3 2 3 2 3 2,9814883251166770450670383926532034277601200,3402492860404480422899066427864438549568416,1685221279471998405054824315825937461232204,2.8846153846153846,5.824091690939186,2.019018452858918,362954,3194543
24,1,100,0.01,forward,9,0x272056,2,0.75,18,3 3 3 3 3 3 3 3 3 3 3 3 3 3 3 3 3 3 2 2 2 2 2 2,5005590458095052929841895802531337481576612,5005590458095052929841895802531337481576612,4874891466980630773426587779548631326219290,1.0,1.026810646349707,1.026810646349707,364473,3236530
24,1,100,0.01,even_odd,9,0x272056,2,0.75,18,3 3 3 3 3 3 3 3 3 3 3 3 3 2 3 2 3 2 3 2 3 2 3 2,5005590458095052929841895802531337481576612,1799395262713907915956237053197539617560220,908208845726289916673714775780048775553808,2.7818181818181817,5.511497142589608,1.9812571427609702,359250,3352783
24,1,100,0.01,forward,9,0x272056,2,1.0,24,3 3 3 3 3 3 3 3 3 3 3 3 3 3 3 3 3 3 3 3 3 3 3 3,196297665023335409013407678530640685552024,196297665023335409013407678530640685552024,123018194060651410291942627310261067175812,1.0,1.595679944110992,1.595679944110992,374722,3189459
24,1,100,0.01,even_odd,9,0x272056,2,1.0,24,3 3 3 3 3 3 3 3 3 3 3 3 3 3 3 3 3 3 3 3 3 3 3 3,196297665023335409013407678530640685552024,196297665023335409013407678530640685552024,123018194060651410291942627310261067175812,1.0,1.595679944110992,1.595679944110992,350990,3172139
24,1,100,0.01,forward,9,0x272056,3,0.0,0,3 3 3 3 3 3 3 3 3 3 3 3 3 3 3 3 3 3 3 3 3 3 3 3,196297665023335409013407678530640685552024,196297665023335409013407678530640685552024,123018194060651410291942627310261067175812,1.0,1.595679944110992,1.595679944110992,347673,3198401
24,1,100,0.01,even_odd,9,0x272056,3,0.0,0,3 3 3 3 3 3 3 3 3 3 3 3 3 3 3 3 3 3 3 3 3 3 3 3,196297665023335409013407678530640685552024,196297665023335409013407678530640685552024,123018194060651410291942627310261067175812,1.0,1.595679944110992,1.595679944110992,343206,3181774
24,1,100,0.01,forward,9,0x272056,3,0.25,6,4 4 4 4 4 4 3 3 3 3 3 3 3 3 3 3 3 3 3 3 3 3 3 3,147718949941802908803018909601340717915412,147718949941802908803018909601340717915412,122934734256803271858642453794967480525612,1.0,1.2016046631152015,1.2016046631152015,345214,3184062
24,1,100,0.01,even_odd,9,0x272056,3,0.25,6,4 3 4 3 4 3 4 3 4 3 4 3 3 3 3 3 3 3 3 3 3 3 3 3,147718949941802908803018909601340717915412,115333139887447908662759730315140739491004,74273402312035929830015194236758713775502,1.2808022922636104,1.9888539550296755,1.5528188597435275,342348,3177869
24,1,100,0.01,forward,9,0x272056,3,0.5,12,4 4 4 4 4 4 4 4 4 4 4 4 3 3 3 3 3 3 3 3 3 3 3 3,99140234860270408592630140672040750278800,99140234860270408592630140672040750278800,74273402312035929830015194236758713775502,1.0,1.3348013121004534,1.3348013121004534,352011,3122004
24,1,100,0.01,even_odd,9,0x272056,3,0.5,12,4 3 4 3 4 3 4 3 4 3 4 3 4 3 4 3 4 3 4 3 4 3 4 3,99140234860270408592630140672040750278800,34368614751560408312111782099640793429984,25118889679972572308345848516761484113498,2.8846153846153846,3.9468398533282087,1.3682378158204458,345475,3144997
24,1,100,0.01,forward,9,0x272056,3,0.75,18,4 4 4 4 4 4 4 4 4 4 4 4 4 4 4 4 4 4 3 3 3 3 3 3,50561519778737908382241371742740782642188,50561519778737908382241371742740782642188,49410733817144870714076445586454601054608,1.0,1.0232902017980905,1.0232902017980905,342369,3127809
24,1,100,0.01,even_odd,9,0x272056,3,0.75,18,4 4 4 4 4 4 4 4 4 4 4 4 4 3 4 3 4 3 4 3 4 3 4 3,50561519778737908382241371742740782642188,18175709724382908241982192456540804217780,16856394130136535215285335208098199030694,2.7818181818181817,2.9995454180999483,1.0782679607548833,346481,3130862
24,1,100,0.01,forward,9,0x272056,3,1.0,24,4 4 4 4 4 4 4 4 4 4 4 4 4 4 4 4 4 4 4 4 4 4 4 4,1982804697205408171852602813440815005576,1982804697205408171852602813440815005576,1408676088191615571672005690598528886686,1.0,1.4075660926074416,1.4075660926074416,345581,3157025
24,1,100,0.01,even_odd,9,0x272056,3,1.0,24,4 4 4 4 4 4 4 4 4 4 4 4 4 4 4 4 4 4 4 4 4 4 4 4,1982804697205408171852602813440815005576,1982804697205408171852602813440815005576,1408676088191615571672005690598528886686,1.0,1.4075660926074416,1.4075660926074416,332277,3216088
24,1,100,0.01,forward,10,0x62bd78,0,0.0,0,0 0 0 0 0 0 0 0 0 0 0 0 0 0 0 0 0 0 0 0 0 0 0 0,190467428074477324030300457070602126550443335176,190467428074477324030300457070602126550443335176,40002184656246470220832184106453121000891048596,1.0,4.761425649904729,4.761425649904729,400017,3309621
24,1,100,0.01,even_odd,10,0x62bd78,0,0.0,0,0 0 0 0 0 0 0 0 0 0 0 0 0 0 0 0 0 0 0 0 0 0 0 0,190467428074477324030300457070602126550443335176,190467428074477324030300457070602126550443335176,40002184656246470220832184106453121000891048596,1.0,4.761425649904729,4.761425649904729,403034,3336930
24,1,100,0.01,forward,10,0x62bd78,0,0.25,6,1 1 1 1 1 1 0 0 0 0 0 0 0 0 0 0 0 0 0 0 0 0 0 0,143331549409581420608660444967271297252606348188,143331549409581420608660444967271297252606348188,39842676532074032847060981035256794986953489396,1.0,3.5974377698796687,3.5974377698796687,410262,3354822
24,1,100,0.01,even_odd,10,0x62bd78,0,0.25,6,1 0 1 0 1 0 1 0 1 0 1 0 0 0 0 0 0 0 0 0 0 0 0 0,143331549409581420608660444967271297252606348188,111907630299650818327567103565050744387381690196,31985878515508964597696599626120646078637107302,1.2808022922636104,4.481088407188328,3.498657391742117,413134,3379381
24,1,100,0.01,forward,10,0x62bd78,0,0.5,12,1 1 1 1 1 1 1 1 1 1 1 1 0 0 0 0 0 0 0 0 0 0 0 0,96195670744685517187020432863940467954769361200,96195670744685517187020432863940467954769361200,31985878515508964597696599626120646078637107302,1.0,3.007441884019012,3.007441884019012,397874,3290826
24,1,100,0.01,even_odd,10,0x62bd78,0,0.5,12,1 0 1 0 1 0 1 0 1 0 1 0 1 0 1 0 1 0 1 0 1 0 1 0,96195670744685517187020432863940467954769361200,33347832524824312624833750059499362224320045216,8260042248757867441190832159711230347628296302,2.8846153846153846,11.645905414000913,4.037247210186983,396251,3327065
24,1,100,0.01,forward,10,0x62bd78,0,0.75,18,1 1 1 1 1 1 1 1 1 1 1 1 1 1 1 1 1 1 0 0 0 0 0 0,49059792079789613765380420760609638656932374212,49059792079789613765380420760609638656932374212,31985878515508964597696599626120646078637107302,1.0,1.5337953608496961,1.5337953608496961,388119,3346945
24,1,100,0.01,even_odd,10,0x62bd78,0,0.75,18,1 1 1 1 1 1 1 1 1 1 1 1 1 0 1 0 1 0 1 0 1 0 1 0,49059792079789613765380420760609638656932374212,17635872969859011484287079358389085791707716220,8258431055584408477819405866062782610113775502,2.7818181818181817,5.940570521154262,2.1354992069508785,390814,3459552
24,1,100,0.01,forward,10,0x62bd78,0,1.0,24,1 1 1 1 1 1 1 1 1 1 1 1 1 1 1 1 1 1 1 1 1 1 1 1,1923913414893710343740408657278809359095387224,1923913414893710343740408657278809359095387224,564413123887614427344199696931283578503686906,1.0,3.4086971643076085,3.4086971643076085,396438,3295299
24,1,100,0.01,even_odd,10,0x62bd78,0,1.0,24,1 1 1 1 1 1 1 1 1 1 1 1 1 1 1 1 1 1 1 1 1 1 1 1,1923913414893710343740408657278809359095387224,1923913414893710343740408657278809359095387224,564413123887614427344199696931283578503686906,1.0,3.4086971643076085,3.4086971643076085,372189,3301528
24,1,100,0.01,forward,10,0x62bd78,1,0.0,0,1 1 1 1 1 1 1 1 1 1 1 1 1 1 1 1 1 1 1 1 1 1 1 1,1923913414893710343740408657278809359095387224,1923913414893710343740408657278809359095387224,564413123887614427344199696931283578503686906,1.0,3.4086971643076085,3.4086971643076085,388940,3325115
24,1,100,0.01,even_odd,10,0x62bd78,1,0.0,0,1 1 1 1 1 1 1 1 1 1 1 1 1 1 1 1 1 1 1 1 1 1 1 1,1923913414893710343740408657278809359095387224,1923913414893710343740408657278809359095387224,564413123887614427344199696931283578503686906,1.0,3.4086971643076085,3.4086971643076085,404285,3431644
24,1,100,0.01,forward,10,0x62bd78,1,0.25,6,2 2 2 2 2 2 1 1 1 1 1 1 1 1 1 1 1 1 1 1 1 1 1 1,1447793428379610309178388333002740376288953012,1447793428379610309178388333002740376288953012,562802095088076445299377303129157861774466506,1.0,2.572473416526703,2.572473416526703,394682,3422011
24,1,100,0.01,even_odd,10,0x62bd78,1,0.25,6,2 1 2 1 2 1 2 1 2 1 2 1 1 1 1 1 1 1 1 1 1 1 1 1,1447793428379610309178388333002740376288953012,1130380104036876952803708116818694387751330204,483416047707948673621876604131237619420518800,1.2808022922636104,2.9949221488283757,2.338317292933117,366428,3324259
24,1,100,0.01,forward,10,0x62bd78,1,0.5,12,2 2 2 2 2 2 2 2 2 2 2 2 1 1 1 1 1 1 1 1 1 1 1 1,971673441865510274616368008726671393482518800,971673441865510274616368008726671393482518800,483416047707948673621876604131237619420518800,1.0,2.010014864985487,2.010014864985487,378781,3303975
24,1,100,0.01,even_odd,10,0x62bd78,1,0.5,12,2 1 2 1 2 1 2 1 2 1 2 1 2 1 2 1 2 1 2 1 2 1 2 1,971673441865510274616368008726671393482518800,336846793180043561867007576358579416407273184,162771826596636960081744860773918392186060000,2.8846153846153846,5.969543146268201,2.069441624039643,376569,3340275
24,1,100,0.01,forward,10,0x62bd78,1,0.75,18,2 2 2 2 2 2 2 2 2 2 2 2 2 2 2 2 2 2 1 1 1 1 1 1,495553455351410240054347684450602410676084588,495553455351410240054347684450602410676084588,402443013060521365333029646229048326211548200,1.0,1.2313630483550884,1.2313630483550884,397149,3450513
24,1,100,0.01,even_odd,10,0x62bd78,1,0.75,18,2 2 2 2 2 2 2 2 2 2 2 2 2 1 2 1 2 1 2 1 2 1 2 1,495553455351410240054347684450602410676084588,178140131008676883679667468266556422138461780,85038200733037646621946592461457536142228596,2.7818181818181817,5.827421689072567,2.094824790189485,381773,3264111
24,1,100,0.01,forward,10,0x62bd78,1,1.0,24,2 2 2 2 2 2 2 2 2 2 2 2 2 2 2 2 2 2 2 2 2 2 2 2,19433468837310205492327360174533427869650376,19433468837310205492327360174533427869650376,9749534156221726371637703742979940845377192,1.0,1.9932715272255972,1.9932715272255972,363429,3391069
24,1,100,0.01,even_odd,10,0x62bd78,1,1.0,24,2 2 2 2 2 2 2 2 2 2 2 2 2 2 2 2 2 2 2 2 2 2 2 2,19433468837310205492327360174533427869650376,19433468837310205492327360174533427869650376,9749534156221726371637703742979940845377192,1.0,1.9932715272255972,1.9932715272255972,376876,3297657
24,1,100,0.01,forward,10,0x62bd78,2,0.0,0,2 2 2 2 2 2 2 2 2 2 2 2 2 2 2 2 2 2 2 2 2 2 2 2,19433468837310205492327360174533427869650376,19433468837310205492327360174533427869650376,9749534156221726371637703742979940845377192,1.0,1.9932715272255972,1.9932715272255972,366560,3411039
24,1,100,0.01,even_odd,10,0x62bd78,2,0.0,0,2 2 2 2 2 2 2 2 2 2 2 2 2 2 2 2 2 2 2 2 2 2 2 2,19433468837310205492327360174533427869650376,19433468837310205492327360174533427869650376,9749534156221726371637703742979940845377192,1.0,1.9932715272255972,1.9932715272255972,365917,3241347
24,1,100,0.01,forward,10,0x62bd78,2,0.25,6,3 3 3 3 3 3 2 2 2 2 2 2 2 2 2 2 2 2 2 2 2 2 2 2,14624176044238487971498872050532731073625788,14624176044238487971498872050532731073625788,7320515810569293487252962025138189224276792,1.0,1.9976974878087466,1.9976974878087466,359521,3265946
24,1,100,0.01,even_odd,10,0x62bd78,2,0.25,6,3 2 3 2 3 2 3 2 3 2 3 2 2 2 2 2 2 2 2 2 2 2 2 2,14624176044238487971498872050532731073625788,11417980848857342957613213301198933209609396,6526980822174642575798389872924651652714698,1.2808022922636104,2.2405728533098466,1.7493510644410213,357366,3545121
24,1,100,0.01,forward,10,0x62bd78,2,0.5,12,3 3 3 3 3 3 3 3 3 3 3 3 2 2 2 2 2 2 2 2 2 2 2 2,9814883251166770450670383926532034277601200,9814883251166770450670383926532034277601200,6526980822174642575798389872924651652714698,1.0,1.5037401700066084,1.5037401700066084,392416,3430763
24,1,100,0.01,even_odd,10,0x62bd78,2,0.5,12,3 2 3 2 3 2 3 2 3 2 3 2 3 2 3 2 3 2 3 2 3 2 3 2,9814883251166770450670383926532034277601200,3402492860404480422899066427864438549568416,1660520523421424098137541883913828618955902,2.8846153846153846,5.9107268550608865,2.049051976421107,384771,3287708
24,1,100,0.01,forward,10,0x62bd78,2,0.75,18,3 3 3 3 3 3 3 3 3 3 3 3 3 3 3 3 3 3 2 2 2 2 2 2,5005590458095052929841895802531337481576612,5005590458095052929841895802531337481576612,4866629738850552569966663639142018417635898,1.0,1.0285537891110084,1.0285537891110084,359826,3287139
24,1,100,0.01,even_odd,10,0x62bd78,2,0.75,18,3 3 3 3 3 3 3 3 3 3 3 3 3 2 3 2 3 2 3 2 3 2 3 2,5005590458095052929841895802531337481576612,1799395262713907915956237053197539617560220,900028941837424903689977351403953918987706,2.7818181818181817,5.561588328344255,1.9992637781629676,352870,3308430
24,1,100,0.01,forward,10,0x62bd78,2,1.0,24,3 3 3 3 3 3 3 3 3 3 3 3 3 3 3 3 3 3 3 3 3 3 3 3,196297665023335409013407678530640685552024,196297665023335409013407678530640685552024,114838298685495362444192621076336639589710,1.0,1.709339717413706,1.709339717413706,332050,3205072
24,1,100,0.01,even_odd,10,0x62bd78,2,1.0,24,3 3 3 3 3 3 3 3 3 3 3 3 3 3 3 3 3 3 3 3 3 3 3 3,196297665023335409013407678530640685552024,196297665023335409013407678530640685552024,114838298685495362444192621076336639589710,1.0,1.709339717413706,1.709339717413706,345737,3187580
24,1,100,0.01,forward,10,0x62bd78,3,0.0,0,3 3 3 3 3 3 3 3 3 3 3 3 3 3 3 3 3 3 3 3 3 3 3 3,196297665023335409013407678530640685552024,196297665023335409013407678530640685552024,114838298685495362444192621076336639589710,1.0,1.709339717413706,1.709339717413706,353007,3220141
24,1,100,0.01,even_odd,10,0x62bd78,3,0.0,0,3 3 3 3 3 3 3 3 3 3 3 3 3 3 3 3 3 3 3 3 3 3 3 3,196297665023335409013407678530640685552024,196297665023335409013407678530640685552024,114838298685495362444192621076336639589710,1.0,1.709339717413706,1.709339717413706,349874,3335900
24,1,100,0.01,forward,10,0x62bd78,3,0.25,6,4 4 4 4 4 4 3 3 3 3 3 3 3 3 3 3 3 3 3 3 3 3 3 3,147718949941802908803018909601340717915412,147718949941802908803018909601340717915412,98397526385175047956942784613955935469710,1.0,1.5012465797520171,1.5012465797520171,356720,3183280
24,1,100,0.01,even_odd,10,0x62bd78,3,0.25,6,4 3 4 3 4 3 4 3 4 3 4 3 3 3 3 3 3 3 3 3 3 3 3 3,147718949941802908803018909601340717915412,115333139887447908662759730315140739491004,74025551727474028578482874346041425441604,1.2808022922636104,1.9955129883480238,1.5580179707683675,333441,3190130
24,1,100,0.01,forward,10,0x62bd78,3,0.5,12,4 4 4 4 4 4 4 4 4 4 4 4 3 3 3 3 3 3 3 3 3 3 3 3,99140234860270408592630140672040750278800,99140234860270408592630140672040750278800,74025551727474028578482874346041425441604,1.0,1.3392704619785394,1.3392704619785394,337646,3204986
24,1,100,0.01,even_odd,10,0x62bd78,3,0.5,12,4 3 4 3 4 3 4 3 4 3 4 3 4 3 4 3 4 3 4 3 4 3 4 3,99140234860270408592630140672040750278800,34368614751560408312111782099640793429984,17187653946290011688498909482195993787796,2.8846153846153846,5.768107454925227,1.9996105843740786,340886,3255550
24,1,100,0.01,forward,10,0x62bd78,3,0.75,18,4 4 4 4 4 4 4 4 4 4 4 4 4 4 4 4 4 4 3 3 3 3 3 3,50561519778737908382241371742740782642188,50561519778737908382241371742740782642188,49323135160488590309343598013594288278800,1.0,1.0251075811425985,1.0251075811425985,372960,3251256
24,1,100,0.01,even_odd,10,0x62bd78,3,0.75,18,4 4 4 4 4 4 4 4 4 4 4 4 4 3 4 3 4 3 4 3 4 3 4 3,50561519778737908382241371742740782642188,18175709724382908241982192456540804217780,9256435328593753696117245539492788945392,2.7818181818181817,5.462310056069852,1.9635755103519077,339681,3167972
24,1,100,0.01,forward,10,0x62bd78,3,1.0,24,4 4 4 4 4 4 4 4 4 4 4 4 4 4 4 4 4 4 4 4 4 4 4 4,1982804697205408171852602813440815005576,1982804697205408171852602813440815005576,1326893739569506985459229985330347122988,1.0,1.4943206362920234,1.4943206362920234,336214,3161435
24,1,100,0.01,even_odd,10,0x62bd78,3,1.0,24,4 4 4 4 4 4 4 4 4 4 4 4 4 4 4 4 4 4 4 4 4 4 4 4,1982804697205408171852602813440815005576,1982804697205408171852602813440815005576,1326893739569506985459229985330347122988,1.0,1.4943206362920234,1.4943206362920234,338118,3226824
24,1,100,0.01,forward,11,0x1c54e8,0,0.0,0,0 0 0 0 0 0 0 0 0 0 0 0 0 0 0 0 0 0 0 0 0 0 0 0,190467428074477324030300457070602126550443335176,190467428074477324030300457070602126550443335176,32146204630913319348316636841399330823415047702,1.0,5.925036260464627,5.925036260464627,421880,3451539
24,1,100,0.01,even_odd,11,0x1c54e8,0,0.0,0,0 0 0 0 0 0 0 0 0 0 0 0 0 0 0 0 0 0 0 0 0 0 0 0,190467428074477324030300457070602126550443335176,190467428074477324030300457070602126550443335176,32146204630913319348316636841399330823415047702,1.0,5.925036260464627,5.925036260464627,420668,3223324
24,1,100,0.01,forward,11,0x1c54e8,0,0.25,6,1 1 1 1 1 1 0 0 0 0 0 0 0 0 0 0 0 0 0 0 0 0 0 0,143331549409581420608660444967271297252606348188,143331549409581420608660444967271297252606348188,32146204630913319348316636841399330823415047702,1.0,4.458739408127421,4.458739408127421,388850,3304601
24,1,100,0.01,even_odd,11,0x1c54e8,0,0.25,6,1 0 1 0 1 0 1 0 1 0 1 0 0 0 0 0 0 0 0 0 0 0 0 0,143331549409581420608660444967271297252606348188,111907630299650818327567103565050744387381690196,32146204630913319348316636841399330823415047702,1.2808022922636104,4.458739408127421,3.481208173235951,440502,3276692
24,1,100,0.01,forward,11,0x1c54e8,0,0.5,12,1 1 1 1 1 1 1 1 1 1 1 1 0 0 0 0 0 0 0 0 0 0 0 0,96195670744685517187020432863940467954769361200,96195670744685517187020432863940467954769361200,32146204630913319348316636841399330823415047702,1.0,2.9924425557902157,2.9924425557902157,409525,3330921
24,1,100,0.01,even_odd,11,0x1c54e8,0,0.5,12,1 0 1 0 1 0 1 0 1 0 1 0 1 0 1 0 1 0 1 0 1 0 1 0,96195670744685517187020432863940467954769361200,33347832524824312624833750059499362224320045216,8180688915168643695003806429761192063007326596,2.8846153846153846,11.758871623430073,4.076408829455759,399502,3280730
24,1,100,0.01,forward,11,0x1c54e8,0,0.75,18,1 1 1 1 1 1 1 1 1 1 1 1 1 1 1 1 1 1 0 0 0 0 0 0,49059792079789613765380420760609638656932374212,49059792079789613765380420760609638656932374212,32146204630913319348316636841399330823415047702,1.0,1.52614570345301,1.52614570345301,408607,3269066
24,1,100,0.01,even_odd,11,0x1c54e8,0,0.75,18,1 1 1 1 1 1 1 1 1 1 1 1 1 0 1 0 1 0 1 0 1 0 1 0,49059792079789613765380420760609638656932374212,17635872969859011484287079358389085791707716220,8180688915168643695003806429761192063007326596,2.7818181818181817,5.997024527949337,2.1557931309621803,404600,3271513
24,1,100,0.01,forward,11,0x1c54e8,0,1.0,24,1 1 1 1 1 1 1 1 1 1 1 1 1 1 1 1 1 1 1 1 1 1 1 1,1923913414893710343740408657278809359095387224,1923913414893710343740408657278809359095387224,563578858811350389035955331086754963921578306,1.0,3.4137430544351055,3.4137430544351055,416182,3321918
24,1,100,0.01,even_odd,11,0x1c54e8,0,1.0,24,1 1 1 1 1 1 1 1 1 1 1 1 1 1 1 1 1 1 1 1 1 1 1 1,1923913414893710343740408657278809359095387224,1923913414893710343740408657278809359095387224,563578858811350389035955331086754963921578306,1.0,3.4137430544351055,3.4137430544351055,405147,3229247
24,1,100,0.01,forward,11,0x1c54e8,1,0.0,0,1 1 1 1 1 1 1 1 1 1 1 1 1 1 1 1 1 1 1 1 1 1 1 1,1923913414893710343740408657278809359095387224,1923913414893710343740408657278809359095387224,563578858811350389035955331086754963921578306,1.0,3.4137430544351055,3.4137430544351055,395401,3299829
24,1,100,0.01,even_odd,11,0x1c54e8,1,0.0,0,1 1 1 1 1 1 1 1 1 1 1 1 1 1 1 1 1 1 1 1 1 1 1 1,1923913414893710343740408657278809359095387224,1923913414893710343740408657278809359095387224,563578858811350389035955331086754963921578306,1.0,3.4137430544351055,3.4137430544351055,401551,3363095
24,1,100,0.01,forward,11,0x1c54e8,1,0.25,6,2 2 2 2 2 2 1 1 1 1 1 1 1 1 1 1 1 1 1 1 1 1 1 1,1447793428379610309178388333002740376288953012,1447793428379610309178388333002740376288953012,563578858811350389035955331086754963921578306,1.0,2.568927854095105,2.568927854095105,383544,3215555
24,1,100,0.01,even_odd,11,0x1c54e8,1,0.25,6,2 1 2 1 2 1 2 1 2 1 2 1 1 1 1 1 1 1 1 1 1 1 1 1,1447793428379610309178388333002740376288953012,1130380104036876952803708116818694387751330204,563578858811350389035955331086754963921578306,1.2808022922636104,2.568927854095105,2.005717720535104,392008,3262715
24,1,100,0.01,forward,11,0x1c54e8,1,0.5,12,2 2 2 2 2 2 2 2 2 2 2 2 1 1 1 1 1 1 1 1 1 1 1 1,971673441865510274616368008726671393482518800,971673441865510274616368008726671393482518800,563578858811350389035955331086754963921578306,1.0,1.7241126537551037,1.7241126537551037,374470,3290290
24,1,100,0.01,even_odd,11,0x1c54e8,1,0.5,12,2 1 2 1 2 1 2 1 2 1 2 1 2 1 2 1 2 1 2 1 2 1 2 1,971673441865510274616368008726671393482518800,336846793180043561867007576358579416407273184,85046046831252534942518087693352456365936796,2.8846153846153846,11.425262878984775,3.9607577980480553,396358,3324447
24,1,100,0.01,forward,11,0x1c54e8,1,0.75,18,2 2 2 2 2 2 2 2 2 2 2 2 2 2 2 2 2 2 1 1 1 1 1 1,495553455351410240054347684450602410676084588,495553455351410240054347684450602410676084588,404062468771676463824141133252065343835567800,1.0,1.226427826513708,1.226427826513708,403651,3277190
24,1,100,0.01,even_odd,11,0x1c54e8,1,0.75,18,2 2 2 2 2 2 2 2 2 2 2 2 2 1 2 1 2 1 2 1 2 1 2 1,495553455351410240054347684450602410676084588,178140131008676883679667468266556422138461780,85046046831252534942518087693352456365936796,2.7818181818181817,5.826884068282235,2.0946315278138754,370543,3242442
24,1,100,0.01,forward,11,0x1c54e8,1,1.0,24,2 2 2 2 2 2 2 2 2 2 2 2 2 2 2 2 2 2 2 2 2 2 2 2,19433468837310205492327360174533427869650376,19433468837310205492327360174533427869650376,7312171490610559202586953867992043817035592,1.0,2.657687782933484,2.657687782933484,379416,3304522
24,1,100,0.01,even_odd,11,0x1c54e8,1,1.0,24,2 2 2 2 2 2 2 2 2 2 2 2 2 2 2 2 2 2 2 2 2 2 2 2,19433468837310205492327360174533427869650376,19433468837310205492327360174533427869650376,7312171490610559202586953867992043817035592,1.0,2.657687782933484,2.657687782933484,365352,3266449
24,1,100,0.01,forward,11,0x1c54e8,2,0.0,0,2 2 2 2 2 2 2 2 2 2 2 2 2 2 2 2 2 2 2 2 2 2 2 2,19433468837310205492327360174533427869650376,19433468837310205492327360174533427869650376,7312171490610559202586953867992043817035592,1.0,2.657687782933484,2.657687782933484,404566,3323323
24,1,100,0.01,even_odd,11,0x1c54e8,2,0.0,0,2 2 2 2 2 2 2 2 2 2 2 2 2 2 2 2 2 2 2 2 2 2 2 2,19433468837310205492327360174533427869650376,19433468837310205492327360174533427869650376,7312171490610559202586953867992043817035592,1.0,2.657687782933484,2.657687782933484,380258,3227461
24,1,100,0.01,forward,11,0x1c54e8,2,0.25,6,3 3 3 3 3 3 2 2 2 2 2 2 2 2 2 2 2 2 2 2 2 2 2 2,14624176044238487971498872050532731073625788,14624176044238487971498872050532731073625788,7312171490610559202586953867992043817035592,1.0,1.9999771699852986,1.9999771699852986,378043,3256067
24,1,100,0.01,even_odd,11,0x1c54e8,2,0.25,6,3 2 3 2 3 2 3 2 3 2 3 2 2 2 2 2 2 2 2 2 2 2 2 2,14624176044238487971498872050532731073625788,11417980848857342957613213301198933209609396,7312171490610559202586953867992043817035592,1.2808022922636104,1.9999771699852986,1.5615034280198417,370406,3190335
24,1,100,0.01,forward,11,0x1c54e8,2,0.5,12,3 3 3 3 3 3 3 3 3 3 3 3 2 2 2 2 2 2 2 2 2 2 2 2,9814883251166770450670383926532034277601200,9814883251166770450670383926532034277601200,7312171490610559202586953867992043817035592,1.0,1.342266557037113,1.342266557037113,377467,3218889
24,1,100,0.01,even_odd,11,0x1c54e8,2,0.5,12,3 2 3 2 3 2 3 2 3 2 3 2 3 2 3 2 3 2 3 2 3 2 3 2,9814883251166770450670383926532034277601200,3402492860404480422899066427864438549568416,1660599776938746202385738805448120742427702,2.8846153846153846,5.9104447606636095,2.048954183696718,366298,3178969
24,1,100,0.01,forward,11,0x1c54e8,2,0.75,18,3 3 3 3 3 3 3 3 3 3 3 3 3 3 3 3 3 3 2 2 2 2 2 2,5005590458095052929841895802531337481576612,5005590458095052929841895802531337481576612,4882987877347068716341527144425018595656298,1.0,1.0251081067222707,1.0251081067222707,358934,3213011
24,1,100,0.01,even_odd,11,0x1c54e8,2,0.75,18,3 3 3 3 3 3 3 3 3 3 3 3 3 2 3 2 3 2 3 2 3 2 3 2,5005590458095052929841895802531337481576612,1799395262713907915956237053197539617560220,1660599776938746202385738805448120742427702,2.7818181818181817,3.0143268279384405,1.083581539454995,354571,3180938
24,1,100,0.01,forward,11,0x1c54e8,2,1.0,24,3 3 3 3 3 3 3 3 3 3 3 3 3 3 3 3 3 3 3 3 3 3 3 3,196297665023335409013407678530640685552024,196297665023335409013407678530640685552024,90467976536150363271349775978259743450910,1.0,2.1698027582710027,2.1698027582710027,350640,3198586
24,1,100,0.01,even_odd,11,0x1c54e8,2,1.0,24,3 3 3 3 3 3 3 3 3 3 3 3 3 3 3 3 3 3 3 3 3 3 3 3,196297665023335409013407678530640685552024,196297665023335409013407678530640685552024,90467976536150363271349775978259743450910,1.0,2.1698027582710027,2.1698027582710027,350062,3214363
24,1,100,0.01,forward,11,0x1c54e8,3,0.0,0,3 3 3 3 3 3 3 3 3 3 3 3 3 3 3 3 3 3 3 3 3 3 3 3,196297665023335409013407678530640685552024,196297665023335409013407678530640685552024,90467976536150363271349775978259743450910,1.0,2.1698027582710027,2.1698027582710027,358056,3198631
24,1,100,0.01,even_odd,11,0x1c54e8,3,0.0,0,3 3 3 3 3 3 3 3 3 3 3 3 3 3 3 3 3 3 3 3 3 3 3 3,196297665023335409013407678530640685552024,196297665023335409013407678530640685552024,90467976536150363271349775978259743450910,1.0,2.1698027582710027,2.1698027582710027,353242,3299408
24,1,100,0.01,forward,11,0x1c54e8,3,0.25,6,4 4 4 4 4 4 3 3 3 3 3 3 3 3 3 3 3 3 3 3 3 3 3 3,147718949941802908803018909601340717915412,147718949941802908803018909601340717915412,90467976536150363271349775978259743450910,1.0,1.6328313685978757,1.6328313685978757,338192,3158862
24,1,100,0.01,even_odd,11,0x1c54e8,3,0.25,6,4 3 4 3 4 3 4 3 4 3 4 3 3 3 3 3 3 3 3 3 3 3 3 3,147718949941802908803018909601340717915412,115333139887447908662759730315140739491004,90219308124696671350840679464370095610910,1.2808022922636104,1.6373318861815376,1.2783642690768604,339342,3159016
24,1,100,0.01,forward,11,0x1c54e8,3,0.5,12,4 4 4 4 4 4 4 4 4 4 4 4 3 3 3 3 3 3 3 3 3 3 3 3,99140234860270408592630140672040750278800,99140234860270408592630140672040750278800,81956770600564095515741096518439326091310,1.0,1.2096649750080324,1.2096649750080324,337308,3151082
24,1,100,0.01,even_odd,11,0x1c54e8,3,0.5,12,4 3 4 3 4 3 4 3 4 3 4 3 4 3 4 3 4 3 4 3 4 3 4 3,99140234860270408592630140672040750278800,34368614751560408312111782099640793429984,16938968846237857095186926023876649126196,2.8846153846153846,5.85279043607719,2.028967351173426,342244,3158699
24,1,100,0.01,forward,11,0x1c54e8,3,0.75,18,4 4 4 4 4 4 4 4 4 4 4 4 4 4 4 4 4 4 3 3 3 3 3 3,50561519778737908382241371742740782642188,50561519778737908382241371742740782642188,49488343597837074407871656720612991078000,1.0,1.021685433435031,1.021685433435031,343610,3151237
24,1,100,0.01,even_odd,11,0x1c54e8,3,0.75,18,4 4 4 4 4 4 4 4 4 4 4 4 4 3 4 3 4 3 4 3 4 3 4 3,50561519778737908382241371742740782642188,18175709724382908241982192456540804217780,16938968846237857095186926023876649126196,2.7818181818181817,2.984923122399367,1.0730115799474849,337746,3156117
24,1,100,0.01,forward,11,0x1c54e8,3,1.0,24,4 4 4 4 4 4 4 4 4 4 4 4 4 4 4 4 4 4 4 4 4 4 4 4,1982804697205408171852602813440815005576,1982804697205408171852602813440815005576,1161651840807787126998705825405257492694,1.0,1.7068837904363923,1.7068837904363923,346756,3193931
24,1,100,0.01,even_odd,11,0x1c54e8,3,1.0,24,4 4 4 4 4 4 4 4 4 4 4 4 4 4 4 4 4 4 4 4 4 4 4 4,1982804697205408171852602813440815005576,1982804697205408171852602813440815005576,1161651840807787126998705825405257492694,1.0,1.7068837904363923,1.7068837904363923,349614,3109766
24,1,100,0.01,forward,12,0x2d2d66,0,0.0,0,0 0 0 0 0 0 0 0 0 0 0 0 0 0 0 0 0 0 0 0 0 0 0 0,190467428074477324030300457070602126550443335176,190467428074477324030300457070602126550443335176,24130708464225508596907527221504371156050430200,1.0,7.893155244772483,7.893155244772483,405215,3241705
24,1,100,0.01,even_odd,12,0x2d2d66,0,0.0,0,0 0 0 0 0 0 0 0 0 0 0 0 0 0 0 0 0 0 0 0 0 0 0 0,190467428074477324030300457070602126550443335176,190467428074477324030300457070602126550443335176,24130708464225508596907527221504371156050430200,1.0,7.893155244772483,7.893155244772483,401568,3212843
24,1,100,0.01,forward,12,0x2d2d66,0,0.25,6,1 1 1 1 1 1 0 0 0 0 0 0 0 0 0 0 0 0 0 0 0 0 0 0,143331549409581420608660444967271297252606348188,143331549409581420608660444967271297252606348188,23970406966151204288477252072824604229345690600,1.0,5.979520898914274,5.979520898914274,398611,3240864
24,1,100,0.01,even_odd,12,0x2d2d66,0,0.25,6,1 0 1 0 1 0 1 0 1 0 1 0 0 0 0 0 0 0 0 0 0 0 0 0,143331549409581420608660444967271297252606348188,104051650522168167757293768214495606171075525698,23970406966151204288477252072824604229345690600,1.3775038520801233,5.979520898914274,4.340837878518304,431195,3223925
24,1,100,0.01,forward,12,0x2d2d66,0,0.5,12,1 1 1 1 1 1 1 1 1 1 1 1 0 0 0 0 0 0 0 0 0 0 0 0,96195670744685517187020432863940467954769361200,96195670744685517187020432863940467954769361200,23970406966151204288477252072824604229345690600,1.0,4.01310127443911,4.01310127443911,380226,3223940
24,1,100,0.01,even_odd,12,0x2d2d66,0,0.5,12,1 0 1 0 1 0 1 0 1 0 1 0 1 0 1 0 1 0 1 0 1 0 1 0,96195670744685517187020432863940467954769361200,17635872969859011484287079358389085791707716220,8098105100373066775207449007856396844885413898,5.454545454545454,11.878787636413108,2.177777733342403,422241,3360030
24,1,100,0.01,forward,12,0x2d2d66,0,0.75,18,1 1 1 1 1 1 1 1 1 1 1 1 1 1 1 1 1 1 0 0 0 0 0 0,49059792079789613765380420760609638656932374212,49059792079789613765380420760609638656932374212,23970398703630366156726402351934485524854804098,1.0,2.0466823554486564,2.0466823554486564,409389,3187553
24,1,100,0.01,even_odd,12,0x2d2d66,0,0.75,18,1 1 1 1 1 1 1 1 1 1 1 1 1 0 1 0 1 0 1 0 1 0 1 0,49059792079789613765380420760609638656932374212,17635872969859011484287079358389085791707716220,8098105100373066775207449007856396844885413898,2.7818181818181817,6.058181694570685,2.177777733342403,421849,3160384
24,1,100,0.01,forward,12,0x2d2d66,0,1.0,24,1 1 1 1 1 1 1 1 1 1 1 1 1 1 1 1 1 1 1 1 1 1 1 1,1923913414893710343740408657278809359095387224,1923913414893710343740408657278809359095387224,483415800691873546993851115792945009997531004,1.0,3.979831466286725,3.979831466286725,376082,3231875
24,1,100,0.01,even_odd,12,0x2d2d66,0,1.0,24,1 1 1 1 1 1 1 1 1 1 1 1 1 1 1 1 1 1 1 1 1 1 1 1,1923913414893710343740408657278809359095387224,1923913414893710343740408657278809359095387224,483415800691873546993851115792945009997531004,1.0,3.979831466286725,3.979831466286725,380415,3288498
24,1,100,0.01,forward,12,0x2d2d66,1,0.0,0,1 1 1 1 1 1 1 1 1 1 1 1 1 1 1 1 1 1 1 1 1 1 1 1,1923913414893710343740408657278809359095387224,1923913414893710343740408657278809359095387224,483415800691873546993851115792945009997531004,1.0,3.979831466286725,3.979831466286725,385255,3317189
24,1,100,0.01,even_odd,12,0x2d2d66,1,0.0,0,1 1 1 1 1 1 1 1 1 1 1 1 1 1 1 1 1 1 1 1 1 1 1 1,1923913414893710343740408657278809359095387224,1923913414893710343740408657278809359095387224,483415800691873546993851115792945009997531004,1.0,3.979831466286725,3.979831466286725,397560,3165235
24,1,100,0.01,forward,12,0x2d2d66,1,0.25,6,2 2 2 2 2 2 1 1 1 1 1 1 1 1 1 1 1 1 1 1 1 1 1 1,1447793428379610309178388333002740376288953012,1447793428379610309178388333002740376288953012,403261086058098844096420897458471745496305302,1.0,3.5902135823019212,3.5902135823019212,371092,3184194
24,1,100,0.01,even_odd,12,0x2d2d66,1,0.25,6,2 1 2 1 2 1 2 1 2 1 2 1 1 1 1 1 1 1 1 1 1 1 1 1,1447793428379610309178388333002740376288953012,1051026772951193613710038062772682890616924502,403261086058098844096420897458471745496305302,1.3775038520801233,3.5902135823019212,2.6063183612012826,378654,3261966
24,1,100,0.01,forward,12,0x2d2d66,1,0.5,12,2 2 2 2 2 2 2 2 2 2 2 2 1 1 1 1 1 1 1 1 1 1 1 1,971673441865510274616368008726671393482518800,971673441865510274616368008726671393482518800,403261086058098844096420897458471745496305302,1.0,2.409539316981155,2.409539316981155,390761,3195356
24,1,100,0.01,even_odd,12,0x2d2d66,1,0.5,12,2 1 2 1 2 1 2 1 2 1 2 1 2 1 2 1 2 1 2 1 2 1 2 1,971673441865510274616368008726671393482518800,178140131008676883679667468266556422138461780,83426675389300499135048042909228383452550200,5.454545454545454,11.647035403620167,2.135289823997031,365245,3147446
24,1,100,0.01,forward,12,0x2d2d66,1,0.75,18,2 2 2 2 2 2 2 2 2 2 2 2 2 2 2 2 2 2 1 1 1 1 1 1,495553455351410240054347684450602410676084588,495553455351410240054347684450602410676084588,402443095652180598603170551270950690921231804,1.0,1.2313627956477655,1.2313627956477655,369199,3179732
24,1,100,0.01,even_odd,12,0x2d2d66,1,0.75,18,2 2 2 2 2 2 2 2 2 2 2 2 2 1 2 1 2 1 2 1 2 1 2 1,495553455351410240054347684450602410676084588,178140131008676883679667468266556422138461780,83426675389300499135048042909228383452550200,2.7818181818181817,5.939988055846285,2.135289823997031,368750,3194803
24,1,100,0.01,forward,12,0x2d2d66,1,1.0,24,2 2 2 2 2 2 2 2 2 2 2 2 2 2 2 2 2 2 2 2 2 2 2 2,19433468837310205492327360174533427869650376,19433468837310205492327360174533427869650376,6502610516542727053608108009810968197902894,1.0,2.9885641755524497,2.9885641755524497,377298,3167010
24,1,100,0.01,even_odd,12,0x2d2d66,1,1.0,24,2 2 2 2 2 2 2 2 2 2 2 2 2 2 2 2 2 2 2 2 2 2 2 2,19433468837310205492327360174533427869650376,19433468837310205492327360174533427869650376,6502610516542727053608108009810968197902894,1.0,2.9885641755524497,2.9885641755524497,368190,3136226
24,1,100,0.01,forward,12,0x2d2d66,2,0.0,0,2 2 2 2 2 2 2 2 2 2 2 2 2 2 2 2 2 2 2 2 2 2 2 2,19433468837310205492327360174533427869650376,19433468837310205492327360174533427869650376,6502610516542727053608108009810968197902894,1.0,2.9885641755524497,2.9885641755524497,374224,3158717
24,1,100,0.01,even_odd,12,0x2d2d66,2,0.0,0,2 2 2 2 2 2 2 2 2 2 2 2 2 2 2 2 2 2 2 2 2 2 2 2,19433468837310205492327360174533427869650376,19433468837310205492327360174533427869650376,6502610516542727053608108009810968197902894,1.0,2.9885641755524497,2.9885641755524497,360980,3171563
24,1,100,0.01,forward,12,0x2d2d66,2,0.25,6,3 3 3 3 3 3 2 2 2 2 2 2 2 2 2 2 2 2 2 2 2 2 2 2,14624176044238487971498872050532731073625788,14624176044238487971498872050532731073625788,5700978274835882188895750929132094755168596,1.0,2.565204661240265,2.565204661240265,381566,3236514
24,1,100,0.01,even_odd,12,0x2d2d66,2,0.25,6,3 2 3 2 3 2 3 2 3 2 3 2 2 2 2 2 2 2 2 2 2 2 2 2,14624176044238487971498872050532731073625788,10616432050012056704141798613865483743605298,5700978274835882188895750929132094755168596,1.3775038520801233,2.565204661240265,1.862212332376881,408267,3155395
24,1,100,0.01,forward,12,0x2d2d66,2,0.5,12,3 3 3 3 3 3 3 3 3 3 3 3 2 2 2 2 2 2 2 2 2 2 2 2,9814883251166770450670383926532034277601200,9814883251166770450670383926532034277601200,5700978274835882188895750929132094755168596,1.0,1.7216138666042045,1.7216138666042045,363439,3319596
24,1,100,0.01,even_odd,12,0x2d2d66,2,0.5,12,3 2 3 2 3 2 3 2 3 2 3 2 3 2 3 2 3 2 3 2 3 2 3 2,9814883251166770450670383926532034277601200,1799395262713907915956237053197539617560220,867231733355818849972506687432550154871804,5.454545454545454,11.31748628845411,2.0748724862165866,370468,3093367
24,1,100,0.01,forward,12,0x2d2d66,2,0.75,18,3 3 3 3 3 3 3 3 3 3 3 3 3 3 3 3 3 3 2 2 2 2 2 2,5005590458095052929841895802531337481576612,5005590458095052929841895802531337481576612,4866630573109736744412531366838001899551894,1.0,1.0285536127918011,1.0285536127918011,344581,3088446
24,1,100,0.01,even_odd,12,0x2d2d66,2,0.75,18,3 3 3 3 3 3 3 3 3 3 3 3 3 2 3 2 3 2 3 2 3 2 3 2,5005590458095052929841895802531337481576612,1799395262713907915956237053197539617560220,859134437985042639217836413890339312015902,2.7818181818181817,5.826318020535687,2.0944280465977956,371411,3236568
24,1,100,0.01,forward,12,0x2d2d66,2,1.0,24,3 3 3 3 3 3 3 3 3 3 3 3 3 3 3 3 3 3 3 3 3 3 3 3,196297665023335409013407678530640685552024,196297665023335409013407678530640685552024,90218465181494688613270295272537724863608,1.0,2.175803640955747,2.175803640955747,349878,3062364
24,1,100,0.01,even_odd,12,0x2d2d66,2,1.0,24,3 3 3 3 3 3 3 3 3 3 3 3 3 3 3 3 3 3 3 3 3 3 3 3,196297665023335409013407678530640685552024,196297665023335409013407678530640685552024,90218465181494688613270295272537724863608,1.0,2.175803640955747,2.175803640955747,356860,3063539
24,1,100,0.01,forward,12,0x2d2d66,3,0.0,0,3 3 3 3 3 3 3 3 3 3 3 3 3 3 3 3 3 3 3 3 3 3 3 3,196297665023335409013407678530640685552024,196297665023335409013407678530640685552024,90218465181494688613270295272537724863608,1.0,2.175803640955747,2.175803640955747,347885,3107184
24,1,100,0.01,even_odd,12,0x2d2d66,3,0.0,0,3 3 3 3 3 3 3 3 3 3 3 3 3 3 3 3 3 3 3 3 3 3 3 3,196297665023335409013407678530640685552024,196297665023335409013407678530640685552024,90218465181494688613270295272537724863608,1.0,2.175803640955747,2.175803640955747,361330,3128671
24,1,100,0.01,forward,12,0x2d2d66,3,0.25,6,4 4 4 4 4 4 3 3 3 3 3 3 3 3 3 3 3 3 3 3 3 3 3 3,147718949941802908803018909601340717915412,147718949941802908803018909601340717915412,82040230405289664560783322976398498533808,1.0,1.8005672243002198,1.8005672243002198,346364,3096256
24,1,100,0.01,even_odd,12,0x2d2d66,3,0.25,6,4 3 4 3 4 3 4 3 4 3 4 3 3 3 3 3 3 3 3 3 3 3 3 3,147718949941802908803018909601340717915412,107236687373859158627694935493590744884902,73943769377123292215449303317632449967706,1.3775038520801233,1.9977200403243733,1.4502464274838012,361409,3074704
24,1,100,0.01,forward,12,0x2d2d66,3,0.5,12,4 4 4 4 4 4 4 4 4 4 4 4 3 3 3 3 3 3 3 3 3 3 3 3,99140234860270408592630140672040750278800,99140234860270408592630140672040750278800,73943769377123292215449303317632449967706,1.0,1.3407517049156867,1.3407517049156867,369072,3160869
24,1,100,0.01,even_odd,12,0x2d2d66,3,0.5,12,4 3 4 3 4 3 4 3 4 3 4 3 4 3 4 3 4 3 4 3 4 3 4 3,99140234860270408592630140672040750278800,18175709724382908241982192456540804217780,9007750141684655980653383662686739301694,5.454545454545454,11.006103999430973,2.0177857332290117,342363,3040891
24,1,100,0.01,forward,12,0x2d2d66,3,0.75,18,4 4 4 4 4 4 4 4 4 4 4 4 4 4 4 4 4 4 3 3 3 3 3 3,50561519778737908382241371742740782642188,50561519778737908382241371742740782642188,49405726819721860450248639915958997962404,1.0,1.023393906605877,1.023393906605877,334660,3018062
24,1,100,0.01,even_odd,12,0x2d2d66,3,0.75,18,4 4 4 4 4 4 4 4 4 4 4 4 4 3 4 3 4 3 4 3 4 3 4 3,50561519778737908382241371742740782642188,18175709724382908241982192456540804217780,8925141709601776949820181922321696611494,2.7818181818181817,5.66506632878929,2.036461752179157,330810,3064398
24,1,100,0.01,forward,12,0x2d2d66,3,1.0,24,4 4 4 4 4 4 4 4 4 4 4 4 4 4 4 4 4 4 4 4 4 4 4 4,1982804697205408171852602813440815005576,1982804697205408171852602813440815005576,1077365782338666864864992401054347439290,1.0,1.8404192241016608,1.8404192241016608,335152,3019410
24,1,100,0.01,even_odd,12,0x2d2d66,3,1.0,24,4 4 4 4 4 4 4 4 4 4 4 4 4 4 4 4 4 4 4 4 4 4 4 4,1982804697205408171852602813440815005576,1982804697205408171852602813440815005576,1077365782338666864864992401054347439290,1.0,1.8404192241016608,1.8404192241016608,328936,3108778
24,1,100,0.01,forward,13,0x618ed2,0,0.0,0,0 0 0 0 0 0 0 0 0 0 0 0 0 0 0 0 0 0 0 0 0 0 0 0,190467428074477324030300457070602126550443335176,190467428074477324030300457070602126550443335176,40003820223105592135943714920223998554049214298,1.0,4.761230977747127,4.761230977747127,406656,3327818
24,1,100,0.01,even_odd,13,0x618ed2,0,0.0,0,0 0 0 0 0 0 0 0 0 0 0 0 0 0 0 0 0 0 0 0 0 0 0 0,190467428074477324030300457070602126550443335176,190467428074477324030300457070602126550443335176,40003820223105592135943714920223998554049214298,1.0,4.761230977747127,4.761230977747127,413264,3306734
24,1,100,0.01,forward,13,0x618ed2,0,0.25,6,1 1 1 1 1 1 0 0 0 0 0 0 0 0 0 0 0 0 0 0 0 0 0 0,143331549409581420608660444967271297252606348188,143331549409581420608660444967271297252606348188,40003820223105592135943714920223998554049214298,1.0,3.5829465438602117,3.5829465438602117,424361,3317235
24,1,100,0.01,even_odd,13,0x618ed2,0,0.25,6,1 0 1 0 1 0 1 0 1 0 1 0 0 0 0 0 0 0 0 0 0 0 0 0,143331549409581420608660444967271297252606348188,111907630299650818327567103565050744387381690196,40003820223105592135943714920223998554049214298,1.2808022922636104,3.5829465438602117,2.7974235879356013,400216,3553210
24,1,100,0.01,forward,13,0x618ed2,0,0.5,12,1 1 1 1 1 1 1 1 1 1 1 1 0 0 0 0 0 0 0 0 0 0 0 0,96195670744685517187020432863940467954769361200,96195670744685517187020432863940467954769361200,40003820223105592135943714920223998554049214298,1.0,2.4046621099732963,2.4046621099732963,418219,3312423
24,1,100,0.01,even_odd,13,0x618ed2,0,0.5,12,1 0 1 0 1 0 1 0 1 0 1 0 1 0 1 0 1 0 1 0 1 0 1 0,96195670744685517187020432863940467954769361200,25491852747341662054560414708944224008013880718,8260058769635232309020241561870532141094540400,3.7735849056603774,11.645882121118802,3.0861587620964825,401279,3265572
24,1,100,0.01,forward,13,0x618ed2,0,0.75,18,1 1 1 1 1 1 1 1 1 1 1 1 1 1 1 1 1 1 0 0 0 0 0 0,49059792079789613765380420760609638656932374212,49059792079789613765380420760609638656932374212,24130724986771900127754252371072831567975680800,1.0,2.0330840497615985,2.0330840497615985,408925,3290097
24,1,100,0.01,even_odd,13,0x618ed2,0,0.75,18,1 1 1 1 1 1 1 1 1 1 1 1 1 0 1 0 1 0 1 0 1 0 1 0,49059792079789613765380420760609638656932374212,17635872969859011484287079358389085791707716220,8260058769635232309020241561870532141094540400,2.7818181818181817,5.939399881770589,2.13507838887178,380168,3394722
24,1,100,0.01,forward,13,0x618ed2,0,1.0,24,1 1 1 1 1 1 1 1 1 1 1 1 1 1 1 1 1 1 1 1 1 1 1 1,1923913414893710343740408657278809359095387224,1923913414893710343740408657278809359095387224,726334242940684023385750260248161341162091404,1.0,2.648798997971553,2.648798997971553,437029,3446801
24,1,100,0.01,even_odd,13,0x618ed2,0,1.0,24,1 1 1 1 1 1 1 1 1 1 1 1 1 1 1 1 1 1 1 1 1 1 1 1,1923913414893710343740408657278809359095387224,1923913414893710343740408657278809359095387224,726334242940684023385750260248161341162091404,1.0,2.648798997971553,2.648798997971553,409289,3258740
24,1,100,0.01,forward,13,0x618ed2,1,0.0,0,1 1 1 1 1 1 1 1 1 1 1 1 1 1 1 1 1 1 1 1 1 1 1 1,1923913414893710343740408657278809359095387224,1923913414893710343740408657278809359095387224,726334242940684023385750260248161341162091404,1.0,2.648798997971553,2.648798997971553,374446,3260042
24,1,100,0.01,even_odd,13,0x618ed2,1,0.0,0,1 1 1 1 1 1 1 1 1 1 1 1 1 1 1 1 1 1 1 1 1 1 1 1,1923913414893710343740408657278809359095387224,1923913414893710343740408657278809359095387224,726334242940684023385750260248161341162091404,1.0,2.648798997971553,2.648798997971553,398779,3336049
24,1,100,0.01,forward,13,0x618ed2,1,0.25,6,2 2 2 2 2 2 1 1 1 1 1 1 1 1 1 1 1 1 1 1 1 1 1 1,1447793428379610309178388333002740376288953012,1447793428379610309178388333002740376288953012,726334242940684023385750260248161341162091404,1.0,1.9932881348371787,1.9932881348371787,404496,3178955
24,1,100,0.01,even_odd,13,0x618ed2,1,0.25,6,2 1 2 1 2 1 2 1 2 1 2 1 1 1 1 1 1 1 1 1 1 1 1 1,1447793428379610309178388333002740376288953012,1130380104036876952803708116818694387751330204,726334242940684023385750260248161341162091404,1.2808022922636104,1.9932881348371787,1.556280892747596,387140,3216345
24,1,100,0.01,forward,13,0x618ed2,1,0.5,12,2 2 2 2 2 2 2 2 2 2 2 2 1 1 1 1 1 1 1 1 1 1 1 1,971673441865510274616368008726671393482518800,971673441865510274616368008726671393482518800,726334242940684023385750260248161341162091404,1.0,1.3377772717028045,1.3377772717028045,419600,3283364
24,1,100,0.01,even_odd,13,0x618ed2,1,0.5,12,2 1 2 1 2 1 2 1 2 1 2 1 2 1 2 1 2 1 2 1 2 1 2 1,971673441865510274616368008726671393482518800,257493462094360222773337522312567919272867482,86690040610336713067263491018215147045133898,3.7735849056603774,11.20859368647764,2.9702773269165745,365825,3235148
24,1,100,0.01,forward,13,0x618ed2,1,0.75,18,2 2 2 2 2 2 2 2 2 2 2 2 2 2 2 2 2 2 1 1 1 1 1 1,495553455351410240054347684450602410676084588,495553455351410240054347684450602410676084588,323098027921763138363915027491191613982644902,1.0,1.5337557413733471,1.5337557413733471,371977,3197295
24,1,100,0.01,even_odd,13,0x618ed2,1,0.75,18,2 2 2 2 2 2 2 2 2 2 2 2 2 1 2 1 2 1 2 1 2 1 2 1,495553455351410240054347684450602410676084588,178140131008676883679667468266556422138461780,86690040610336713067263491018215147045133898,2.7818181818181817,5.716382780103596,2.054908842520901,376345,3209279
24,1,100,0.01,forward,13,0x618ed2,1,1.0,24,2 2 2 2 2 2 2 2 2 2 2 2 2 2 2 2 2 2 2 2 2 2 2 2,19433468837310205492327360174533427869650376,19433468837310205492327360174533427869650376,8964343504386665056849725444889123945462494,1.0,2.167863026199355,2.167863026199355,390773,3228764
24,1,100,0.01,even_odd,13,0x618ed2,1,1.0,24,2 2 2 2 2 2 2 2 2 2 2 2 2 2 2 2 2 2 2 2 2 2 2 2,19433468837310205492327360174533427869650376,19433468837310205492327360174533427869650376,8964343504386665056849725444889123945462494,1.0,2.167863026199355,2.167863026199355,369986,3409470
24,1,100,0.01,forward,13,0x618ed2,2,0.0,0,2 2 2 2 2 2 2 2 2 2 2 2 2 2 2 2 2 2 2 2 2 2 2 2,19433468837310205492327360174533427869650376,19433468837310205492327360174533427869650376,8964343504386665056849725444889123945462494,1.0,2.167863026199355,2.167863026199355,392959,3262520
24,1,100,0.01,even_odd,13,0x618ed2,2,0.0,0,2 2 2 2 2 2 2 2 2 2 2 2 2 2 2 2 2 2 2 2 2 2 2 2,19433468837310205492327360174533427869650376,19433468837310205492327360174533427869650376,8964343504386665056849725444889123945462494,1.0,2.167863026199355,2.167863026199355,364734,3215469
24,1,100,0.01,forward,13,0x618ed2,2,0.25,6,3 3 3 3 3 3 2 2 2 2 2 2 2 2 2 2 2 2 2 2 2 2 2 2,14624176044238487971498872050532731073625788,14624176044238487971498872050532731073625788,8964343504386665056849725444889123945462494,1.0,1.6313716712308277,1.6313716712308277,375737,3220301
24,1,100,0.01,even_odd,13,0x618ed2,2,0.25,6,3 2 3 2 3 2 3 2 3 2 3 2 2 2 2 2 2 2 2 2 2 2 2 2,14624176044238487971498872050532731073625788,11417980848857342957613213301198933209609396,8138258323498660227064851659537099376732294,1.2808022922636104,1.7969663118227874,1.403000543235241,388492,3242655
24,1,100,0.01,forward,13,0x618ed2,2,0.5,12,3 3 3 3 3 3 3 3 3 3 3 3 2 2 2 2 2 2 2 2 2 2 2 2,9814883251166770450670383926532034277601200,9814883251166770450670383926532034277601200,8138258323498660227064851659537099376732294,1.0,1.206017658941468,1.206017658941468,374582,3192167
24,1,100,0.01,even_odd,13,0x618ed2,2,0.5,12,3 2 3 2 3 2 3 2 3 2 3 2 3 2 3 2 3 2 3 2 3 2 3 2,9814883251166770450670383926532034277601200,2600944061559194169427651740530989083564318,1677205774707273254150843889537642870500400,3.7735849056603774,5.851925505610536,1.550760258986792,363914,3135934
24,1,100,0.01,forward,13,0x618ed2,2,0.75,18,3 3 3 3 3 3 3 3 3 3 3 3 3 3 3 3 3 3 2 2 2 2 2 2,5005590458095052929841895802531337481576612,5005590458095052929841895802531337481576612,4065165242499459368258435167042455667848996,1.0,1.2313375126215964,1.2313375126215964,359181,3190214
24,1,100,0.01,even_odd,13,0x618ed2,2,0.75,18,3 3 3 3 3 3 3 3 3 3 3 3 3 2 3 2 3 2 3 2 3 2 3 2,5005590458095052929841895802531337481576612,1799395262713907915956237053197539617560220,1677205774707273254150843889537642870500400,2.7818181818181817,2.984482007861373,1.0728530093619315,369790,3242768
24,1,100,0.01,forward,13,0x618ed2,2,1.0,24,3 3 3 3 3 3 3 3 3 3 3 3 3 3 3 3 3 3 3 3 3 3 3 3,196297665023335409013407678530640685552024,196297665023335409013407678530640685552024,106907897466425535056371396965411766613808,1.0,1.8361381121070384,1.8361381121070384,361527,3159308
24,1,100,0.01,even_odd,13,0x618ed2,2,1.0,24,3 3 3 3 3 3 3 3 3 3 3 3 3 3 3 3 3 3 3 3 3 3 3 3,196297665023335409013407678530640685552024,196297665023335409013407678530640685552024,106907897466425535056371396965411766613808,1.0,1.8361381121070384,1.8361381121070384,363053,3197029
24,1,100,0.01,forward,13,0x618ed2,3,0.0,0,3 3 3 3 3 3 3 3 3 3 3 3 3 3 3 3 3 3 3 3 3 3 3 3,196297665023335409013407678530640685552024,196297665023335409013407678530640685552024,106907897466425535056371396965411766613808,1.0,1.8361381121070384,1.8361381121070384,354759,3115957
24,1,100,0.01,even_odd,13,0x618ed2,3,0.0,0,3 3 3 3 3 3 3 3 3 3 3 3 3 3 3 3 3 3 3 3 3 3 3 3,196297665023335409013407678530640685552024,196297665023335409013407678530640685552024,106907897466425535056371396965411766613808,1.0,1.8361381121070384,1.8361381121070384,357491,3257115
24,1,100,0.01,forward,13,0x618ed2,3,0.25,6,4 4 4 4 4 4 3 3 3 3 3 3 3 3 3 3 3 3 3 3 3 3 3 3,147718949941802908803018909601340717915412,147718949941802908803018909601340717915412,106824454520572518488839910113429846386906,1.0,1.3828196044132837,1.3828196044132837,352766,3119151
24,1,100,0.01,even_odd,13,0x618ed2,3,0.25,6,4 3 4 3 4 3 4 3 4 3 4 3 3 3 3 3 3 3 3 3 3 3 3 3,147718949941802908803018909601340717915412,115333139887447908662759730315140739491004,90301082043878247278144104513843927704408,1.2808022922636104,1.6358491681198761,1.2772066211942656,369274,3101720
24,1,100,0.01,forward,13,0x618ed2,3,0.5,12,4 4 4 4 4 4 4 4 4 4 4 4 3 3 3 3 3 3 3 3 3 3 3 3,99140234860270408592630140672040750278800,99140234860270408592630140672040750278800,90301082043878247278144104513843927704408,1.0,1.0978853477314605,1.0978853477314605,347484,3182457
24,1,100,0.01,even_odd,13,0x618ed2,3,0.5,12,4 3 4 3 4 3 4 3 4 3 4 3 4 3 4 3 4 3 4 3 4 3 4 3,99140234860270408592630140672040750278800,26272162237971658277046987278090798823882,17107540626033398963798574996113877993498,3.7735849056603774,5.795119066349242,1.5357065525825493,345583,3112218
24,1,100,0.01,forward,13,0x618ed2,3,0.75,18,4 4 4 4 4 4 4 4 4 4 4 4 4 4 4 4 4 4 3 3 3 3 3 3,50561519778737908382241371742740782642188,50561519778737908382241371742740782642188,49158727690350965876059089438140455897506,1.0,1.0285359722331116,1.0285359722331116,341123,3184097
24,1,100,0.01,even_odd,13,0x618ed2,3,0.75,18,4 4 4 4 4 4 4 4 4 4 4 4 4 3 4 3 4 3 4 3 4 3 4 3,50561519778737908382241371742740782642188,18175709724382908241982192456540804217780,17107540626033398963798574996113877993498,2.7818181818181817,2.9555107238381138,1.0624384954973611,333254,3131540
24,1,100,0.01,forward,13,0x618ed2,3,1.0,24,4 4 4 4 4 4 4 4 4 4 4 4 4 4 4 4 4 4 4 4 4 4 4 4,1982804697205408171852602813440815005576,1982804697205408171852602813440815005576,1327719823899023233804813578312854009490,1.0,1.4933908958161386,1.4933908958161386,354655,3098123
24,1,100,0.01,even_odd,13,0x618ed2,3,1.0,24,4 4 4 4 4 4 4 4 4 4 4 4 4 4 4 4 4 4 4 4 4 4 4 4,1982804697205408171852602813440815005576,1982804697205408171852602813440815005576,1327719823899023233804813578312854009490,1.0,1.4933908958161386,1.4933908958161386,337140,3103985
24,1,20,0.05,forward,0,0x0,0,0.0,0,0 0 0 0 0 0 0 0 0 0 0 0 0 0 0 0 0 0 0 0 0 0 0 0,6187911070687385453957425614216,6187911070687385453957425614216,6187911070687385453957425614216,1.0,1.0,1.0,427391,3235428
24,1,20,0.05,even_odd,0,0x0,0,0.0,0,0 0 0 0 0 0 0 0 0 0 0 0 0 0 0 0 0 0 0 0 0 0 0 0,6187911070687385453957425614216,6187911070687385453957425614216,6187911070687385453957425614216,1.0,1.0,1.0,403564,3234283
24,1,20,0.05,forward,0,0x0,0,0.25,6,1 1 1 1 1 1 0 0 0 0 0 0 0 0 0 0 0 0 0 0 0 0 0 0,4722353185524583635914877442428,4722353185524583635914877442428,569939177563311818127657622362,1.0,8.285714285714286,8.285714285714286,410420,3194692
24,1,20,0.05,even_odd,0,0x0,0,0.25,6,1 0 1 0 1 0 1 0 1 0 1 0 0 0 0 0 0 0 0 0 0 0 0 0,4722353185524583635914877442428,4722353185524583635914877442428,569939177563311818127657622362,1.0,8.285714285714286,8.285714285714286,389647,3205613
24,1,20,0.05,forward,0,0x0,0,0.5,12,1 1 1 1 1 1 1 1 1 1 1 1 0 0 0 0 0 0 0 0 0 0 0 0,3256795300361781817872329270640,3256795300361781817872329270640,569939177563311818127657622362,1.0,5.714285714285714,5.714285714285714,390021,3177856
24,1,20,0.05,even_odd,0,0x0,0,0.5,12,1 0 1 0 1 0 1 0 1 0 1 0 1 0 1 0 1 0 1 0 1 0 1 0,3256795300361781817872329270640,3256795300361781817872329270640,569939177563311818127657622362,1.0,5.714285714285714,5.714285714285714,385876,3188005
24,1,20,0.05,forward,0,0x0,0,0.75,18,1 1 1 1 1 1 1 1 1 1 1 1 1 1 1 1 1 1 0 0 0 0 0 0,1791237415198979999829781098852,1791237415198979999829781098852,569939177563311818127657622362,1.0,3.142857142857143,3.142857142857143,381923,3173125
24,1,20,0.05,even_odd,0,0x0,0,0.75,18,1 1 1 1 1 1 1 1 1 1 1 1 1 0 1 0 1 0 1 0 1 0 1 0,1791237415198979999829781098852,1791237415198979999829781098852,569939177563311818127657622362,1.0,3.142857142857143,3.142857142857143,368386,3179396
24,1,20,0.05,forward,0,0x0,0,1.0,24,1 1 1 1 1 1 1 1 1 1 1 1 1 1 1 1 1 1 1 1 1 1 1 1,325679530036178181787232927064,325679530036178181787232927064,42852569741602392340425385140,1.0,7.6,7.6,387235,3174468
24,1,20,0.05,even_odd,0,0x0,0,1.0,24,1 1 1 1 1 1 1 1 1 1 1 1 1 1 1 1 1 1 1 1 1 1 1 1,325679530036178181787232927064,325679530036178181787232927064,42852569741602392340425385140,1.0,7.6,7.6,368818,3146249
24,1,20,0.05,forward,0,0x0,1,0.0,0,1 1 1 1 1 1 1 1 1 1 1 1 1 1 1 1 1 1 1 1 1 1 1 1,325679530036178181787232927064,325679530036178181787232927064,42852569741602392340425385140,1.0,7.6,7.6,370711,3169110
24,1,20,0.05,even_odd,0,0x0,1,0.0,0,1 1 1 1 1 1 1 1 1 1 1 1 1 1 1 1 1 1 1 1 1 1 1 1,325679530036178181787232927064,325679530036178181787232927064,42852569741602392340425385140,1.0,7.6,7.6,377513,3219351
24,1,20,0.05,forward,0,0x0,1,0.25,6,2 2 2 2 2 2 1 1 1 1 1 1 1 1 1 1 1 1 1 1 1 1 1 1,248544904501293875574467233812,248544904501293875574467233812,42852569741602392340425385140,1.0,5.8,5.8,379116,3157041
24,1,20,0.05,even_odd,0,0x0,1,0.25,6,2 1 2 1 2 1 2 1 2 1 2 1 1 1 1 1 1 1 1 1 1 1 1 1,248544904501293875574467233812,248544904501293875574467233812,42852569741602392340425385140,1.0,5.8,5.8,371606,3179289
24,1,20,0.05,forward,0,0x0,1,0.5,12,2 2 2 2 2 2 2 2 2 2 2 2 1 1 1 1 1 1 1 1 1 1 1 1,171410278966409569361701540560,171410278966409569361701540560,42852569741602392340425385140,1.0,4.0,4.0,385151,3185137
24,1,20,0.05,even_odd,0,0x0,1,0.5,12,2 1 2 1 2 1 2 1 2 1 2 1 2 1 2 1 2 1 2 1 2 1 2 1,171410278966409569361701540560,171410278966409569361701540560,42852569741602392340425385140,1.0,4.0,4.0,378932,3230931
24,1,20,0.05,forward,0,0x0,1,0.75,18,2 2 2 2 2 2 2 2 2 2 2 2 2 2 2 2 2 2 1 1 1 1 1 1,94275653431525263148935847308,94275653431525263148935847308,42852569741602392340425385140,1.0,2.2,2.2,367354,3140902
24,1,20,0.05,even_odd,0,0x0,1,0.75,18,2 2 2 2 2 2 2 2 2 2 2 2 2 1 2 1 2 1 2 1 2 1 2 1,94275653431525263148935847308,94275653431525263148935847308,42852569741602392340425385140,1.0,2.2,2.2,373735,3156697
24,1,20,0.05,forward,0,0x0,1,1.0,24,2 2 2 2 2 2 2 2 2 2 2 2 2 2 2 2 2 2 2 2 2 2 2 2,17141027896640956936170154056,17141027896640956936170154056,2932017929688584739081736878,1.0,5.846153846153846,5.846153846153846,348573,3149766
24,1,20,0.05,even_odd,0,0x0,1,1.0,24,2 2 2 2 2 2 2 2 2 2 2 2 2 2 2 2 2 2 2 2 2 2 2 2,17141027896640956936170154056,17141027896640956936170154056,2932017929688584739081736878,1.0,5.846153846153846,5.846153846153846,352510,3125243
24,1,20,0.05,forward,0,0x0,2,0.0,0,2 2 2 2 2 2 2 2 2 2 2 2 2 2 2 2 2 2 2 2 2 2 2 2,17141027896640956936170154056,17141027896640956936170154056,2932017929688584739081736878,1.0,5.846153846153846,5.846153846153846,362113,3117379
24,1,20,0.05,even_odd,0,0x0,2,0.0,0,2 2 2 2 2 2 2 2 2 2 2 2 2 2 2 2 2 2 2 2 2 2 2 2,17141027896640956936170154056,17141027896640956936170154056,2932017929688584739081736878,1.0,5.846153846153846,5.846153846153846,359759,3227998
24,1,20,0.05,forward,0,0x0,2,0.25,6,3 3 3 3 3 3 2 2 2 2 2 2 2 2 2 2 2 2 2 2 2 2 2 2,13081310763225993451287749148,13081310763225993451287749148,2932017929688584739081736878,1.0,4.461538461538462,4.461538461538462,370244,3122778
24,1,20,0.05,even_odd,0,0x0,2,0.25,6,3 2 3 2 3 2 3 2 3 2 3 2 2 2 2 2 2 2 2 2 2 2 2 2,13081310763225993451287749148,13081310763225993451287749148,2932017929688584739081736878,1.0,4.461538461538462,4.461538461538462,343933,3145617
24,1,20,0.05,forward,0,0x0,2,0.5,12,3 3 3 3 3 3 3 3 3 3 3 3 2 2 2 2 2 2 2 2 2 2 2 2,9021593629811029966405344240,9021593629811029966405344240,2932017929688584739081736878,1.0,3.076923076923077,3.076923076923077,359669,3132040
24,1,20,0.05,even_odd,0,0x0,2,0.5,12,3 2 3 2 3 2 3 2 3 2 3 2 3 2 3 2 3 2 3 2 3 2 3 2,9021593629811029966405344240,9021593629811029966405344240,2932017929688584739081736878,1.0,3.076923076923077,3.076923076923077,357518,3115112
24,1,20,0.05,forward,0,0x0,2,0.75,18,3 3 3 3 3 3 3 3 3 3 3 3 3 3 3 3 3 3 2 2 2 2 2 2,4961876496396066481522939332,4961876496396066481522939332,2932017929688584739081736878,1.0,1.6923076923076923,1.6923076923076923,336302,3609901
24,1,20,0.05,even_odd,0,0x0,2,0.75,18,3 3 3 3 3 3 3 3 3 3 3 3 3 2 3 2 3 2 3 2 3 2 3 2,4961876496396066481522939332,4961876496396066481522939332,2932017929688584739081736878,1.0,1.6923076923076923,1.6923076923076923,363725,3174818
24,1,20,0.05,forward,0,0x0,2,1.0,24,3 3 3 3 3 3 3 3 3 3 3 3 3 3 3 3 3 3 3 3 3 3 3 3,902159362981102996640534424,902159362981102996640534424,189928286943390104555901984,1.0,4.75,4.75,350013,3173636
24,1,20,0.05,even_odd,0,0x0,2,1.0,24,3 3 3 3 3 3 3 3 3 3 3 3 3 3 3 3 3 3 3 3 3 3 3 3,902159362981102996640534424,902159362981102996640534424,189928286943390104555901984,1.0,4.75,4.75,343514,3087157
24,1,20,0.05,forward,0,0x0,3,0.0,0,3 3 3 3 3 3 3 3 3 3 3 3 3 3 3 3 3 3 3 3 3 3 3 3,902159362981102996640534424,902159362981102996640534424,189928286943390104555901984,1.0,4.75,4.75,348097,3143943
24,1,20,0.05,even_odd,0,0x0,3,0.0,0,3 3 3 3 3 3 3 3 3 3 3 3 3 3 3 3 3 3 3 3 3 3 3 3,902159362981102996640534424,902159362981102996640534424,189928286943390104555901984,1.0,4.75,4.75,329135,3048962
24,1,20,0.05,forward,0,0x0,3,0.25,6,4 4 4 4 4 4 3 3 3 3 3 3 3 3 3 3 3 3 3 3 3 3 3 3,688490040169789129015144692,688490040169789129015144692,189928286943390104555901984,1.0,3.625,3.625,340939,3106320
24,1,20,0.05,even_odd,0,0x0,3,0.25,6,4 3 4 3 4 3 4 3 4 3 4 3 3 3 3 3 3 3 3 3 3 3 3 3,688490040169789129015144692,688490040169789129015144692,189928286943390104555901984,1.0,3.625,3.625,323216,3044586
24,1,20,0.05,forward,0,0x0,3,0.5,12,4 4 4 4 4 4 4 4 4 4 4 4 3 3 3 3 3 3 3 3 3 3 3 3,474820717358475261389754960,474820717358475261389754960,189928286943390104555901984,1.0,2.5,2.5,326751,3106127
24,1,20,0.05,even_odd,0,0x0,3,0.5,12,4 3 4 3 4 3 4 3 4 3 4 3 4 3 4 3 4 3 4 3 4 3 4 3,474820717358475261389754960,474820717358475261389754960,189928286943390104555901984,1.0,2.5,2.5,346132,3192232
24,1,20,0.05,forward,0,0x0,3,0.75,18,4 4 4 4 4 4 4 4 4 4 4 4 4 4 4 4 4 4 3 3 3 3 3 3,261151394547161393764365228,261151394547161393764365228,189928286943390104555901984,1.0,1.375,1.375,332835,3065790
24,1,20,0.05,even_odd,0,0x0,3,0.75,18,4 4 4 4 4 4 4 4 4 4 4 4 4 3 4 3 4 3 4 3 4 3 4 3,261151394547161393764365228,261151394547161393764365228,189928286943390104555901984,1.0,1.375,1.375,345703,3124614
24,1,20,0.05,forward,0,0x0,3,1.0,24,4 4 4 4 4 4 4 4 4 4 4 4 4 4 4 4 4 4 4 4 4 4 4 4,47482071735847526138975496,47482071735847526138975496,11870517933961881534743874,1.0,4.0,4.0,334420,2991586
24,1,20,0.05,even_odd,0,0x0,3,1.0,24,4 4 4 4 4 4 4 4 4 4 4 4 4 4 4 4 4 4 4 4 4 4 4 4,47482071735847526138975496,47482071735847526138975496,11870517933961881534743874,1.0,4.0,4.0,319487,2998992
24,1,20,0.05,forward,1,0x7fffff,0,0.0,0,0 0 0 0 0 0 0 0 0 0 0 0 0 0 0 0 0 0 0 0 0 0 0 0,6187911070687385453957425614216,6187911070687385453957425614216,6187911070687385453957425614216,1.0,1.0,1.0,374366,3205625
24,1,20,0.05,even_odd,1,0x7fffff,0,0.0,0,0 0 0 0 0 0 0 0 0 0 0 0 0 0 0 0 0 0 0 0 0 0 0 0,6187911070687385453957425614216,6187911070687385453957425614216,6187911070687385453957425614216,1.0,1.0,1.0,385860,3212436
24,1,20,0.05,forward,1,0x7fffff,0,0.25,6,1 1 1 1 1 1 0 0 0 0 0 0 0 0 0 0 0 0 0 0 0 0 0 0,4722353185524583635914877442428,4722353185524583635914877442428,569939177563311818127657622362,1.0,8.285714285714286,8.285714285714286,382921,3160345
24,1,20,0.05,even_odd,1,0x7fffff,0,0.25,6,1 0 1 0 1 0 1 0 1 0 1 0 0 0 0 0 0 0 0 0 0 0 0 0,4722353185524583635914877442428,4722353185524583635914877442428,569939177563311818127657622362,1.0,8.285714285714286,8.285714285714286,365151,3213570
24,1,20,0.05,forward,1,0x7fffff,0,0.5,12,1 1 1 1 1 1 1 1 1 1 1 1 0 0 0 0 0 0 0 0 0 0 0 0,3256795300361781817872329270640,3256795300361781817872329270640,569939177563311818127657622362,1.0,5.714285714285714,5.714285714285714,351671,3188889
24,1,20,0.05,even_odd,1,0x7fffff,0,0.5,12,1 0 1 0 1 0 1 0 1 0 1 0 1 0 1 0 1 0 1 0 1 0 1 0,3256795300361781817872329270640,3256795300361781817872329270640,569939177563311818127657622362,1.0,5.714285714285714,5.714285714285714,380390,3180175
24,1,20,0.05,forward,1,0x7fffff,0,0.75,18,1 1 1 1 1 1 1 1 1 1 1 1 1 1 1 1 1 1 0 0 0 0 0 0,1791237415198979999829781098852,1791237415198979999829781098852,569939177563311818127657622362,1.0,3.142857142857143,3.142857142857143,365657,3197107
24,1,20,0.05,even_odd,1,0x7fffff,0,0.75,18,1 1 1 1 1 1 1 1 1 1 1 1 1 0 1 0 1 0 1 0 1 0 1 0,1791237415198979999829781098852,1791237415198979999829781098852,569939177563311818127657622362,1.0,3.142857142857143,3.142857142857143,356481,3237636
24,1,20,0.05,forward,1,0x7fffff,0,1.0,24,1 1 1 1 1 1 1 1 1 1 1 1 1 1 1 1 1 1 1 1 1 1 1 1,325679530036178181787232927064,325679530036178181787232927064,42852569741602392340425385140,1.0,7.6,7.6,359237,3182803
24,1,20,0.05,even_odd,1,0x7fffff,0,1.0,24,1 1 1 1 1 1 1 1 1 1 1 1 1 1 1 1 1 1 1 1 1 1 1 1,325679530036178181787232927064,325679530036178181787232927064,42852569741602392340425385140,1.0,7.6,7.6,369875,3191247
24,1,20,0.05,forward,1,0x7fffff,1,0.0,0,1 1 1 1 1 1 1 1 1 1 1 1 1 1 1 1 1 1 1 1 1 1 1 1,325679530036178181787232927064,325679530036178181787232927064,42852569741602392340425385140,1.0,7.6,7.6,383555,3187065
24,1,20,0.05,even_odd,1,0x7fffff,1,0.0,0,1 1 1 1 1 1 1 1 1 1 1 1 1 1 1 1 1 1 1 1 1 1 1 1,325679530036178181787232927064,325679530036178181787232927064,42852569741602392340425385140,1.0,7.6,7.6,393306,3276762
24,1,20,0.05,forward,1,0x7fffff,1,0.25,6,2 2 2 2 2 2 1 1 1 1 1 1 1 1 1 1 1 1 1 1 1 1 1 1,248544904501293875574467233812,248544904501293875574467233812,42852569741602392340425385140,1.0,5.8,5.8,360503,3158650
24,1,20,0.05,even_odd,1,0x7fffff,1,0.25,6,2 1 2 1 2 1 2 1 2 1 2 1 1 1 1 1 1 1 1 1 1 1 1 1,248544904501293875574467233812,248544904501293875574467233812,42852569741602392340425385140,1.0,5.8,5.8,375881,3325455
24,1,20,0.05,forward,1,0x7fffff,1,0.5,12,2 2 2 2 2 2 2 2 2 2 2 2 1 1 1 1 1 1 1 1 1 1 1 1,171410278966409569361701540560,171410278966409569361701540560,42852569741602392340425385140,1.0,4.0,4.0,355535,3085087
24,1,20,0.05,even_odd,1,0x7fffff,1,0.5,12,2 1 2 1 2 1 2 1 2 1 2 1 2 1 2 1 2 1 2 1 2 1 2 1,171410278966409569361701540560,171410278966409569361701540560,42852569741602392340425385140,1.0,4.0,4.0,355542,3183095
24,1,20,0.05,forward,1,0x7fffff,1,0.75,18,2 2 2 2 2 2 2 2 2 2 2 2 2 2 2 2 2 2 1 1 1 1 1 1,94275653431525263148935847308,94275653431525263148935847308,42852569741602392340425385140,1.0,2.2,2.2,343156,3212735
24,1,20,0.05,even_odd,1,0x7fffff,1,0.75,18,2 2 2 2 2 2 2 2 2 2 2 2 2 1 2 1 2 1 2 1 2 1 2 1,94275653431525263148935847308,94275653431525263148935847308,42852569741602392340425385140,1.0,2.2,2.2,346511,3176102
24,1,20,0.05,forward,1,0x7fffff,1,1.0,24,2 2 2 2 2 2 2 2 2 2 2 2 2 2 2 2 2 2 2 2 2 2 2 2,17141027896640956936170154056,17141027896640956936170154056,2932017929688584739081736878,1.0,5.846153846153846,5.846153846153846,339925,3134330
24,1,20,0.05,even_odd,1,0x7fffff,1,1.0,24,2 2 2 2 2 2 2 2 2 2 2 2 2 2 2 2 2 2 2 2 2 2 2 2,17141027896640956936170154056,17141027896640956936170154056,2932017929688584739081736878,1.0,5.846153846153846,5.846153846153846,342381,3162922
24,1,20,0.05,forward,1,0x7fffff,2,0.0,0,2 2 2 2 2 2 2 2 2 2 2 2 2 2 2 2 2 2 2 2 2 2 2 2,17141027896640956936170154056,17141027896640956936170154056,2932017929688584739081736878,1.0,5.846153846153846,5.846153846153846,374998,3179774
24,1,20,0.05,even_odd,1,0x7fffff,2,0.0,0,2 2 2 2 2 2 2 2 2 2 2 2 2 2 2 2 2 2 2 2 2 2 2 2,17141027896640956936170154056,17141027896640956936170154056,2932017929688584739081736878,1.0,5.846153846153846,5.846153846153846,344178,3196208
24,1,20,0.05,forward,1,0x7fffff,2,0.25,6,3 3 3 3 3 3 2 2 2 2 2 2 2 2 2 2 2 2 2 2 2 2 2 2,13081310763225993451287749148,13081310763225993451287749148,2932017929688584739081736878,1.0,4.461538461538462,4.461538461538462,342310,3216010
24,1,20,0.05,even_odd,1,0x7fffff,2,0.25,6,3 2 3 2 3 2 3 2 3 2 3 2 2 2 2 2 2 2 2 2 2 2 2 2,13081310763225993451287749148,13081310763225993451287749148,2932017929688584739081736878,1.0,4.461538461538462,4.461538461538462,339423,3077265
24,1,20,0.05,forward,1,0x7fffff,2,0.5,12,3 3 3 3 3 3 3 3 3 3 3 3 2 2 2 2 2 2 2 2 2 2 2 2,9021593629811029966405344240,9021593629811029966405344240,2932017929688584739081736878,1.0,3.076923076923077,3.076923076923077,322932,3235495
24,1,20,0.05,even_odd,1,0x7fffff,2,0.5,12,3 2 3 2 3 2 3 2 3 2 3 2 3 2 3 2 3 2 3 2 3 2 3 2,9021593629811029966405344240,9021593629811029966405344240,2932017929688584739081736878,1.0,3.076923076923077,3.076923076923077,377739,3137483
24,1,20,0.05,forward,1,0x7fffff,2,0.75,18,3 3 3 3 3 3 3 3 3 3 3 3 3 3 3 3 3 3 2 2 2 2 2 2,4961876496396066481522939332,4961876496396066481522939332,2932017929688584739081736878,1.0,1.6923076923076923,1.6923076923076923,329195,3081222
24,1,20,0.05,even_odd,1,0x7fffff,2,0.75,18,3 3 3 3 3 3 3 3 3 3 3 3 3 2 3 2 3 2 3 2 3 2 3 2,4961876496396066481522939332,4961876496396066481522939332,2932017929688584739081736878,1.0,1.6923076923076923,1.6923076923076923,317012,3057204
24,1,20,0.05,forward,1,0x7fffff,2,1.0,24,3 3 3 3 3 3 3 3 3 3 3 3 3 3 3 3 3 3 3 3 3 3 3 3,902159362981102996640534424,902159362981102996640534424,189928286943390104555901984,1.0,4.75,4.75,327291,3132355
24,1,20,0.05,even_odd,1,0x7fffff,2,1.0,24,3 3 3 3 3 3 3 3 3 3 3 3 3 3 3 3 3 3 3 3 3 3 3 3,902159362981102996640534424,902159362981102996640534424,189928286943390104555901984,1.0,4.75,4.75,366051,3099625
24,1,20,0.05,forward,1,0x7fffff,3,0.0,0,3 3 3 3 3 3 3 3 3 3 3 3 3 3 3 3 3 3 3 3 3 3 3 3,902159362981102996640534424,902159362981102996640534424,189928286943390104555901984,1.0,4.75,4.75,326765,3097522
24,1,20,0.05,even_odd,1,0x7fffff,3,0.0,0,3 3 3 3 3 3 3 3 3 3 3 3 3 3 3 3 3 3 3 3 3 3 3 3,902159362981102996640534424,902159362981102996640534424,189928286943390104555901984,1.0,4.75,4.75,317346,3072213
24,1,20,0.05,forward,1,0x7fffff,3,0.25,6,4 4 4 4 4 4 3 3 3 3 3 3 3 3 3 3 3 3 3 3 3 3 3 3,688490040169789129015144692,688490040169789129015144692,189928286943390104555901984,1.0,3.625,3.625,315465,3026600
24,1,20,0.05,even_odd,1,0x7fffff,3,0.25,6,4 3 4 3 4 3 4 3 4 3 4 3 3 3 3 3 3 3 3 3 3 3 3 3,688490040169789129015144692,688490040169789129015144692,189928286943390104555901984,1.0,3.625,3.625,319022,3096477
24,1,20,0.05,forward,1,0x7fffff,3,0.5,12,4 4 4 4 4 4 4 4 4 4 4 4 3 3 3 3 3 3 3 3 3 3 3 3,474820717358475261389754960,474820717358475261389754960,189928286943390104555901984,1.0,2.5,2.5,332106,3072589
24,1,20,0.05,even_odd,1,0x7fffff,3,0.5,12,4 3 4 3 4 3 4 3 4 3 4 3 4 3 4 3 4 3 4 3 4 3 4 3,474820717358475261389754960,474820717358475261389754960,189928286943390104555901984,1.0,2.5,2.5,309269,3136128
24,1,20,0.05,forward,1,0x7fffff,3,0.75,18,4 4 4 4 4 4 4 4 4 4 4 4 4 4 4 4 4 4 3 3 3 3 3 3,261151394547161393764365228,261151394547161393764365228,189928286943390104555901984,1.0,1.375,1.375,324562,3154777
24,1,20,0.05,even_odd,1,0x7fffff,3,0.75,18,4 4 4 4 4 4 4 4 4 4 4 4 4 3 4 3 4 3 4 3 4 3 4 3,261151394547161393764365228,261151394547161393764365228,189928286943390104555901984,1.0,1.375,1.375,319998,3332462
24,1,20,0.05,forward,1,0x7fffff,3,1.0,24,4 4 4 4 4 4 4 4 4 4 4 4 4 4 4 4 4 4 4 4 4 4 4 4,47482071735847526138975496,47482071735847526138975496,11870517933961881534743874,1.0,4.0,4.0,337319,3270603
24,1,20,0.05,even_odd,1,0x7fffff,3,1.0,24,4 4 4 4 4 4 4 4 4 4 4 4 4 4 4 4 4 4 4 4 4 4 4 4,47482071735847526138975496,47482071735847526138975496,11870517933961881534743874,1.0,4.0,4.0,322614,3183802
24,1,20,0.05,forward,2,0x7b02cb,0,0.0,0,0 0 0 0 0 0 0 0 0 0 0 0 0 0 0 0 0 0 0 0 0 0 0 0,6187911070687385453957425614216,6187911070687385453957425614216,1847175362727739689079958535240,1.0,3.349931574200754,3.349931574200754,420320,3490677
24,1,20,0.05,even_odd,2,0x7b02cb,0,0.0,0,0 0 0 0 0 0 0 0 0 0 0 0 0 0 0 0 0 0 0 0 0 0 0 0,6187911070687385453957425614216,6187911070687385453957425614216,1847175362727739689079958535240,1.0,3.349931574200754,3.349931574200754,429187,3451544
24,1,20,0.05,forward,2,0x7b02cb,0,0.25,6,1 1 1 1 1 1 0 0 0 0 0 0 0 0 0 0 0 0 0 0 0 0 0 0,4722353185524583635914877442428,4722353185524583635914877442428,1847175362727739689079958535240,1.0,2.5565267276795227,2.5565267276795227,423694,3426928
24,1,20,0.05,even_odd,2,0x7b02cb,0,0.25,6,1 0 1 0 1 0 1 0 1 0 1 0 0 0 0 0 0 0 0 0 0 0 0 0,4722353185524583635914877442428,3745314595416049090553178661236,1304374173077571489921698915298,1.2608695652173914,3.6203976458553693,2.8713498570577065,424835,3466007
24,1,20,0.05,forward,2,0x7b02cb,0,0.5,12,1 1 1 1 1 1 1 1 1 1 1 1 0 0 0 0 0 0 0 0 0 0 0 0,3256795300361781817872329270640,3256795300361781817872329270640,1304374173077571489921698915298,1.0,2.496825962658875,2.496825962658875,415615,3470490
24,1,20,0.05,even_odd,2,0x7b02cb,0,0.5,12,1 0 1 0 1 0 1 0 1 0 1 0 1 0 1 0 1 0 1 0 1 0 1 0,3256795300361781817872329270640,1546977767671846363489356403554,341479403460172567344633039258,2.1052631578947367,9.537311086294048,4.530222765989673,417401,3470184
24,1,20,0.05,forward,2,0x7b02cb,0,0.75,18,1 1 1 1 1 1 1 1 1 1 1 1 1 1 1 1 1 1 0 0 0 0 0 0,1791237415198979999829781098852,1791237415198979999829781098852,1304374173077571489921698915298,1.0,1.3732542794623814,1.3732542794623814,410025,3376300
24,1,20,0.05,even_odd,2,0x7b02cb,0,0.75,18,1 1 1 1 1 1 1 1 1 1 1 1 1 0 1 0 1 0 1 0 1 0 1 0,1791237415198979999829781098852,1058458472617579090808507012958,341479403460172567344633039258,1.6923076923076923,5.245521097461726,3.0996261030455656,394308,3396917
24,1,20,0.05,forward,2,0x7b02cb,0,1.0,24,1 1 1 1 1 1 1 1 1 1 1 1 1 1 1 1 1 1 1 1 1 1 1 1,325679530036178181787232927064,325679530036178181787232927064,126456841604387045224282505622,1.0,2.575420403548017,2.575420403548017,399118,3414023
24,1,20,0.05,even_odd,2,0x7b02cb,0,1.0,24,1 1 1 1 1 1 1 1 1 1 1 1 1 1 1 1 1 1 1 1 1 1 1 1,325679530036178181787232927064,325679530036178181787232927064,126456841604387045224282505622,1.0,2.575420403548017,2.575420403548017,404037,3379172
24,1,20,0.05,forward,2,0x7b02cb,1,0.0,0,1 1 1 1 1 1 1 1 1 1 1 1 1 1 1 1 1 1 1 1 1 1 1 1,325679530036178181787232927064,325679530036178181787232927064,126456841604387045224282505622,1.0,2.575420403548017,2.575420403548017,400873,3406791
24,1,20,0.05,even_odd,2,0x7b02cb,1,0.0,0,1 1 1 1 1 1 1 1 1 1 1 1 1 1 1 1 1 1 1 1 1 1 1 1,325679530036178181787232927064,325679530036178181787232927064,126456841604387045224282505622,1.0,2.575420403548017,2.575420403548017,400657,3379616
24,1,20,0.05,forward,2,0x7b02cb,1,0.25,6,2 2 2 2 2 2 1 1 1 1 1 1 1 1 1 1 1 1 1 1 1 1 1 1,248544904501293875574467233812,248544904501293875574467233812,126456841604387045224282505622,1.0,1.9654524132340132,1.9654524132340132,394276,3385740
24,1,20,0.05,even_odd,2,0x7b02cb,1,0.25,6,2 1 2 1 2 1 2 1 2 1 2 1 1 1 1 1 1 1 1 1 1 1 1 1,248544904501293875574467233812,197121820811371004765956771644,112884888233361038129385165564,1.2608695652173914,2.2017553313911242,1.7462197455860642,398692,3405542
24,1,20,0.05,forward,2,0x7b02cb,1,0.5,12,2 2 2 2 2 2 2 2 2 2 2 2 1 1 1 1 1 1 1 1 1 1 1 1,171410278966409569361701540560,171410278966409569361701540560,112884888233361038129385165564,1.0,1.518451952683534,1.518451952683534,396355,3362628
24,1,20,0.05,even_odd,2,0x7b02cb,1,0.5,12,2 1 2 1 2 1 2 1 2 1 2 1 2 1 2 1 2 1 2 1 2 1 2 1,171410278966409569361701540560,81419882509044545446808231766,30828371104595063351845143924,2.1052631578947367,5.560147125024725,2.6410698843867446,385274,3365649
24,1,20,0.05,forward,2,0x7b02cb,1,0.75,18,2 2 2 2 2 2 2 2 2 2 2 2 2 2 2 2 2 2 1 1 1 1 1 1,94275653431525263148935847308,94275653431525263148935847308,73640955943683057775521918120,1.0,1.2802068118673338,1.2802068118673338,371001,3378794
24,1,20,0.05,even_odd,2,0x7b02cb,1,0.75,18,2 2 2 2 2 2 2 2 2 2 2 2 2 1 2 1 2 1 2 1 2 1 2 1,94275653431525263148935847308,55708340664083110042553000682,30828371104595063351845143924,1.6923076923076923,3.0580809187635993,1.8070478156330358,397465,3396937
24,1,20,0.05,forward,2,0x7b02cb,1,1.0,24,2 2 2 2 2 2 2 2 2 2 2 2 2 2 2 2 2 2 2 2 2 2 2 2,17141027896640956936170154056,17141027896640956936170154056,8725455445563770395485944436,1.0,1.9644851782901331,1.9644851782901331,371973,3301447
24,1,20,0.05,even_odd,2,0x7b02cb,1,1.0,24,2 2 2 2 2 2 2 2 2 2 2 2 2 2 2 2 2 2 2 2 2 2 2 2,17141027896640956936170154056,17141027896640956936170154056,8725455445563770395485944436,1.0,1.9644851782901331,1.9644851782901331,381162,3340633
24,1,20,0.05,forward,2,0x7b02cb,2,0.0,0,2 2 2 2 2 2 2 2 2 2 2 2 2 2 2 2 2 2 2 2 2 2 2 2,17141027896640956936170154056,17141027896640956936170154056,8725455445563770395485944436,1.0,1.9644851782901331,1.9644851782901331,380398,3352915
24,1,20,0.05,even_odd,2,0x7b02cb,2,0.0,0,2 2 2 2 2 2 2 2 2 2 2 2 2 2 2 2 2 2 2 2 2 2 2 2,17141027896640956936170154056,17141027896640956936170154056,8725455445563770395485944436,1.0,1.9644851782901331,1.9644851782901331,385359,3264941
24,1,20,0.05,forward,2,0x7b02cb,2,0.25,6,3 3 3 3 3 3 2 2 2 2 2 2 2 2 2 2 2 2 2 2 2 2 2 2,13081310763225993451287749148,13081310763225993451287749148,8123501290761230428229111916,1.0,1.6103045097196238,1.6103045097196238,372576,3267331
24,1,20,0.05,even_odd,2,0x7b02cb,2,0.25,6,3 2 3 2 3 2 3 2 3 2 3 2 2 2 2 2 2 2 2 2 2 2 2 2,13081310763225993451287749148,10374832674282684461366145876,6617929429254829254290146374,1.2608695652173914,1.9766470620553191,1.5676856009404256,353248,3143037
24,1,20,0.05,forward,2,0x7b02cb,2,0.5,12,3 3 3 3 3 3 3 3 3 3 3 3 2 2 2 2 2 2 2 2 2 2 2 2,9021593629811029966405344240,9021593629811029966405344240,6617929429254829254290146374,1.0,1.3632048703829787,1.3632048703829787,337923,3117826
24,1,20,0.05,even_odd,2,0x7b02cb,2,0.5,12,3 2 3 2 3 2 3 2 3 2 3 2 3 2 3 2 3 2 3 2 3 2 3 2,9021593629811029966405344240,4285256974160239234042538514,2299165369846093739682776814,2.1052631578947367,3.923855912293484,1.863831558339405,345753,3125603
24,1,20,0.05,forward,2,0x7b02cb,2,0.75,18,3 3 3 3 3 3 3 3 3 3 3 3 3 3 3 3 3 3 2 2 2 2 2 2,4961876496396066481522939332,4961876496396066481522939332,3953096525900427785725725942,1.0,1.2551872851791448,1.2551872851791448,349635,3077480
24,1,20,0.05,even_odd,2,0x7b02cb,2,0.75,18,3 3 3 3 3 3 3 3 3 3 3 3 3 2 3 2 3 2 3 2 3 2 3 2,4961876496396066481522939332,2932017929688584739081736878,1703535004594610298906182538,1.6923076923076923,2.9126941818121566,1.7211374710708196,352862,3139954
24,1,20,0.05,forward,2,0x7b02cb,2,1.0,24,3 3 3 3 3 3 3 3 3 3 3 3 3 3 3 3 3 3 3 3 3 3 3 3,902159362981102996640534424,902159362981102996640534424,540223654119279090676750986,1.0,1.6699738267697364,1.6699738267697364,344499,3334002
24,1,20,0.05,even_odd,2,0x7b02cb,2,1.0,24,3 3 3 3 3 3 3 3 3 3 3 3 3 3 3 3 3 3 3 3 3 3 3 3,902159362981102996640534424,902159362981102996640534424,540223654119279090676750986,1.0,1.6699738267697364,1.6699738267697364,362903,3120751
24,1,20,0.05,forward,2,0x7b02cb,3,0.0,0,3 3 3 3 3 3 3 3 3 3 3 3 3 3 3 3 3 3 3 3 3 3 3 3,902159362981102996640534424,902159362981102996640534424,540223654119279090676750986,1.0,1.6699738267697364,1.6699738267697364,346775,3117117
24,1,20,0.05,even_odd,2,0x7b02cb,3,0.0,0,3 3 3 3 3 3 3 3 3 3 3 3 3 3 3 3 3 3 3 3 3 3 3 3,902159362981102996640534424,902159362981102996640534424,540223654119279090676750986,1.0,1.6699738267697364,1.6699738267697364,356529,3164604
24,1,20,0.05,forward,2,0x7b02cb,3,0.25,6,4 4 4 4 4 4 3 3 3 3 3 3 3 3 3 3 3 3 3 3 3 3 3 3,688490040169789129015144692,688490040169789129015144692,502628777157702482923544808,1.0,1.3697783960224221,1.3697783960224221,347297,3154178
24,1,20,0.05,even_odd,2,0x7b02cb,3,0.25,6,4 3 4 3 4 3 4 3 4 3 4 3 3 3 3 3 3 3 3 3 3 3 3 3,688490040169789129015144692,546043824962246550598218204,383923629025824026408976168,1.2608695652173914,1.7932994692636617,1.4222719928642833,360485,3063739
24,1,20,0.05,forward,2,0x7b02cb,3,0.5,12,4 4 4 4 4 4 4 4 4 4 4 4 3 3 3 3 3 3 3 3 3 3 3 3,474820717358475261389754960,474820717358475261389754960,383923629025824026408976168,1.0,1.236758254664594,1.236758254664594,333952,3095816
24,1,20,0.05,even_odd,2,0x7b02cb,3,0.5,12,4 3 4 3 4 3 4 3 4 3 4 3 4 3 4 3 4 3 4 3 4 3 4 3,474820717358475261389754960,225539840745275749160133606,125271290885812502441399124,2.1052631578947367,3.7903394624653837,1.8004112446710572,321142,3065765
24,1,20,0.05,forward,2,0x7b02cb,3,0.75,18,4 4 4 4 4 4 4 4 4 4 4 4 4 4 4 4 4 4 3 3 3 3 3 3,261151394547161393764365228,261151394547161393764365228,213987762131892521394509556,1.0,1.2204034097342413,1.2204034097342413,333978,3089631
24,1,20,0.05,even_odd,2,0x7b02cb,3,0.75,18,4 4 4 4 4 4 4 4 4 4 4 4 4 3 4 3 4 3 4 3 4 3 4 3,261151394547161393764365228,154316733141504459951670362,123292583585764972612721862,1.6923076923076923,2.118143581324978,1.2516302980556686,353009,3120115
24,1,20,0.05,forward,2,0x7b02cb,3,1.0,24,4 4 4 4 4 4 4 4 4 4 4 4 4 4 4 4 4 4 4 4 4 4 4 4,47482071735847526138975496,47482071735847526138975496,32487733292948307358246392,1.0,1.4615384615384615,1.4615384615384615,352377,3126921
24,1,20,0.05,even_odd,2,0x7b02cb,3,1.0,24,4 4 4 4 4 4 4 4 4 4 4 4 4 4 4 4 4 4 4 4 4 4 4 4,47482071735847526138975496,47482071735847526138975496,32487733292948307358246392,1.0,1.4615384615384615,1.4615384615384615,328714,3036201
24,1,20,0.05,forward,3,0x40ba3,0,0.0,0,0 0 0 0 0 0 0 0 0 0 0 0 0 0 0 0 0 0 0 0 0 0 0 0,6187911070687385453957425614216,6187911070687385453957425614216,1835633273417391135170613613632,1.0,3.3709952637584175,3.3709952637584175,411343,3333465
24,1,20,0.05,even_odd,3,0x40ba3,0,0.0,0,0 0 0 0 0 0 0 0 0 0 0 0 0 0 0 0 0 0 0 0 0 0 0 0,6187911070687385453957425614216,6187911070687385453957425614216,1835633273417391135170613613632,1.0,3.3709952637584175,3.3709952637584175,395636,3276345
24,1,20,0.05,forward,3,0x40ba3,0,0.25,6,1 1 1 1 1 1 0 0 0 0 0 0 0 0 0 0 0 0 0 0 0 0 0 0,4722353185524583635914877442428,4722353185524583635914877442428,1835633273417391135170613613632,1.0,2.5726016486577397,2.5726016486577397,424431,3346091
24,1,20,0.05,even_odd,3,0x40ba3,0,0.25,6,1 0 1 0 1 0 1 0 1 0 1 0 0 0 0 0 0 0 0 0 0 0 0 0,4722353185524583635914877442428,3745314595416049090553178661236,1835633273417391135170613613632,1.2608695652173914,2.5726016486577397,2.040339238590621,395367,3227900
24,1,20,0.05,forward,3,0x40ba3,0,0.5,12,1 1 1 1 1 1 1 1 1 1 1 1 0 0 0 0 0 0 0 0 0 0 0 0,3256795300361781817872329270640,3256795300361781817872329270640,1835633273417391135170613613632,1.0,1.7742080335570618,1.7742080335570618,400143,3283404
24,1,20,0.05,even_odd,3,0x40ba3,0,0.5,12,1 0 1 0 1 0 1 0 1 0 1 0 1 0 1 0 1 0 1 0 1 0 1 0,3256795300361781817872329270640,1791237415198979999829781098852,340871925075417380296772780226,1.8181818181818181,9.55430782291977,5.254869302605873,410375,3284168
24,1,20,0.05,forward,3,0x40ba3,0,0.75,18,1 1 1 1 1 1 1 1 1 1 1 1 1 1 1 1 1 1 0 0 0 0 0 0,1791237415198979999829781098852,1791237415198979999829781098852,1307043263710006732202094841632,1.0,1.3704499804502273,1.3704499804502273,399210,3362411
24,1,20,0.05,even_odd,3,0x40ba3,0,0.75,18,1 1 1 1 1 1 1 1 1 1 1 1 1 0 1 0 1 0 1 0 1 0 1 0,1791237415198979999829781098852,1546977767671846363489356403554,340871925075417380296772780226,1.1578947368421053,5.254869302605873,4.5382962158868905,390733,3246172
24,1,20,0.05,forward,3,0x40ba3,0,1.0,24,1 1 1 1 1 1 1 1 1 1 1 1 1 1 1 1 1 1 1 1 1 1 1 1,325679530036178181787232927064,325679530036178181787232927064,163597610249630641456907765910,1.0,1.9907352530347457,1.9907352530347457,385439,3356258
24,1,20,0.05,even_odd,3,0x40ba3,0,1.0,24,1 1 1 1 1 1 1 1 1 1 1 1 1 1 1 1 1 1 1 1 1 1 1 1,325679530036178181787232927064,325679530036178181787232927064,163597610249630641456907765910,1.0,1.9907352530347457,1.9907352530347457,401539,3243193
24,1,20,0.05,forward,3,0x40ba3,1,0.0,0,1 1 1 1 1 1 1 1 1 1 1 1 1 1 1 1 1 1 1 1 1 1 1 1,325679530036178181787232927064,325679530036178181787232927064,163597610249630641456907765910,1.0,1.9907352530347457,1.9907352530347457,368740,3264502
24,1,20,0.05,even_odd,3,0x40ba3,1,0.0,0,1 1 1 1 1 1 1 1 1 1 1 1 1 1 1 1 1 1 1 1 1 1 1 1,325679530036178181787232927064,325679530036178181787232927064,163597610249630641456907765910,1.0,1.9907352530347457,1.9907352530347457,411939,3292439
24,1,20,0.05,forward,3,0x40ba3,1,0.25,6,2 2 2 2 2 2 1 1 1 1 1 1 1 1 1 1 1 1 1 1 1 1 1 1,248544904501293875574467233812,248544904501293875574467233812,163597610249630641456907765910,1.0,1.5192453246844113,1.5192453246844113,379406,3308684
24,1,20,0.05,even_odd,3,0x40ba3,1,0.25,6,2 1 2 1 2 1 2 1 2 1 2 1 1 1 1 1 1 1 1 1 1 1 1 1,248544904501293875574467233812,197121820811371004765956771644,163597610249630641456907765910,1.2608695652173914,1.5192453246844113,1.2049187057841884,381809,3307806
24,1,20,0.05,forward,3,0x40ba3,1,0.5,12,2 2 2 2 2 2 2 2 2 2 2 2 1 1 1 1 1 1 1 1 1 1 1 1,171410278966409569361701540560,171410278966409569361701540560,163597610249630641456907765910,1.0,1.0477553963340767,1.0477553963340767,387212,3279754
24,1,20,0.05,even_odd,3,0x40ba3,1,0.5,12,2 1 2 1 2 1 2 1 2 1 2 1 2 1 2 1 2 1 2 1 2 1 2 1,171410278966409569361701540560,94275653431525263148935847308,30796398558029000875641972396,1.8181818181818181,5.5659196202252295,3.061255791123876,386996,3344848
24,1,20,0.05,forward,3,0x40ba3,1,0.75,18,2 2 2 2 2 2 2 2 2 2 2 2 2 2 2 2 2 2 1 1 1 1 1 1,94275653431525263148935847308,94275653431525263148935847308,70224116181086481304612453026,1.0,1.3424968309806453,1.3424968309806453,362968,3277282
24,1,20,0.05,even_odd,3,0x40ba3,1,0.75,18,2 2 2 2 2 2 2 2 2 2 2 2 2 1 2 1 2 1 2 1 2 1 2 1,94275653431525263148935847308,81419882509044545446808231766,30796398558029000875641972396,1.1578947368421053,3.061255791123876,2.643811819606984,376549,3395562
24,1,20,0.05,forward,3,0x40ba3,1,1.0,24,2 2 2 2 2 2 2 2 2 2 2 2 2 2 2 2 2 2 2 2 2 2 2 2,17141027896640956936170154056,17141027896640956936170154056,10113802425129221468492206668,1.0,1.6948153796292842,1.6948153796292842,399078,3263535
24,1,20,0.05,even_odd,3,0x40ba3,1,1.0,24,2 2 2 2 2 2 2 2 2 2 2 2 2 2 2 2 2 2 2 2 2 2 2 2,17141027896640956936170154056,17141027896640956936170154056,10113802425129221468492206668,1.0,1.6948153796292842,1.6948153796292842,364751,3279674
24,1,20,0.05,forward,3,0x40ba3,2,0.0,0,2 2 2 2 2 2 2 2 2 2 2 2 2 2 2 2 2 2 2 2 2 2 2 2,17141027896640956936170154056,17141027896640956936170154056,10113802425129221468492206668,1.0,1.6948153796292842,1.6948153796292842,384193,3300164
24,1,20,0.05,even_odd,3,0x40ba3,2,0.0,0,2 2 2 2 2 2 2 2 2 2 2 2 2 2 2 2 2 2 2 2 2 2 2 2,17141027896640956936170154056,17141027896640956936170154056,10113802425129221468492206668,1.0,1.6948153796292842,1.6948153796292842,366126,3368503
24,1,20,0.05,forward,3,0x40ba3,2,0.25,6,3 3 3 3 3 3 2 2 2 2 2 2 2 2 2 2 2 2 2 2 2 2 2 2,13081310763225993451287749148,13081310763225993451287749148,10113802425129221468492206668,1.0,1.2934117370855063,1.2934117370855063,375272,3294819
24,1,20,0.05,even_odd,3,0x40ba3,2,0.25,6,3 2 3 2 3 2 3 2 3 2 3 2 2 2 2 2 2 2 2 2 2 2 2 2,13081310763225993451287749148,10374832674282684461366145876,8760563380657566973531405032,1.2608695652173914,1.4932042831980643,1.1842654659846716,349507,3287874
24,1,20,0.05,forward,3,0x40ba3,2,0.5,12,3 3 3 3 3 3 3 3 3 3 3 3 2 2 2 2 2 2 2 2 2 2 2 2,9021593629811029966405344240,9021593629811029966405344240,8760563380657566973531405032,1.0,1.0297960573779754,1.0297960573779754,375249,3375924
24,1,20,0.05,even_odd,3,0x40ba3,2,0.5,12,3 2 3 2 3 2 3 2 3 2 3 2 3 2 3 2 3 2 3 2 3 2 3 2,9021593629811029966405344240,4961876496396066481522939332,2297482604237353609356294102,1.8181818181818181,3.9267298969629136,2.1597014433296025,349714,3243518
24,1,20,0.05,forward,3,0x40ba3,2,0.75,18,3 3 3 3 3 3 3 3 3 3 3 3 3 3 3 3 3 3 2 2 2 2 2 2,4961876496396066481522939332,4961876496396066481522939332,3846168955997348018147441196,1.0,1.2900828208961,1.2900828208961,363701,3366009
24,1,20,0.05,even_odd,3,0x40ba3,2,0.75,18,3 3 3 3 3 3 3 3 3 3 3 3 3 2 3 2 3 2 3 2 3 2 3 2,4961876496396066481522939332,4285256974160239234042538514,2297482604237353609356294102,1.1578947368421053,2.1597014433296025,1.865196701057384,362099,3196193
24,1,20,0.05,forward,3,0x40ba3,2,1.0,24,3 3 3 3 3 3 3 3 3 3 3 3 3 3 3 3 3 3 3 3 3 3 3 3,902159362981102996640534424,902159362981102996640534424,607698177112325575190031954,1.0,1.484551701747741,1.484551701747741,345515,3227109
24,1,20,0.05,even_odd,3,0x40ba3,2,1.0,24,3 3 3 3 3 3 3 3 3 3 3 3 3 3 3 3 3 3 3 3 3 3 3 3,902159362981102996640534424,902159362981102996640534424,607698177112325575190031954,1.0,1.484551701747741,1.484551701747741,343560,3212841
24,1,20,0.05,forward,3,0x40ba3,3,0.0,0,3 3 3 3 3 3 3 3 3 3 3 3 3 3 3 3 3 3 3 3 3 3 3 3,902159362981102996640534424,902159362981102996640534424,607698177112325575190031954,1.0,1.484551701747741,1.484551701747741,338601,3288002
24,1,20,0.05,even_odd,3,0x40ba3,3,0.0,0,3 3 3 3 3 3 3 3 3 3 3 3 3 3 3 3 3 3 3 3 3 3 3 3,902159362981102996640534424,902159362981102996640534424,607698177112325575190031954,1.0,1.484551701747741,1.484551701747741,384064,3345415
24,1,20,0.05,forward,3,0x40ba3,3,0.25,6,4 4 4 4 4 4 3 3 3 3 3 3 3 3 3 3 3 3 3 3 3 3 3 3,688490040169789129015144692,688490040169789129015144692,607698177112325575190031954,1.0,1.1329473513338022,1.1329473513338022,360652,3277579
24,1,20,0.05,even_odd,3,0x40ba3,3,0.25,6,4 3 4 3 4 3 4 3 4 3 4 3 3 3 3 3 3 3 3 3 3 3 3 3,688490040169789129015144692,546043824962246550598218204,496693836994389169526937150,1.2608695652173914,1.3861457277907931,1.0993569565237324,338849,3212739
24,1,20,0.05,forward,3,0x40ba3,3,0.5,12,4 4 4 4 4 4 4 4 4 4 4 4 3 3 3 3 3 3 3 3 3 3 3 3,474820717358475261389754960,474820717358475261389754960,465251961904782996773105466,1.0,1.0205668245105661,1.0205668245105661,345856,3223411
24,1,20,0.05,even_odd,3,0x40ba3,3,0.5,12,4 3 4 3 4 3 4 3 4 3 4 3 4 3 4 3 4 3 4 3 4 3 4 3,474820717358475261389754960,261151394547161393764365228,130686186445696391671990356,1.8181818181818181,3.633289257818966,1.9983090918004314,345954,3333093
24,1,20,0.05,forward,3,0x40ba3,3,0.75,18,4 4 4 4 4 4 4 4 4 4 4 4 4 4 4 4 4 4 3 3 3 3 3 3,261151394547161393764365228,261151394547161393764365228,206599623764771472805528422,1.0,1.2640458379754893,1.2640458379754893,363114,3164279
24,1,20,0.05,even_odd,3,0x40ba3,3,0.75,18,4 4 4 4 4 4 4 4 4 4 4 4 4 3 4 3 4 3 4 3 4 3 4 3,261151394547161393764365228,225539840745275749160133606,130686186445696391671990356,1.1578947368421053,1.9983090918004314,1.725812397464009,323345,3232717
24,1,20,0.05,forward,3,0x40ba3,3,1.0,24,4 4 4 4 4 4 4 4 4 4 4 4 4 4 4 4 4 4 4 4 4 4 4 4,47482071735847526138975496,47482071735847526138975496,39984902514397916748610944,1.0,1.1875,1.1875,361488,3174913
24,1,20,0.05,even_odd,3,0x40ba3,3,1.0,24,4 4 4 4 4 4 4 4 4 4 4 4 4 4 4 4 4 4 4 4 4 4 4 4,47482071735847526138975496,47482071735847526138975496,39984902514397916748610944,1.0,1.1875,1.1875,328194,3260626
24,1,20,0.05,forward,4,0x6b7628,0,0.0,0,0 0 0 0 0 0 0 0 0 0 0 0 0 0 0 0 0 0 0 0 0 0 0 0,6187911070687385453957425614216,6187911070687385453957425614216,1073615359639900760791132801920,1.0,5.763620103910269,5.763620103910269,401143,3351999
24,1,20,0.05,even_odd,4,0x6b7628,0,0.0,0,0 0 0 0 0 0 0 0 0 0 0 0 0 0 0 0 0 0 0 0 0 0 0 0,6187911070687385453957425614216,6187911070687385453957425614216,1073615359639900760791132801920,1.0,5.763620103910269,5.763620103910269,394811,3275123
24,1,20,0.05,forward,4,0x6b7628,0,0.25,6,1 1 1 1 1 1 0 0 0 0 0 0 0 0 0 0 0 0 0 0 0 0 0 0,4722353185524583635914877442428,4722353185524583635914877442428,1073615359639900760791132801920,1.0,4.3985521845630995,4.3985521845630995,402434,3314371
24,1,20,0.05,even_odd,4,0x6b7628,0,0.25,6,1 0 1 0 1 0 1 0 1 0 1 0 0 0 0 0 0 0 0 0 0 0 0 0,4722353185524583635914877442428,3745314595416049090553178661236,1061469852894679497970906835538,1.2608695652173914,4.448881117675174,3.5284229553975512,413766,3370330
24,1,20,0.05,forward,4,0x6b7628,0,0.5,12,1 1 1 1 1 1 1 1 1 1 1 1 0 0 0 0 0 0 0 0 0 0 0 0,3256795300361781817872329270640,3256795300361781817872329270640,1061469852894679497970906835538,1.0,3.0681938742587405,3.0681938742587405,405588,3245590
24,1,20,0.05,even_odd,4,0x6b7628,0,0.5,12,1 0 1 0 1 0 1 0 1 0 1 0 1 0 1 0 1 0 1 0 1 0 1 0,3256795300361781817872329270640,1058458472617579090808507012958,300765719087128413224168526978,3.076923076923077,10.82834609691115,3.5192124814961234,428247,3299363
24,1,20,0.05,forward,4,0x6b7628,0,0.75,18,1 1 1 1 1 1 1 1 1 1 1 1 1 1 1 1 1 1 0 0 0 0 0 0,1791237415198979999829781098852,1791237415198979999829781098852,787814741452315472575731435858,1.0,2.273678468997523,2.273678468997523,402506,3390110
24,1,20,0.05,even_odd,4,0x6b7628,0,0.75,18,1 1 1 1 1 1 1 1 1 1 1 1 1 0 1 0 1 0 1 0 1 0 1 0,1791237415198979999829781098852,1058458472617579090808507012958,300126481890011504654682949800,1.6923076923076923,5.968275121604969,3.5267080264029365,413675,3354147
24,1,20,0.05,forward,4,0x6b7628,0,1.0,24,1 1 1 1 1 1 1 1 1 1 1 1 1 1 1 1 1 1 1 1 1 1 1 1,325679530036178181787232927064,325679530036178181787232927064,97963658422806941775997088964,1.0,3.3244933404850943,3.3244933404850943,406894,3509608
24,1,20,0.05,even_odd,4,0x6b7628,0,1.0,24,1 1 1 1 1 1 1 1 1 1 1 1 1 1 1 1 1 1 1 1 1 1 1 1,325679530036178181787232927064,325679530036178181787232927064,97963658422806941775997088964,1.0,3.3244933404850943,3.3244933404850943,401387,3277524
24,1,20,0.05,forward,4,0x6b7628,1,0.0,0,1 1 1 1 1 1 1 1 1 1 1 1 1 1 1 1 1 1 1 1 1 1 1 1,325679530036178181787232927064,325679530036178181787232927064,97963658422806941775997088964,1.0,3.3244933404850943,3.3244933404850943,375840,3306422
24,1,20,0.05,even_odd,4,0x6b7628,1,0.0,0,1 1 1 1 1 1 1 1 1 1 1 1 1 1 1 1 1 1 1 1 1 1 1 1,325679530036178181787232927064,325679530036178181787232927064,97963658422806941775997088964,1.0,3.3244933404850943,3.3244933404850943,370888,3244698
24,1,20,0.05,forward,4,0x6b7628,1,0.25,6,2 2 2 2 2 2 1 1 1 1 1 1 1 1 1 1 1 1 1 1 1 1 1 1,248544904501293875574467233812,248544904501293875574467233812,97963658422806941775997088964,1.0,2.537113338791256,2.537113338791256,405650,3289288
24,1,20,0.05,even_odd,4,0x6b7628,1,0.25,6,2 1 2 1 2 1 2 1 2 1 2 1 1 1 1 1 1 1 1 1 1 1 1 1,248544904501293875574467233812,197121820811371004765956771644,96539283714023208070666026324,1.2608695652173914,2.574546805604592,2.0418819492726077,386626,3320161
24,1,20,0.05,forward,4,0x6b7628,1,0.5,12,2 2 2 2 2 2 2 2 2 2 2 2 1 1 1 1 1 1 1 1 1 1 1 1,171410278966409569361701540560,171410278966409569361701540560,96539283714023208070666026324,1.0,1.7755495211066152,1.7755495211066152,397434,3258459
24,1,20,0.05,even_odd,4,0x6b7628,1,0.5,12,2 1 2 1 2 1 2 1 2 1 2 1 2 1 2 1 2 1 2 1 2 1 2 1,171410278966409569361701540560,55708340664083110042553000682,18011752944733714637706409698,3.076923076923077,9.516579507411386,3.0928883399087006,373426,3329471
24,1,20,0.05,forward,4,0x6b7628,1,0.75,18,2 2 2 2 2 2 2 2 2 2 2 2 2 2 2 2 2 2 1 1 1 1 1 1,94275653431525263148935847308,94275653431525263148935847308,68641588438842162172990868124,1.0,1.3734480156373767,1.3734480156373767,380187,3237650
24,1,20,0.05,even_odd,4,0x6b7628,1,0.75,18,2 2 2 2 2 2 2 2 2 2 2 2 2 1 2 1 2 1 2 1 2 1 2 1,94275653431525263148935847308,55708340664083110042553000682,18011752944733714637706409698,1.6923076923076923,5.234118729076263,3.0928883399087006,368563,3277162
24,1,20,0.05,forward,4,0x6b7628,1,1.0,24,2 2 2 2 2 2 2 2 2 2 2 2 2 2 2 2 2 2 2 2 2 2 2 2,17141027896640956936170154056,17141027896640956936170154056,7296637251260646396442361094,1.0,2.3491681587541557,2.3491681587541557,364331,3256340
24,1,20,0.05,even_odd,4,0x6b7628,1,1.0,24,2 2 2 2 2 2 2 2 2 2 2 2 2 2 2 2 2 2 2 2 2 2 2 2,17141027896640956936170154056,17141027896640956936170154056,7296637251260646396442361094,1.0,2.3491681587541557,2.3491681587541557,373256,3343087
24,1,20,0.05,forward,4,0x6b7628,2,0.0,0,2 2 2 2 2 2 2 2 2 2 2 2 2 2 2 2 2 2 2 2 2 2 2 2,17141027896640956936170154056,17141027896640956936170154056,7296637251260646396442361094,1.0,2.3491681587541557,2.3491681587541557,391884,3323484
24,1,20,0.05,even_odd,4,0x6b7628,2,0.0,0,2 2 2 2 2 2 2 2 2 2 2 2 2 2 2 2 2 2 2 2 2 2 2 2,17141027896640956936170154056,17141027896640956936170154056,7296637251260646396442361094,1.0,2.3491681587541557,2.3491681587541557,353606,3237065
24,1,20,0.05,forward,4,0x6b7628,2,0.25,6,3 3 3 3 3 3 2 2 2 2 2 2 2 2 2 2 2 2 2 2 2 2 2 2,13081310763225993451287749148,13081310763225993451287749148,7296637251260646396442361094,1.0,1.7927862264176453,1.7927862264176453,348737,3242451
24,1,20,0.05,even_odd,4,0x6b7628,2,0.25,6,3 2 3 2 3 2 3 2 3 2 3 2 2 2 2 2 2 2 2 2 2 2 2 2,13081310763225993451287749148,10374832674282684461366145876,6511297255235404195178417694,1.2608695652173914,2.009017596717455,1.5933587836034988,365456,3186450
24,1,20,0.05,forward,4,0x6b7628,2,0.5,12,3 3 3 3 3 3 3 3 3 3 3 3 2 2 2 2 2 2 2 2 2 2 2 2,9021593629811029966405344240,9021593629811029966405344240,6511297255235404195178417694,1.0,1.3855293770465207,1.3855293770465207,373861,3325431
24,1,20,0.05,even_odd,4,0x6b7628,2,0.5,12,3 2 3 2 3 2 3 2 3 2 3 2 3 2 3 2 3 2 3 2 3 2 3 2,9021593629811029966405344240,2932017929688584739081736878,1620660883014655071333837720,3.076923076923077,5.566614042679681,1.809149563870896,347494,3160674
24,1,20,0.05,forward,4,0x6b7628,2,0.75,18,3 3 3 3 3 3 3 3 3 3 3 3 3 3 3 3 3 3 2 2 2 2 2 2,4961876496396066481522939332,4961876496396066481522939332,3691847046939225984891890538,1.0,1.3440092271725546,1.3440092271725546,358321,3252395
24,1,20,0.05,even_odd,4,0x6b7628,2,0.75,18,3 3 3 3 3 3 3 3 3 3 3 3 3 2 3 2 3 2 3 2 3 2 3 2,4961876496396066481522939332,2932017929688584739081736878,1620660883014655071333837720,1.6923076923076923,3.061637723473824,1.809149563870896,367280,3355717
24,1,20,0.05,forward,4,0x6b7628,2,1.0,24,3 3 3 3 3 3 3 3 3 3 3 3 3 3 3 3 3 3 3 3 3 3 3 3,902159362981102996640534424,902159362981102996640534424,459311556535738928449110168,1.0,1.9641555936137352,1.9641555936137352,370304,3363196
24,1,20,0.05,even_odd,4,0x6b7628,2,1.0,24,3 3 3 3 3 3 3 3 3 3 3 3 3 3 3 3 3 3 3 3 3 3 3 3,902159362981102996640534424,902159362981102996640534424,459311556535738928449110168,1.0,1.9641555936137352,1.9641555936137352,368237,3331422
24,1,20,0.05,forward,4,0x6b7628,3,0.0,0,3 3 3 3 3 3 3 3 3 3 3 3 3 3 3 3 3 3 3 3 3 3 3 3,902159362981102996640534424,902159362981102996640534424,459311556535738928449110168,1.0,1.9641555936137352,1.9641555936137352,377017,3340229
24,1,20,0.05,even_odd,4,0x6b7628,3,0.0,0,3 3 3 3 3 3 3 3 3 3 3 3 3 3 3 3 3 3 3 3 3 3 3 3,902159362981102996640534424,902159362981102996640534424,459311556535738928449110168,1.0,1.9641555936137352,1.9641555936137352,369320,3306076
24,1,20,0.05,forward,4,0x6b7628,3,0.25,6,4 4 4 4 4 4 3 3 3 3 3 3 3 3 3 3 3 3 3 3 3 3 3 3,688490040169789129015144692,688490040169789129015144692,459311556535738928449110168,1.0,1.4989608477578507,1.4989608477578507,369845,3389018
24,1,20,0.05,even_odd,4,0x6b7628,3,0.25,6,4 3 4 3 4 3 4 3 4 3 4 3 3 3 3 3 3 3 3 3 3 3 3 3,688490040169789129015144692,546043824962246550598218204,453283101555087222464635968,1.2608695652173914,1.5188963316915474,1.2046419182381238,354096,3303927
24,1,20,0.05,forward,4,0x6b7628,3,0.5,12,4 4 4 4 4 4 4 4 4 4 4 4 3 3 3 3 3 3 3 3 3 3 3 3,474820717358475261389754960,474820717358475261389754960,453283101555087222464635968,1.0,1.047514711511412,1.047514711511412,349077,3293157
24,1,20,0.05,even_odd,4,0x6b7628,3,0.5,12,4 3 4 3 4 3 4 3 4 3 4 3 4 3 4 3 4 3 4 3 4 3 4 3,474820717358475261389754960,154316733141504459951670362,91435399158509921885588898,3.076923076923077,5.192963794419915,1.6877132331864726,353768,3316010
24,1,20,0.05,forward,4,0x6b7628,3,0.75,18,4 4 4 4 4 4 4 4 4 4 4 4 4 4 4 4 4 4 3 3 3 3 3 3,261151394547161393764365228,261151394547161393764365228,229617569812556508544883706,1.0,1.1373319330935645,1.1373319330935645,357691,3340103
24,1,20,0.05,even_odd,4,0x6b7628,3,0.75,18,4 4 4 4 4 4 4 4 4 4 4 4 4 3 4 3 4 3 4 3 4 3 4 3,261151394547161393764365228,154316733141504459951670362,91435399158509921885588898,1.6923076923076923,2.856130086930954,1.6877132331864726,345502,3293997
24,1,20,0.05,forward,4,0x6b7628,3,1.0,24,4 4 4 4 4 4 4 4 4 4 4 4 4 4 4 4 4 4 4 4 4 4 4 4,47482071735847526138975496,47482071735847526138975496,29994463292216877208262490,1.0,1.5830278832883276,1.5830278832883276,354211,3279524
24,1,20,0.05,even_odd,4,0x6b7628,3,1.0,24,4 4 4 4 4 4 4 4 4 4 4 4 4 4 4 4 4 4 4 4 4 4 4 4,47482071735847526138975496,47482071735847526138975496,29994463292216877208262490,1.0,1.5830278832883276,1.5830278832883276,342954,3263275
24,1,20,0.05,forward,5,0x4b4dd3,0,0.0,0,0 0 0 0 0 0 0 0 0 0 0 0 0 0 0 0 0 0 0 0 0 0 0 0,6187911070687385453957425614216,6187911070687385453957425614216,1060757511650842995632438972556,1.0,5.833483150222731,5.833483150222731,409884,3427716
24,1,20,0.05,even_odd,5,0x4b4dd3,0,0.0,0,0 0 0 0 0 0 0 0 0 0 0 0 0 0 0 0 0 0 0 0 0 0 0 0,6187911070687385453957425614216,6187911070687385453957425614216,1060757511650842995632438972556,1.0,5.833483150222731,5.833483150222731,411302,3414638
24,1,20,0.05,forward,5,0x4b4dd3,0,0.25,6,1 1 1 1 1 1 0 0 0 0 0 0 0 0 0 0 0 0 0 0 0 0 0 0,4722353185524583635914877442428,4722353185524583635914877442428,1060757511650842995632438972556,1.0,4.451868719906821,4.451868719906821,424878,3395706
24,1,20,0.05,even_odd,5,0x4b4dd3,0,0.25,6,1 0 1 0 1 0 1 0 1 0 1 0 0 0 0 0 0 0 0 0 0 0 0 0,4722353185524583635914877442428,3989574242943182726893603356534,815819381830003518962130168942,1.183673469387755,5.788478786728071,4.890266561201301,410753,3386036
24,1,20,0.05,forward,5,0x4b4dd3,0,0.5,12,1 1 1 1 1 1 1 1 1 1 1 1 0 0 0 0 0 0 0 0 0 0 0 0,3256795300361781817872329270640,3256795300361781817872329270640,815819381830003518962130168942,1.0,3.9920543356745317,3.9920543356745317,405701,3434133
24,1,20,0.05,even_odd,5,0x4b4dd3,0,0.5,12,1 0 1 0 1 0 1 0 1 0 1 0 1 0 1 0 1 0 1 0 1 0 1 0,3256795300361781817872329270640,1546977767671846363489356403554,300088990245599057163184641222,2.1052631578947367,10.852765033786655,5.155063391048661,432317,3406391
24,1,20,0.05,forward,5,0x4b4dd3,0,0.75,18,1 1 1 1 1 1 1 1 1 1 1 1 1 1 1 1 1 1 0 0 0 0 0 0,1791237415198979999829781098852,1791237415198979999829781098852,801420328217164988240273863302,1.0,2.2350785875169357,2.2350785875169357,406032,3440424
24,1,20,0.05,even_odd,5,0x4b4dd3,0,0.75,18,1 1 1 1 1 1 1 1 1 1 1 1 1 0 1 0 1 0 1 0 1 0 1 0,1791237415198979999829781098852,814198825090445454468082317660,287197509728712768917378914716,2.2,6.236953157744946,2.8349787080658846,414719,3382227
24,1,20,0.05,forward,5,0x4b4dd3,0,1.0,24,1 1 1 1 1 1 1 1 1 1 1 1 1 1 1 1 1 1 1 1 1 1 1 1,325679530036178181787232927064,325679530036178181787232927064,97214028929571552571706921826,1.0,3.3501289229780054,3.3501289229780054,395429,3458617
24,1,20,0.05,even_odd,5,0x4b4dd3,0,1.0,24,1 1 1 1 1 1 1 1 1 1 1 1 1 1 1 1 1 1 1 1 1 1 1 1,325679530036178181787232927064,325679530036178181787232927064,97214028929571552571706921826,1.0,3.3501289229780054,3.3501289229780054,437487,3390797
24,1,20,0.05,forward,5,0x4b4dd3,1,0.0,0,1 1 1 1 1 1 1 1 1 1 1 1 1 1 1 1 1 1 1 1 1 1 1 1,325679530036178181787232927064,325679530036178181787232927064,97214028929571552571706921826,1.0,3.3501289229780054,3.3501289229780054,416292,3385937
24,1,20,0.05,even_odd,5,0x4b4dd3,1,0.0,0,1 1 1 1 1 1 1 1 1 1 1 1 1 1 1 1 1 1 1 1 1 1 1 1,325679530036178181787232927064,325679530036178181787232927064,97214028929571552571706921826,1.0,3.3501289229780054,3.3501289229780054,420946,3480916
24,1,20,0.05,forward,5,0x4b4dd3,1,0.25,6,2 2 2 2 2 2 1 1 1 1 1 1 1 1 1 1 1 1 1 1 1 1 1 1,248544904501293875574467233812,248544904501293875574467233812,97214028929571552571706921826,1.0,2.556677335956899,2.556677335956899,444914,3379247
24,1,20,0.05,even_odd,5,0x4b4dd3,1,0.25,6,2 1 2 1 2 1 2 1 2 1 2 1 1 1 1 1 1 1 1 1 1 1 1 1,248544904501293875574467233812,209977591733851722468084387186,70790157649251371030765994960,1.183673469387755,3.5110093373824025,2.9661975436506505,407273,3437503
24,1,20,0.05,forward,5,0x4b4dd3,1,0.5,12,2 2 2 2 2 2 2 2 2 2 2 2 1 1 1 1 1 1 1 1 1 1 1 1,171410278966409569361701540560,171410278966409569361701540560,70790157649251371030765994960,1.0,2.4213857499188984,2.4213857499188984,391134,3607309
24,1,20,0.05,even_odd,5,0x4b4dd3,1,0.5,12,2 1 2 1 2 1 2 1 2 1 2 1 2 1 2 1 2 1 2 1 2 1 2 1,171410278966409569361701540560,81419882509044545446808231766,17972298760879220469059558796,2.1052631578947367,9.53747104068417,4.530298744324981,401121,3457122
24,1,20,0.05,forward,5,0x4b4dd3,1,0.75,18,2 2 2 2 2 2 2 2 2 2 2 2 2 2 2 2 2 2 1 1 1 1 1 1,94275653431525263148935847308,94275653431525263148935847308,70032318521368605756744678720,1.0,1.3461735299076156,1.3461735299076156,388706,3400088
24,1,20,0.05,even_odd,5,0x4b4dd3,1,0.75,18,2 2 2 2 2 2 2 2 2 2 2 2 2 1 2 1 2 1 2 1 2 1 2 1,94275653431525263148935847308,42852569741602392340425385140,16619054827243602685168563702,2.2,5.672744594173867,2.578520270079031,383506,3329273
24,1,20,0.05,forward,5,0x4b4dd3,1,1.0,24,2 2 2 2 2 2 2 2 2 2 2 2 2 2 2 2 2 2 2 2 2 2 2 2,17141027896640956936170154056,17141027896640956936170154056,6584296007424144057974498112,1.0,2.6033197592139747,2.6033197592139747,390683,3376046
24,1,20,0.05,even_odd,5,0x4b4dd3,1,1.0,24,2 2 2 2 2 2 2 2 2 2 2 2 2 2 2 2 2 2 2 2 2 2 2 2,17141027896640956936170154056,17141027896640956936170154056,6584296007424144057974498112,1.0,2.6033197592139747,2.6033197592139747,414900,3305342
24,1,20,0.05,forward,5,0x4b4dd3,2,0.0,0,2 2 2 2 2 2 2 2 2 2 2 2 2 2 2 2 2 2 2 2 2 2 2 2,17141027896640956936170154056,17141027896640956936170154056,6584296007424144057974498112,1.0,2.6033197592139747,2.6033197592139747,393833,3394860
24,1,20,0.05,even_odd,5,0x4b4dd3,2,0.0,0,2 2 2 2 2 2 2 2 2 2 2 2 2 2 2 2 2 2 2 2 2 2 2 2,17141027896640956936170154056,17141027896640956936170154056,6584296007424144057974498112,1.0,2.6033197592139747,2.6033197592139747,394075,3300377
24,1,20,0.05,forward,5,0x4b4dd3,2,0.25,6,3 3 3 3 3 3 2 2 2 2 2 2 2 2 2 2 2 2 2 2 2 2 2 2,13081310763225993451287749148,13081310763225993451287749148,6546920055855398919659536512,1.0,1.9980862224713438,1.9980862224713438,385777,3405845
24,1,20,0.05,even_odd,5,0x4b4dd3,2,0.25,6,3 2 3 2 3 2 3 2 3 2 3 2 2 2 2 2 2 2 2 2 2 2 2 2,13081310763225993451287749148,11051452196518511708846546694,5156183932840507641961939098,1.183673469387755,2.5370139881762492,2.1433394038040725,386633,3330865
24,1,20,0.05,forward,5,0x4b4dd3,2,0.5,12,3 3 3 3 3 3 3 3 3 3 3 3 2 2 2 2 2 2 2 2 2 2 2 2,9021593629811029966405344240,9021593629811029966405344240,5156183932840507641961939098,1.0,1.749664819431896,1.749664819431896,377993,3271023
24,1,20,0.05,even_odd,5,0x4b4dd3,2,0.5,12,3 2 3 2 3 2 3 2 3 2 3 2 3 2 3 2 3 2 3 2 3 2 3 2,9021593629811029966405344240,4285256974160239234042538514,1622529983334733587957219702,2.1052631578947367,5.560201489324246,2.641095707429017,371876,3164968
24,1,20,0.05,forward,5,0x4b4dd3,2,0.75,18,3 3 3 3 3 3 3 3 3 3 3 3 3 3 3 3 3 3 2 2 2 2 2 2,4961876496396066481522939332,4961876496396066481522939332,4362531023360490708361699698,1.0,1.1373848047902007,1.1373848047902007,388258,3272608
24,1,20,0.05,even_odd,5,0x4b4dd3,2,0.75,18,3 3 3 3 3 3 3 3 3 3 3 3 3 2 3 2 3 2 3 2 3 2 3 2,4961876496396066481522939332,2255398407452757491601336060,983708128268035419725006946,2.2,5.044053570170441,2.292751622804746,357170,3359783
24,1,20,0.05,forward,5,0x4b4dd3,2,1.0,24,3 3 3 3 3 3 3 3 3 3 3 3 3 3 3 3 3 3 3 3 3 3 3 3,902159362981102996640534424,902159362981102996640534424,457245982029800103642951630,1.0,1.9730285195208266,1.9730285195208266,353323,3276501
24,1,20,0.05,even_odd,5,0x4b4dd3,2,1.0,24,3 3 3 3 3 3 3 3 3 3 3 3 3 3 3 3 3 3 3 3 3 3 3 3,902159362981102996640534424,902159362981102996640534424,457245982029800103642951630,1.0,1.9730285195208266,1.9730285195208266,361394,3178026
24,1,20,0.05,forward,5,0x4b4dd3,3,0.0,0,3 3 3 3 3 3 3 3 3 3 3 3 3 3 3 3 3 3 3 3 3 3 3 3,902159362981102996640534424,902159362981102996640534424,457245982029800103642951630,1.0,1.9730285195208266,1.9730285195208266,337579,3121446
24,1,20,0.05,even_odd,5,0x4b4dd3,3,0.0,0,3 3 3 3 3 3 3 3 3 3 3 3 3 3 3 3 3 3 3 3 3 3 3 3,902159362981102996640534424,902159362981102996640534424,457245982029800103642951630,1.0,1.9730285195208266,1.9730285195208266,361804,3364487
24,1,20,0.05,forward,5,0x4b4dd3,3,0.25,6,4 4 4 4 4 4 3 3 3 3 3 3 3 3 3 3 3 3 3 3 3 3 3 3,688490040169789129015144692,688490040169789129015144692,457245982029800103642951630,1.0,1.5057322912132625,1.5057322912132625,369540,3273708
24,1,20,0.05,even_odd,5,0x4b4dd3,3,0.25,6,4 3 4 3 4 3 4 3 4 3 4 3 3 3 3 3 3 3 3 3 3 3 3 3,688490040169789129015144692,581655378764132195202449826,383934287013632037924390924,1.183673469387755,1.7932496874011763,1.5149868048734074,364196,3193177
24,1,20,0.05,forward,5,0x4b4dd3,3,0.5,12,4 4 4 4 4 4 4 4 4 4 4 4 3 3 3 3 3 3 3 3 3 3 3 3,474820717358475261389754960,474820717358475261389754960,383934287013632037924390924,1.0,1.2367239223456388,1.2367239223456388,371668,3006732
24,1,20,0.05,even_odd,5,0x4b4dd3,3,0.5,12,4 3 4 3 4 3 4 3 4 3 4 3 4 3 4 3 4 3 4 3 4 3 4 3,474820717358475261389754960,225539840745275749160133606,89462154715749527596204236,2.1052631578947367,5.307503702175917,2.5210642585335603,328105,3246168
24,1,20,0.05,forward,5,0x4b4dd3,3,0.75,18,4 4 4 4 4 4 4 4 4 4 4 4 4 4 4 4 4 4 3 3 3 3 3 3,261151394547161393764365228,261151394547161393764365228,233673069672742332450699600,1.0,1.117593032491516,1.117593032491516,346118,3279188
24,1,20,0.05,even_odd,5,0x4b4dd3,3,0.75,18,4 4 4 4 4 4 4 4 4 4 4 4 4 3 4 3 4 3 4 3 4 3 4 3,261151394547161393764365228,118705179339618815347438740,85286388453436635465045516,2.2,3.0620524480262272,1.3918420218301033,338435,3215653
24,1,20,0.05,forward,5,0x4b4dd3,3,1.0,24,4 4 4 4 4 4 4 4 4 4 4 4 4 4 4 4 4 4 4 4 4 4 4 4,47482071735847526138975496,47482071735847526138975496,28131417804963554737558548,1.0,1.6878662876163215,1.6878662876163215,341760,3096808
24,1,20,0.05,even_odd,5,0x4b4dd3,3,1.0,24,4 4 4 4 4 4 4 4 4 4 4 4 4 4 4 4 4 4 4 4 4 4 4 4,47482071735847526138975496,47482071735847526138975496,28131417804963554737558548,1.0,1.6878662876163215,1.6878662876163215,326344,3080147
24,1,20,0.05,forward,6,0x7c9cae,0,0.0,0,0 0 0 0 0 0 0 0 0 0 0 0 0 0 0 0 0 0 0 0 0 0 0 0,6187911070687385453957425614216,6187911070687385453957425614216,1574913267249407364523656926094,1.0,3.9290487923151463,3.9290487923151463,411564,3500106
24,1,20,0.05,even_odd,6,0x7c9cae,0,0.0,0,0 0 0 0 0 0 0 0 0 0 0 0 0 0 0 0 0 0 0 0 0 0 0 0,6187911070687385453957425614216,6187911070687385453957425614216,1574913267249407364523656926094,1.0,3.9290487923151463,3.9290487923151463,424601,3330700
24,1,20,0.05,forward,6,0x7c9cae,0,0.25,6,1 1 1 1 1 1 0 0 0 0 0 0 0 0 0 0 0 0 0 0 0 0 0 0,4722353185524583635914877442428,4722353185524583635914877442428,1574913267249407364523656926094,1.0,2.998484604661559,2.998484604661559,404315,3411311
24,1,20,0.05,even_odd,6,0x7c9cae,0,0.25,6,1 0 1 0 1 0 1 0 1 0 1 0 0 0 0 0 0 0 0 0 0 0 0 0,4722353185524583635914877442428,3745314595416049090553178661236,1574913267249407364523656926094,1.2608695652173914,2.998484604661559,2.3781084795591676,436361,3230000
24,1,20,0.05,forward,6,0x7c9cae,0,0.5,12,1 1 1 1 1 1 1 1 1 1 1 1 0 0 0 0 0 0 0 0 0 0 0 0,3256795300361781817872329270640,3256795300361781817872329270640,1574913267249407364523656926094,1.0,2.0679204170079717,2.0679204170079717,391688,3251701
24,1,20,0.05,even_odd,6,0x7c9cae,0,0.5,12,1 0 1 0 1 0 1 0 1 0 1 0 1 0 1 0 1 0 1 0 1 0 1 0,3256795300361781817872329270640,1546977767671846363489356403554,327149819487628760789038217724,2.1052631578947367,9.955057610798828,4.728652365129443,383846,3303119
24,1,20,0.05,forward,6,0x7c9cae,0,0.75,18,1 1 1 1 1 1 1 1 1 1 1 1 1 1 1 1 1 1 0 0 0 0 0 0,1791237415198979999829781098852,1791237415198979999829781098852,1574913267249407364523656926094,1.0,1.1373562293543844,1.1373562293543844,381982,3288217
24,1,20,0.05,even_odd,6,0x7c9cae,0,0.75,18,1 1 1 1 1 1 1 1 1 1 1 1 1 0 1 0 1 0 1 0 1 0 1 0,1791237415198979999829781098852,1058458472617579090808507012958,327149819487628760789038217724,1.6923076923076923,5.475281685939356,3.2353937235096195,378758,3360315
24,1,20,0.05,forward,6,0x7c9cae,0,1.0,24,1 1 1 1 1 1 1 1 1 1 1 1 1 1 1 1 1 1 1 1 1 1 1 1,325679530036178181787232927064,325679530036178181787232927064,110819308505955574715541153888,1.0,2.938833804568233,2.938833804568233,377049,3270107
24,1,20,0.05,even_odd,6,0x7c9cae,0,1.0,24,1 1 1 1 1 1 1 1 1 1 1 1 1 1 1 1 1 1 1 1 1 1 1 1,325679530036178181787232927064,325679530036178181787232927064,110819308505955574715541153888,1.0,2.938833804568233,2.938833804568233,412758,3321882
24,1,20,0.05,forward,6,0x7c9cae,1,0.0,0,1 1 1 1 1 1 1 1 1 1 1 1 1 1 1 1 1 1 1 1 1 1 1 1,325679530036178181787232927064,325679530036178181787232927064,110819308505955574715541153888,1.0,2.938833804568233,2.938833804568233,386284,3290305
24,1,20,0.05,even_odd,6,0x7c9cae,1,0.0,0,1 1 1 1 1 1 1 1 1 1 1 1 1 1 1 1 1 1 1 1 1 1 1 1,325679530036178181787232927064,325679530036178181787232927064,110819308505955574715541153888,1.0,2.938833804568233,2.938833804568233,371387,3311129
24,1,20,0.05,forward,6,0x7c9cae,1,0.25,6,2 2 2 2 2 2 1 1 1 1 1 1 1 1 1 1 1 1 1 1 1 1 1 1,248544904501293875574467233812,248544904501293875574467233812,110819308505955574715541153888,1.0,2.242794219275757,2.242794219275757,390028,3258640
24,1,20,0.05,even_odd,6,0x7c9cae,1,0.25,6,2 1 2 1 2 1 2 1 2 1 2 1 1 1 1 1 1 1 1 1 1 1 1 1,248544904501293875574467233812,197121820811371004765956771644,110819308505955574715541153888,1.2608695652173914,2.242794219275757,1.7787678290807727,381580,3304654
24,1,20,0.05,forward,6,0x7c9cae,1,0.5,12,2 2 2 2 2 2 2 2 2 2 2 2 1 1 1 1 1 1 1 1 1 1 1 1,171410278966409569361701540560,171410278966409569361701540560,110819308505955574715541153888,1.0,1.5467546339832805,1.5467546339832805,433416,3241479
24,1,20,0.05,even_odd,6,0x7c9cae,1,0.5,12,2 1 2 1 2 1 2 1 2 1 2 1 2 1 2 1 2 1 2 1 2 1 2 1,171410278966409569361701540560,81419882509044545446808231766,30074182474461178796287521738,2.1052631578947367,5.699582328196957,2.7073016058935546,380790,3287531
24,1,20,0.05,forward,6,0x7c9cae,1,0.75,18,2 2 2 2 2 2 2 2 2 2 2 2 2 2 2 2 2 2 1 1 1 1 1 1,94275653431525263148935847308,94275653431525263148935847308,85107766660994139311285922804,1.0,1.1077209181983254,1.1077209181983254,379718,3368792
24,1,20,0.05,even_odd,6,0x7c9cae,1,0.75,18,2 2 2 2 2 2 2 2 2 2 2 2 2 1 2 1 2 1 2 1 2 1 2 1,94275653431525263148935847308,55708340664083110042553000682,30074182474461178796287521738,1.6923076923076923,3.1347702805083264,1.852364256664011,379274,3391919
24,1,20,0.05,forward,6,0x7c9cae,1,1.0,24,2 2 2 2 2 2 2 2 2 2 2 2 2 2 2 2 2 2 2 2 2 2 2 2,17141027896640956936170154056,17141027896640956936170154056,8722962204327279653519788890,1.0,1.9650466773933344,1.9650466773933344,378280,3284769
24,1,20,0.05,even_odd,6,0x7c9cae,1,1.0,24,2 2 2 2 2 2 2 2 2 2 2 2 2 2 2 2 2 2 2 2 2 2 2 2,17141027896640956936170154056,17141027896640956936170154056,8722962204327279653519788890,1.0,1.9650466773933344,1.9650466773933344,389071,3388378
24,1,20,0.05,forward,6,0x7c9cae,2,0.0,0,2 2 2 2 2 2 2 2 2 2 2 2 2 2 2 2 2 2 2 2 2 2 2 2,17141027896640956936170154056,17141027896640956936170154056,8722962204327279653519788890,1.0,1.9650466773933344,1.9650466773933344,381806,3467026
24,1,20,0.05,even_odd,6,0x7c9cae,2,0.0,0,2 2 2 2 2 2 2 2 2 2 2 2 2 2 2 2 2 2 2 2 2 2 2 2,17141027896640956936170154056,17141027896640956936170154056,8722962204327279653519788890,1.0,1.9650466773933344,1.9650466773933344,384584,3326262
24,1,20,0.05,forward,6,0x7c9cae,2,0.25,6,3 3 3 3 3 3 2 2 2 2 2 2 2 2 2 2 2 2 2 2 2 2 2 2,13081310763225993451287749148,13081310763225993451287749148,8722962204327279653519788890,1.0,1.4996408853791237,1.4996408853791237,374460,3331763
24,1,20,0.05,even_odd,6,0x7c9cae,2,0.25,6,3 2 3 2 3 2 3 2 3 2 3 2 2 2 2 2 2 2 2 2 2 2 2 2,13081310763225993451287749148,10374832674282684461366145876,6509214706759804864087829970,1.2608695652173914,2.009660358820409,1.5938685604437728,385535,3343753
24,1,20,0.05,forward,6,0x7c9cae,2,0.5,12,3 3 3 3 3 3 3 3 3 3 3 3 2 2 2 2 2 2 2 2 2 2 2 2,9021593629811029966405344240,9021593629811029966405344240,6509214706759804864087829970,1.0,1.3859726612554546,1.3859726612554546,379953,3336893
24,1,20,0.05,even_odd,6,0x7c9cae,2,0.5,12,3 2 3 2 3 2 3 2 3 2 3 2 3 2 3 2 3 2 3 2 3 2 3 2,9021593629811029966405344240,4285256974160239234042538514,2259471231417994552548165120,2.1052631578947367,3.9927897750436396,1.896575143145729,376215,3251240
24,1,20,0.05,forward,6,0x7c9cae,2,0.75,18,3 3 3 3 3 3 3 3 3 3 3 3 3 3 3 3 3 3 2 2 2 2 2 2,4961876496396066481522939332,4961876496396066481522939332,4592021963308544879428920738,1.0,1.0805428493249283,1.0805428493249283,368665,3226562
24,1,20,0.05,even_odd,6,0x7c9cae,2,0.75,18,3 3 3 3 3 3 3 3 3 3 3 3 3 2 3 2 3 2 3 2 3 2 3 2,4961876496396066481522939332,2932017929688584739081736878,2259471231417994552548165120,1.6923076923076923,2.1960343762740018,1.2976566768891828,353554,3202881
24,1,20,0.05,forward,6,0x7c9cae,2,1.0,24,3 3 3 3 3 3 3 3 3 3 3 3 3 3 3 3 3 3 3 3 3 3 3 3,902159362981102996640534424,902159362981102996640534424,534283795270808097845494452,1.0,1.6885396318707977,1.6885396318707977,341997,4726516
24,1,20,0.05,even_odd,6,0x7c9cae,2,1.0,24,3 3 3 3 3 3 3 3 3 3 3 3 3 3 3 3 3 3 3 3 3 3 3 3,902159362981102996640534424,902159362981102996640534424,534283795270808097845494452,1.0,1.6885396318707977,1.6885396318707977,411569,3289223
24,1,20,0.05,forward,6,0x7c9cae,3,0.0,0,3 3 3 3 3 3 3 3 3 3 3 3 3 3 3 3 3 3 3 3 3 3 3 3,902159362981102996640534424,902159362981102996640534424,534283795270808097845494452,1.0,1.6885396318707977,1.6885396318707977,361682,3258803
24,1,20,0.05,even_odd,6,0x7c9cae,3,0.0,0,3 3 3 3 3 3 3 3 3 3 3 3 3 3 3 3 3 3 3 3 3 3 3 3,902159362981102996640534424,902159362981102996640534424,534283795270808097845494452,1.0,1.6885396318707977,1.6885396318707977,346994,3130505
24,1,20,0.05,forward,6,0x7c9cae,3,0.25,6,4 4 4 4 4 4 3 3 3 3 3 3 3 3 3 3 3 3 3 3 3 3 3 3,688490040169789129015144692,688490040169789129015144692,534283795270808097845494452,1.0,1.2886223506382404,1.2886223506382404,359225,3270186
24,1,20,0.05,even_odd,6,0x7c9cae,3,0.25,6,4 3 4 3 4 3 4 3 4 3 4 3 3 3 3 3 3 3 3 3 3 3 3 3,688490040169789129015144692,546043824962246550598218204,378201801526085900608854252,1.2608695652173914,1.8204303559413415,1.4437895926431328,347846,3266256
24,1,20,0.05,forward,6,0x7c9cae,3,0.5,12,4 4 4 4 4 4 4 4 4 4 4 4 3 3 3 3 3 3 3 3 3 3 3 3,474820717358475261389754960,474820717358475261389754960,378201801526085900608854252,1.0,1.2554692109940286,1.2554692109940286,361147,3198731
24,1,20,0.05,even_odd,6,0x7c9cae,3,0.5,12,4 3 4 3 4 3 4 3 4 3 4 3 4 3 4 3 4 3 4 3 4 3 4 3,474820717358475261389754960,225539840745275749160133606,122991434769989281781136498,2.1052631578947367,3.8605998722305714,1.8337849393095214,351390,3200470
24,1,20,0.05,forward,6,0x7c9cae,3,0.75,18,4 4 4 4 4 4 4 4 4 4 4 4 4 4 4 4 4 4 3 3 3 3 3 3,261151394547161393764365228,261151394547161393764365228,245642780244998136316459200,1.0,1.0631348264609908,1.0631348264609908,333219,3051101
24,1,20,0.05,even_odd,6,0x7c9cae,3,0.75,18,4 4 4 4 4 4 4 4 4 4 4 4 4 3 4 3 4 3 4 3 4 3 4 3,261151394547161393764365228,154316733141504459951670362,122991434769989281781136498,1.6923076923076923,2.1233299297268142,1.2546949584749356,332596,3080423
24,1,20,0.05,forward,6,0x7c9cae,3,1.0,24,4 4 4 4 4 4 4 4 4 4 4 4 4 4 4 4 4 4 4 4 4 4 4 4,47482071735847526138975496,47482071735847526138975496,32087953493743584419840526,1.0,1.479747586430074,1.479747586430074,343000,3124511
24,1,20,0.05,even_odd,6,0x7c9cae,3,1.0,24,4 4 4 4 4 4 4 4 4 4 4 4 4 4 4 4 4 4 4 4 4 4 4 4,47482071735847526138975496,47482071735847526138975496,32087953493743584419840526,1.0,1.479747586430074,1.479747586430074,328966,3160254
24,1,20,0.05,forward,7,0x327f9c,0,0.0,0,0 0 0 0 0 0 0 0 0 0 0 0 0 0 0 0 0 0 0 0 0 0 0 0,6187911070687385453957425614216,6187911070687385453957425614216,2377757832023731204059128322054,1.0,2.6024143364594865,2.6024143364594865,417374,3494734
24,1,20,0.05,even_odd,7,0x327f9c,0,0.0,0,0 0 0 0 0 0 0 0 0 0 0 0 0 0 0 0 0 0 0 0 0 0 0 0,6187911070687385453957425614216,6187911070687385453957425614216,2377757832023731204059128322054,1.0,2.6024143364594865,2.6024143364594865,405907,3391497
24,1,20,0.05,forward,7,0x327f9c,0,0.25,6,1 1 1 1 1 1 0 0 0 0 0 0 0 0 0 0 0 0 0 0 0 0 0 0,4722353185524583635914877442428,4722353185524583635914877442428,2377757832023731204059128322054,1.0,1.9860530462453976,1.9860530462453976,414585,3444978
24,1,20,0.05,even_odd,7,0x327f9c,0,0.25,6,1 0 1 0 1 0 1 0 1 0 1 0 0 0 0 0 0 0 0 0 0 0 0 0,4722353185524583635914877442428,3989574242943182726893603356534,898669430708518203469319725044,1.183673469387755,5.254827886825351,4.439423559559348,409332,3414432
24,1,20,0.05,forward,7,0x327f9c,0,0.5,12,1 1 1 1 1 1 1 1 1 1 1 1 0 0 0 0 0 0 0 0 0 0 0 0,3256795300361781817872329270640,3256795300361781817872329270640,898669430708518203469319725044,1.0,3.624019232293345,3.624019232293345,407939,3446531
24,1,20,0.05,even_odd,7,0x327f9c,0,0.5,12,1 0 1 0 1 0 1 0 1 0 1 0 1 0 1 0 1 0 1 0 1 0 1 0,3256795300361781817872329270640,1546977767671846363489356403554,369404796581014226027747238564,2.1052631578947367,8.816331922337488,4.187757663110307,391147,3397188
24,1,20,0.05,forward,7,0x327f9c,0,0.75,18,1 1 1 1 1 1 1 1 1 1 1 1 1 1 1 1 1 1 0 0 0 0 0 0,1791237415198979999829781098852,1791237415198979999829781098852,816646453547321871681157650084,1.0,2.193406225445861,2.193406225445861,395190,3435637
24,1,20,0.05,even_odd,7,0x327f9c,0,0.75,18,1 1 1 1 1 1 1 1 1 1 1 1 1 0 1 0 1 0 1 0 1 0 1 0,1791237415198979999829781098852,814198825090445454468082317660,369404796581014226027747238564,2.2,4.848982557285618,2.204082980584372,376666,3502198
24,1,20,0.05,forward,7,0x327f9c,0,1.0,24,1 1 1 1 1 1 1 1 1 1 1 1 1 1 1 1 1 1 1 1 1 1 1 1,325679530036178181787232927064,325679530036178181787232927064,180022553462586368022443472768,1.0,1.8091040470874298,1.8091040470874298,404710,3549498
24,1,20,0.05,even_odd,7,0x327f9c,0,1.0,24,1 1 1 1 1 1 1 1 1 1 1 1 1 1 1 1 1 1 1 1 1 1 1 1,325679530036178181787232927064,325679530036178181787232927064,180022553462586368022443472768,1.0,1.8091040470874298,1.8091040470874298,415568,3406378
24,1,20,0.05,forward,7,0x327f9c,1,0.0,0,1 1 1 1 1 1 1 1 1 1 1 1 1 1 1 1 1 1 1 1 1 1 1 1,325679530036178181787232927064,325679530036178181787232927064,180022553462586368022443472768,1.0,1.8091040470874298,1.8091040470874298,368044,3385490
24,1,20,0.05,even_odd,7,0x327f9c,1,0.0,0,1 1 1 1 1 1 1 1 1 1 1 1 1 1 1 1 1 1 1 1 1 1 1 1,325679530036178181787232927064,325679530036178181787232927064,180022553462586368022443472768,1.0,1.8091040470874298,1.8091040470874298,403142,3522801
24,1,20,0.05,forward,7,0x327f9c,1,0.25,6,2 2 2 2 2 2 1 1 1 1 1 1 1 1 1 1 1 1 1 1 1 1 1 1,248544904501293875574467233812,248544904501293875574467233812,153034717204636576745918023608,1.0,1.6241079739373254,1.6241079739373254,405318,3519222
24,1,20,0.05,even_odd,7,0x327f9c,1,0.25,6,2 1 2 1 2 1 2 1 2 1 2 1 1 1 1 1 1 1 1 1 1 1 1 1,248544904501293875574467233812,209977591733851722468084387186,88680890900018492141376300378,1.183673469387755,2.802688403091382,2.3677884784737535,415511,3524687
24,1,20,0.05,forward,7,0x327f9c,1,0.5,12,2 2 2 2 2 2 2 2 2 2 2 2 1 1 1 1 1 1 1 1 1 1 1 1,171410278966409569361701540560,171410278966409569361701540560,88680890900018492141376300378,1.0,1.9328885538561253,1.9328885538561253,392704,3497736
24,1,20,0.05,even_odd,7,0x327f9c,1,0.5,12,2 1 2 1 2 1 2 1 2 1 2 1 2 1 2 1 2 1 2 1 2 1 2 1,171410278966409569361701540560,81419882509044545446808231766,32298128637270940124640628098,2.1052631578947367,5.307127260884333,2.5208854489200583,414266,3577155
24,1,20,0.05,forward,7,0x327f9c,1,0.75,18,2 2 2 2 2 2 2 2 2 2 2 2 2 2 2 2 2 2 1 1 1 1 1 1,94275653431525263148935847308,94275653431525263148935847308,69369553659161571687586034538,1.0,1.3590350299028393,1.3590350299028393,397799,3460288
24,1,20,0.05,even_odd,7,0x327f9c,1,0.75,18,2 2 2 2 2 2 2 2 2 2 2 2 2 1 2 1 2 1 2 1 2 1 2 1,94275653431525263148935847308,42852569741602392340425385140,22330642157353684440150956214,2.2,4.221806644305544,1.9190030201388835,390962,3569186
24,1,20,0.05,forward,7,0x327f9c,1,1.0,24,2 2 2 2 2 2 2 2 2 2 2 2 2 2 2 2 2 2 2 2 2 2 2 2,17141027896640956936170154056,17141027896640956936170154056,10942743242807492372686260690,1.0,1.5664287753354267,1.5664287753354267,386475,3508433
24,1,20,0.05,even_odd,7,0x327f9c,1,1.0,24,2 2 2 2 2 2 2 2 2 2 2 2 2 2 2 2 2 2 2 2 2 2 2 2,17141027896640956936170154056,17141027896640956936170154056,10942743242807492372686260690,1.0,1.5664287753354267,1.5664287753354267,383794,3429902
24,1,20,0.05,forward,7,0x327f9c,2,0.0,0,2 2 2 2 2 2 2 2 2 2 2 2 2 2 2 2 2 2 2 2 2 2 2 2,17141027896640956936170154056,17141027896640956936170154056,10942743242807492372686260690,1.0,1.5664287753354267,1.5664287753354267,387413,3458284
24,1,20,0.05,even_odd,7,0x327f9c,2,0.0,0,2 2 2 2 2 2 2 2 2 2 2 2 2 2 2 2 2 2 2 2 2 2 2 2,17141027896640956936170154056,17141027896640956936170154056,10942743242807492372686260690,1.0,1.5664287753354267,1.5664287753354267,381304,3650640
24,1,20,0.05,forward,7,0x327f9c,2,0.25,6,3 3 3 3 3 3 2 2 2 2 2 2 2 2 2 2 2 2 2 2 2 2 2 2,13081310763225993451287749148,13081310763225993451287749148,10193026320662531433649805490,1.0,1.2833588722034937,1.2833588722034937,375840,3272400
24,1,20,0.05,even_odd,7,0x327f9c,2,0.25,6,3 2 3 2 3 2 3 2 3 2 3 2 2 2 2 2 2 2 2 2 2 2 2 2,13081310763225993451287749148,11051452196518511708846546694,6056265908800829199637470120,1.183673469387755,2.1599630795960474,1.8247963948311434,367523,3268045
24,1,20,0.05,forward,7,0x327f9c,2,0.5,12,3 3 3 3 3 3 3 3 3 3 3 3 2 2 2 2 2 2 2 2 2 2 2 2,9021593629811029966405344240,9021593629811029966405344240,6056265908800829199637470120,1.0,1.4896297100662395,1.4896297100662395,348719,3212639
24,1,20,0.05,even_odd,7,0x327f9c,2,0.5,12,3 2 3 2 3 2 3 2 3 2 3 2 3 2 3 2 3 2 3 2 3 2 3 2,9021593629811029966405344240,4285256974160239234042538514,2376521029460613569829907560,2.1052631578947367,3.7961345672832585,1.8031639194595477,340120,3247598
24,1,20,0.05,forward,7,0x327f9c,2,0.75,18,3 3 3 3 3 3 3 3 3 3 3 3 3 3 3 3 3 3 2 2 2 2 2 2,4961876496396066481522939332,4961876496396066481522939332,4327648662191699441563876320,1.0,1.1465525239479972,1.1465525239479972,361142,3505467
24,1,20,0.05,even_odd,7,0x327f9c,2,0.75,18,3 3 3 3 3 3 3 3 3 3 3 3 3 2 3 2 3 2 3 2 3 2 3 2,4961876496396066481522939332,2255398407452757491601336060,1545398472890384610438879294,2.2,3.210742461208588,1.459428391458449,357208,3249423
24,1,20,0.05,forward,7,0x327f9c,2,1.0,24,3 3 3 3 3 3 3 3 3 3 3 3 3 3 3 3 3 3 3 3 3 3 3 3,902159362981102996640534424,902159362981102996640534424,688490040169789129015144692,1.0,1.3103448275862069,1.3103448275862069,344442,3198673
24,1,20,0.05,even_odd,7,0x327f9c,2,1.0,24,3 3 3 3 3 3 3 3 3 3 3 3 3 3 3 3 3 3 3 3 3 3 3 3,902159362981102996640534424,902159362981102996640534424,688490040169789129015144692,1.0,1.3103448275862069,1.3103448275862069,337818,3183909
24,1,20,0.05,forward,7,0x327f9c,3,0.0,0,3 3 3 3 3 3 3 3 3 3 3 3 3 3 3 3 3 3 3 3 3 3 3 3,902159362981102996640534424,902159362981102996640534424,688490040169789129015144692,1.0,1.3103448275862069,1.3103448275862069,358964,3272816
24,1,20,0.05,even_odd,7,0x327f9c,3,0.0,0,3 3 3 3 3 3 3 3 3 3 3 3 3 3 3 3 3 3 3 3 3 3 3 3,902159362981102996640534424,902159362981102996640534424,688490040169789129015144692,1.0,1.3103448275862069,1.3103448275862069,375712,3221249
24,1,20,0.05,forward,7,0x327f9c,3,0.25,6,4 4 4 4 4 4 3 3 3 3 3 3 3 3 3 3 3 3 3 3 3 3 3 3,688490040169789129015144692,688490040169789129015144692,572086623310439930585800332,1.0,1.2034716634095872,1.2034716634095872,347084,3162344
24,1,20,0.05,even_odd,7,0x327f9c,3,0.25,6,4 3 4 3 4 3 4 3 4 3 4 3 3 3 3 3 3 3 3 3 3 3 3 3,688490040169789129015144692,581655378764132195202449826,354362391107192444585151102,1.183673469387755,1.9428981670956305,1.641413968753205,345938,3154296
24,1,20,0.05,forward,7,0x327f9c,3,0.5,12,4 4 4 4 4 4 4 4 4 4 4 4 3 3 3 3 3 3 3 3 3 3 3 3,474820717358475261389754960,474820717358475261389754960,354362391107192444585151102,1.0,1.3399297704107795,1.3399297704107795,330033,3225197
24,1,20,0.05,even_odd,7,0x327f9c,3,0.5,12,4 3 4 3 4 3 4 3 4 3 4 3 4 3 4 3 4 3 4 3 4 3 4 3,474820717358475261389754960,225539840745275749160133606,133080842111676232255972818,2.1052631578947367,3.5679118784056407,1.6947581422426794,336251,3212445
24,1,20,0.05,forward,7,0x327f9c,3,0.75,18,4 4 4 4 4 4 4 4 4 4 4 4 4 4 4 4 4 4 3 3 3 3 3 3,261151394547161393764365228,261151394547161393764365228,245653437396173108424865098,1.0,1.063088704620869,1.063088704620869,320034,3158861
24,1,20,0.05,even_odd,7,0x327f9c,3,0.75,18,4 4 4 4 4 4 4 4 4 4 4 4 4 3 4 3 4 3 4 3 4 3 4 3,261151394547161393764365228,118705179339618815347438740,99458637577905725312756334,2.2,2.625728653708956,1.193513024413162,330934,3211965
24,1,20,0.05,forward,7,0x327f9c,3,1.0,24,4 4 4 4 4 4 4 4 4 4 4 4 4 4 4 4 4 4 4 4 4 4 4 4,47482071735847526138975496,47482071735847526138975496,38110610209035514401019806,1.0,1.2459016393442623,1.2459016393442623,343373,3274915
24,1,20,0.05,even_odd,7,0x327f9c,3,1.0,24,4 4 4 4 4 4 4 4 4 4 4 4 4 4 4 4 4 4 4 4 4 4 4 4,47482071735847526138975496,47482071735847526138975496,38110610209035514401019806,1.0,1.2459016393442623,1.2459016393442623,332087,3131929
24,1,20,0.05,forward,8,0x36fa5,0,0.0,0,0 0 0 0 0 0 0 0 0 0 0 0 0 0 0 0 0 0 0 0 0 0 0 0,6187911070687385453957425614216,6187911070687385453957425614216,1576379692419102928989579238458,1.0,3.9253937997586443,3.9253937997586443,399382,3144685
24,1,20,0.05,even_odd,8,0x36fa5,0,0.0,0,0 0 0 0 0 0 0 0 0 0 0 0 0 0 0 0 0 0 0 0 0 0 0 0,6187911070687385453957425614216,6187911070687385453957425614216,1576379692419102928989579238458,1.0,3.9253937997586443,3.9253937997586443,394385,3165656
24,1,20,0.05,forward,8,0x36fa5,0,0.25,6,1 1 1 1 1 1 0 0 0 0 0 0 0 0 0 0 0 0 0 0 0 0 0 0,4722353185524583635914877442428,4722353185524583635914877442428,1576379692419102928989579238458,1.0,2.9956952682368603,2.9956952682368603,390377,3290804
24,1,20,0.05,even_odd,8,0x36fa5,0,0.25,6,1 0 1 0 1 0 1 0 1 0 1 0 0 0 0 0 0 0 0 0 0 0 0 0,4722353185524583635914877442428,3745314595416049090553178661236,1574909622807243958693153560840,1.2608695652173914,2.998491543347793,2.378113982655146,392707,3140044
24,1,20,0.05,forward,8,0x36fa5,0,0.5,12,1 1 1 1 1 1 1 1 1 1 1 1 0 0 0 0 0 0 0 0 0 0 0 0,3256795300361781817872329270640,3256795300361781817872329270640,1574909622807243958693153560840,1.0,2.067925202308823,2.067925202308823,377869,3157511
24,1,20,0.05,even_odd,8,0x36fa5,0,0.5,12,1 0 1 0 1 0 1 0 1 0 1 0 1 0 1 0 1 0 1 0 1 0 1 0,3256795300361781817872329270640,1058458472617579090808507012958,327226999759718001024086760480,3.076923076923077,9.952709595336689,3.234630618484424,375563,3204311
24,1,20,0.05,forward,8,0x36fa5,0,0.75,18,1 1 1 1 1 1 1 1 1 1 1 1 1 1 1 1 1 1 0 0 0 0 0 0,1791237415198979999829781098852,1791237415198979999829781098852,1574909622807243958693153560840,1.0,1.1373588612698526,1.1373588612698526,412740,3201086
24,1,20,0.05,even_odd,8,0x36fa5,0,0.75,18,1 1 1 1 1 1 1 1 1 1 1 1 1 0 1 0 1 0 1 0 1 0 1 0,1791237415198979999829781098852,1058458472617579090808507012958,327149627674883318376906461658,1.6923076923076923,5.47528489617933,3.235395620469604,405513,3177951
24,1,20,0.05,forward,8,0x36fa5,0,1.0,24,1 1 1 1 1 1 1 1 1 1 1 1 1 1 1 1 1 1 1 1 1 1 1 1,325679530036178181787232927064,325679530036178181787232927064,123684971509094393914928681604,1.0,2.6331374463892034,2.6331374463892034,375382,3228662
24,1,20,0.05,even_odd,8,0x36fa5,0,1.0,24,1 1 1 1 1 1 1 1 1 1 1 1 1 1 1 1 1 1 1 1 1 1 1 1,325679530036178181787232927064,325679530036178181787232927064,123684971509094393914928681604,1.0,2.6331374463892034,2.6331374463892034,394727,3232312
24,1,20,0.05,forward,8,0x36fa5,1,0.0,0,1 1 1 1 1 1 1 1 1 1 1 1 1 1 1 1 1 1 1 1 1 1 1 1,325679530036178181787232927064,325679530036178181787232927064,123684971509094393914928681604,1.0,2.6331374463892034,2.6331374463892034,370884,3271621
24,1,20,0.05,even_odd,8,0x36fa5,1,0.0,0,1 1 1 1 1 1 1 1 1 1 1 1 1 1 1 1 1 1 1 1 1 1 1 1,325679530036178181787232927064,325679530036178181787232927064,123684971509094393914928681604,1.0,2.6331374463892034,2.6331374463892034,400962,3307132
24,1,20,0.05,forward,8,0x36fa5,1,0.25,6,2 2 2 2 2 2 1 1 1 1 1 1 1 1 1 1 1 1 1 1 1 1 1 1,248544904501293875574467233812,248544904501293875574467233812,123684971509094393914928681604,1.0,2.009499630139129,2.009499630139129,366252,3165529
24,1,20,0.05,even_odd,8,0x36fa5,1,0.25,6,2 1 2 1 2 1 2 1 2 1 2 1 1 1 1 1 1 1 1 1 1 1 1 1,248544904501293875574467233812,197121820811371004765956771644,110750064104850863935977214062,1.2608695652173914,2.2441964843107263,1.7798799703154036,378153,3205497
24,1,20,0.05,forward,8,0x36fa5,1,0.5,12,2 2 2 2 2 2 2 2 2 2 2 2 1 1 1 1 1 1 1 1 1 1 1 1,171410278966409569361701540560,171410278966409569361701540560,110750064104850863935977214062,1.0,1.5477217133177423,1.5477217133177423,370889,3171958
24,1,20,0.05,even_odd,8,0x36fa5,1,0.5,12,2 1 2 1 2 1 2 1 2 1 2 1 2 1 2 1 2 1 2 1 2 1 2 1,171410278966409569361701540560,55708340664083110042553000682,30078244594044823019184813462,3.076923076923077,5.698812589626557,1.8521140916286312,362656,3199927
24,1,20,0.05,forward,8,0x36fa5,1,0.75,18,2 2 2 2 2 2 2 2 2 2 2 2 2 2 2 2 2 2 1 1 1 1 1 1,94275653431525263148935847308,94275653431525263148935847308,85038522259889428531721982978,1.0,1.108622903199163,1.108622903199163,420251,3243936
24,1,20,0.05,even_odd,8,0x36fa5,1,0.75,18,2 2 2 2 2 2 2 2 2 2 2 2 2 1 2 1 2 1 2 1 2 1 2 1,94275653431525263148935847308,55708340664083110042553000682,30074172379053523932491113524,1.6923076923076923,3.1347713327994247,1.8523648784723874,368549,3185068
24,1,20,0.05,forward,8,0x36fa5,1,1.0,24,2 2 2 2 2 2 2 2 2 2 2 2 2 2 2 2 2 2 2 2 2 2 2 2,17141027896640956936170154056,17141027896640956936170154056,8798246247431408735615552214,1.0,1.948232342513165,1.948232342513165,378385,3164225
24,1,20,0.05,even_odd,8,0x36fa5,1,1.0,24,2 2 2 2 2 2 2 2 2 2 2 2 2 2 2 2 2 2 2 2 2 2 2 2,17141027896640956936170154056,17141027896640956936170154056,8798246247431408735615552214,1.0,1.948232342513165,1.948232342513165,392268,3157234
24,1,20,0.05,forward,8,0x36fa5,2,0.0,0,2 2 2 2 2 2 2 2 2 2 2 2 2 2 2 2 2 2 2 2 2 2 2 2,17141027896640956936170154056,17141027896640956936170154056,8798246247431408735615552214,1.0,1.948232342513165,1.948232342513165,359459,3262387
24,1,20,0.05,even_odd,8,0x36fa5,2,0.0,0,2 2 2 2 2 2 2 2 2 2 2 2 2 2 2 2 2 2 2 2 2 2 2 2,17141027896640956936170154056,17141027896640956936170154056,8798246247431408735615552214,1.0,1.948232342513165,1.948232342513165,381075,3159181
24,1,20,0.05,forward,8,0x36fa5,2,0.25,6,3 3 3 3 3 3 2 2 2 2 2 2 2 2 2 2 2 2 2 2 2 2 2 2,13081310763225993451287749148,13081310763225993451287749148,8798246247431408735615552214,1.0,1.4868088929705734,1.4868088929705734,348383,3116701
24,1,20,0.05,even_odd,8,0x36fa5,2,0.25,6,3 2 3 2 3 2 3 2 3 2 3 2 2 2 2 2 2 2 2 2 2 2 2 2,13081310763225993451287749148,10374832674282684461366145876,7407318583337774841804932196,1.2608695652173914,1.7659981295595213,1.400619206202379,354570,3130083
24,1,20,0.05,forward,8,0x36fa5,2,0.5,12,3 3 3 3 3 3 3 3 3 3 3 3 2 2 2 2 2 2 2 2 2 2 2 2,9021593629811029966405344240,9021593629811029966405344240,7407318583337774841804932196,1.0,1.2179297445238078,1.2179297445238078,356060,3256160
24,1,20,0.05,even_odd,8,0x36fa5,2,0.5,12,3 2 3 2 3 2 3 2 3 2 3 2 3 2 3 2 3 2 3 2 3 2 3 2,9021593629811029966405344240,2932017929688584739081736878,2259470700080749559716775214,3.076923076923077,3.9927907139882866,1.2976569820461932,371977,3141763
24,1,20,0.05,forward,8,0x36fa5,2,0.75,18,3 3 3 3 3 3 3 3 3 3 3 3 3 3 3 3 3 3 2 2 2 2 2 2,4961876496396066481522939332,4961876496396066481522939332,4700840494394465851883328924,1.0,1.055529644605656,1.055529644605656,353000,3063371
24,1,20,0.05,even_odd,8,0x36fa5,2,0.75,18,3 3 3 3 3 3 3 3 3 3 3 3 3 2 3 2 3 2 3 2 3 2 3 2,4961876496396066481522939332,2932017929688584739081736878,2259470700080749559716775214,1.6923076923076923,2.196034892693558,1.2976569820461932,332013,3261342
24,1,20,0.05,forward,8,0x36fa5,2,1.0,24,3 3 3 3 3 3 3 3 3 3 3 3 3 3 3 3 3 3 3 3 3 3 3 3,902159362981102996640534424,902159362981102996640534424,540218462173834873495732728,1.0,1.669989876596999,1.669989876596999,342821,3072510
24,1,20,0.05,even_odd,8,0x36fa5,2,1.0,24,3 3 3 3 3 3 3 3 3 3 3 3 3 3 3 3 3 3 3 3 3 3 3 3,902159362981102996640534424,902159362981102996640534424,540218462173834873495732728,1.0,1.669989876596999,1.669989876596999,347838,3073395
24,1,20,0.05,forward,8,0x36fa5,3,0.0,0,3 3 3 3 3 3 3 3 3 3 3 3 3 3 3 3 3 3 3 3 3 3 3 3,902159362981102996640534424,902159362981102996640534424,540218462173834873495732728,1.0,1.669989876596999,1.669989876596999,354461,3144808
24,1,20,0.05,even_odd,8,0x36fa5,3,0.0,0,3 3 3 3 3 3 3 3 3 3 3 3 3 3 3 3 3 3 3 3 3 3 3 3,902159362981102996640534424,902159362981102996640534424,540218462173834873495732728,1.0,1.669989876596999,1.669989876596999,357707,3269199
24,1,20,0.05,forward,8,0x36fa5,3,0.25,6,4 4 4 4 4 4 3 3 3 3 3 3 3 3 3 3 3 3 3 3 3 3 3 3,688490040169789129015144692,688490040169789129015144692,498677145771959788583997528,1.0,1.3806328322987333,1.3806328322987333,350989,3185067
24,1,20,0.05,even_odd,8,0x36fa5,3,0.25,6,4 3 4 3 4 3 4 3 4 3 4 3 3 3 3 3 3 3 3 3 3 3 3 3,688490040169789129015144692,546043824962246550598218204,425470426609136952067649106,1.2608695652173914,1.6181854180955284,1.2833884350412812,369641,3246686
24,1,20,0.05,forward,8,0x36fa5,3,0.5,12,4 4 4 4 4 4 4 4 4 4 4 4 3 3 3 3 3 3 3 3 3 3 3 3,474820717358475261389754960,474820717358475261389754960,425470426609136952067649106,1.0,1.1159899435141576,1.1159899435141576,358404,3209151
24,1,20,0.05,even_odd,8,0x36fa5,3,0.5,12,4 3 4 3 4 3 4 3 4 3 4 3 4 3 4 3 4 3 4 3 4 3 4 3,474820717358475261389754960,154316733141504459951670362,122981339362334417984728284,3.076923076923077,3.8609167847776664,1.2547979550527415,341381,3207037
24,1,20,0.05,forward,8,0x36fa5,3,0.75,18,4 4 4 4 4 4 4 4 4 4 4 4 4 4 4 4 4 4 3 3 3 3 3 3,261151394547161393764365228,261151394547161393764365228,251473334978854030599962934,1.0,1.0384854305492117,1.0384854305492117,336347,3143426
24,1,20,0.05,even_odd,8,0x36fa5,3,0.75,18,4 4 4 4 4 4 4 4 4 4 4 4 4 3 4 3 4 3 4 3 4 3 4 3,261151394547161393764365228,154316733141504459951670362,122981339362334417984728284,1.6923076923076923,2.1235042316277166,1.2547979550527415,328545,2991885
24,1,20,0.05,forward,8,0x36fa5,3,1.0,24,4 4 4 4 4 4 4 4 4 4 4 4 4 4 4 4 4 4 4 4 4 4 4 4,47482071735847526138975496,47482071735847526138975496,32389086329508180918899490,1.0,1.465989847715736,1.465989847715736,335854,3042569
24,1,20,0.05,even_odd,8,0x36fa5,3,1.0,24,4 4 4 4 4 4 4 4 4 4 4 4 4 4 4 4 4 4 4 4 4 4 4 4,47482071735847526138975496,47482071735847526138975496,32389086329508180918899490,1.0,1.465989847715736,1.465989847715736,349439,3107439
24,1,20,0.05,forward,9,0x5ce5f2,0,0.0,0,0 0 0 0 0 0 0 0 0 0 0 0 0 0 0 0 0 0 0 0 0 0 0 0,6187911070687385453957425614216,6187911070687385453957425614216,1589235058096578711213841060494,1.0,3.8936411823802985,3.8936411823802985,393812,3383846
24,1,20,0.05,even_odd,9,0x5ce5f2,0,0.0,0,0 0 0 0 0 0 0 0 0 0 0 0 0 0 0 0 0 0 0 0 0 0 0 0,6187911070687385453957425614216,6187911070687385453957425614216,1589235058096578711213841060494,1.0,3.8936411823802985,3.8936411823802985,394935,3264173
24,1,20,0.05,forward,9,0x5ce5f2,0,0.25,6,1 1 1 1 1 1 0 0 0 0 0 0 0 0 0 0 0 0 0 0 0 0 0 0,4722353185524583635914877442428,4722353185524583635914877442428,1088542535925078686419632656934,1.0,4.338234868802233,4.338234868802233,416358,3244023
24,1,20,0.05,even_odd,9,0x5ce5f2,0,0.25,6,1 0 1 0 1 0 1 0 1 0 1 0 0 0 0 0 0 0 0 0 0 0 0 0,4722353185524583635914877442428,3989574242943182726893603356534,1088542535925078686419632656934,1.183673469387755,4.338234868802233,3.665060492608783,410654,3419996
24,1,20,0.05,forward,9,0x5ce5f2,0,0.5,12,1 1 1 1 1 1 1 1 1 1 1 1 0 0 0 0 0 0 0 0 0 0 0 0,3256795300361781817872329270640,3256795300361781817872329270640,1088542535925078686419632656934,1.0,2.991886116415333,2.991886116415333,469762,3241186
24,1,20,0.05,even_odd,9,0x5ce5f2,0,0.5,12,1 0 1 0 1 0 1 0 1 0 1 0 1 0 1 0 1 0 1 0 1 0 1 0,3256795300361781817872329270640,1546977767671846363489356403554,327903597953269357983258435324,2.1052631578947367,9.932173116398433,4.717782230289255,385439,3404077
24,1,20,0.05,forward,9,0x5ce5f2,0,0.75,18,1 1 1 1 1 1 1 1 1 1 1 1 1 1 1 1 1 1 0 0 0 0 0 0,1791237415198979999829781098852,1791237415198979999829781098852,1074962581507244974455131726094,1.0,1.6663253642628373,1.6663253642628373,408270,3295093
24,1,20,0.05,even_odd,9,0x5ce5f2,0,0.75,18,1 1 1 1 1 1 1 1 1 1 1 1 1 0 1 0 1 0 1 0 1 0 1 0,1791237415198979999829781098852,1058458472617579090808507012958,301551359944243040888826414084,1.6923076923076923,5.94007407404888,3.5100437710288834,388976,3378925
24,1,20,0.05,forward,9,0x5ce5f2,0,1.0,24,1 1 1 1 1 1 1 1 1 1 1 1 1 1 1 1 1 1 1 1 1 1 1 1,325679530036178181787232927064,325679530036178181787232927064,111573294631842549944794747848,1.0,2.91897385580322,2.91897385580322,386363,3259669
24,1,20,0.05,even_odd,9,0x5ce5f2,0,1.0,24,1 1 1 1 1 1 1 1 1 1 1 1 1 1 1 1 1 1 1 1 1 1 1 1,325679530036178181787232927064,325679530036178181787232927064,111573294631842549944794747848,1.0,2.91897385580322,2.91897385580322,382012,3271070
24,1,20,0.05,forward,9,0x5ce5f2,1,0.0,0,1 1 1 1 1 1 1 1 1 1 1 1 1 1 1 1 1 1 1 1 1 1 1 1,325679530036178181787232927064,325679530036178181787232927064,111573294631842549944794747848,1.0,2.91897385580322,2.91897385580322,379714,3443674
24,1,20,0.05,even_odd,9,0x5ce5f2,1,0.0,0,1 1 1 1 1 1 1 1 1 1 1 1 1 1 1 1 1 1 1 1 1 1 1 1,325679530036178181787232927064,325679530036178181787232927064,111573294631842549944794747848,1.0,2.91897385580322,2.91897385580322,391286,3287983
24,1,20,0.05,forward,9,0x5ce5f2,1,0.25,6,2 2 2 2 2 2 1 1 1 1 1 1 1 1 1 1 1 1 1 1 1 1 1 1,248544904501293875574467233812,248544904501293875574467233812,111494371595884718038389838608,1.0,2.2292148109695944,2.2292148109695944,403919,3365212
24,1,20,0.05,even_odd,9,0x5ce5f2,1,0.25,6,2 1 2 1 2 1 2 1 2 1 2 1 1 1 1 1 1 1 1 1 1 1 1 1,248544904501293875574467233812,209977591733851722468084387186,111494371595884718038389838608,1.183673469387755,2.2292148109695944,1.8833021678881057,384856,3251556
24,1,20,0.05,forward,9,0x5ce5f2,1,0.5,12,2 2 2 2 2 2 2 2 2 2 2 2 1 1 1 1 1 1 1 1 1 1 1 1,171410278966409569361701540560,171410278966409569361701540560,111494371595884718038389838608,1.0,1.537389524806617,1.537389524806617,370675,3250565
24,1,20,0.05,even_odd,9,0x5ce5f2,1,0.5,12,2 1 2 1 2 1 2 1 2 1 2 1 2 1 2 1 2 1 2 1 2 1 2 1,171410278966409569361701540560,81419882509044545446808231766,30113855025284368122299112138,2.1052631578947367,5.692073592786081,2.7037349565733884,376531,3299175
24,1,20,0.05,forward,9,0x5ce5f2,1,0.75,18,2 2 2 2 2 2 2 2 2 2 2 2 2 2 2 2 2 2 1 1 1 1 1 1,94275653431525263148935847308,94275653431525263148935847308,82965139341262787623058354328,1.0,1.1363285131570577,1.1363285131570577,374520,3242904
24,1,20,0.05,even_odd,9,0x5ce5f2,1,0.75,18,2 2 2 2 2 2 2 2 2 2 2 2 2 1 2 1 2 1 2 1 2 1 2 1,94275653431525263148935847308,55708340664083110042553000682,18723895743316755493621817574,1.6923076923076923,5.035044775079764,2.9752537307289515,371755,3274628
24,1,20,0.05,forward,9,0x5ce5f2,1,1.0,24,2 2 2 2 2 2 2 2 2 2 2 2 2 2 2 2 2 2 2 2 2 2 2 2,17141027896640956936170154056,17141027896640956936170154056,8766591229318303120693602570,1.0,1.9552671555297163,1.9552671555297163,363804,3221548
24,1,20,0.05,even_odd,9,0x5ce5f2,1,1.0,24,2 2 2 2 2 2 2 2 2 2 2 2 2 2 2 2 2 2 2 2 2 2 2 2,17141027896640956936170154056,17141027896640956936170154056,8766591229318303120693602570,1.0,1.9552671555297163,1.9552671555297163,365530,3191719
24,1,20,0.05,forward,9,0x5ce5f2,2,0.0,0,2 2 2 2 2 2 2 2 2 2 2 2 2 2 2 2 2 2 2 2 2 2 2 2,17141027896640956936170154056,17141027896640956936170154056,8766591229318303120693602570,1.0,1.9552671555297163,1.9552671555297163,357703,3259512
24,1,20,0.05,even_odd,9,0x5ce5f2,2,0.0,0,2 2 2 2 2 2 2 2 2 2 2 2 2 2 2 2 2 2 2 2 2 2 2 2,17141027896640956936170154056,17141027896640956936170154056,8766591229318303120693602570,1.0,1.9552671555297163,1.9552671555297163,377838,3298594
24,1,20,0.05,forward,9,0x5ce5f2,2,0.25,6,3 3 3 3 3 3 2 2 2 2 2 2 2 2 2 2 2 2 2 2 2 2 2 2,13081310763225993451287749148,13081310763225993451287749148,7304539392226744945952149770,1.0,1.7908467681270501,1.7908467681270501,359837,3252321
24,1,20,0.05,even_odd,9,0x5ce5f2,2,0.25,6,3 2 3 2 3 2 3 2 3 2 3 2 2 2 2 2 2 2 2 2 2 2 2 2,13081310763225993451287749148,11051452196518511708846546694,7256975419109577931059235290,1.183673469387755,1.8025844112382365,1.5228730370805792,367358,3332689
24,1,20,0.05,forward,9,0x5ce5f2,2,0.5,12,3 3 3 3 3 3 3 3 3 3 3 3 2 2 2 2 2 2 2 2 2 2 2 2,9021593629811029966405344240,9021593629811029966405344240,7256975419109577931059235290,1.0,1.2431616629229219,1.2431616629229219,352133,3199572
24,1,20,0.05,even_odd,9,0x5ce5f2,2,0.5,12,3 2 3 2 3 2 3 2 3 2 3 2 3 2 3 2 3 2 3 2 3 2 3 2,9021593629811029966405344240,4285256974160239234042538514,1662306342620802832758017004,2.1052631578947367,5.427154669690743,2.5778984681031027,351927,3147699
24,1,20,0.05,forward,9,0x5ce5f2,2,0.75,18,3 3 3 3 3 3 3 3 3 3 3 3 3 3 3 3 3 3 2 2 2 2 2 2,4961876496396066481522939332,4961876496396066481522939332,4479274222562497651929168774,1.0,1.1077411763277762,1.1077411763277762,351312,3251634
24,1,20,0.05,even_odd,9,0x5ce5f2,2,0.75,18,3 3 3 3 3 3 3 3 3 3 3 3 3 2 3 2 3 2 3 2 3 2 3 2,4961876496396066481522939332,2932017929688584739081736878,1662087719252498589249970164,1.6923076923076923,2.9853276929496855,1.7640572731066324,341463,3178350
24,1,20,0.05,forward,9,0x5ce5f2,2,1.0,24,3 3 3 3 3 3 3 3 3 3 3 3 3 3 3 3 3 3 3 3 3 3 3 3,902159362981102996640534424,902159362981102996640534424,611545408686490506324561132,1.0,1.4752123884288633,1.4752123884288633,355668,3191952
24,1,20,0.05,even_odd,9,0x5ce5f2,2,1.0,24,3 3 3 3 3 3 3 3 3 3 3 3 3 3 3 3 3 3 3 3 3 3 3 3,902159362981102996640534424,902159362981102996640534424,611545408686490506324561132,1.0,1.4752123884288633,1.4752123884288633,342751,3212340
24,1,20,0.05,forward,9,0x5ce5f2,3,0.0,0,3 3 3 3 3 3 3 3 3 3 3 3 3 3 3 3 3 3 3 3 3 3 3 3,902159362981102996640534424,902159362981102996640534424,611545408686490506324561132,1.0,1.4752123884288633,1.4752123884288633,348459,3195658
24,1,20,0.05,even_odd,9,0x5ce5f2,3,0.0,0,3 3 3 3 3 3 3 3 3 3 3 3 3 3 3 3 3 3 3 3 3 3 3 3,902159362981102996640534424,902159362981102996640534424,611545408686490506324561132,1.0,1.4752123884288633,1.4752123884288633,333058,3197082
24,1,20,0.05,forward,9,0x5ce5f2,3,0.25,6,4 4 4 4 4 4 3 3 3 3 3 3 3 3 3 3 3 3 3 3 3 3 3 3,688490040169789129015144692,688490040169789129015144692,457546841605278162395641212,1.0,1.5047421980977058,1.5047421980977058,326820,3255516
24,1,20,0.05,even_odd,9,0x5ce5f2,3,0.25,6,4 3 4 3 4 3 4 3 4 3 4 3 3 3 3 3 3 3 3 3 3 3 3 3,688490040169789129015144692,581655378764132195202449826,417557628491863430449454532,1.183673469387755,1.6488503458947228,1.392994257738645,340465,3144952
24,1,20,0.05,forward,9,0x5ce5f2,3,0.5,12,4 4 4 4 4 4 4 4 4 4 4 4 3 3 3 3 3 3 3 3 3 3 3 3,474820717358475261389754960,474820717358475261389754960,417557628491863430449454532,1.0,1.1371381695825673,1.1371381695825673,332660,3191822
24,1,20,0.05,even_odd,9,0x5ce5f2,3,0.5,12,4 3 4 3 4 3 4 3 4 3 4 3 4 3 4 3 4 3 4 3 4 3 4 3,474820717358475261389754960,225539840745275749160133606,95507293834569912811492614,2.1052631578947367,4.971564979957674,2.361493365479895,329584,3125395
24,1,20,0.05,forward,9,0x5ce5f2,3,0.75,18,4 4 4 4 4 4 4 4 4 4 4 4 4 4 4 4 4 4 3 3 3 3 3 3,261151394547161393764365228,261151394547161393764365228,240128934183239490075069204,1.0,1.0875465525861199,1.0875465525861199,325599,3149832
24,1,20,0.05,even_odd,9,0x5ce5f2,3,0.75,18,4 4 4 4 4 4 4 4 4 4 4 4 4 3 4 3 4 3 4 3 4 3 4 3,261151394547161393764365228,154316733141504459951670362,91457288745673629778967814,1.6923076923076923,2.8554464945202644,1.6873092922165198,349682,3300575
24,1,20,0.05,forward,9,0x5ce5f2,3,1.0,24,4 4 4 4 4 4 4 4 4 4 4 4 4 4 4 4 4 4 4 4 4 4 4 4,47482071735847526138975496,47482071735847526138975496,36137670940232985614081766,1.0,1.3139217470427662,1.3139217470427662,343551,3360360
24,1,20,0.05,even_odd,9,0x5ce5f2,3,1.0,24,4 4 4 4 4 4 4 4 4 4 4 4 4 4 4 4 4 4 4 4 4 4 4 4,47482071735847526138975496,47482071735847526138975496,36137670940232985614081766,1.0,1.3139217470427662,1.3139217470427662,347362,3297297
24,1,20,0.05,forward,10,0x19f398,0,0.0,0,0 0 0 0 0 0 0 0 0 0 0 0 0 0 0 0 0 0 0 0 0 0 0 0,6187911070687385453957425614216,6187911070687385453957425614216,1604983365938201991342606942378,1.0,3.8554362630856347,3.8554362630856347,411022,3398706
24,1,20,0.05,even_odd,10,0x19f398,0,0.0,0,0 0 0 0 0 0 0 0 0 0 0 0 0 0 0 0 0 0 0 0 0 0 0 0,6187911070687385453957425614216,6187911070687385453957425614216,1604983365938201991342606942378,1.0,3.8554362630856347,3.8554362630856347,391165,3481675
24,1,20,0.05,forward,10,0x19f398,0,0.25,6,1 1 1 1 1 1 0 0 0 0 0 0 0 0 0 0 0 0 0 0 0 0 0 0,4722353185524583635914877442428,4722353185524583635914877442428,1604983365938201991342606942378,1.0,2.9423066218285108,2.9423066218285108,386835,3351557
24,1,20,0.05,even_odd,10,0x19f398,0,0.25,6,1 0 1 0 1 0 1 0 1 0 1 0 0 0 0 0 0 0 0 0 0 0 0 0,4722353185524583635914877442428,3745314595416049090553178661236,1604983365938201991342606942378,1.2608695652173914,2.9423066218285108,2.3335535276570947,394797,3432191
24,1,20,0.05,forward,10,0x19f398,0,0.5,12,1 1 1 1 1 1 1 1 1 1 1 1 0 0 0 0 0 0 0 0 0 0 0 0,3256795300361781817872329270640,3256795300361781817872329270640,1604983365938201991342606942378,1.0,2.029176980571387,2.029176980571387,387736,3373664
24,1,20,0.05,even_odd,10,0x19f398,0,0.5,12,1 0 1 0 1 0 1 0 1 0 1 0 1 0 1 0 1 0 1 0 1 0 1 0,3256795300361781817872329270640,1058458472617579090808507012958,328732456260723214832140850160,3.076923076923077,9.907130367981562,3.2198173695940078,406144,3500054
24,1,20,0.05,forward,10,0x19f398,0,0.75,18,1 1 1 1 1 1 1 1 1 1 1 1 1 1 1 1 1 1 0 0 0 0 0 0,1791237415198979999829781098852,1791237415198979999829781098852,831421188273767036356357495458,1.0,2.15442839376998,2.15442839376998,396404,3415858
24,1,20,0.05,even_odd,10,0x19f398,0,0.75,18,1 1 1 1 1 1 1 1 1 1 1 1 1 0 1 0 1 0 1 0 1 0 1 0,1791237415198979999829781098852,814198825090445454468082317660,328732456260723214832140850160,2.2,5.4489217023898595,2.4767825919953905,405940,3438056
24,1,20,0.05,forward,10,0x19f398,0,1.0,24,1 1 1 1 1 1 1 1 1 1 1 1 1 1 1 1 1 1 1 1 1 1 1 1,325679530036178181787232927064,325679530036178181787232927064,139431103652316260507101544004,1.0,2.3357738804699473,2.3357738804699473,401046,3477727
24,1,20,0.05,even_odd,10,0x19f398,0,1.0,24,1 1 1 1 1 1 1 1 1 1 1 1 1 1 1 1 1 1 1 1 1 1 1 1,325679530036178181787232927064,325679530036178181787232927064,139431103652316260507101544004,1.0,2.3357738804699473,2.3357738804699473,429357,3510417
24,1,20,0.05,forward,10,0x19f398,1,0.0,0,1 1 1 1 1 1 1 1 1 1 1 1 1 1 1 1 1 1 1 1 1 1 1 1,325679530036178181787232927064,325679530036178181787232927064,139431103652316260507101544004,1.0,2.3357738804699473,2.3357738804699473,411004,3465533
24,1,20,0.05,even_odd,10,0x19f398,1,0.0,0,1 1 1 1 1 1 1 1 1 1 1 1 1 1 1 1 1 1 1 1 1 1 1 1,325679530036178181787232927064,325679530036178181787232927064,139431103652316260507101544004,1.0,2.3357738804699473,2.3357738804699473,369513,3430939
24,1,20,0.05,forward,10,0x19f398,1,0.25,6,2 2 2 2 2 2 1 1 1 1 1 1 1 1 1 1 1 1 1 1 1 1 1 1,248544904501293875574467233812,248544904501293875574467233812,139431103652316260507101544004,1.0,1.7825642772007493,1.7825642772007493,411054,3554957
24,1,20,0.05,even_odd,10,0x19f398,1,0.25,6,2 1 2 1 2 1 2 1 2 1 2 1 1 1 1 1 1 1 1 1 1 1 1 1,248544904501293875574467233812,197121820811371004765956771644,125817822697578811877229068004,1.2608695652173914,1.975434792721753,1.5667241459517351,405131,3352693
24,1,20,0.05,forward,10,0x19f398,1,0.5,12,2 2 2 2 2 2 2 2 2 2 2 2 1 1 1 1 1 1 1 1 1 1 1 1,171410278966409569361701540560,171410278966409569361701540560,125817822697578811877229068004,1.0,1.3623688225667263,1.3623688225667263,363274,3338047
24,1,20,0.05,even_odd,10,0x19f398,1,0.5,12,2 1 2 1 2 1 2 1 2 1 2 1 2 1 2 1 2 1 2 1 2 1 2 1,171410278966409569361701540560,55708340664083110042553000682,30157479146729307956450818182,3.076923076923077,5.683839757707323,1.84724792125488,383628,3393607
24,1,20,0.05,forward,10,0x19f398,1,0.75,18,2 2 2 2 2 2 2 2 2 2 2 2 2 2 2 2 2 2 1 1 1 1 1 1,94275653431525263148935847308,94275653431525263148935847308,56614780831626351194567483724,1.0,1.665212724427976,1.665212724427976,396791,3511314
24,1,20,0.05,even_odd,10,0x19f398,1,0.75,18,2 2 2 2 2 2 2 2 2 2 2 2 2 1 2 1 2 1 2 1 2 1 2 1,94275653431525263148935847308,42852569741602392340425385140,30157479146729307956450818182,2.2,3.126111866739028,1.4209599394268309,392889,3355818
24,1,20,0.05,forward,10,0x19f398,1,1.0,24,2 2 2 2 2 2 2 2 2 2 2 2 2 2 2 2 2 2 2 2 2 2 2 2,17141027896640956936170154056,17141027896640956936170154056,9552018352228589830773636294,1.0,1.7944927725815947,1.7944927725815947,365259,3320362
24,1,20,0.05,even_odd,10,0x19f398,1,1.0,24,2 2 2 2 2 2 2 2 2 2 2 2 2 2 2 2 2 2 2 2 2 2 2 2,17141027896640956936170154056,17141027896640956936170154056,9552018352228589830773636294,1.0,1.7944927725815947,1.7944927725815947,360119,3480823
24,1,20,0.05,forward,10,0x19f398,2,0.0,0,2 2 2 2 2 2 2 2 2 2 2 2 2 2 2 2 2 2 2 2 2 2 2 2,17141027896640956936170154056,17141027896640956936170154056,9552018352228589830773636294,1.0,1.7944927725815947,1.7944927725815947,386376,3595786
24,1,20,0.05,even_odd,10,0x19f398,2,0.0,0,2 2 2 2 2 2 2 2 2 2 2 2 2 2 2 2 2 2 2 2 2 2 2 2,17141027896640956936170154056,17141027896640956936170154056,9552018352228589830773636294,1.0,1.7944927725815947,1.7944927725815947,415790,3539838
24,1,20,0.05,forward,10,0x19f398,2,0.25,6,3 3 3 3 3 3 2 2 2 2 2 2 2 2 2 2 2 2 2 2 2 2 2 2,13081310763225993451287749148,13081310763225993451287749148,9514532506121341783821813534,1.0,1.3748768796375337,1.3748768796375337,388184,3523767
24,1,20,0.05,even_odd,10,0x19f398,2,0.25,6,3 2 3 2 3 2 3 2 3 2 3 2 2 2 2 2 2 2 2 2 2 2 2 2,13081310763225993451287749148,10374832674282684461366145876,7298610190529448925229299134,1.2608695652173914,1.792301605612542,1.4214805837616713,389932,3497609
24,1,20,0.05,forward,10,0x19f398,2,0.5,12,3 3 3 3 3 3 3 3 3 3 3 3 2 2 2 2 2 2 2 2 2 2 2 2,9021593629811029966405344240,9021593629811029966405344240,7298610190529448925229299134,1.0,1.236070072836236,1.236070072836236,372561,3330175
24,1,20,0.05,even_odd,10,0x19f398,2,0.5,12,3 2 3 2 3 2 3 2 3 2 3 2 3 2 3 2 3 2 3 2 3 2 3 2,9021593629811029966405344240,2932017929688584739081736878,1739474788660896213817038600,3.076923076923077,5.186389413988658,1.6855765595463137,361072,3451816
24,1,20,0.05,forward,10,0x19f398,2,0.75,18,3 3 3 3 3 3 3 3 3 3 3 3 3 3 3 3 3 3 2 2 2 2 2 2,4961876496396066481522939332,4961876496396066481522939332,3656344829163529941931321014,1.0,1.3570592294302848,1.3570592294302848,368277,3457180
24,1,20,0.05,even_odd,10,0x19f398,2,0.75,18,3 3 3 3 3 3 3 3 3 3 3 3 3 2 3 2 3 2 3 2 3 2 3 2,4961876496396066481522939332,2255398407452757491601336060,1739474788660896213817038600,2.2,2.8525141776937617,1.2965973534971644,366273,3496927
24,1,20,0.05,forward,10,0x19f398,2,1.0,24,3 3 3 3 3 3 3 3 3 3 3 3 3 3 3 3 3 3 3 3 3 3 3 3,902159362981102996640534424,902159362981102996640534424,617266932566017839806681448,1.0,1.4615384615384615,1.4615384615384615,361934,3316470
24,1,20,0.05,even_odd,10,0x19f398,2,1.0,24,3 3 3 3 3 3 3 3 3 3 3 3 3 3 3 3 3 3 3 3 3 3 3 3,902159362981102996640534424,902159362981102996640534424,617266932566017839806681448,1.0,1.4615384615384615,1.4615384615384615,337374,3273449
24,1,20,0.05,forward,10,0x19f398,3,0.0,0,3 3 3 3 3 3 3 3 3 3 3 3 3 3 3 3 3 3 3 3 3 3 3 3,902159362981102996640534424,902159362981102996640534424,617266932566017839806681448,1.0,1.4615384615384615,1.4615384615384615,337864,3385442
24,1,20,0.05,even_odd,10,0x19f398,3,0.0,0,3 3 3 3 3 3 3 3 3 3 3 3 3 3 3 3 3 3 3 3 3 3 3 3,902159362981102996640534424,902159362981102996640534424,617266932566017839806681448,1.0,1.4615384615384615,1.4615384615384615,370629,3416460
24,1,20,0.05,forward,10,0x19f398,3,0.25,6,4 4 4 4 4 4 3 3 3 3 3 3 3 3 3 3 3 3 3 3 3 3 3 3,688490040169789129015144692,688490040169789129015144692,536376422545114159542221808,1.0,1.28359489946052,1.28359489946052,351909,3233222
24,1,20,0.05,even_odd,10,0x19f398,3,0.25,6,4 3 4 3 4 3 4 3 4 3 4 3 3 3 3 3 3 3 3 3 3 3 3 3,688490040169789129015144692,546043824962246550598218204,419748932250804009089984208,1.2608695652173914,1.6402425051516503,1.3008819868444124,334032,3180575
24,1,20,0.05,forward,10,0x19f398,3,0.5,12,4 4 4 4 4 4 4 4 4 4 4 4 3 3 3 3 3 3 3 3 3 3 3 3,474820717358475261389754960,474820717358475261389754960,419748932250804009089984208,1.0,1.1312017276907933,1.1312017276907933,332868,3381564
24,1,20,0.05,even_odd,10,0x19f398,3,0.5,12,4 3 4 3 4 3 4 3 4 3 4 3 4 3 4 3 4 3 4 3 4 3 4 3,474820717358475261389754960,154316733141504459951670362,127162858468248603226181022,3.076923076923077,3.733957564952298,1.213536208609497,352014,3397169
24,1,20,0.05,forward,10,0x19f398,3,0.75,18,4 4 4 4 4 4 4 4 4 4 4 4 4 4 4 4 4 4 3 3 3 3 3 3,261151394547161393764365228,261151394547161393764365228,228050755336808273126932728,1.0,1.1451459310514749,1.1451459310514749,365445,3423899
24,1,20,0.05,even_odd,10,0x19f398,3,0.75,18,4 4 4 4 4 4 4 4 4 4 4 4 4 3 4 3 4 3 4 3 4 3 4 3,261151394547161393764365228,118705179339618815347438740,97682992235983449404512098,2.2,2.673458179047889,1.2152082632035859,350066,3314249
24,1,20,0.05,forward,10,0x19f398,3,1.0,24,4 4 4 4 4 4 4 4 4 4 4 4 4 4 4 4 4 4 4 4 4 4 4 4,47482071735847526138975496,47482071735847526138975496,34362025598310709705837530,1.0,1.3818181818181818,1.3818181818181818,355757,3398455
24,1,20,0.05,even_odd,10,0x19f398,3,1.0,24,4 4 4 4 4 4 4 4 4 4 4 4 4 4 4 4 4 4 4 4 4 4 4 4,47482071735847526138975496,47482071735847526138975496,34362025598310709705837530,1.0,1.3818181818181818,1.3818181818181818,347935,3335568
24,1,20,0.05,forward,11,0x3b58f6,0,0.0,0,0 0 0 0 0 0 0 0 0 0 0 0 0 0 0 0 0 0 0 0 0 0 0 0,6187911070687385453957425614216,6187911070687385453957425614216,1346362173171487059748881036414,1.0,4.596022670565052,4.596022670565052,422601,3361811
24,1,20,0.05,even_odd,11,0x3b58f6,0,0.0,0,0 0 0 0 0 0 0 0 0 0 0 0 0 0 0 0 0 0 0 0 0 0 0 0,6187911070687385453957425614216,6187911070687385453957425614216,1346362173171487059748881036414,1.0,4.596022670565052,4.596022670565052,409487,3394597
24,1,20,0.05,forward,11,0x3b58f6,0,0.25,6,1 1 1 1 1 1 0 0 0 0 0 0 0 0 0 0 0 0 0 0 0 0 0 0,4722353185524583635914877442428,4722353185524583635914877442428,1114283754656938980692841881364,1.0,4.238016722211374,4.238016722211374,408959,3525410
24,1,20,0.05,even_odd,11,0x3b58f6,0,0.25,6,1 0 1 0 1 0 1 0 1 0 1 0 0 0 0 0 0 0 0 0 0 0 0 0,4722353185524583635914877442428,3745314595416049090553178661236,1059926576017137131762472070734,1.2608695652173914,4.455358788407464,3.5335604183921263,414462,3350361
24,1,20,0.05,forward,11,0x3b58f6,0,0.5,12,1 1 1 1 1 1 1 1 1 1 1 1 0 0 0 0 0 0 0 0 0 0 0 0,3256795300361781817872329270640,3256795300361781817872329270640,1059926576017137131762472070734,1.0,3.0726612333844576,3.0726612333844576,383076,3282725
24,1,20,0.05,even_odd,11,0x3b58f6,0,0.5,12,1 0 1 0 1 0 1 0 1 0 1 0 1 0 1 0 1 0 1 0 1 0 1 0,3256795300361781817872329270640,1302718120144712727148931708256,315120814536159271064050013004,2.5,10.335068805770916,4.134027522308366,404705,3377269
24,1,20,0.05,forward,11,0x3b58f6,0,0.75,18,1 1 1 1 1 1 1 1 1 1 1 1 1 1 1 1 1 1 0 0 0 0 0 0,1791237415198979999829781098852,1791237415198979999829781098852,1059926576017137131762472070734,1.0,1.6899636783614518,1.6899636783614518,374808,3419774
24,1,20,0.05,even_odd,11,0x3b58f6,0,0.75,18,1 1 1 1 1 1 1 1 1 1 1 1 1 0 1 0 1 0 1 0 1 0 1 0,1791237415198979999829781098852,814198825090445454468082317660,300045256791193485380554804284,2.2,5.969890790326781,2.7135867228758097,402626,3288694
24,1,20,0.05,forward,11,0x3b58f6,0,1.0,24,1 1 1 1 1 1 1 1 1 1 1 1 1 1 1 1 1 1 1 1 1 1 1 1,325679530036178181787232927064,325679530036178181787232927064,111533622703442999926887869088,1.0,2.9200121195931046,2.9200121195931046,372708,3274252
24,1,20,0.05,even_odd,11,0x3b58f6,0,1.0,24,1 1 1 1 1 1 1 1 1 1 1 1 1 1 1 1 1 1 1 1 1 1 1 1,325679530036178181787232927064,325679530036178181787232927064,111533622703442999926887869088,1.0,2.9200121195931046,2.9200121195931046,364717,3254007
24,1,20,0.05,forward,11,0x3b58f6,1,0.0,0,1 1 1 1 1 1 1 1 1 1 1 1 1 1 1 1 1 1 1 1 1 1 1 1,325679530036178181787232927064,325679530036178181787232927064,111533622703442999926887869088,1.0,2.9200121195931046,2.9200121195931046,383269,3307780
24,1,20,0.05,even_odd,11,0x3b58f6,1,0.0,0,1 1 1 1 1 1 1 1 1 1 1 1 1 1 1 1 1 1 1 1 1 1 1 1,325679530036178181787232927064,325679530036178181787232927064,111533622703442999926887869088,1.0,2.9200121195931046,2.9200121195931046,396580,3368515
24,1,20,0.05,forward,11,0x3b58f6,1,0.25,6,2 2 2 2 2 2 1 1 1 1 1 1 1 1 1 1 1 1 1 1 1 1 1 1,248544904501293875574467233812,248544904501293875574467233812,96458076178166605870016713968,1.0,2.576714302721624,2.576714302721624,370356,3284092
24,1,20,0.05,even_odd,11,0x3b58f6,1,0.25,6,2 1 2 1 2 1 2 1 2 1 2 1 1 1 1 1 1 1 1 1 1 1 1 1,248544904501293875574467233812,197121820811371004765956771644,96458076178166605870016713968,1.2608695652173914,2.576714302721624,2.0436009987102537,395195,3432150
24,1,20,0.05,forward,11,0x3b58f6,1,0.5,12,2 2 2 2 2 2 2 2 2 2 2 2 1 1 1 1 1 1 1 1 1 1 1 1,171410278966409569361701540560,171410278966409569361701540560,96458076178166605870016713968,1.0,1.7770443467045685,1.7770443467045685,401935,3298730
24,1,20,0.05,even_odd,11,0x3b58f6,1,0.5,12,2 1 2 1 2 1 2 1 2 1 2 1 2 1 2 1 2 1 2 1 2 1 2 1,171410278966409569361701540560,68564111586563827744680616224,29441076950699626705498668858,2.5,5.822147038080285,2.3288588152321137,367284,3378685
24,1,20,0.05,forward,11,0x3b58f6,1,0.75,18,2 2 2 2 2 2 2 2 2 2 2 2 2 2 2 2 2 2 1 1 1 1 1 1,94275653431525263148935847308,94275653431525263148935847308,68641380186540566742257724528,1.0,1.3734521825656874,1.3734521825656874,400645,3182216
24,1,20,0.05,even_odd,11,0x3b58f6,1,0.75,18,2 2 2 2 2 2 2 2 2 2 2 2 2 1 2 1 2 1 2 1 2 1 2 1,94275653431525263148935847308,42852569741602392340425385140,17932511773963170642654811014,2.2,5.257247541217696,2.389657973280771,373693,3212604
24,1,20,0.05,forward,11,0x3b58f6,1,1.0,24,2 2 2 2 2 2 2 2 2 2 2 2 2 2 2 2 2 2 2 2 2 2 2 2,17141027896640956936170154056,17141027896640956936170154056,8008758189020764232648218410,1.0,2.140285359113433,2.140285359113433,355734,3292134
24,1,20,0.05,even_odd,11,0x3b58f6,1,1.0,24,2 2 2 2 2 2 2 2 2 2 2 2 2 2 2 2 2 2 2 2 2 2 2 2,17141027896640956936170154056,17141027896640956936170154056,8008758189020764232648218410,1.0,2.140285359113433,2.140285359113433,363927,3314666
24,1,20,0.05,forward,11,0x3b58f6,2,0.0,0,2 2 2 2 2 2 2 2 2 2 2 2 2 2 2 2 2 2 2 2 2 2 2 2,17141027896640956936170154056,17141027896640956936170154056,8008758189020764232648218410,1.0,2.140285359113433,2.140285359113433,385323,3266926
24,1,20,0.05,even_odd,11,0x3b58f6,2,0.0,0,2 2 2 2 2 2 2 2 2 2 2 2 2 2 2 2 2 2 2 2 2 2 2 2,17141027896640956936170154056,17141027896640956936170154056,8008758189020764232648218410,1.0,2.140285359113433,2.140285359113433,359307,3201453
24,1,20,0.05,forward,11,0x3b58f6,2,0.25,6,3 3 3 3 3 3 2 2 2 2 2 2 2 2 2 2 2 2 2 2 2 2 2 2,13081310763225993451287749148,13081310763225993451287749148,6507356870667770580715757610,1.0,2.0102341124382836,2.0102341124382836,347836,3209634
24,1,20,0.05,even_odd,11,0x3b58f6,2,0.25,6,3 2 3 2 3 2 3 2 3 2 3 2 2 2 2 2 2 2 2 2 2 2 2 2,13081310763225993451287749148,10374832674282684461366145876,6507356870667770580715757610,1.2608695652173914,2.0102341124382836,1.5943236064165698,364284,3269431
24,1,20,0.05,forward,11,0x3b58f6,2,0.5,12,3 3 3 3 3 3 3 3 3 3 3 3 2 2 2 2 2 2 2 2 2 2 2 2,9021593629811029966405344240,9021593629811029966405344240,6507356870667770580715757610,1.0,1.386368353405713,1.386368353405713,355085,3235717
24,1,20,0.05,even_odd,11,0x3b58f6,2,0.5,12,3 2 3 2 3 2 3 2 3 2 3 2 3 2 3 2 3 2 3 2 3 2 3 2,9021593629811029966405344240,3608637451924411986562137696,1662196448082299924121155844,2.5,5.427513480864054,2.1710053923456214,351301,3165600
24,1,20,0.05,forward,11,0x3b58f6,2,0.75,18,3 3 3 3 3 3 3 3 3 3 3 3 3 3 3 3 3 3 2 2 2 2 2 2,4961876496396066481522939332,4961876496396066481522939332,3687890253208912800962162214,1.0,1.345451235182129,1.345451235182129,350648,3220065
24,1,20,0.05,even_odd,11,0x3b58f6,2,0.75,18,3 3 3 3 3 3 3 3 3 3 3 3 3 2 3 2 3 2 3 2 3 2 3 2,4961876496396066481522939332,2255398407452757491601336060,1620435931391783597093811924,2.2,3.0620627451369447,1.3918467023349748,346833,3206197
24,1,20,0.05,forward,11,0x3b58f6,2,1.0,24,3 3 3 3 3 3 3 3 3 3 3 3 3 3 3 3 3 3 3 3 3 3 3 3,902159362981102996640534424,902159362981102996640534424,497114931095943836682154812,1.0,1.8147903161793888,1.8147903161793888,338128,3165957
24,1,20,0.05,even_odd,11,0x3b58f6,2,1.0,24,3 3 3 3 3 3 3 3 3 3 3 3 3 3 3 3 3 3 3 3 3 3 3 3,902159362981102996640534424,902159362981102996640534424,497114931095943836682154812,1.0,1.8147903161793888,1.8147903161793888,352841,3168495
24,1,20,0.05,forward,11,0x3b58f6,3,0.0,0,3 3 3 3 3 3 3 3 3 3 3 3 3 3 3 3 3 3 3 3 3 3 3 3,902159362981102996640534424,902159362981102996640534424,497114931095943836682154812,1.0,1.8147903161793888,1.8147903161793888,346210,3194040
24,1,20,0.05,even_odd,11,0x3b58f6,3,0.0,0,3 3 3 3 3 3 3 3 3 3 3 3 3 3 3 3 3 3 3 3 3 3 3 3,902159362981102996640534424,902159362981102996640534424,497114931095943836682154812,1.0,1.8147903161793888,1.8147903161793888,339418,3242839
24,1,20,0.05,forward,11,0x3b58f6,3,0.25,6,4 4 4 4 4 4 3 3 3 3 3 3 3 3 3 3 3 3 3 3 3 3 3 3,688490040169789129015144692,688490040169789129015144692,459415941965196347562214092,1.0,1.4986202638609059,1.4986202638609059,366792,3153848
24,1,20,0.05,even_odd,11,0x3b58f6,3,0.25,6,4 3 4 3 4 3 4 3 4 3 4 3 3 3 3 3 3 3 3 3 3 3 3 3,688490040169789129015144692,546043824962246550598218204,459415941965196347562214092,1.2608695652173914,1.4986202638609059,1.1885608989241667,357792,3140978
24,1,20,0.05,forward,11,0x3b58f6,3,0.5,12,4 4 4 4 4 4 4 4 4 4 4 4 3 3 3 3 3 3 3 3 3 3 3 3,474820717358475261389754960,474820717358475261389754960,378104020679136727799797812,1.0,1.2557938857820647,1.2557938857820647,331697,3147038
24,1,20,0.05,even_odd,11,0x3b58f6,3,0.5,12,4 3 4 3 4 3 4 3 4 3 4 3 4 3 4 3 4 3 4 3 4 3 4 3,474820717358475261389754960,189928286943390104555901984,93408033335130746916630054,2.5,5.083296376178978,2.033318550471591,328688,3150240
24,1,20,0.05,forward,11,0x3b58f6,3,0.75,18,4 4 4 4 4 4 4 4 4 4 4 4 4 4 4 4 4 4 3 3 3 3 3 3,261151394547161393764365228,261151394547161393764365228,229606609165104117453665622,1.0,1.137386225495688,1.137386225495688,335201,3117806
24,1,20,0.05,even_odd,11,0x3b58f6,3,0.75,18,4 4 4 4 4 4 4 4 4 4 4 4 4 3 4 3 4 3 4 3 4 3 4 3,261151394547161393764365228,118705179339618815347438740,89249026913100293587177254,2.2,2.926097948400473,1.330044522000215,323982,3141282
24,1,20,0.05,forward,11,0x3b58f6,3,1.0,24,4 4 4 4 4 4 4 4 4 4 4 4 4 4 4 4 4 4 4 4 4 4 4 4,47482071735847526138975496,47482071735847526138975496,34060892762546113206778566,1.0,1.3940348559524414,1.3940348559524414,359610,3262317
24,1,20,0.05,even_odd,11,0x3b58f6,3,1.0,24,4 4 4 4 4 4 4 4 4 4 4 4 4 4 4 4 4 4 4 4 4 4 4 4,47482071735847526138975496,47482071735847526138975496,34060892762546113206778566,1.0,1.3940348559524414,1.3940348559524414,318339,3104764
24,1,20,0.05,forward,12,0x1bf4c0,0,0.0,0,0 0 0 0 0 0 0 0 0 0 0 0 0 0 0 0 0 0 0 0 0 0 0 0,6187911070687385453957425614216,6187911070687385453957425614216,1834244926437825684097607351400,1.0,3.3735467829285737,3.3735467829285737,405017,3471947
24,1,20,0.05,even_odd,12,0x1bf4c0,0,0.0,0,0 0 0 0 0 0 0 0 0 0 0 0 0 0 0 0 0 0 0 0 0 0 0 0,6187911070687385453957425614216,6187911070687385453957425614216,1834244926437825684097607351400,1.0,3.3735467829285737,3.3735467829285737,434773,3390603
24,1,20,0.05,forward,12,0x1bf4c0,0,0.25,6,1 1 1 1 1 1 0 0 0 0 0 0 0 0 0 0 0 0 0 0 0 0 0 0,4722353185524583635914877442428,4722353185524583635914877442428,1834244926437825684097607351400,1.0,2.5745488606560167,2.5745488606560167,411623,3350285
24,1,20,0.05,even_odd,12,0x1bf4c0,0,0.25,6,1 0 1 0 1 0 1 0 1 0 1 0 0 0 0 0 0 0 0 0 0 0 0 0,4722353185524583635914877442428,4233833890470316363234028051832,1834244926437825684097607351400,1.1153846153846154,2.5745488606560167,2.308216219898498,409989,3381521
24,1,20,0.05,forward,12,0x1bf4c0,0,0.5,12,1 1 1 1 1 1 1 1 1 1 1 1 0 0 0 0 0 0 0 0 0 0 0 0,3256795300361781817872329270640,3256795300361781817872329270640,1834244926437825684097607351400,1.0,1.77555093838346,1.77555093838346,380407,3471030
24,1,20,0.05,even_odd,12,0x1bf4c0,0,0.5,12,1 0 1 0 1 0 1 0 1 0 1 0 1 0 1 0 1 0 1 0 1 0 1 0,3256795300361781817872329270640,1546977767671846363489356403554,340798854181756040766614555898,2.1052631578947367,9.5563563679849,4.539269274792828,410924,3332798
24,1,20,0.05,forward,12,0x1bf4c0,0,0.75,18,1 1 1 1 1 1 1 1 1 1 1 1 1 1 1 1 1 1 0 0 0 0 0 0,1791237415198979999829781098852,1791237415198979999829781098852,818523871403841692771721779400,1.0,2.1883752909085565,2.1883752909085565,379782,3504539
24,1,20,0.05,even_odd,12,0x1bf4c0,0,0.75,18,1 1 1 1 1 1 1 1 1 1 1 1 1 0 1 0 1 0 1 0 1 0 1 0,1791237415198979999829781098852,1058458472617579090808507012958,340798854181756040766614555898,1.6923076923076923,5.255996002391695,3.1058158195950925,393916,3536843
24,1,20,0.05,forward,12,0x1bf4c0,0,1.0,24,1 1 1 1 1 1 1 1 1 1 1 1 1 1 1 1 1 1 1 1 1 1 1 1,325679530036178181787232927064,325679530036178181787232927064,137884220618611637811702773742,1.0,2.361978249396711,2.361978249396711,383634,3388427
24,1,20,0.05,even_odd,12,0x1bf4c0,0,1.0,24,1 1 1 1 1 1 1 1 1 1 1 1 1 1 1 1 1 1 1 1 1 1 1 1,325679530036178181787232927064,325679530036178181787232927064,137884220618611637811702773742,1.0,2.361978249396711,2.361978249396711,378484,3433055
24,1,20,0.05,forward,12,0x1bf4c0,1,0.0,0,1 1 1 1 1 1 1 1 1 1 1 1 1 1 1 1 1 1 1 1 1 1 1 1,325679530036178181787232927064,325679530036178181787232927064,137884220618611637811702773742,1.0,2.361978249396711,2.361978249396711,371638,3394573
24,1,20,0.05,even_odd,12,0x1bf4c0,1,0.0,0,1 1 1 1 1 1 1 1 1 1 1 1 1 1 1 1 1 1 1 1 1 1 1 1,325679530036178181787232927064,325679530036178181787232927064,137884220618611637811702773742,1.0,2.361978249396711,2.361978249396711,383825,3339346
24,1,20,0.05,forward,12,0x1bf4c0,1,0.25,6,2 2 2 2 2 2 1 1 1 1 1 1 1 1 1 1 1 1 1 1 1 1 1 1,248544904501293875574467233812,248544904501293875574467233812,137884220618611637811702773742,1.0,1.8025623482238056,1.8025623482238056,378574,3396943
24,1,20,0.05,even_odd,12,0x1bf4c0,1,0.25,6,2 1 2 1 2 1 2 1 2 1 2 1 1 1 1 1 1 1 1 1 1 1 1 1,248544904501293875574467233812,222833362656332440170212002728,137884220618611637811702773742,1.1153846153846154,1.8025623482238056,1.6160903811661707,381361,3462137
24,1,20,0.05,forward,12,0x1bf4c0,1,0.5,12,2 2 2 2 2 2 2 2 2 2 2 2 1 1 1 1 1 1 1 1 1 1 1 1,171410278966409569361701540560,171410278966409569361701540560,137884220618611637811702773742,1.0,1.2431464470509004,1.2431464470509004,384590,3317463
24,1,20,0.05,even_odd,12,0x1bf4c0,1,0.5,12,2 1 2 1 2 1 2 1 2 1 2 1 2 1 2 1 2 1 2 1 2 1 2 1,171410278966409569361701540560,81419882509044545446808231766,30792552721520509321423118484,2.1052631578947367,5.566614775871218,2.6441420185388287,375017,3312916
24,1,20,0.05,forward,12,0x1bf4c0,1,0.75,18,2 2 2 2 2 2 2 2 2 2 2 2 2 2 2 2 2 2 1 1 1 1 1 1,94275653431525263148935847308,94275653431525263148935847308,72889157899960066048320077964,1.0,1.2934112033633045,1.2934112033633045,380861,3694882
24,1,20,0.05,even_odd,12,0x1bf4c0,1,0.75,18,2 2 2 2 2 2 2 2 2 2 2 2 2 1 2 1 2 1 2 1 2 1 2 1,94275653431525263148935847308,55708340664083110042553000682,30792552721520509321423118484,1.6923076923076923,3.06163812672917,1.809149802158146,410140,3583120
24,1,20,0.05,forward,12,0x1bf4c0,1,1.0,24,2 2 2 2 2 2 2 2 2 2 2 2 2 2 2 2 2 2 2 2 2 2 2 2,17141027896640956936170154056,17141027896640956936170154056,8875398829992762583293235476,1.0,1.931296635224553,1.931296635224553,393213,3367381
24,1,20,0.05,even_odd,12,0x1bf4c0,1,1.0,24,2 2 2 2 2 2 2 2 2 2 2 2 2 2 2 2 2 2 2 2 2 2 2 2,17141027896640956936170154056,17141027896640956936170154056,8875398829992762583293235476,1.0,1.931296635224553,1.931296635224553,360664,3301895
24,1,20,0.05,forward,12,0x1bf4c0,2,0.0,0,2 2 2 2 2 2 2 2 2 2 2 2 2 2 2 2 2 2 2 2 2 2 2 2,17141027896640956936170154056,17141027896640956936170154056,8875398829992762583293235476,1.0,1.931296635224553,1.931296635224553,373667,3318631
24,1,20,0.05,even_odd,12,0x1bf4c0,2,0.0,0,2 2 2 2 2 2 2 2 2 2 2 2 2 2 2 2 2 2 2 2 2 2 2 2,17141027896640956936170154056,17141027896640956936170154056,8875398829992762583293235476,1.0,1.931296635224553,1.931296635224553,373248,3371536
24,1,20,0.05,forward,12,0x1bf4c0,2,0.25,6,3 3 3 3 3 3 2 2 2 2 2 2 2 2 2 2 2 2 2 2 2 2 2 2,13081310763225993451287749148,13081310763225993451287749148,8875398829992762583293235476,1.0,1.4738842742503169,1.4738842742503169,384347,3450112
24,1,20,0.05,even_odd,12,0x1bf4c0,2,0.25,6,3 2 3 2 3 2 3 2 3 2 3 2 2 2 2 2 2 2 2 2 2 2 2 2,13081310763225993451287749148,11728071718754338956326947512,7933683765320650290201599436,1.1153846153846154,1.6488318856880093,1.4782630699271808,372147,3307256
24,1,20,0.05,forward,12,0x1bf4c0,2,0.5,12,3 3 3 3 3 3 3 3 3 3 3 3 2 2 2 2 2 2 2 2 2 2 2 2,9021593629811029966405344240,9021593629811029966405344240,7933683765320650290201599436,1.0,1.1371254384055236,1.1371254384055236,364675,3304551
24,1,20,0.05,even_odd,12,0x1bf4c0,2,0.5,12,3 2 3 2 3 2 3 2 3 2 3 2 3 2 3 2 3 2 3 2 3 2 3 2,9021593629811029966405344240,4285256974160239234042538514,2297280191789538264397407054,2.1052631578947367,3.927075879578876,1.865361042799966,353750,3279911
24,1,20,0.05,forward,12,0x1bf4c0,2,0.75,18,3 3 3 3 3 3 3 3 3 3 3 3 3 3 3 3 3 3 2 2 2 2 2 2,4961876496396066481522939332,4961876496396066481522939332,4512890990654778092128825974,1.0,1.0994895526328998,1.0994895526328998,341689,3313957
24,1,20,0.05,even_odd,12,0x1bf4c0,2,0.75,18,3 3 3 3 3 3 3 3 3 3 3 3 3 2 3 2 3 2 3 2 3 2 3 2,4961876496396066481522939332,2932017929688584739081736878,2297280191789538264397407054,1.6923076923076923,2.1598917337683816,1.2762996608631347,349575,3325030
24,1,20,0.05,forward,12,0x1bf4c0,2,1.0,24,3 3 3 3 3 3 3 3 3 3 3 3 3 3 3 3 3 3 3 3 3 3 3 3,902159362981102996640534424,902159362981102996640534424,581655378764132195202449826,1.0,1.5510204081632653,1.5510204081632653,338346,3290126
24,1,20,0.05,even_odd,12,0x1bf4c0,2,1.0,24,3 3 3 3 3 3 3 3 3 3 3 3 3 3 3 3 3 3 3 3 3 3 3 3,902159362981102996640534424,902159362981102996640534424,581655378764132195202449826,1.0,1.5510204081632653,1.5510204081632653,343637,3438707
24,1,20,0.05,forward,12,0x1bf4c0,3,0.0,0,3 3 3 3 3 3 3 3 3 3 3 3 3 3 3 3 3 3 3 3 3 3 3 3,902159362981102996640534424,902159362981102996640534424,581655378764132195202449826,1.0,1.5510204081632653,1.5510204081632653,337693,3322849
24,1,20,0.05,even_odd,12,0x1bf4c0,3,0.0,0,3 3 3 3 3 3 3 3 3 3 3 3 3 3 3 3 3 3 3 3 3 3 3 3,902159362981102996640534424,902159362981102996640534424,581655378764132195202449826,1.0,1.5510204081632653,1.5510204081632653,352429,3311142
24,1,20,0.05,forward,12,0x1bf4c0,3,0.25,6,4 4 4 4 4 4 3 3 3 3 3 3 3 3 3 3 3 3 3 3 3 3 3 3,688490040169789129015144692,688490040169789129015144692,581655378764132195202449826,1.0,1.183673469387755,1.183673469387755,343392,3269309
24,1,20,0.05,even_odd,12,0x1bf4c0,3,0.25,6,4 3 4 3 4 3 4 3 4 3 4 3 3 3 3 3 3 3 3 3 3 3 3 3,688490040169789129015144692,617266932566017839806681448,453173857239814607246421066,1.1153846153846154,1.5192624842995914,1.362097399716875,352818,3342279
24,1,20,0.05,forward,12,0x1bf4c0,3,0.5,12,4 4 4 4 4 4 4 4 4 4 4 4 3 3 3 3 3 3 3 3 3 3 3 3,474820717358475261389754960,474820717358475261389754960,453173857239814607246421066,1.0,1.0477672305514423,1.0477672305514423,351656,3425377
24,1,20,0.05,even_odd,12,0x1bf4c0,3,0.5,12,4 3 4 3 4 3 4 3 4 3 4 3 4 3 4 3 4 3 4 3 4 3 4 3,474820717358475261389754960,225539840745275749160133606,126937332439132897919955804,2.1052631578947367,3.7405915835371304,1.776781002180137,356570,3399829
24,1,20,0.05,forward,12,0x1bf4c0,3,0.75,18,4 4 4 4 4 4 4 4 4 4 4 4 4 4 4 4 4 4 3 3 3 3 3 3,261151394547161393764365228,261151394547161393764365228,241588144113351055687569084,1.0,1.0809776924509649,1.0809776924509649,362140,3228387
24,1,20,0.05,even_odd,12,0x1bf4c0,3,0.75,18,4 4 4 4 4 4 4 4 4 4 4 4 4 3 4 3 4 3 4 3 4 3 4 3,261151394547161393764365228,154316733141504459951670362,126937332439132897919955804,1.6923076923076923,2.0573253709454216,1.2156922646495674,339077,3338833
24,1,20,0.05,forward,12,0x1bf4c0,3,1.0,24,4 4 4 4 4 4 4 4 4 4 4 4 4 4 4 4 4 4 4 4 4 4 4 4,47482071735847526138975496,47482071735847526138975496,34362025598310709705837530,1.0,1.3818181818181818,1.3818181818181818,320760,3198361
24,1,20,0.05,even_odd,12,0x1bf4c0,3,1.0,24,4 4 4 4 4 4 4 4 4 4 4 4 4 4 4 4 4 4 4 4 4 4 4 4,47482071735847526138975496,47482071735847526138975496,34362025598310709705837530,1.0,1.3818181818181818,1.3818181818181818,332610,3359714
24,1,20,0.05,forward,13,0x4db444,0,0.0,0,0 0 0 0 0 0 0 0 0 0 0 0 0 0 0 0 0 0 0 0 0 0 0 0,6187911070687385453957425614216,6187911070687385453957425614216,1062069302817994903534470008436,1.0,5.826278053860481,5.826278053860481,401511,3284669
24,1,20,0.05,even_odd,13,0x4db444,0,0.0,0,0 0 0 0 0 0 0 0 0 0 0 0 0 0 0 0 0 0 0 0 0 0 0 0,6187911070687385453957425614216,6187911070687385453957425614216,1062069302817994903534470008436,1.0,5.826278053860481,5.826278053860481,403453,3397424
24,1,20,0.05,forward,13,0x4db444,0,0.25,6,1 1 1 1 1 1 0 0 0 0 0 0 0 0 0 0 0 0 0 0 0 0 0 0,4722353185524583635914877442428,4722353185524583635914877442428,1061434230122823743934609545076,1.0,4.449030426480722,4.449030426480722,430346,3334747
24,1,20,0.05,even_odd,13,0x4db444,0,0.25,6,1 0 1 0 1 0 1 0 1 0 1 0 0 0 0 0 0 0 0 0 0 0 0 0,4722353185524583635914877442428,3989574242943182726893603356534,816383110880980463769906252342,1.183673469387755,5.784481725042753,4.886889733225774,397166,3244744
24,1,20,0.05,forward,13,0x4db444,0,0.5,12,1 1 1 1 1 1 1 1 1 1 1 1 0 0 0 0 0 0 0 0 0 0 0 0,3256795300361781817872329270640,3256795300361781817872329270640,816383110880980463769906252342,1.0,3.989297741408796,3.989297741408796,402682,3312890
24,1,20,0.05,even_odd,13,0x4db444,0,0.5,12,1 0 1 0 1 0 1 0 1 0 1 0 1 0 1 0 1 0 1 0 1 0 1 0,3256795300361781817872329270640,1302718120144712727148931708256,300158031885975473368554695742,2.5,10.850268706449203,4.340107482579682,386886,3291020
24,1,20,0.05,forward,13,0x4db444,0,0.75,18,1 1 1 1 1 1 1 1 1 1 1 1 1 1 1 1 1 1 0 0 0 0 0 0,1791237415198979999829781098852,1791237415198979999829781098852,816383110880980463769906252342,1.0,2.1941137577748377,2.1941137577748377,403827,3318200
24,1,20,0.05,even_odd,13,0x4db444,0,0.75,18,1 1 1 1 1 1 1 1 1 1 1 1 1 0 1 0 1 0 1 0 1 0 1 0,1791237415198979999829781098852,1058458472617579090808507012958,287227179678764187065156603316,1.6923076923076923,6.2363088938947415,3.68509161911962,389889,3308620
24,1,20,0.05,forward,13,0x4db444,0,1.0,24,1 1 1 1 1 1 1 1 1 1 1 1 1 1 1 1 1 1 1 1 1 1 1 1,325679530036178181787232927064,325679530036178181787232927064,110105104505031179638761497586,1.0,2.957896743300366,2.957896743300366,386930,3273822
24,1,20,0.05,even_odd,13,0x4db444,0,1.0,24,1 1 1 1 1 1 1 1 1 1 1 1 1 1 1 1 1 1 1 1 1 1 1 1,325679530036178181787232927064,325679530036178181787232927064,110105104505031179638761497586,1.0,2.957896743300366,2.957896743300366,375903,3334602
24,1,20,0.05,forward,13,0x4db444,1,0.0,0,1 1 1 1 1 1 1 1 1 1 1 1 1 1 1 1 1 1 1 1 1 1 1 1,325679530036178181787232927064,325679530036178181787232927064,110105104505031179638761497586,1.0,2.957896743300366,2.957896743300366,464936,3470643
24,1,20,0.05,even_odd,13,0x4db444,1,0.0,0,1 1 1 1 1 1 1 1 1 1 1 1 1 1 1 1 1 1 1 1 1 1 1 1,325679530036178181787232927064,325679530036178181787232927064,110105104505031179638761497586,1.0,2.957896743300366,2.957896743300366,419819,3393296
24,1,20,0.05,forward,13,0x4db444,1,0.25,6,2 2 2 2 2 2 1 1 1 1 1 1 1 1 1 1 1 1 1 1 1 1 1 1,248544904501293875574467233812,248544904501293875574467233812,83719130083810393305816399426,1.0,2.968794638124859,2.968794638124859,374152,3318373
24,1,20,0.05,even_odd,13,0x4db444,1,0.25,6,2 1 2 1 2 1 2 1 2 1 2 1 1 1 1 1 1 1 1 1 1 1 1 1,248544904501293875574467233812,209977591733851722468084387186,83677380239531741827599743280,1.183673469387755,2.9702758832771594,2.5093710048376003,391509,3334736
24,1,20,0.05,forward,13,0x4db444,1,0.5,12,2 2 2 2 2 2 2 2 2 2 2 2 1 1 1 1 1 1 1 1 1 1 1 1,171410278966409569361701540560,171410278966409569361701540560,83677380239531741827599743280,1.0,2.048466126398041,2.048466126398041,400797,3253830
24,1,20,0.05,even_odd,13,0x4db444,1,0.5,12,2 1 2 1 2 1 2 1 2 1 2 1 2 1 2 1 2 1 2 1 2 1 2 1,171410278966409569361701540560,68564111586563827744680616224,18650776422745516630483483836,2.5,9.190517063802583,3.6762068255210334,383330,3195312
24,1,20,0.05,forward,13,0x4db444,1,0.75,18,2 2 2 2 2 2 2 2 2 2 2 2 2 2 2 2 2 2 1 1 1 1 1 1,94275653431525263148935847308,94275653431525263148935847308,69355693518827813376467539920,1.0,1.3593066213941396,1.3593066213941396,380332,3365817
24,1,20,0.05,even_odd,13,0x4db444,1,0.75,18,2 2 2 2 2 2 2 2 2 2 2 2 2 1 2 1 2 1 2 1 2 1 2 1,94275653431525263148935847308,55708340664083110042553000682,17259843566666598850948654662,1.6923076923076923,5.462138348321819,3.227627205826529,392409,3352394
24,1,20,0.05,forward,13,0x4db444,1,1.0,24,2 2 2 2 2 2 2 2 2 2 2 2 2 2 2 2 2 2 2 2 2 2 2 2,17141027896640956936170154056,17141027896640956936170154056,7896087174576051960005533992,1.0,2.170825564316452,2.170825564316452,385369,3335566
24,1,20,0.05,even_odd,13,0x4db444,1,1.0,24,2 2 2 2 2 2 2 2 2 2 2 2 2 2 2 2 2 2 2 2 2 2 2 2,17141027896640956936170154056,17141027896640956936170154056,7896087174576051960005533992,1.0,2.170825564316452,2.170825564316452,401446,3388587
24,1,20,0.05,forward,13,0x4db444,2,0.0,0,2 2 2 2 2 2 2 2 2 2 2 2 2 2 2 2 2 2 2 2 2 2 2 2,17141027896640956936170154056,17141027896640956936170154056,7896087174576051960005533992,1.0,2.170825564316452,2.170825564316452,400505,3376704
24,1,20,0.05,even_odd,13,0x4db444,2,0.0,0,2 2 2 2 2 2 2 2 2 2 2 2 2 2 2 2 2 2 2 2 2 2 2 2,17141027896640956936170154056,17141027896640956936170154056,7896087174576051960005533992,1.0,2.170825564316452,2.170825564316452,391429,3406019
24,1,20,0.05,forward,13,0x4db444,2,0.25,6,3 3 3 3 3 3 2 2 2 2 2 2 2 2 2 2 2 2 2 2 2 2 2 2,13081310763225993451287749148,13081310763225993451287749148,6544930965465449975652976578,1.0,1.9986934670892593,1.9986934670892593,372110,3334869
24,1,20,0.05,even_odd,13,0x4db444,2,0.25,6,3 2 3 2 3 2 3 2 3 2 3 2 2 2 2 2 2 2 2 2 2 2 2 2,13081310763225993451287749148,11051452196518511708846546694,6544930965465449975652976578,1.183673469387755,1.9986934670892593,1.6885513773685121,368958,3546029
24,1,20,0.05,forward,13,0x4db444,2,0.5,12,3 3 3 3 3 3 3 3 3 3 3 3 2 2 2 2 2 2 2 2 2 2 2 2,9021593629811029966405344240,9021593629811029966405344240,6544930965465449975652976578,1.0,1.378409287647765,1.378409287647765,388959,3444271
24,1,20,0.05,even_odd,13,0x4db444,2,0.5,12,3 2 3 2 3 2 3 2 3 2 3 2 3 2 3 2 3 2 3 2 3 2 3 2,9021593629811029966405344240,3608637451924411986562137696,1658239333959275491190057862,2.5,5.44046534481288,2.176186137925152,374008,3226055
24,1,20,0.05,forward,13,0x4db444,2,0.75,18,3 3 3 3 3 3 3 3 3 3 3 3 3 3 3 3 3 3 2 2 2 2 2 2,4961876496396066481522939332,4961876496396066481522939332,4326919181121501635715534498,1.0,1.1467458227657465,1.1467458227657465,369303,3310623
24,1,20,0.05,even_odd,13,0x4db444,2,0.75,18,3 3 3 3 3 3 3 3 3 3 3 3 3 2 3 2 3 2 3 2 3 2 3 2,4961876496396066481522939332,2932017929688584739081736878,1545360079149847883815282356,1.6923076923076923,3.2108222305870315,1.8973040453468824,379425,3330075
24,1,20,0.05,forward,13,0x4db444,2,1.0,24,3 3 3 3 3 3 3 3 3 3 3 3 3 3 3 3 3 3 3 3 3 3 3 3,902159362981102996640534424,902159362981102996640534424,492741902827165546936565070,1.0,1.8308963735474004,1.8308963735474004,371158,3310042
24,1,20,0.05,even_odd,13,0x4db444,2,1.0,24,3 3 3 3 3 3 3 3 3 3 3 3 3 3 3 3 3 3 3 3 3 3 3 3,902159362981102996640534424,902159362981102996640534424,492741902827165546936565070,1.0,1.8308963735474004,1.8308963735474004,366984,3292324
24,1,20,0.05,forward,13,0x4db444,3,0.0,0,3 3 3 3 3 3 3 3 3 3 3 3 3 3 3 3 3 3 3 3 3 3 3 3,902159362981102996640534424,902159362981102996640534424,492741902827165546936565070,1.0,1.8308963735474004,1.8308963735474004,362550,3391402
24,1,20,0.05,even_odd,13,0x4db444,3,0.0,0,3 3 3 3 3 3 3 3 3 3 3 3 3 3 3 3 3 3 3 3 3 3 3 3,902159362981102996640534424,902159362981102996640534424,492741902827165546936565070,1.0,1.8308963735474004,1.8308963735474004,372446,3309519
24,1,20,0.05,forward,13,0x4db444,3,0.25,6,4 4 4 4 4 4 3 3 3 3 3 3 3 3 3 3 3 3 3 3 3 3 3 3,688490040169789129015144692,688490040169789129015144692,423606820976143912332919284,1.0,1.6253044240016203,1.6253044240016203,359153,3252718
24,1,20,0.05,even_odd,13,0x4db444,3,0.25,6,4 3 4 3 4 3 4 3 4 3 4 3 3 3 3 3 3 3 3 3 3 3 3 3,688490040169789129015144692,581655378764132195202449826,417567450723104742906211044,1.183673469387755,1.64881156080898,1.3929614910282762,363801,3250576
24,1,20,0.05,forward,13,0x4db444,3,0.5,12,4 4 4 4 4 4 4 4 4 4 4 4 3 3 3 3 3 3 3 3 3 3 3 3,474820717358475261389754960,474820717358475261389754960,417567450723104742906211044,1.0,1.1371114212475724,1.1371114212475724,325864,3250677
24,1,20,0.05,even_odd,13,0x4db444,3,0.5,12,4 3 4 3 4 3 4 3 4 3 4 3 4 3 4 3 4 3 4 3 4 3 4 3,474820717358475261389754960,189928286943390104555901984,93095925261876696299891316,2.5,5.100338344807418,2.040135337922967,344791,3185346
24,1,20,0.05,forward,13,0x4db444,3,0.75,18,4 4 4 4 4 4 4 4 4 4 4 4 4 4 4 4 4 4 3 3 3 3 3 3,261151394547161393764365228,261151394547161393764365228,231793297062414797306370480,1.0,1.1266563695189227,1.1266563695189227,322472,3119651
24,1,20,0.05,even_odd,13,0x4db444,3,0.75,18,4 4 4 4 4 4 4 4 4 4 4 4 4 3 4 3 4 3 4 3 4 3 4 3,261151394547161393764365228,154316733141504459951670362,89353110278190818226892542,1.6923076923076923,2.9226894702836423,1.7270437778948795,336363,3190538
24,1,20,0.05,forward,13,0x4db444,3,1.0,24,4 4 4 4 4 4 4 4 4 4 4 4 4 4 4 4 4 4 4 4 4 4 4 4,47482071735847526138975496,47482071735847526138975496,29994765316744103138460228,1.0,1.5830119433987173,1.5830119433987173,358506,3217647
24,1,20,0.05,even_odd,13,0x4db444,3,1.0,24,4 4 4 4 4 4 4 4 4 4 4 4 4 4 4 4 4 4 4 4 4 4 4 4,47482071735847526138975496,47482071735847526138975496,29994765316744103138460228,1.0,1.5830119433987173,1.5830119433987173,352701,3267709
32,1,100,0.01,forward,0,0x0,0,0.0,0,0 0 0 0 0 0 0 0 0 0 0 0 0 0 0 0 0 0 0 0 0 0 0 0 0 0 0 0 0 0 0 0,2343370782894072379208687812459352937056478399133278975691299168,2343370782894072379208687812459352937056478399133278975691299168,2343370782894072379208687812459352937056478399133278975691299168,1.0,1.0,1.0,713857,8702003
32,1,100,0.01,even_odd,0,0x0,0,0.0,0,0 0 0 0 0 0 0 0 0 0 0 0 0 0 0 0 0 0 0 0 0 0 0 0 0 0 0 0 0 0 0 0,2343370782894072379208687812459352937056478399133278975691299168,2343370782894072379208687812459352937056478399133278975691299168,2343370782894072379208687812459352937056478399133278975691299168,1.0,1.0,1.0,775598,8240989
32,1,100,0.01,forward,0,0x0,0,0.25,8,1 1 1 1 1 1 1 1 0 0 0 0 0 0 0 0 0 0 0 0 0 0 0 0 0 0 0 0 0 0 0 0,1763445690157660527788355980083048422330380209448780643323250384,1763445690157660527788355980083048422330380209448780643323250384,96161048540476454954901962001172942492847914105847937765110130,1.0,18.338461538461537,18.338461538461537,746781,8199244
32,1,100,0.01,even_odd,0,0x0,0,0.25,8,1 0 1 0 1 0 1 0 1 0 1 0 1 0 1 0 0 0 0 0 0 0 0 0 0 0 0 0 0 0 0 0,1763445690157660527788355980083048422330380209448780643323250384,1763445690157660527788355980083048422330380209448780643323250384,96161048540476454954901962001172942492847914105847937765110130,1.0,18.338461538461537,18.338461538461537,731196,8262693
32,1,100,0.01,forward,0,0x0,0,0.5,16,1 1 1 1 1 1 1 1 1 1 1 1 1 1 1 1 0 0 0 0 0 0 0 0 0 0 0 0 0 0 0 0,1183520597421248676368024147706743907604282019764282310955201600,1183520597421248676368024147706743907604282019764282310955201600,96161048540476454954901962001172942492847914105847937765110130,1.0,12.307692307692308,12.307692307692308,816129,8266578
32,1,100,0.01,even_odd,0,0x0,0,0.5,16,1 0 1 0 1 0 1 0 1 0 1 0 1 0 1 0 1 0 1 0 1 0 1 0 1 0 1 0 1 0 1 0,1183520597421248676368024147706743907604282019764282310955201600,1183520597421248676368024147706743907604282019764282310955201600,96161048540476454954901962001172942492847914105847937765110130,1.0,12.307692307692308,12.307692307692308,768228,8169060
32,1,100,0.01,forward,0,0x0,0,0.75,24,1 1 1 1 1 1 1 1 1 1 1 1 1 1 1 1 1 1 1 1 1 1 1 1 0 0 0 0 0 0 0 0,603595504684836824947692315330439392878183830079783978587152816,603595504684836824947692315330439392878183830079783978587152816,96161048540476454954901962001172942492847914105847937765110130,1.0,6.276923076923077,6.276923076923077,738499,8456462
32,1,100,0.01,even_odd,0,0x0,0,0.75,24,1 1 1 1 1 1 1 1 1 1 1 1 1 1 1 1 1 0 1 0 1 0 1 0 1 0 1 0 1 0 1 0,603595504684836824947692315330439392878183830079783978587152816,603595504684836824947692315330439392878183830079783978587152816,96161048540476454954901962001172942492847914105847937765110130,1.0,6.276923076923077,6.276923076923077,809858,8484586
32,1,100,0.01,forward,0,0x0,0,1.0,32,1 1 1 1 1 1 1 1 1 1 1 1 1 1 1 1 1 1 1 1 1 1 1 1 1 1 1 1 1 1 1 1,23670411948424973527360482954134878152085640395285646219104032,23670411948424973527360482954134878152085640395285646219104032,1703552375076039761438822636850616230642527149660709386980972,1.0,13.894736842105264,13.894736842105264,754115,8207075
32,1,100,0.01,even_odd,0,0x0,0,1.0,32,1 1 1 1 1 1 1 1 1 1 1 1 1 1 1 1 1 1 1 1 1 1 1 1 1 1 1 1 1 1 1 1,23670411948424973527360482954134878152085640395285646219104032,23670411948424973527360482954134878152085640395285646219104032,1703552375076039761438822636850616230642527149660709386980972,1.0,13.894736842105264,13.894736842105264,776601,8277117
32,1,100,0.01,forward,0,0x0,1,0.0,0,1 1 1 1 1 1 1 1 1 1 1 1 1 1 1 1 1 1 1 1 1 1 1 1 1 1 1 1 1 1 1 1,23670411948424973527360482954134878152085640395285646219104032,23670411948424973527360482954134878152085640395285646219104032,1703552375076039761438822636850616230642527149660709386980972,1.0,13.894736842105264,13.894736842105264,756017,8053006
32,1,100,0.01,even_odd,0,0x0,1,0.0,0,1 1 1 1 1 1 1 1 1 1 1 1 1 1 1 1 1 1 1 1 1 1 1 1 1 1 1 1 1 1 1 1,23670411948424973527360482954134878152085640395285646219104032,23670411948424973527360482954134878152085640395285646219104032,1703552375076039761438822636850616230642527149660709386980972,1.0,13.894736842105264,13.894736842105264,766795,8016652
32,1,100,0.01,forward,0,0x0,1,0.25,8,2 2 2 2 2 2 2 2 1 1 1 1 1 1 1 1 1 1 1 1 1 1 1 1 1 1 1 1 1 1 1 1,17812582728865257856448040202859074973034143529785663063871216,17812582728865257856448040202859074973034143529785663063871216,1703552375076039761438822636850616230642527149660709386980972,1.0,10.456140350877194,10.456140350877194,696698,8248244
32,1,100,0.01,even_odd,0,0x0,1,0.25,8,2 1 2 1 2 1 2 1 2 1 2 1 2 1 2 1 1 1 1 1 1 1 1 1 1 1 1 1 1 1 1 1,17812582728865257856448040202859074973034143529785663063871216,17812582728865257856448040202859074973034143529785663063871216,1703552375076039761438822636850616230642527149660709386980972,1.0,10.456140350877194,10.456140350877194,736067,8053106
32,1,100,0.01,forward,0,0x0,1,0.5,16,2 2 2 2 2 2 2 2 2 2 2 2 2 2 2 2 1 1 1 1 1 1 1 1 1 1 1 1 1 1 1 1,11954753509305542185535597451583271793982646664285679908638400,11954753509305542185535597451583271793982646664285679908638400,1703552375076039761438822636850616230642527149660709386980972,1.0,7.017543859649122,7.017543859649122,715405,8271881
32,1,100,0.01,even_odd,0,0x0,1,0.5,16,2 1 2 1 2 1 2 1 2 1 2 1 2 1 2 1 2 1 2 1 2 1 2 1 2 1 2 1 2 1 2 1,11954753509305542185535597451583271793982646664285679908638400,11954753509305542185535597451583271793982646664285679908638400,1703552375076039761438822636850616230642527149660709386980972,1.0,7.017543859649122,7.017543859649122,756929,8244677
32,1,100,0.01,forward,0,0x0,1,0.75,24,2 2 2 2 2 2 2 2 2 2 2 2 2 2 2 2 2 2 2 2 2 2 2 2 1 1 1 1 1 1 1 1,6096924289745826514623154700307468614931149798785696753405584,6096924289745826514623154700307468614931149798785696753405584,1703552375076039761438822636850616230642527149660709386980972,1.0,3.5789473684210527,3.5789473684210527,717601,8209611
32,1,100,0.01,even_odd,0,0x0,1,0.75,24,2 2 2 2 2 2 2 2 2 2 2 2 2 2 2 2 2 1 2 1 2 1 2 1 2 1 2 1 2 1 2 1,6096924289745826514623154700307468614931149798785696753405584,6096924289745826514623154700307468614931149798785696753405584,1703552375076039761438822636850616230642527149660709386980972,1.0,3.5789473684210527,3.5789473684210527,689496,7857579
32,1,100,0.01,forward,0,0x0,1,1.0,32,2 2 2 2 2 2 2 2 2 2 2 2 2 2 2 2 2 2 2 2 2 2 2 2 2 2 2 2 2 2 2 2,239095070186110843710711949031665435879652933285713598172768,239095070186110843710711949031665435879652933285713598172768,24603848762838426467705838189495875030545093513618255367526,1.0,9.717791411042946,9.717791411042946,713756,8249817
32,1,100,0.01,even_odd,0,0x0,1,1.0,32,2 2 2 2 2 2 2 2 2 2 2 2 2 2 2 2 2 2 2 2 2 2 2 2 2 2 2 2 2 2 2 2,239095070186110843710711949031665435879652933285713598172768,239095070186110843710711949031665435879652933285713598172768,24603848762838426467705838189495875030545093513618255367526,1.0,9.717791411042946,9.717791411042946,686373,7952678
32,1,100,0.01,forward,0,0x0,2,0.0,0,2 2 2 2 2 2 2 2 2 2 2 2 2 2 2 2 2 2 2 2 2 2 2 2 2 2 2 2 2 2 2 2,239095070186110843710711949031665435879652933285713598172768,239095070186110843710711949031665435879652933285713598172768,24603848762838426467705838189495875030545093513618255367526,1.0,9.717791411042946,9.717791411042946,682812,7847073
32,1,100,0.01,even_odd,0,0x0,2,0.0,0,2 2 2 2 2 2 2 2 2 2 2 2 2 2 2 2 2 2 2 2 2 2 2 2 2 2 2 2 2 2 2 2,239095070186110843710711949031665435879652933285713598172768,239095070186110843710711949031665435879652933285713598172768,24603848762838426467705838189495875030545093513618255367526,1.0,9.717791411042946,9.717791411042946,681861,8207100
32,1,100,0.01,forward,0,0x0,2,0.25,8,3 3 3 3 3 3 3 3 2 2 2 2 2 2 2 2 2 2 2 2 2 2 2 2 2 2 2 2 2 2 2 2,179925078069346038954020608109687625990243874038239020847184,179925078069346038954020608109687625990243874038239020847184,24603848762838426467705838189495875030545093513618255367526,1.0,7.3128834355828225,7.3128834355828225,651434,8061992
32,1,100,0.01,even_odd,0,0x0,2,0.25,8,3 2 3 2 3 2 3 2 3 2 3 2 3 2 3 2 2 2 2 2 2 2 2 2 2 2 2 2 2 2 2 2,179925078069346038954020608109687625990243874038239020847184,179925078069346038954020608109687625990243874038239020847184,24603848762838426467705838189495875030545093513618255367526,1.0,7.3128834355828225,7.3128834355828225,643998,7881672
32,1,100,0.01,forward,0,0x0,2,0.5,16,3 3 3 3 3 3 3 3 3 3 3 3 3 3 3 3 2 2 2 2 2 2 2 2 2 2 2 2 2 2 2 2,120755085952581234197329267187709816100834814790764443521600,120755085952581234197329267187709816100834814790764443521600,24603848762838426467705838189495875030545093513618255367526,1.0,4.9079754601226995,4.9079754601226995,685347,8026886
32,1,100,0.01,even_odd,0,0x0,2,0.5,16,3 2 3 2 3 2 3 2 3 2 3 2 3 2 3 2 3 2 3 2 3 2 3 2 3 2 3 2 3 2 3 2,120755085952581234197329267187709816100834814790764443521600,120755085952581234197329267187709816100834814790764443521600,24603848762838426467705838189495875030545093513618255367526,1.0,4.9079754601226995,4.9079754601226995,648185,8096177
32,1,100,0.01,forward,0,0x0,2,0.75,24,3 3 3 3 3 3 3 3 3 3 3 3 3 3 3 3 3 3 3 3 3 3 3 3 2 2 2 2 2 2 2 2,61585093835816429440637926265732006211425755543289866196016,61585093835816429440637926265732006211425755543289866196016,24603848762838426467705838189495875030545093513618255367526,1.0,2.503067484662577,2.503067484662577,660976,7837163
32,1,100,0.01,even_odd,0,0x0,2,0.75,24,3 3 3 3 3 3 3 3 3 3 3 3 3 3 3 3 3 2 3 2 3 2 3 2 3 2 3 2 3 2 3 2,61585093835816429440637926265732006211425755543289866196016,61585093835816429440637926265732006211425755543289866196016,24603848762838426467705838189495875030545093513618255367526,1.0,2.503067484662577,2.503067484662577,644128,7759325
32,1,100,0.01,forward,0,0x0,2,1.0,32,3 3 3 3 3 3 3 3 3 3 3 3 3 3 3 3 3 3 3 3 3 3 3 3 3 3 3 3 3 3 3 3,2415101719051624683946585343754196322016696295815288870432,2415101719051624683946585343754196322016696295815288870432,323233310883171990528204604088314154209305312318712904376,1.0,7.471698113207547,7.471698113207547,658800,7853757
32,1,100,0.01,even_odd,0,0x0,2,1.0,32,3 3 3 3 3 3 3 3 3 3 3 3 3 3 3 3 3 3 3 3 3 3 3 3 3 3 3 3 3 3 3 3,2415101719051624683946585343754196322016696295815288870432,2415101719051624683946585343754196322016696295815288870432,323233310883171990528204604088314154209305312318712904376,1.0,7.471698113207547,7.471698113207547,639555,7802069
32,1,100,0.01,forward,0,0x0,3,0.0,0,3 3 3 3 3 3 3 3 3 3 3 3 3 3 3 3 3 3 3 3 3 3 3 3 3 3 3 3 3 3 3 3,2415101719051624683946585343754196322016696295815288870432,2415101719051624683946585343754196322016696295815288870432,323233310883171990528204604088314154209305312318712904376,1.0,7.471698113207547,7.471698113207547,649056,7905131
32,1,100,0.01,even_odd,0,0x0,3,0.0,0,3 3 3 3 3 3 3 3 3 3 3 3 3 3 3 3 3 3 3 3 3 3 3 3 3 3 3 3 3 3 3 3,2415101719051624683946585343754196322016696295815288870432,2415101719051624683946585343754196322016696295815288870432,323233310883171990528204604088314154209305312318712904376,1.0,7.471698113207547,7.471698113207547,688593,7878722
32,1,100,0.01,forward,0,0x0,3,0.25,8,4 4 4 4 4 4 4 4 3 3 3 3 3 3 3 3 3 3 3 3 3 3 3 3 3 3 3 3 3 3 3 3,1817425031003495342969905132421087131214584586244838594416,1817425031003495342969905132421087131214584586244838594416,323233310883171990528204604088314154209305312318712904376,1.0,5.622641509433962,5.622641509433962,681092,7785627
32,1,100,0.01,even_odd,0,0x0,3,0.25,8,4 3 4 3 4 3 4 3 4 3 4 3 4 3 4 3 3 3 3 3 3 3 3 3 3 3 3 3 3 3 3 3,1817425031003495342969905132421087131214584586244838594416,1817425031003495342969905132421087131214584586244838594416,323233310883171990528204604088314154209305312318712904376,1.0,5.622641509433962,5.622641509433962,655421,7825222
32,1,100,0.01,forward,0,0x0,3,0.5,16,4 4 4 4 4 4 4 4 4 4 4 4 4 4 4 4 3 3 3 3 3 3 3 3 3 3 3 3 3 3 3 3,1219748342955366001993224921087977940412472876674388318400,1219748342955366001993224921087977940412472876674388318400,323233310883171990528204604088314154209305312318712904376,1.0,3.7735849056603774,3.7735849056603774,642963,7725536
32,1,100,0.01,even_odd,0,0x0,3,0.5,16,4 3 4 3 4 3 4 3 4 3 4 3 4 3 4 3 4 3 4 3 4 3 4 3 4 3 4 3 4 3 4 3,1219748342955366001993224921087977940412472876674388318400,1219748342955366001993224921087977940412472876674388318400,323233310883171990528204604088314154209305312318712904376,1.0,3.7735849056603774,3.7735849056603774,637944,7931702
32,1,100,0.01,forward,0,0x0,3,0.75,24,4 4 4 4 4 4 4 4 4 4 4 4 4 4 4 4 4 4 4 4 4 4 4 4 3 3 3 3 3 3 3 3,622071654907236661016544709754868749610361167103938042384,622071654907236661016544709754868749610361167103938042384,323233310883171990528204604088314154209305312318712904376,1.0,1.9245283018867925,1.9245283018867925,645555,7868334
32,1,100,0.01,even_odd,0,0x0,3,0.75,24,4 4 4 4 4 4 4 4 4 4 4 4 4 4 4 4 4 3 4 3 4 3 4 3 4 3 4 3 4 3 4 3,622071654907236661016544709754868749610361167103938042384,622071654907236661016544709754868749610361167103938042384,323233310883171990528204604088314154209305312318712904376,1.0,1.9245283018867925,1.9245283018867925,661325,7768834
32,1,100,0.01,forward,0,0x0,3,1.0,32,4 4 4 4 4 4 4 4 4 4 4 4 4 4 4 4 4 4 4 4 4 4 4 4 4 4 4 4 4 4 4 4,24394966859107320039864498421759558808249457533487766368,24394966859107320039864498421759558808249457533487766368,4019625221102910688386763944494472758177467434495143322,1.0,6.068965517241379,6.068965517241379,632597,7774149
32,1,100,0.01,even_odd,0,0x0,3,1.0,32,4 4 4 4 4 4 4 4 4 4 4 4 4 4 4 4 4 4 4 4 4 4 4 4 4 4 4 4 4 4 4 4,24394966859107320039864498421759558808249457533487766368,24394966859107320039864498421759558808249457533487766368,4019625221102910688386763944494472758177467434495143322,1.0,6.068965517241379,6.068965517241379,664179,7811369
32,1,100,0.01,forward,1,0x7fffffff,0,0.0,0,0 0 0 0 0 0 0 0 0 0 0 0 0 0 0 0 0 0 0 0 0 0 0 0 0 0 0 0 0 0 0 0,2343370782894072379208687812459352937056478399133278975691299168,2343370782894072379208687812459352937056478399133278975691299168,2343370782894072379208687812459352937056478399133278975691299168,1.0,1.0,1.0,674765,8129582
32,1,100,0.01,even_odd,1,0x7fffffff,0,0.0,0,0 0 0 0 0 0 0 0 0 0 0 0 0 0 0 0 0 0 0 0 0 0 0 0 0 0 0 0 0 0 0 0,2343370782894072379208687812459352937056478399133278975691299168,2343370782894072379208687812459352937056478399133278975691299168,2343370782894072379208687812459352937056478399133278975691299168,1.0,1.0,1.0,702697,7885856
32,1,100,0.01,forward,1,0x7fffffff,0,0.25,8,1 1 1 1 1 1 1 1 0 0 0 0 0 0 0 0 0 0 0 0 0 0 0 0 0 0 0 0 0 0 0 0,1763445690157660527788355980083048422330380209448780643323250384,1763445690157660527788355980083048422330380209448780643323250384,96161048540476454954901962001172942492847914105847937765110130,1.0,18.338461538461537,18.338461538461537,695557,7977230
32,1,100,0.01,even_odd,1,0x7fffffff,0,0.25,8,1 0 1 0 1 0 1 0 1 0 1 0 1 0 1 0 0 0 0 0 0 0 0 0 0 0 0 0 0 0 0 0,1763445690157660527788355980083048422330380209448780643323250384,1763445690157660527788355980083048422330380209448780643323250384,96161048540476454954901962001172942492847914105847937765110130,1.0,18.338461538461537,18.338461538461537,696090,8076700
32,1,100,0.01,forward,1,0x7fffffff,0,0.5,16,1 1 1 1 1 1 1 1 1 1 1 1 1 1 1 1 0 0 0 0 0 0 0 0 0 0 0 0 0 0 0 0,1183520597421248676368024147706743907604282019764282310955201600,1183520597421248676368024147706743907604282019764282310955201600,96161048540476454954901962001172942492847914105847937765110130,1.0,12.307692307692308,12.307692307692308,702244,8514953
32,1,100,0.01,even_odd,1,0x7fffffff,0,0.5,16,1 0 1 0 1 0 1 0 1 0 1 0 1 0 1 0 1 0 1 0 1 0 1 0 1 0 1 0 1 0 1 0,1183520597421248676368024147706743907604282019764282310955201600,1183520597421248676368024147706743907604282019764282310955201600,96161048540476454954901962001172942492847914105847937765110130,1.0,12.307692307692308,12.307692307692308,661856,8099949
32,1,100,0.01,forward,1,0x7fffffff,0,0.75,24,1 1 1 1 1 1 1 1 1 1 1 1 1 1 1 1 1 1 1 1 1 1 1 1 0 0 0 0 0 0 0 0,603595504684836824947692315330439392878183830079783978587152816,603595504684836824947692315330439392878183830079783978587152816,96161048540476454954901962001172942492847914105847937765110130,1.0,6.276923076923077,6.276923076923077,693487,7909374
32,1,100,0.01,even_odd,1,0x7fffffff,0,0.75,24,1 1 1 1 1 1 1 1 1 1 1 1 1 1 1 1 1 0 1 0 1 0 1 0 1 0 1 0 1 0 1 0,603595504684836824947692315330439392878183830079783978587152816,603595504684836824947692315330439392878183830079783978587152816,96161048540476454954901962001172942492847914105847937765110130,1.0,6.276923076923077,6.276923076923077,675568,8010547
32,1,100,0.01,forward,1,0x7fffffff,0,1.0,32,1 1 1 1 1 1 1 1 1 1 1 1 1 1 1 1 1 1 1 1 1 1 1 1 1 1 1 1 1 1 1 1,23670411948424973527360482954134878152085640395285646219104032,23670411948424973527360482954134878152085640395285646219104032,1703552375076039761438822636850616230642527149660709386980972,1.0,13.894736842105264,13.894736842105264,671603,7947442
32,1,100,0.01,even_odd,1,0x7fffffff,0,1.0,32,1 1 1 1 1 1 1 1 1 1 1 1 1 1 1 1 1 1 1 1 1 1 1 1 1 1 1 1 1 1 1 1,23670411948424973527360482954134878152085640395285646219104032,23670411948424973527360482954134878152085640395285646219104032,1703552375076039761438822636850616230642527149660709386980972,1.0,13.894736842105264,13.894736842105264,659184,7963067
32,1,100,0.01,forward,1,0x7fffffff,1,0.0,0,1 1 1 1 1 1 1 1 1 1 1 1 1 1 1 1 1 1 1 1 1 1 1 1 1 1 1 1 1 1 1 1,23670411948424973527360482954134878152085640395285646219104032,23670411948424973527360482954134878152085640395285646219104032,1703552375076039761438822636850616230642527149660709386980972,1.0,13.894736842105264,13.894736842105264,686916,7908794
32,1,100,0.01,even_odd,1,0x7fffffff,1,0.0,0,1 1 1 1 1 1 1 1 1 1 1 1 1 1 1 1 1 1 1 1 1 1 1 1 1 1 1 1 1 1 1 1,23670411948424973527360482954134878152085640395285646219104032,23670411948424973527360482954134878152085640395285646219104032,1703552375076039761438822636850616230642527149660709386980972,1.0,13.894736842105264,13.894736842105264,654574,8093005
32,1,100,0.01,forward,1,0x7fffffff,1,0.25,8,2 2 2 2 2 2 2 2 1 1 1 1 1 1 1 1 1 1 1 1 1 1 1 1 1 1 1 1 1 1 1 1,17812582728865257856448040202859074973034143529785663063871216,17812582728865257856448040202859074973034143529785663063871216,1703552375076039761438822636850616230642527149660709386980972,1.0,10.456140350877194,10.456140350877194,675285,7957845
32,1,100,0.01,even_odd,1,0x7fffffff,1,0.25,8,2 1 2 1 2 1 2 1 2 1 2 1 2 1 2 1 1 1 1 1 1 1 1 1 1 1 1 1 1 1 1 1,17812582728865257856448040202859074973034143529785663063871216,17812582728865257856448040202859074973034143529785663063871216,1703552375076039761438822636850616230642527149660709386980972,1.0,10.456140350877194,10.456140350877194,708927,7821243
32,1,100,0.01,forward,1,0x7fffffff,1,0.5,16,2 2 2 2 2 2 2 2 2 2 2 2 2 2 2 2 1 1 1 1 1 1 1 1 1 1 1 1 1 1 1 1,11954753509305542185535597451583271793982646664285679908638400,11954753509305542185535597451583271793982646664285679908638400,1703552375076039761438822636850616230642527149660709386980972,1.0,7.017543859649122,7.017543859649122,662842,8051855
32,1,100,0.01,even_odd,1,0x7fffffff,1,0.5,16,2 1 2 1 2 1 2 1 2 1 2 1 2 1 2 1 2 1 2 1 2 1 2 1 2 1 2 1 2 1 2 1,11954753509305542185535597451583271793982646664285679908638400,11954753509305542185535597451583271793982646664285679908638400,1703552375076039761438822636850616230642527149660709386980972,1.0,7.017543859649122,7.017543859649122,632539,7886710
32,1,100,0.01,forward,1,0x7fffffff,1,0.75,24,2 2 2 2 2 2 2 2 2 2 2 2 2 2 2 2 2 2 2 2 2 2 2 2 1 1 1 1 1 1 1 1,6096924289745826514623154700307468614931149798785696753405584,6096924289745826514623154700307468614931149798785696753405584,1703552375076039761438822636850616230642527149660709386980972,1.0,3.5789473684210527,3.5789473684210527,668837,8095766
32,1,100,0.01,even_odd,1,0x7fffffff,1,0.75,24,2 2 2 2 2 2 2 2 2 2 2 2 2 2 2 2 2 1 2 1 2 1 2 1 2 1 2 1 2 1 2 1,6096924289745826514623154700307468614931149798785696753405584,6096924289745826514623154700307468614931149798785696753405584,1703552375076039761438822636850616230642527149660709386980972,1.0,3.5789473684210527,3.5789473684210527,662966,7956842
32,1,100,0.01,forward,1,0x7fffffff,1,1.0,32,2 2 2 2 2 2 2 2 2 2 2 2 2 2 2 2 2 2 2 2 2 2 2 2 2 2 2 2 2 2 2 2,239095070186110843710711949031665435879652933285713598172768,239095070186110843710711949031665435879652933285713598172768,24603848762838426467705838189495875030545093513618255367526,1.0,9.717791411042946,9.717791411042946,642799,8006354
32,1,100,0.01,even_odd,1,0x7fffffff,1,1.0,32,2 2 2 2 2 2 2 2 2 2 2 2 2 2 2 2 2 2 2 2 2 2 2 2 2 2 2 2 2 2 2 2,239095070186110843710711949031665435879652933285713598172768,239095070186110843710711949031665435879652933285713598172768,24603848762838426467705838189495875030545093513618255367526,1.0,9.717791411042946,9.717791411042946,642725,7943910
32,1,100,0.01,forward,1,0x7fffffff,2,0.0,0,2 2 2 2 2 2 2 2 2 2 2 2 2 2 2 2 2 2 2 2 2 2 2 2 2 2 2 2 2 2 2 2,239095070186110843710711949031665435879652933285713598172768,239095070186110843710711949031665435879652933285713598172768,24603848762838426467705838189495875030545093513618255367526,1.0,9.717791411042946,9.717791411042946,693903,8115858
32,1,100,0.01,even_odd,1,0x7fffffff,2,0.0,0,2 2 2 2 2 2 2 2 2 2 2 2 2 2 2 2 2 2 2 2 2 2 2 2 2 2 2 2 2 2 2 2,239095070186110843710711949031665435879652933285713598172768,239095070186110843710711949031665435879652933285713598172768,24603848762838426467705838189495875030545093513618255367526,1.0,9.717791411042946,9.717791411042946,627534,8033781
32,1,100,0.01,forward,1,0x7fffffff,2,0.25,8,3 3 3 3 3 3 3 3 2 2 2 2 2 2 2 2 2 2 2 2 2 2 2 2 2 2 2 2 2 2 2 2,179925078069346038954020608109687625990243874038239020847184,179925078069346038954020608109687625990243874038239020847184,24603848762838426467705838189495875030545093513618255367526,1.0,7.3128834355828225,7.3128834355828225,648881,7965866
32,1,100,0.01,even_odd,1,0x7fffffff,2,0.25,8,3 2 3 2 3 2 3 2 3 2 3 2 3 2 3 2 2 2 2 2 2 2 2 2 2 2 2 2 2 2 2 2,179925078069346038954020608109687625990243874038239020847184,179925078069346038954020608109687625990243874038239020847184,24603848762838426467705838189495875030545093513618255367526,1.0,7.3128834355828225,7.3128834355828225,664833,7906559
32,1,100,0.01,forward,1,0x7fffffff,2,0.5,16,3 3 3 3 3 3 3 3 3 3 3 3 3 3 3 3 2 2 2 2 2 2 2 2 2 2 2 2 2 2 2 2,120755085952581234197329267187709816100834814790764443521600,120755085952581234197329267187709816100834814790764443521600,24603848762838426467705838189495875030545093513618255367526,1.0,4.9079754601226995,4.9079754601226995,637327,7886025
32,1,100,0.01,even_odd,1,0x7fffffff,2,0.5,16,3 2 3 2 3 2 3 2 3 2 3 2 3 2 3 2 3 2 3 2 3 2 3 2 3 2 3 2 3 2 3 2,120755085952581234197329267187709816100834814790764443521600,120755085952581234197329267187709816100834814790764443521600,24603848762838426467705838189495875030545093513618255367526,1.0,4.9079754601226995,4.9079754601226995,637300,8179413
32,1,100,0.01,forward,1,0x7fffffff,2,0.75,24,3 3 3 3 3 3 3 3 3 3 3 3 3 3 3 3 3 3 3 3 3 3 3 3 2 2 2 2 2 2 2 2,61585093835816429440637926265732006211425755543289866196016,61585093835816429440637926265732006211425755543289866196016,24603848762838426467705838189495875030545093513618255367526,1.0,2.503067484662577,2.503067484662577,658980,7835223
32,1,100,0.01,even_odd,1,0x7fffffff,2,0.75,24,3 3 3 3 3 3 3 3 3 3 3 3 3 3 3 3 3 2 3 2 3 2 3 2 3 2 3 2 3 2 3 2,61585093835816429440637926265732006211425755543289866196016,61585093835816429440637926265732006211425755543289866196016,24603848762838426467705838189495875030545093513618255367526,1.0,2.503067484662577,2.503067484662577,616341,7848598
32,1,100,0.01,forward,1,0x7fffffff,2,1.0,32,3 3 3 3 3 3 3 3 3 3 3 3 3 3 3 3 3 3 3 3 3 3 3 3 3 3 3 3 3 3 3 3,2415101719051624683946585343754196322016696295815288870432,2415101719051624683946585343754196322016696295815288870432,323233310883171990528204604088314154209305312318712904376,1.0,7.471698113207547,7.471698113207547,664502,7901145
32,1,100,0.01,even_odd,1,0x7fffffff,2,1.0,32,3 3 3 3 3 3 3 3 3 3 3 3 3 3 3 3 3 3 3 3 3 3 3 3 3 3 3 3 3 3 3 3,2415101719051624683946585343754196322016696295815288870432,2415101719051624683946585343754196322016696295815288870432,323233310883171990528204604088314154209305312318712904376,1.0,7.471698113207547,7.471698113207547,617859,7959322
32,1,100,0.01,forward,1,0x7fffffff,3,0.0,0,3 3 3 3 3 3 3 3 3 3 3 3 3 3 3 3 3 3 3 3 3 3 3 3 3 3 3 3 3 3 3 3,2415101719051624683946585343754196322016696295815288870432,2415101719051624683946585343754196322016696295815288870432,323233310883171990528204604088314154209305312318712904376,1.0,7.471698113207547,7.471698113207547,638317,7908697
32,1,100,0.01,even_odd,1,0x7fffffff,3,0.0,0,3 3 3 3 3 3 3 3 3 3 3 3 3 3 3 3 3 3 3 3 3 3 3 3 3 3 3 3 3 3 3 3,2415101719051624683946585343754196322016696295815288870432,2415101719051624683946585343754196322016696295815288870432,323233310883171990528204604088314154209305312318712904376,1.0,7.471698113207547,7.471698113207547,640050,7835811
32,1,100,0.01,forward,1,0x7fffffff,3,0.25,8,4 4 4 4 4 4 4 4 3 3 3 3 3 3 3 3 3 3 3 3 3 3 3 3 3 3 3 3 3 3 3 3,1817425031003495342969905132421087131214584586244838594416,1817425031003495342969905132421087131214584586244838594416,323233310883171990528204604088314154209305312318712904376,1.0,5.622641509433962,5.622641509433962,629389,7909290
32,1,100,0.01,even_odd,1,0x7fffffff,3,0.25,8,4 3 4 3 4 3 4 3 4 3 4 3 4 3 4 3 3 3 3 3 3 3 3 3 3 3 3 3 3 3 3 3,1817425031003495342969905132421087131214584586244838594416,1817425031003495342969905132421087131214584586244838594416,323233310883171990528204604088314154209305312318712904376,1.0,5.622641509433962,5.622641509433962,625707,7856094
32,1,100,0.01,forward,1,0x7fffffff,3,0.5,16,4 4 4 4 4 4 4 4 4 4 4 4 4 4 4 4 3 3 3 3 3 3 3 3 3 3 3 3 3 3 3 3,1219748342955366001993224921087977940412472876674388318400,1219748342955366001993224921087977940412472876674388318400,323233310883171990528204604088314154209305312318712904376,1.0,3.7735849056603774,3.7735849056603774,619449,7870711
32,1,100,0.01,even_odd,1,0x7fffffff,3,0.5,16,4 3 4 3 4 3 4 3 4 3 4 3 4 3 4 3 4 3 4 3 4 3 4 3 4 3 4 3 4 3 4 3,1219748342955366001993224921087977940412472876674388318400,1219748342955366001993224921087977940412472876674388318400,323233310883171990528204604088314154209305312318712904376,1.0,3.7735849056603774,3.7735849056603774,662302,8223195
32,1,100,0.01,forward,1,0x7fffffff,3,0.75,24,4 4 4 4 4 4 4 4 4 4 4 4 4 4 4 4 4 4 4 4 4 4 4 4 3 3 3 3 3 3 3 3,622071654907236661016544709754868749610361167103938042384,622071654907236661016544709754868749610361167103938042384,323233310883171990528204604088314154209305312318712904376,1.0,1.9245283018867925,1.9245283018867925,636426,8385350
32,1,100,0.01,even_odd,1,0x7fffffff,3,0.75,24,4 4 4 4 4 4 4 4 4 4 4 4 4 4 4 4 4 3 4 3 4 3 4 3 4 3 4 3 4 3 4 3,622071654907236661016544709754868749610361167103938042384,622071654907236661016544709754868749610361167103938042384,323233310883171990528204604088314154209305312318712904376,1.0,1.9245283018867925,1.9245283018867925,679954,8214703
32,1,100,0.01,forward,1,0x7fffffff,3,1.0,32,4 4 4 4 4 4 4 4 4 4 4 4 4 4 4 4 4 4 4 4 4 4 4 4 4 4 4 4 4 4 4 4,24394966859107320039864498421759558808249457533487766368,24394966859107320039864498421759558808249457533487766368,4019625221102910688386763944494472758177467434495143322,1.0,6.068965517241379,6.068965517241379,655219,8065135
32,1,100,0.01,even_odd,1,0x7fffffff,3,1.0,32,4 4 4 4 4 4 4 4 4 4 4 4 4 4 4 4 4 4 4 4 4 4 4 4 4 4 4 4 4 4 4 4,24394966859107320039864498421759558808249457533487766368,24394966859107320039864498421759558808249457533487766368,4019625221102910688386763944494472758177467434495143322,1.0,6.068965517241379,6.068965517241379,627012,8132325
32,1,100,0.01,forward,2,0x66d10e12,0,0.0,0,0 0 0 0 0 0 0 0 0 0 0 0 0 0 0 0 0 0 0 0 0 0 0 0 0 0 0 0 0 0 0 0,2343370782894072379208687812459352937056478399133278975691299168,2343370782894072379208687812459352937056478399133278975691299168,369162941621499172492121143405676236621961805653250113221608894,1.0,6.347795292239052,6.347795292239052,790809,8625424
32,1,100,0.01,even_odd,2,0x66d10e12,0,0.0,0,0 0 0 0 0 0 0 0 0 0 0 0 0 0 0 0 0 0 0 0 0 0 0 0 0 0 0 0 0 0 0 0,2343370782894072379208687812459352937056478399133278975691299168,2343370782894072379208687812459352937056478399133278975691299168,369162941621499172492121143405676236621961805653250113221608894,1.0,6.347795292239052,6.347795292239052,776790,8830543
32,1,100,0.01,forward,2,0x66d10e12,0,0.25,8,1 1 1 1 1 1 1 1 0 0 0 0 0 0 0 0 0 0 0 0 0 0 0 0 0 0 0 0 0 0 0 0,1763445690157660527788355980083048422330380209448780643323250384,1763445690157660527788355980083048422330380209448780643323250384,369162941621499172492121143405676236621961805653250113221608894,1.0,4.7768762552708015,4.7768762552708015,778041,8701749
32,1,100,0.01,even_odd,2,0x66d10e12,0,0.25,8,1 0 1 0 1 0 1 0 1 0 1 0 1 0 1 0 0 0 0 0 0 0 0 0 0 0 0 0 0 0 0 0,1763445690157660527788355980083048422330380209448780643323250384,1473483143789454602078190063894896164967331114606531477139225992,294438488408024149506231004297779686327388037233810972748667694,1.1967871485943775,5.989181983959684,5.004383604046851,798521,8704741
32,1,100,0.01,forward,2,0x66d10e12,0,0.5,16,1 1 1 1 1 1 1 1 1 1 1 1 1 1 1 1 0 0 0 0 0 0 0 0 0 0 0 0 0 0 0 0,1183520597421248676368024147706743907604282019764282310955201600,1183520597421248676368024147706743907604282019764282310955201600,294438488408024149506231004297779686327388037233810972748667694,1.0,4.019585224134016,4.019585224134016,738304,9000977
32,1,100,0.01,even_odd,2,0x66d10e12,0,0.5,16,1 0 1 0 1 0 1 0 1 0 1 0 1 0 1 0 1 0 1 0 1 0 1 0 1 0 1 0 1 0 1 0,1183520597421248676368024147706743907604282019764282310955201600,386123594908682380665067878189325199855897008948097103949134522,76219555194288846806249773424873177841994211141403201780567804,3.0651340996168583,15.527781478183307,5.065938707257304,786730,8686769
32,1,100,0.01,forward,2,0x66d10e12,0,0.75,24,1 1 1 1 1 1 1 1 1 1 1 1 1 1 1 1 1 1 1 1 1 1 1 1 0 0 0 0 0 0 0 0,603595504684836824947692315330439392878183830079783978587152816,603595504684836824947692315330439392878183830079783978587152816,222657435824950473811566883963402197026500261361969313781522494,1.0,2.7108706360894836,2.7108706360894836,790634,8669194
32,1,100,0.01,even_odd,2,0x66d10e12,0,0.75,24,1 1 1 1 1 1 1 1 1 1 1 1 1 1 1 1 1 0 1 0 1 0 1 0 1 0 1 0 1 0 1 0,603595504684836824947692315330439392878183830079783978587152816,168651685132527936382443441048211006833610187816410229311116228,75464762737587078897301388181359071273362152874540180159629004,3.5789473684210527,7.998375437602764,2.234840195800772,779362,8647929
32,1,100,0.01,forward,2,0x66d10e12,0,1.0,32,1 1 1 1 1 1 1 1 1 1 1 1 1 1 1 1 1 1 1 1 1 1 1 1 1 1 1 1 1 1 1 1,23670411948424973527360482954134878152085640395285646219104032,23670411948424973527360482954134878152085640395285646219104032,7427269517542327493683348238785683670219062122310053721734808,1.0,3.1869601463254127,3.1869601463254127,745553,8701055
32,1,100,0.01,even_odd,2,0x66d10e12,0,1.0,32,1 1 1 1 1 1 1 1 1 1 1 1 1 1 1 1 1 1 1 1 1 1 1 1 1 1 1 1 1 1 1 1,23670411948424973527360482954134878152085640395285646219104032,23670411948424973527360482954134878152085640395285646219104032,7427269517542327493683348238785683670219062122310053721734808,1.0,3.1869601463254127,3.1869601463254127,734836,8775714
32,1,100,0.01,forward,2,0x66d10e12,1,0.0,0,1 1 1 1 1 1 1 1 1 1 1 1 1 1 1 1 1 1 1 1 1 1 1 1 1 1 1 1 1 1 1 1,23670411948424973527360482954134878152085640395285646219104032,23670411948424973527360482954134878152085640395285646219104032,7427269517542327493683348238785683670219062122310053721734808,1.0,3.1869601463254127,3.1869601463254127,758677,8680649
32,1,100,0.01,even_odd,2,0x66d10e12,1,0.0,0,1 1 1 1 1 1 1 1 1 1 1 1 1 1 1 1 1 1 1 1 1 1 1 1 1 1 1 1 1 1 1 1,23670411948424973527360482954134878152085640395285646219104032,23670411948424973527360482954134878152085640395285646219104032,7427269517542327493683348238785683670219062122310053721734808,1.0,3.1869601463254127,3.1869601463254127,760437,8666651
32,1,100,0.01,forward,2,0x66d10e12,1,0.25,8,2 2 2 2 2 2 2 2 1 1 1 1 1 1 1 1 1 1 1 1 1 1 1 1 1 1 1 1 1 1 1 1,17812582728865257856448040202859074973034143529785663063871216,17812582728865257856448040202859074973034143529785663063871216,6687569914276546206384592905993476866282810640522130476225808,1.0,2.663535926680806,2.663535926680806,753249,8675155
32,1,100,0.01,even_odd,2,0x66d10e12,1,0.25,8,2 1 2 1 2 1 2 1 2 1 2 1 2 1 2 1 1 1 1 1 1 1 1 1 1 1 1 1 1 1 1 1,17812582728865257856448040202859074973034143529785663063871216,14883668119085400020991818827221173383508395097035671486254808,4460998620954318508570164799214611491298723024700858761047408,1.1967871485943775,3.9929585822321334,3.336398278442286,759199,8454840
32,1,100,0.01,forward,2,0x66d10e12,1,0.5,16,2 2 2 2 2 2 2 2 2 2 2 2 2 2 2 2 1 1 1 1 1 1 1 1 1 1 1 1 1 1 1 1,11954753509305542185535597451583271793982646664285679908638400,11954753509305542185535597451583271793982646664285679908638400,4460998620954318508570164799214611491298723024700858761047408,1.0,2.6798379746524383,2.6798379746524383,685120,8507439
32,1,100,0.01,even_odd,2,0x66d10e12,1,0.5,16,2 1 2 1 2 1 2 1 2 1 2 1 2 1 2 1 2 1 2 1 2 1 2 1 2 1 2 1 2 1 2 1,11954753509305542185535597451583271793982646664285679908638400,3900238332410933138030988668579042422786838474223203070193278,1502123149356973012462537903756679213967237220726924175015898,3.0651340996168583,7.958570849815555,2.596483739752325,713851,8521967
32,1,100,0.01,forward,2,0x66d10e12,1,0.75,24,2 2 2 2 2 2 2 2 2 2 2 2 2 2 2 2 2 2 2 2 2 2 2 2 1 1 1 1 1 1 1 1,6096924289745826514623154700307468614931149798785696753405584,6096924289745826514623154700307468614931149798785696753405584,4453297396351065070078391478378528606832003122094941249100098,1.0,1.3690808735885265,1.3690808735885265,746666,8540981
32,1,100,0.01,even_odd,2,0x66d10e12,1,0.75,24,2 2 2 2 2 2 2 2 2 2 2 2 2 2 2 2 2 1 2 1 2 1 2 1 2 1 2 1 2 1 2 1,6096924289745826514623154700307468614931149798785696753405584,1703552375076039761438822636850616230642527149660709386980972,799779863700283107413394666192237789970152367182670929517494,3.5789473684210527,7.62325305558161,2.1300265890595673,743340,8615406
32,1,100,0.01,forward,2,0x66d10e12,1,1.0,32,2 2 2 2 2 2 2 2 2 2 2 2 2 2 2 2 2 2 2 2 2 2 2 2 2 2 2 2 2 2 2 2,239095070186110843710711949031665435879652933285713598172768,239095070186110843710711949031665435879652933285713598172768,104908291207894023448077240070141889245150861939305797610090,1.0,2.2790864995818336,2.2790864995818336,721168,8550582
32,1,100,0.01,even_odd,2,0x66d10e12,1,1.0,32,2 2 2 2 2 2 2 2 2 2 2 2 2 2 2 2 2 2 2 2 2 2 2 2 2 2 2 2 2 2 2 2,239095070186110843710711949031665435879652933285713598172768,239095070186110843710711949031665435879652933285713598172768,104908291207894023448077240070141889245150861939305797610090,1.0,2.2790864995818336,2.2790864995818336,681235,8499956
32,1,100,0.01,forward,2,0x66d10e12,2,0.0,0,2 2 2 2 2 2 2 2 2 2 2 2 2 2 2 2 2 2 2 2 2 2 2 2 2 2 2 2 2 2 2 2,239095070186110843710711949031665435879652933285713598172768,239095070186110843710711949031665435879652933285713598172768,104908291207894023448077240070141889245150861939305797610090,1.0,2.2790864995818336,2.2790864995818336,707612,8574109
32,1,100,0.01,even_odd,2,0x66d10e12,2,0.0,0,2 2 2 2 2 2 2 2 2 2 2 2 2 2 2 2 2 2 2 2 2 2 2 2 2 2 2 2 2 2 2 2,239095070186110843710711949031665435879652933285713598172768,239095070186110843710711949031665435879652933285713598172768,104908291207894023448077240070141889245150861939305797610090,1.0,2.2790864995818336,2.2790864995818336,706576,8394344
32,1,100,0.01,forward,2,0x66d10e12,2,0.25,8,3 3 3 3 3 3 3 3 2 2 2 2 2 2 2 2 2 2 2 2 2 2 2 2 2 2 2 2 2 2 2 2,179925078069346038954020608109687625990243874038239020847184,179925078069346038954020608109687625990243874038239020847184,82570125148437042880756046170576580050319742436819198218690,1.0,2.1790578341245475,2.1790578341245475,682927,8425703
32,1,100,0.01,even_odd,2,0x66d10e12,2,0.25,8,3 2 3 2 3 2 3 2 3 2 3 2 3 2 3 2 2 2 2 2 2 2 2 2 2 2 2 2 2 2 2 2,179925078069346038954020608109687625990243874038239020847184,150340082010963636575674937648698721045539344414501732184392,67397217872242101004852908354895626506993826119516907474600,1.1967871485943775,2.6696217403277878,2.2306570917504,710429,8189975
32,1,100,0.01,forward,2,0x66d10e12,2,0.5,16,3 3 3 3 3 3 3 3 3 3 3 3 3 3 3 3 2 2 2 2 2 2 2 2 2 2 2 2 2 2 2 2,120755085952581234197329267187709816100834814790764443521600,120755085952581234197329267187709816100834814790764443521600,67397217872242101004852908354895626506993826119516907474600,1.0,1.791692443173012,1.791692443173012,662691,8269161
32,1,100,0.01,even_odd,2,0x66d10e12,2,0.5,16,3 2 3 2 3 2 3 2 3 2 3 2 3 2 3 2 3 2 3 2 3 2 3 2 3 2 3 2 3 2 3 2,120755085952581234197329267187709816100834814790764443521600,39396346792029627656878673419990327502897358325486899698922,15550305346561094821831068904485441521451240643141989267804,3.0651340996168583,7.7654478970913505,2.533477376426053,705803,8511898
32,1,100,0.01,forward,2,0x66d10e12,2,0.75,24,3 3 3 3 3 3 3 3 3 3 3 3 3 3 3 3 3 3 3 3 3 3 3 3 2 2 2 2 2 2 2 2,61585093835816429440637926265732006211425755543289866196016,61585093835816429440637926265732006211425755543289866196016,52379050997939692211539866891798020244580204346287264075800,1.0,1.1757581067713283,1.1757581067713283,711451,8564441
32,1,100,0.01,even_odd,2,0x66d10e12,2,0.75,24,3 3 3 3 3 3 3 3 3 3 3 3 3 3 3 3 3 2 3 2 3 2 3 2 3 2 3 2 3 2 3 2,61585093835816429440637926265732006211425755543289866196016,17207599748242825873119420574248648794368961107683933201828,8455928723766247296082147312925427137642302728553572646608,3.5789473684210527,7.283066810003408,2.034974549853893,695727,8511606
32,1,100,0.01,forward,2,0x66d10e12,2,1.0,32,3 3 3 3 3 3 3 3 3 3 3 3 3 3 3 3 3 3 3 3 3 3 3 3 3 3 3 3 3 3 3 3,2415101719051624683946585343754196322016696295815288870432,2415101719051624683946585343754196322016696295815288870432,1286087716332464383340783024635251800524658824601654805012,1.0,1.8778670291158437,1.8778670291158437,701008,8434804
32,1,100,0.01,even_odd,2,0x66d10e12,2,1.0,32,3 3 3 3 3 3 3 3 3 3 3 3 3 3 3 3 3 3 3 3 3 3 3 3 3 3 3 3 3 3 3 3,2415101719051624683946585343754196322016696295815288870432,2415101719051624683946585343754196322016696295815288870432,1286087716332464383340783024635251800524658824601654805012,1.0,1.8778670291158437,1.8778670291158437,709886,8595180
32,1,100,0.01,forward,2,0x66d10e12,3,0.0,0,3 3 3 3 3 3 3 3 3 3 3 3 3 3 3 3 3 3 3 3 3 3 3 3 3 3 3 3 3 3 3 3,2415101719051624683946585343754196322016696295815288870432,2415101719051624683946585343754196322016696295815288870432,1286087716332464383340783024635251800524658824601654805012,1.0,1.8778670291158437,1.8778670291158437,694685,8574044
32,1,100,0.01,even_odd,2,0x66d10e12,3,0.0,0,3 3 3 3 3 3 3 3 3 3 3 3 3 3 3 3 3 3 3 3 3 3 3 3 3 3 3 3 3 3 3 3,2415101719051624683946585343754196322016696295815288870432,2415101719051624683946585343754196322016696295815288870432,1286087716332464383340783024635251800524658824601654805012,1.0,1.8778670291158437,1.8778670291158437,692677,8386006
32,1,100,0.01,forward,2,0x66d10e12,3,0.25,8,4 4 4 4 4 4 4 4 3 3 3 3 3 3 3 3 3 3 3 3 3 3 3 3 3 3 3 3 3 3 3 3,1817425031003495342969905132421087131214584586244838594416,1817425031003495342969905132421087131214584586244838594416,985755567165333866932892194117432235664919958766188847012,1.0,1.8436873110742182,1.8436873110742182,691189,8442312
32,1,100,0.01,even_odd,2,0x66d10e12,3,0.25,8,4 3 4 3 4 3 4 3 4 3 4 3 4 3 4 3 3 3 3 3 3 3 3 3 3 3 3 3 3 3 3 3,1817425031003495342969905132421087131214584586244838594416,1518586686979430672481565026754532535813528731459613456408,834033967718781379909228496593687560703567536112314928212,1.1967871485943775,2.1790779528733686,1.820773188810298,687631,8429281
32,1,100,0.01,forward,2,0x66d10e12,3,0.5,16,4 4 4 4 4 4 4 4 4 4 4 4 4 4 4 4 3 3 3 3 3 3 3 3 3 3 3 3 3 3 3 3,1219748342955366001993224921087977940412472876674388318400,1219748342955366001993224921087977940412472876674388318400,834033967718781379909228496593687560703567536112314928212,1.0,1.4624684247472273,1.4624684247472273,636561,8321322
32,1,100,0.01,even_odd,2,0x66d10e12,3,0.5,16,4 3 4 3 4 3 4 3 4 3 4 3 4 3 4 3 4 3 4 3 4 3 4 3 4 3 4 3 4 3 4 3,1219748342955366001993224921087977940412472876674388318400,397942896889188158150289630504952803059569276015019188878,231783377385421165822398853734673411693205788374508196298,3.0651340996168583,5.262449605810629,1.716874183895718,619967,7952039
32,1,100,0.01,forward,2,0x66d10e12,3,0.75,24,4 4 4 4 4 4 4 4 4 4 4 4 4 4 4 4 4 4 4 4 4 4 4 4 3 3 3 3 3 3 3 3,622071654907236661016544709754868749610361167103938042384,622071654907236661016544709754868749610361167103938042384,530606164212574582303616041393783185715063609534868251098,1.0,1.1723792463481797,1.1723792463481797,665988,8162910
32,1,100,0.01,even_odd,2,0x66d10e12,3,0.75,24,4 4 4 4 4 4 4 4 4 4 4 4 4 4 4 4 4 3 4 3 4 3 4 3 4 3 4 3 4 3 4 3,622071654907236661016544709754868749610361167103938042384,173814138871139655284034551255036856508777384926100335372,156295737451501991504230547512891176540135500713652963604,3.5789473684210527,3.9800935396607553,1.1120849596110933,662813,8072957
32,1,100,0.01,forward,2,0x66d10e12,3,1.0,32,4 4 4 4 4 4 4 4 4 4 4 4 4 4 4 4 4 4 4 4 4 4 4 4 4 4 4 4 4 4 4 4,24394966859107320039864498421759558808249457533487766368,24394966859107320039864498421759558808249457533487766368,14523170881546002273457223071799215969140465980737678686,1.0,1.6797273169941838,1.6797273169941838,690710,8084477
32,1,100,0.01,even_odd,2,0x66d10e12,3,1.0,32,4 4 4 4 4 4 4 4 4 4 4 4 4 4 4 4 4 4 4 4 4 4 4 4 4 4 4 4 4 4 4 4,24394966859107320039864498421759558808249457533487766368,24394966859107320039864498421759558808249457533487766368,14523170881546002273457223071799215969140465980737678686,1.0,1.6797273169941838,1.6797273169941838,656019,8232997
32,1,100,0.01,forward,3,0x271592c9,0,0.0,0,0 0 0 0 0 0 0 0 0 0 0 0 0 0 0 0 0 0 0 0 0 0 0 0 0 0 0 0 0 0 0 0,2343370782894072379208687812459352937056478399133278975691299168,2343370782894072379208687812459352937056478399133278975691299168,296634944884644811699614494451692717769581152107243754818366102,1.0,7.899847348751715,7.899847348751715,750931,8202123
32,1,100,0.01,even_odd,3,0x271592c9,0,0.0,0,0 0 0 0 0 0 0 0 0 0 0 0 0 0 0 0 0 0 0 0 0 0 0 0 0 0 0 0 0 0 0 0,2343370782894072379208687812459352937056478399133278975691299168,2343370782894072379208687812459352937056478399133278975691299168,296634944884644811699614494451692717769581152107243754818366102,1.0,7.899847348751715,7.899847348751715,747967,8048299
32,1,100,0.01,forward,3,0x271592c9,0,0.25,8,1 1 1 1 1 1 1 1 0 0 0 0 0 0 0 0 0 0 0 0 0 0 0 0 0 0 0 0 0 0 0 0,1763445690157660527788355980083048422330380209448780643323250384,1763445690157660527788355980083048422330380209448780643323250384,296634944884644811699614494451692717769581152107243754818366102,1.0,5.9448346210303304,5.9448346210303304,726768,8105658
32,1,100,0.01,even_odd,3,0x271592c9,0,0.25,8,1 0 1 0 1 0 1 0 1 0 1 0 1 0 1 0 0 0 0 0 0 0 0 0 0 0 0 0 0 0 0 0,1763445690157660527788355980083048422330380209448780643323250384,1400992507197403120650648584847858100626568840895969185593219894,296634944884644811699614494451692717769581152107243754818366102,1.2587117212249208,5.9448346210303304,4.722951666204466,737732,8026646
32,1,100,0.01,forward,3,0x271592c9,0,0.5,16,1 1 1 1 1 1 1 1 1 1 1 1 1 1 1 1 0 0 0 0 0 0 0 0 0 0 0 0 0 0 0 0,1183520597421248676368024147706743907604282019764282310955201600,1183520597421248676368024147706743907604282019764282310955201600,296634944884644811699614494451692717769581152107243754818366102,1.0,3.989821893308947,3.989821893308947,712511,8169016
32,1,100,0.01,even_odd,3,0x271592c9,0,0.5,16,1 0 1 0 1 0 1 0 1 0 1 0 1 0 1 0 1 0 1 0 1 0 1 0 1 0 1 0 1 0 1 0,1183520597421248676368024147706743907604282019764282310955201600,313632958316630899237526399142287135515134735237534812403128424,75486949166643853262891120405135970580859053024776874928009796,3.7735849056603774,15.678479664193693,4.154797111011328,715864,7958386
32,1,100,0.01,forward,3,0x271592c9,0,0.75,24,1 1 1 1 1 1 1 1 1 1 1 1 1 1 1 1 1 1 1 1 1 1 1 1 0 0 0 0 0 0 0 0,603595504684836824947692315330439392878183830079783978587152816,603595504684836824947692315330439392878183830079783978587152816,296634944884644811699614494451692717769581152107243754818366102,1.0,2.034809165587563,2.034809165587563,706783,8154429
32,1,100,0.01,even_odd,3,0x271592c9,0,0.75,24,1 1 1 1 1 1 1 1 1 1 1 1 1 1 1 1 1 0 1 0 1 0 1 0 1 0 1 0 1 0 1 0,603595504684836824947692315330439392878183830079783978587152816,168651685132527936382443441048211006833610187816410229311116228,75486949166643853262891120405135970580859053024776874928009796,3.5789473684210527,7.996024628738783,2.234183352147601,698534,7985102
32,1,100,0.01,forward,3,0x271592c9,0,1.0,32,1 1 1 1 1 1 1 1 1 1 1 1 1 1 1 1 1 1 1 1 1 1 1 1 1 1 1 1 1 1 1 1,23670411948424973527360482954134878152085640395285646219104032,23670411948424973527360482954134878152085640395285646219104032,5207941211548957071720467575721509611769183048619592845533506,1.0,4.545061279865114,4.545061279865114,737156,7993520
32,1,100,0.01,even_odd,3,0x271592c9,0,1.0,32,1 1 1 1 1 1 1 1 1 1 1 1 1 1 1 1 1 1 1 1 1 1 1 1 1 1 1 1 1 1 1 1,23670411948424973527360482954134878152085640395285646219104032,23670411948424973527360482954134878152085640395285646219104032,5207941211548957071720467575721509611769183048619592845533506,1.0,4.545061279865114,4.545061279865114,698253,8007206
32,1,100,0.01,forward,3,0x271592c9,1,0.0,0,1 1 1 1 1 1 1 1 1 1 1 1 1 1 1 1 1 1 1 1 1 1 1 1 1 1 1 1 1 1 1 1,23670411948424973527360482954134878152085640395285646219104032,23670411948424973527360482954134878152085640395285646219104032,5207941211548957071720467575721509611769183048619592845533506,1.0,4.545061279865114,4.545061279865114,739062,8058551
32,1,100,0.01,even_odd,3,0x271592c9,1,0.0,0,1 1 1 1 1 1 1 1 1 1 1 1 1 1 1 1 1 1 1 1 1 1 1 1 1 1 1 1 1 1 1 1,23670411948424973527360482954134878152085640395285646219104032,23670411948424973527360482954134878152085640395285646219104032,5207941211548957071720467575721509611769183048619592845533506,1.0,4.545061279865114,4.545061279865114,744665,8346420
32,1,100,0.01,forward,3,0x271592c9,1,0.25,8,2 2 2 2 2 2 2 2 1 1 1 1 1 1 1 1 1 1 1 1 1 1 1 1 1 1 1 1 1 1 1 1,17812582728865257856448040202859074973034143529785663063871216,17812582728865257856448040202859074973034143529785663063871216,5207941211548957071720467575721509611769183048619592845533506,1.0,3.4202733873732423,3.4202733873732423,744663,8348231
32,1,100,0.01,even_odd,3,0x271592c9,1,0.25,8,2 1 2 1 2 1 2 1 2 1 2 1 2 1 2 1 1 1 1 1 1 1 1 1 1 1 1 1 1 1 1 1,17812582728865257856448040202859074973034143529785663063871216,14151439466640435562127763483311697986126957988848173591850706,5207941211548957071720467575721509611769183048619592845533506,1.2587117212249208,3.4202733873732423,2.7172809545658225,694789,8156460
32,1,100,0.01,forward,3,0x271592c9,1,0.5,16,2 2 2 2 2 2 2 2 2 2 2 2 2 2 2 2 1 1 1 1 1 1 1 1 1 1 1 1 1 1 1 1,11954753509305542185535597451583271793982646664285679908638400,11954753509305542185535597451583271793982646664285679908638400,5207941211548957071720467575721509611769183048619592845533506,1.0,2.2954854948813703,2.2954854948813703,724385,8258625
32,1,100,0.01,even_odd,3,0x271592c9,1,0.5,16,2 1 2 1 2 1 2 1 2 1 2 1 2 1 2 1 2 1 2 1 2 1 2 1 2 1 2 1 2 1 2 1,11954753509305542185535597451583271793982646664285679908638400,3168009679965968679166933324669567025405401366035705175789176,784834119228287257568302491138985595480115724840221054459996,3.7735849056603774,15.232204126217688,4.036534093447687,714939,8135832
32,1,100,0.01,forward,3,0x271592c9,1,0.75,24,2 2 2 2 2 2 2 2 2 2 2 2 2 2 2 2 2 2 2 2 2 2 2 2 1 1 1 1 1 1 1 1,6096924289745826514623154700307468614931149798785696753405584,6096924289745826514623154700307468614931149798785696753405584,4475637087097497970434546966173768125980856059365144121427800,1.0,1.3622472446039524,1.3622472446039524,690887,7976944
32,1,100,0.01,even_odd,3,0x271592c9,1,0.75,24,2 2 2 2 2 2 2 2 2 2 2 2 2 2 2 2 2 1 2 1 2 1 2 1 2 1 2 1 2 1 2 1,6096924289745826514623154700307468614931149798785696753405584,1703552375076039761438822636850616230642527149660709386980972,784834119228287257568302491138985595480115724840221054459996,3.5789473684210527,7.768424104371021,2.1705890879860203,667889,7946614
32,1,100,0.01,forward,3,0x271592c9,1,1.0,32,2 2 2 2 2 2 2 2 2 2 2 2 2 2 2 2 2 2 2 2 2 2 2 2 2 2 2 2 2 2 2 2,239095070186110843710711949031665435879652933285713598172768,239095070186110843710711949031665435879652933285713598172768,67548916447382641485360128671366265023842855753740452381992,1.0,3.5395840934377447,3.5395840934377447,705928,8012196
32,1,100,0.01,even_odd,3,0x271592c9,1,1.0,32,2 2 2 2 2 2 2 2 2 2 2 2 2 2 2 2 2 2 2 2 2 2 2 2 2 2 2 2 2 2 2 2,239095070186110843710711949031665435879652933285713598172768,239095070186110843710711949031665435879652933285713598172768,67548916447382641485360128671366265023842855753740452381992,1.0,3.5395840934377447,3.5395840934377447,684649,7991140
32,1,100,0.01,forward,3,0x271592c9,2,0.0,0,2 2 2 2 2 2 2 2 2 2 2 2 2 2 2 2 2 2 2 2 2 2 2 2 2 2 2 2 2 2 2 2,239095070186110843710711949031665435879652933285713598172768,239095070186110843710711949031665435879652933285713598172768,67548916447382641485360128671366265023842855753740452381992,1.0,3.5395840934377447,3.5395840934377447,702566,8151122
32,1,100,0.01,even_odd,3,0x271592c9,2,0.0,0,2 2 2 2 2 2 2 2 2 2 2 2 2 2 2 2 2 2 2 2 2 2 2 2 2 2 2 2 2 2 2 2,239095070186110843710711949031665435879652933285713598172768,239095070186110843710711949031665435879652933285713598172768,67548916447382641485360128671366265023842855753740452381992,1.0,3.5395840934377447,3.5395840934377447,663391,7991676
32,1,100,0.01,forward,3,0x271592c9,2,0.25,8,3 3 3 3 3 3 3 3 2 2 2 2 2 2 2 2 2 2 2 2 2 2 2 2 2 2 2 2 2 2 2 2,179925078069346038954020608109687625990243874038239020847184,179925078069346038954020608109687625990243874038239020847184,67548916447382641485360128671366265023842855753740452381992,1.0,2.663626413748606,2.663626413748606,678522,7979860
32,1,100,0.01,even_odd,3,0x271592c9,2,0.25,8,3 2 3 2 3 2 3 2 3 2 3 2 3 2 3 2 2 2 2 2 2 2 2 2 2 2 2 2 2 2 2 2,179925078069346038954020608109687625990243874038239020847184,142943832996368035981088520033451494809363212008567410018694,67548916447382641485360128671366265023842855753740452381992,1.2587117212249208,2.663626413748606,2.116152863942894,697327,7977430
32,1,100,0.01,forward,3,0x271592c9,2,0.5,16,3 3 3 3 3 3 3 3 3 3 3 3 3 3 3 3 2 2 2 2 2 2 2 2 2 2 2 2 2 2 2 2,120755085952581234197329267187709816100834814790764443521600,120755085952581234197329267187709816100834814790764443521600,67548916447382641485360128671366265023842855753740452381992,1.0,1.787668734059467,1.787668734059467,704783,8004196
32,1,100,0.01,even_odd,3,0x271592c9,2,0.5,16,3 2 3 2 3 2 3 2 3 2 3 2 3 2 3 2 3 2 3 2 3 2 3 2 3 2 3 2 3 2 3 2,120755085952581234197329267187709816100834814790764443521600,32000097777434027062292255804743101266721225919552577533224,8078561301942900003529449217988299620255353171123619664506,3.7735849056603774,14.947597900079009,3.9611134435209374,690556,7902525
32,1,100,0.01,forward,3,0x271592c9,2,0.75,24,3 3 3 3 3 3 3 3 3 3 3 3 3 3 3 3 3 3 3 3 3 3 3 3 2 2 2 2 2 2 2 2,61585093835816429440637926265732006211425755543289866196016,61585093835816429440637926265732006211425755543289866196016,52604704439822852821198003132153974983457506742955979957898,1.0,1.170714568052876,1.170714568052876,690516,7928557
32,1,100,0.01,even_odd,3,0x271592c9,2,0.75,24,3 3 3 3 3 3 3 3 3 3 3 3 3 3 3 3 3 2 3 2 3 2 3 2 3 2 3 2 3 2 3 2,61585093835816429440637926265732006211425755543289866196016,17207599748242825873119420574248648794368961107683933201828,8078561301942900003529449217988299620255353171123619664506,3.5789473684210527,7.623274929040295,2.1300327007612587,631234,7857344
32,1,100,0.01,forward,3,0x271592c9,2,1.0,32,3 3 3 3 3 3 3 3 3 3 3 3 3 3 3 3 3 3 3 3 3 3 3 3 3 3 3 3 3 3 3 3,2415101719051624683946585343754196322016696295815288870432,2415101719051624683946585343754196322016696295815288870432,834780907213178768026668064039596077228698453518441667404,1.0,2.8930964977555216,2.8930964977555216,658386,8033655
32,1,100,0.01,even_odd,3,0x271592c9,2,1.0,32,3 3 3 3 3 3 3 3 3 3 3 3 3 3 3 3 3 3 3 3 3 3 3 3 3 3 3 3 3 3 3 3,2415101719051624683946585343754196322016696295815288870432,2415101719051624683946585343754196322016696295815288870432,834780907213178768026668064039596077228698453518441667404,1.0,2.8930964977555216,2.8930964977555216,657236,7913571
32,1,100,0.01,forward,3,0x271592c9,3,0.0,0,3 3 3 3 3 3 3 3 3 3 3 3 3 3 3 3 3 3 3 3 3 3 3 3 3 3 3 3 3 3 3 3,2415101719051624683946585343754196322016696295815288870432,2415101719051624683946585343754196322016696295815288870432,834780907213178768026668064039596077228698453518441667404,1.0,2.8930964977555216,2.8930964977555216,652957,8073043
32,1,100,0.01,even_odd,3,0x271592c9,3,0.0,0,3 3 3 3 3 3 3 3 3 3 3 3 3 3 3 3 3 3 3 3 3 3 3 3 3 3 3 3 3 3 3 3,2415101719051624683946585343754196322016696295815288870432,2415101719051624683946585343754196322016696295815288870432,834780907213178768026668064039596077228698453518441667404,1.0,2.8930964977555216,2.8930964977555216,666156,7852347
32,1,100,0.01,forward,3,0x271592c9,3,0.25,8,4 4 4 4 4 4 4 4 3 3 3 3 3 3 3 3 3 3 3 3 3 3 3 3 3 3 3 3 3 3 3 3,1817425031003495342969905132421087131214584586244838594416,1817425031003495342969905132421087131214584586244838594416,834780907213178768026668064039596077228698453518441667404,1.0,2.1771281725533975,2.1771281725533975,686006,7906924
32,1,100,0.01,even_odd,3,0x271592c9,3,0.25,8,4 3 4 3 4 3 4 3 4 3 4 3 4 3 4 3 3 3 3 3 3 3 3 3 3 3 3 3 3 3 3 3,1817425031003495342969905132421087131214584586244838594416,1443877100973414504859480000337893886963264767763307171906,834780907213178768026668064039596077228698453518441667404,1.2587117212249208,2.1771281725533975,1.72964796930207,653800,7977400
32,1,100,0.01,forward,3,0x271592c9,3,0.5,16,4 4 4 4 4 4 4 4 4 4 4 4 4 4 4 4 3 3 3 3 3 3 3 3 3 3 3 3 3 3 3 3,1219748342955366001993224921087977940412472876674388318400,1219748342955366001993224921087977940412472876674388318400,834026110151615821844671297046451740112410579036804642910,1.0,1.462482203025551,1.462482203025551,646387,7935726
32,1,100,0.01,even_odd,3,0x271592c9,3,0.5,16,4 3 4 3 4 3 4 3 4 3 4 3 4 3 4 3 4 3 4 3 4 3 4 3 4 3 4 3 4 3 4 3,1219748342955366001993224921087977940412472876674388318400,323233310883171990528204604088314154209305312318712904376,156303436311442601141633787909945116210871886726179359196,3.7735849056603774,7.8037205818364415,2.067985954186657,648220,8018089
32,1,100,0.01,forward,3,0x271592c9,3,0.75,24,4 4 4 4 4 4 4 4 4 4 4 4 4 4 4 4 4 4 4 4 4 4 4 4 3 3 3 3 3 3 3 3,622071654907236661016544709754868749610361167103938042384,622071654907236661016544709754868749610361167103938042384,606070236913317711270549704519204052723572112615053556804,1.0,1.0264019201395094,1.0264019201395094,639086,7915168
32,1,100,0.01,even_odd,3,0x271592c9,3,0.75,24,4 4 4 4 4 4 4 4 4 4 4 4 4 4 4 4 4 3 4 3 4 3 4 3 4 3 4 3 4 3 4 3,622071654907236661016544709754868749610361167103938042384,173814138871139655284034551255036856508777384926100335372,156303436311442601141633787909945116210871886726179359196,3.5789473684210527,3.979897496736585,1.112030182911693,651542,7833065
32,1,100,0.01,forward,3,0x271592c9,3,1.0,32,4 4 4 4 4 4 4 4 4 4 4 4 4 4 4 4 4 4 4 4 4 4 4 4 4 4 4 4 4 4 4 4,24394966859107320039864498421759558808249457533487766368,24394966859107320039864498421759558808249457533487766368,10711535885482171651413026752044231384618311744329841988,1.0,2.2774480821346,2.2774480821346,635332,7891928
32,1,100,0.01,even_odd,3,0x271592c9,3,1.0,32,4 4 4 4 4 4 4 4 4 4 4 4 4 4 4 4 4 4 4 4 4 4 4 4 4 4 4 4 4 4 4 4,24394966859107320039864498421759558808249457533487766368,24394966859107320039864498421759558808249457533487766368,10711535885482171651413026752044231384618311744329841988,1.0,2.2774480821346,2.2774480821346,653354,7868264
32,1,100,0.01,forward,4,0x70a98b3f,0,0.0,0,0 0 0 0 0 0 0 0 0 0 0 0 0 0 0 0 0 0 0 0 0 0 0 0 0 0 0 0 0 0 0 0,2343370782894072379208687812459352937056478399133278975691299168,2343370782894072379208687812459352937056478399133278975691299168,514106779204271398454907524462736214346917886785259125597493796,1.0,4.558140210718705,4.558140210718705,785901,8337373
32,1,100,0.01,even_odd,4,0x70a98b3f,0,0.0,0,0 0 0 0 0 0 0 0 0 0 0 0 0 0 0 0 0 0 0 0 0 0 0 0 0 0 0 0 0 0 0 0,2343370782894072379208687812459352937056478399133278975691299168,2343370782894072379208687812459352937056478399133278975691299168,514106779204271398454907524462736214346917886785259125597493796,1.0,4.558140210718705,4.558140210718705,753385,8261400
32,1,100,0.01,forward,4,0x70a98b3f,0,0.25,8,1 1 1 1 1 1 1 1 0 0 0 0 0 0 0 0 0 0 0 0 0 0 0 0 0 0 0 0 0 0 0 0,1763445690157660527788355980083048422330380209448780643323250384,1763445690157660527788355980083048422330380209448780643323250384,369118034283824272592149436737567723012004649874088850750309702,1.0,4.777457415699451,4.777457415699451,711428,8246175
32,1,100,0.01,even_odd,4,0x70a98b3f,0,0.25,8,1 0 1 0 1 0 1 0 1 0 1 0 1 0 1 0 0 0 0 0 0 0 0 0 0 0 0 0 0 0 0 0,1763445690157660527788355980083048422330380209448780643323250384,1473483143789454602078190063894896164967331114606531477139225992,369118034283824272592149436737567723012004649874088850750309702,1.1967871485943775,4.777457415699451,3.9919023372790714,718430,8341904
32,1,100,0.01,forward,4,0x70a98b3f,0,0.5,16,1 1 1 1 1 1 1 1 1 1 1 1 1 1 1 1 0 0 0 0 0 0 0 0 0 0 0 0 0 0 0 0,1183520597421248676368024147706743907604282019764282310955201600,1183520597421248676368024147706743907604282019764282310955201600,369118034283824272592149436737567723012004649874088850750309702,1.0,3.206347258858692,3.206347258858692,703771,8277529
32,1,100,0.01,even_odd,4,0x70a98b3f,0,0.5,16,1 0 1 0 1 0 1 0 1 0 1 0 1 0 1 0 1 0 1 0 1 0 1 0 1 0 1 0 1 0 1 0,1183520597421248676368024147706743907604282019764282310955201600,458614231500733862092609357236363264196659282658659395495140620,77683634361791596563449635859792975596791747314453797865172702,2.5806451612903225,15.235134235729822,5.903614516345305,705158,8238387
32,1,100,0.01,forward,4,0x70a98b3f,0,0.75,24,1 1 1 1 1 1 1 1 1 1 1 1 1 1 1 1 1 1 1 1 1 1 1 1 0 0 0 0 0 0 0 0,603595504684836824947692315330439392878183830079783978587152816,603595504684836824947692315330439392878183830079783978587152816,369118034283824272592149436737567723012004649874088850750309702,1.0,1.635237102017933,1.635237102017933,701314,8543635
32,1,100,0.01,even_odd,4,0x70a98b3f,0,0.75,24,1 1 1 1 1 1 1 1 1 1 1 1 1 1 1 1 1 0 1 0 1 0 1 0 1 0 1 0 1 0 1 0,603595504684836824947692315330439392878183830079783978587152816,168651685132527936382443441048211006833610187816410229311116228,76219101584817383170896523862569051441893633810300562765706196,3.5789473684210527,7.919215683920778,2.2127220293308056,730799,8398212
32,1,100,0.01,forward,4,0x70a98b3f,0,1.0,32,1 1 1 1 1 1 1 1 1 1 1 1 1 1 1 1 1 1 1 1 1 1 1 1 1 1 1 1 1 1 1 1,23670411948424973527360482954134878152085640395285646219104032,23670411948424973527360482954134878152085640395285646219104032,7412024950283520442862575446254577732373209817737270961200906,1.0,3.1935148771348305,3.1935148771348305,706131,8545267
32,1,100,0.01,even_odd,4,0x70a98b3f,0,1.0,32,1 1 1 1 1 1 1 1 1 1 1 1 1 1 1 1 1 1 1 1 1 1 1 1 1 1 1 1 1 1 1 1,23670411948424973527360482954134878152085640395285646219104032,23670411948424973527360482954134878152085640395285646219104032,7412024950283520442862575446254577732373209817737270961200906,1.0,3.1935148771348305,3.1935148771348305,716103,8263172
32,1,100,0.01,forward,4,0x70a98b3f,1,0.0,0,1 1 1 1 1 1 1 1 1 1 1 1 1 1 1 1 1 1 1 1 1 1 1 1 1 1 1 1 1 1 1 1,23670411948424973527360482954134878152085640395285646219104032,23670411948424973527360482954134878152085640395285646219104032,7412024950283520442862575446254577732373209817737270961200906,1.0,3.1935148771348305,3.1935148771348305,740771,8207203
32,1,100,0.01,even_odd,4,0x70a98b3f,1,0.0,0,1 1 1 1 1 1 1 1 1 1 1 1 1 1 1 1 1 1 1 1 1 1 1 1 1 1 1 1 1 1 1 1,23670411948424973527360482954134878152085640395285646219104032,23670411948424973527360482954134878152085640395285646219104032,7412024950283520442862575446254577732373209817737270961200906,1.0,3.1935148771348305,3.1935148771348305,724831,8342901
32,1,100,0.01,forward,4,0x70a98b3f,1,0.25,8,2 2 2 2 2 2 2 2 1 1 1 1 1 1 1 1 1 1 1 1 1 1 1 1 1 1 1 1 1 1 1 1,17812582728865257856448040202859074973034143529785663063871216,17812582728865257856448040202859074973034143529785663063871216,5207865747321453765296631280291724252130076086838791410374800,1.0,3.420322948614171,3.420322948614171,705013,8171886
32,1,100,0.01,even_odd,4,0x70a98b3f,1,0.25,8,2 1 2 1 2 1 2 1 2 1 2 1 2 1 2 1 1 1 1 1 1 1 1 1 1 1 1 1 1 1 1 1,17812582728865257856448040202859074973034143529785663063871216,14883668119085400020991818827221173383508395097035671486254808,5207865747321453765296631280291724252130076086838791410374800,1.1967871485943775,3.420322948614171,2.857920853036673,731373,8296933
32,1,100,0.01,forward,4,0x70a98b3f,1,0.5,16,2 2 2 2 2 2 2 2 2 2 2 2 2 2 2 2 1 1 1 1 1 1 1 1 1 1 1 1 1 1 1 1,11954753509305542185535597451583271793982646664285679908638400,11954753509305542185535597451583271793982646664285679908638400,5207865747321453765296631280291724252130076086838791410374800,1.0,2.2955187574591753,2.2955187574591753,688285,8177489
32,1,100,0.01,even_odd,4,0x70a98b3f,1,0.5,16,2 1 2 1 2 1 2 1 2 1 2 1 2 1 2 1 2 1 2 1 2 1 2 1 2 1 2 1 2 1 2 1,11954753509305542185535597451583271793982646664285679908638400,4632466984855897596895044012488517820168275582410700964597380,1516911827816596747383748635422535756944990111363798882941200,2.5806451612903225,7.880981142135929,3.0538801925776724,696706,8322008
32,1,100,0.01,forward,4,0x70a98b3f,1,0.75,24,2 2 2 2 2 2 2 2 2 2 2 2 2 2 2 2 2 2 2 2 2 2 2 2 1 1 1 1 1 1 1 1,6096924289745826514623154700307468614931149798785696753405584,6096924289745826514623154700307468614931149798785696753405584,4460693645210866202219100159440462498512797207925769114104200,1.0,1.3668108089627868,1.3668108089627868,674710,8320589
32,1,100,0.01,even_odd,4,0x70a98b3f,1,0.75,24,2 2 2 2 2 2 2 2 2 2 2 2 2 2 2 2 2 1 2 1 2 1 2 1 2 1 2 1 2 1 2 1,6096924289745826514623154700307468614931149798785696753405584,1703552375076039761438822636850616230642527149660709386980972,1502118567443119844428666696056637533158140480008715700118306,3.5789473684210527,4.058883514184839,1.1340998054339992,684422,8204928
32,1,100,0.01,forward,4,0x70a98b3f,1,1.0,32,2 2 2 2 2 2 2 2 2 2 2 2 2 2 2 2 2 2 2 2 2 2 2 2 2 2 2 2 2 2 2 2,239095070186110843710711949031665435879652933285713598172768,239095070186110843710711949031665435879652933285713598172768,89964079199540461016928164293600102511613419711000643813792,1.0,2.6576726212669572,2.6576726212669572,677433,8124095
32,1,100,0.01,even_odd,4,0x70a98b3f,1,1.0,32,2 2 2 2 2 2 2 2 2 2 2 2 2 2 2 2 2 2 2 2 2 2 2 2 2 2 2 2 2 2 2 2,239095070186110843710711949031665435879652933285713598172768,239095070186110843710711949031665435879652933285713598172768,89964079199540461016928164293600102511613419711000643813792,1.0,2.6576726212669572,2.6576726212669572,681102,8211255
32,1,100,0.01,forward,4,0x70a98b3f,2,0.0,0,2 2 2 2 2 2 2 2 2 2 2 2 2 2 2 2 2 2 2 2 2 2 2 2 2 2 2 2 2 2 2 2,239095070186110843710711949031665435879652933285713598172768,239095070186110843710711949031665435879652933285713598172768,89964079199540461016928164293600102511613419711000643813792,1.0,2.6576726212669572,2.6576726212669572,727609,8221164
32,1,100,0.01,even_odd,4,0x70a98b3f,2,0.0,0,2 2 2 2 2 2 2 2 2 2 2 2 2 2 2 2 2 2 2 2 2 2 2 2 2 2 2 2 2 2 2 2,239095070186110843710711949031665435879652933285713598172768,239095070186110843710711949031665435879652933285713598172768,89964079199540461016928164293600102511613419711000643813792,1.0,2.6576726212669572,2.6576726212669572,673431,8233009
32,1,100,0.01,forward,4,0x70a98b3f,2,0.25,8,3 3 3 3 3 3 3 3 2 2 2 2 2 2 2 2 2 2 2 2 2 2 2 2 2 2 2 2 2 2 2 2,179925078069346038954020608109687625990243874038239020847184,179925078069346038954020608109687625990243874038239020847184,67549717214488174692500600432462606427143782333727284377498,1.0,2.6635948378293937,2.6635948378293937,678135,8146856
32,1,100,0.01,even_odd,4,0x70a98b3f,2,0.25,8,3 2 3 2 3 2 3 2 3 2 3 2 3 2 3 2 2 2 2 2 2 2 2 2 2 2 2 2 2 2 2 2,179925078069346038954020608109687625990243874038239020847184,150340082010963636575674937648698721045539344414501732184392,67548916525156922287775383764279525637280035824029000120298,1.1967871485943775,2.663626410681767,2.2256475713414767,667362,8166059
32,1,100,0.01,forward,4,0x70a98b3f,2,0.5,16,3 3 3 3 3 3 3 3 3 3 3 3 3 3 3 3 2 2 2 2 2 2 2 2 2 2 2 2 2 2 2 2,120755085952581234197329267187709816100834814790764443521600,120755085952581234197329267187709816100834814790764443521600,67548916525156922287775383764279525637280035824029000120298,1.0,1.787668732001186,1.787668732001186,673133,8143804
32,1,100,0.01,even_odd,4,0x70a98b3f,2,0.5,16,3 2 3 2 3 2 3 2 3 2 3 2 3 2 3 2 3 2 3 2 3 2 3 2 3 2 3 2 3 2 3 2,120755085952581234197329267187709816100834814790764443521600,46792595806625228251465091035237553739073490731421221864620,22718590709712739457048525043757688427539668884356533104498,2.5806451612903225,5.315254255668049,2.059661024071369,668933,8217400
32,1,100,0.01,forward,4,0x70a98b3f,2,0.75,24,3 3 3 3 3 3 3 3 3 3 3 3 3 3 3 3 3 3 3 3 3 3 3 3 2 2 2 2 2 2 2 2,61585093835816429440637926265732006211425755543289866196016,61585093835816429440637926265732006211425755543289866196016,52453760582382127889728843468181190867618528445588555641498,1.0,1.1740834813758096,1.1740834813758096,661195,8432429
32,1,100,0.01,even_odd,4,0x70a98b3f,2,0.75,24,3 3 3 3 3 3 3 3 3 3 3 3 3 3 3 3 3 2 3 2 3 2 3 2 3 2 3 2 3 2 3 2,61585093835816429440637926265732006211425755543289866196016,17207599748242825873119420574248648794368961107683933201828,15323858680892196369796917597629614624390840068152573666196,3.5789473684210527,4.018902491746992,1.122928637399895,713623,8181660
32,1,100,0.01,forward,4,0x70a98b3f,2,1.0,32,3 3 3 3 3 3 3 3 3 3 3 3 3 3 3 3 3 3 3 3 3 3 3 3 3 3 3 3 3 3 3 3,2415101719051624683946585343754196322016696295815288870432,2415101719051624683946585343754196322016696295815288870432,1135898423384476290975201229499844347114342753050931211510,1.0,2.126159935899626,2.126159935899626,677659,8093395
32,1,100,0.01,even_odd,4,0x70a98b3f,2,1.0,32,3 3 3 3 3 3 3 3 3 3 3 3 3 3 3 3 3 3 3 3 3 3 3 3 3 3 3 3 3 3 3 3,2415101719051624683946585343754196322016696295815288870432,2415101719051624683946585343754196322016696295815288870432,1135898423384476290975201229499844347114342753050931211510,1.0,2.126159935899626,2.126159935899626,653036,8246945
32,1,100,0.01,forward,4,0x70a98b3f,3,0.0,0,3 3 3 3 3 3 3 3 3 3 3 3 3 3 3 3 3 3 3 3 3 3 3 3 3 3 3 3 3 3 3 3,2415101719051624683946585343754196322016696295815288870432,2415101719051624683946585343754196322016696295815288870432,1135898423384476290975201229499844347114342753050931211510,1.0,2.126159935899626,2.126159935899626,659654,8100057
32,1,100,0.01,even_odd,4,0x70a98b3f,3,0.0,0,3 3 3 3 3 3 3 3 3 3 3 3 3 3 3 3 3 3 3 3 3 3 3 3 3 3 3 3 3 3 3 3,2415101719051624683946585343754196322016696295815288870432,2415101719051624683946585343754196322016696295815288870432,1135898423384476290975201229499844347114342753050931211510,1.0,2.126159935899626,2.126159935899626,659700,8053083
32,1,100,0.01,forward,4,0x70a98b3f,3,0.25,8,4 4 4 4 4 4 4 4 3 3 3 3 3 3 3 3 3 3 3 3 3 3 3 3 3 3 3 3 3 3 3 3,1817425031003495342969905132421087131214584586244838594416,1817425031003495342969905132421087131214584586244838594416,909498038094320480775213400930604640949059723154855265004,1.0,1.9982726238877464,1.9982726238877464,659218,7984219
32,1,100,0.01,even_odd,4,0x70a98b3f,3,0.25,8,4 3 4 3 4 3 4 3 4 3 4 3 4 3 4 3 3 3 3 3 3 3 3 3 3 3 3 3 3 3 3 3,1817425031003495342969905132421087131214584586244838594416,1518586686979430672481565026754532535813528731459613456408,909498038094320480775213400930604640949059723154855265004,1.1967871485943775,1.9982726238877464,1.6696975951276807,670562,8203682
32,1,100,0.01,forward,4,0x70a98b3f,3,0.5,16,4 4 4 4 4 4 4 4 4 4 4 4 4 4 4 4 3 3 3 3 3 3 3 3 3 3 3 3 3 3 3 3,1219748342955366001993224921087977940412472876674388318400,1219748342955366001993224921087977940412472876674388318400,909498038094320480775213400930604640949059723154855265004,1.0,1.341122566367615,1.341122566367615,687898,8028541
32,1,100,0.01,even_odd,4,0x70a98b3f,3,0.5,16,4 3 4 3 4 3 4 3 4 3 4 3 4 3 4 3 4 3 4 3 4 3 4 3 4 3 4 3 4 3 4 3,1219748342955366001993224921087977940412472876674388318400,472652482895204325772374656921591451909833239711325473380,231767666179639435602311259299833114075826143229483020800,2.5806451612903225,5.26280633990575,2.0393374567134783,630484,8115544
32,1,100,0.01,forward,4,0x70a98b3f,3,0.75,24,4 4 4 4 4 4 4 4 4 4 4 4 4 4 4 4 4 4 4 4 4 4 4 4 3 3 3 3 3 3 3 3,622071654907236661016544709754868749610361167103938042384,622071654907236661016544709754868749610361167103938042384,604545551484623520043588495792206233371663240924473513204,1.0,1.0289905423662007,1.0289905423662007,636741,7981510
32,1,100,0.01,even_odd,4,0x70a98b3f,3,0.75,24,4 4 4 4 4 4 4 4 4 4 4 4 4 4 4 4 4 3 4 3 4 3 4 3 4 3 4 3 4 3 4 3,622071654907236661016544709754868749610361167103938042384,173814138871139655284034551255036856508777384926100335372,156311215326506054485857164736580993816973191735437688902,3.5789473684210527,3.9796994323653663,1.1119748413962052,634101,8228348
32,1,100,0.01,forward,4,0x70a98b3f,3,1.0,32,4 4 4 4 4 4 4 4 4 4 4 4 4 4 4 4 4 4 4 4 4 4 4 4 4 4 4 4 4 4 4 4,24394966859107320039864498421759558808249457533487766368,24394966859107320039864498421759558808249457533487766368,12998406877264326514145447224569757850434301679158782788,1.0,1.8767659059647424,1.8767659059647424,628055,8195061
32,1,100,0.01,even_odd,4,0x70a98b3f,3,1.0,32,4 4 4 4 4 4 4 4 4 4 4 4 4 4 4 4 4 4 4 4 4 4 4 4 4 4 4 4 4 4 4 4,24394966859107320039864498421759558808249457533487766368,24394966859107320039864498421759558808249457533487766368,12998406877264326514145447224569757850434301679158782788,1.0,1.8767659059647424,1.8767659059647424,610121,7899586
32,1,100,0.01,forward,5,0x2dd581e3,0,0.0,0,0 0 0 0 0 0 0 0 0 0 0 0 0 0 0 0 0 0 0 0 0 0 0 0 0 0 0 0 0 0 0 0,2343370782894072379208687812459352937056478399133278975691299168,2343370782894072379208687812459352937056478399133278975691299168,517080675068090733506363093036950503004223487435892236589852200,1.0,4.531924892736496,4.531924892736496,740531,8370827
32,1,100,0.01,even_odd,5,0x2dd581e3,0,0.0,0,0 0 0 0 0 0 0 0 0 0 0 0 0 0 0 0 0 0 0 0 0 0 0 0 0 0 0 0 0 0 0 0,2343370782894072379208687812459352937056478399133278975691299168,2343370782894072379208687812459352937056478399133278975691299168,517080675068090733506363093036950503004223487435892236589852200,1.0,4.531924892736496,4.531924892736496,726121,8407010
32,1,100,0.01,forward,5,0x2dd581e3,0,0.25,8,1 1 1 1 1 1 1 1 0 0 0 0 0 0 0 0 0 0 0 0 0 0 0 0 0 0 0 0 0 0 0 0,1763445690157660527788355980083048422330380209448780643323250384,1763445690157660527788355980083048422330380209448780643323250384,517080675068090733506363093036950503004223487435892236589852200,1.0,3.41038792433201,3.41038792433201,713095,8468326
32,1,100,0.01,even_odd,5,0x2dd581e3,0,0.25,8,1 0 1 0 1 0 1 0 1 0 1 0 1 0 1 0 0 0 0 0 0 0 0 0 0 0 0 0 0 0 0 0,1763445690157660527788355980083048422330380209448780643323250384,1473483143789454602078190063894896164967331114606531477139225992,294423316255469598802401892238710923224629888134693308288137098,1.1967871485943775,5.989490617066237,5.004641488756688,711625,8491072
32,1,100,0.01,forward,5,0x2dd581e3,0,0.5,16,1 1 1 1 1 1 1 1 1 1 1 1 1 1 1 1 0 0 0 0 0 0 0 0 0 0 0 0 0 0 0 0,1183520597421248676368024147706743907604282019764282310955201600,1183520597421248676368024147706743907604282019764282310955201600,294423316255469598802401892238710923224629888134693308288137098,1.0,4.0197923604471395,4.0197923604471395,738344,8371854
32,1,100,0.01,even_odd,5,0x2dd581e3,0,0.5,16,1 0 1 0 1 0 1 0 1 0 1 0 1 0 1 0 1 0 1 0 1 0 1 0 1 0 1 0 1 0 1 0,1183520597421248676368024147706743907604282019764282310955201600,313632958316630899237526399142287135515134735237534812403128424,77713673713951387826595651703976958310501904896783425248933898,3.7735849056603774,15.229245264836573,4.035749995181692,699488,8616265
32,1,100,0.01,forward,5,0x2dd581e3,0,0.75,24,1 1 1 1 1 1 1 1 1 1 1 1 1 1 1 1 1 1 1 1 1 1 1 1 0 0 0 0 0 0 0 0,603595504684836824947692315330439392878183830079783978587152816,603595504684836824947692315330439392878183830079783978587152816,221200450240848280954044764954000946220966772347219998158257098,1.0,2.728726383818965,2.728726383818965,693451,8330586
32,1,100,0.01,even_odd,5,0x2dd581e3,0,0.75,24,1 1 1 1 1 1 1 1 1 1 1 1 1 1 1 1 1 0 1 0 1 0 1 0 1 0 1 0 1 0 1 0,603595504684836824947692315330439392878183830079783978587152816,168651685132527936382443441048211006833610187816410229311116228,75464609483520871314434427453489689827879747328084446175179200,3.5789473684210527,7.998391680760547,2.234844734330153,702919,8495594
32,1,100,0.01,forward,5,0x2dd581e3,0,1.0,32,1 1 1 1 1 1 1 1 1 1 1 1 1 1 1 1 1 1 1 1 1 1 1 1 1 1 1 1 1 1 1 1,23670411948424973527360482954134878152085640395285646219104032,23670411948424973527360482954134878152085640395285646219104032,8189082395924754269818570290705864967743960808928189503941702,1.0,2.8904840376504706,2.8904840376504706,689591,8394415
32,1,100,0.01,even_odd,5,0x2dd581e3,0,1.0,32,1 1 1 1 1 1 1 1 1 1 1 1 1 1 1 1 1 1 1 1 1 1 1 1 1 1 1 1 1 1 1 1,23670411948424973527360482954134878152085640395285646219104032,23670411948424973527360482954134878152085640395285646219104032,8189082395924754269818570290705864967743960808928189503941702,1.0,2.8904840376504706,2.8904840376504706,690220,8454087
32,1,100,0.01,forward,5,0x2dd581e3,1,0.0,0,1 1 1 1 1 1 1 1 1 1 1 1 1 1 1 1 1 1 1 1 1 1 1 1 1 1 1 1 1 1 1 1,23670411948424973527360482954134878152085640395285646219104032,23670411948424973527360482954134878152085640395285646219104032,8189082395924754269818570290705864967743960808928189503941702,1.0,2.8904840376504706,2.8904840376504706,687046,8590703
32,1,100,0.01,even_odd,5,0x2dd581e3,1,0.0,0,1 1 1 1 1 1 1 1 1 1 1 1 1 1 1 1 1 1 1 1 1 1 1 1 1 1 1 1 1 1 1 1,23670411948424973527360482954134878152085640395285646219104032,23670411948424973527360482954134878152085640395285646219104032,8189082395924754269818570290705864967743960808928189503941702,1.0,2.8904840376504706,2.8904840376504706,733863,8330395
32,1,100,0.01,forward,5,0x2dd581e3,1,0.25,8,2 2 2 2 2 2 2 2 1 1 1 1 1 1 1 1 1 1 1 1 1 1 1 1 1 1 1 1 1 1 1 1,17812582728865257856448040202859074973034143529785663063871216,17812582728865257856448040202859074973034143529785663063871216,6702437868832023579441384439821500252429938440896543536432302,1.0,2.65762743011735,2.65762743011735,722224,8383902
32,1,100,0.01,even_odd,5,0x2dd581e3,1,0.25,8,2 1 2 1 2 1 2 1 2 1 2 1 2 1 2 1 1 1 1 1 1 1 1 1 1 1 1 1 1 1 1 1,17812582728865257856448040202859074973034143529785663063871216,14883668119085400020991818827221173383508395097035671486254808,5192998531927297197820152632522383079619725039817210034187004,1.1967871485943775,3.4301151096714073,2.866102893651612,707413,8358056
32,1,100,0.01,forward,5,0x2dd581e3,1,0.5,16,2 2 2 2 2 2 2 2 2 2 2 2 2 2 2 2 1 1 1 1 1 1 1 1 1 1 1 1 1 1 1 1,11954753509305542185535597451583271793982646664285679908638400,11954753509305542185535597451583271793982646664285679908638400,5192998531927297197820152632522383079619725039817210034187004,1.0,2.302090677631817,2.302090677631817,699614,8485381
32,1,100,0.01,even_odd,5,0x2dd581e3,1,0.5,16,2 1 2 1 2 1 2 1 2 1 2 1 2 1 2 1 2 1 2 1 2 1 2 1 2 1 2 1 2 1 2 1,11954753509305542185535597451583271793982646664285679908638400,3168009679965968679166933324669567025405401366035705175789176,1517215255616190598526637684353687097487516955629754715100404,3.7735849056603774,7.879405025129626,2.088042331659351,661859,8458363
32,1,100,0.01,forward,5,0x2dd581e3,1,0.75,24,2 2 2 2 2 2 2 2 2 2 2 2 2 2 2 2 2 2 2 2 2 2 2 2 1 1 1 1 1 1 1 1,6096924289745826514623154700307468614931149798785696753405584,6096924289745826514623154700307468614931149798785696753405584,3713672494735916851792428486399103766903943132496217286477204,1.0,1.6417506655172578,1.6417506655172578,696532,8413611
32,1,100,0.01,even_odd,5,0x2dd581e3,1,0.75,24,2 2 2 2 2 2 2 2 2 2 2 2 2 2 2 2 2 1 2 1 2 1 2 1 2 1 2 1 2 1 2 1,6096924289745826514623154700307468614931149798785696753405584,1703552375076039761438822636850616230642527149660709386980972,784683183070492713387491229086469165862444431822015167476698,3.5789473684210527,7.769918383988235,2.1710066072908303,703364,8487851
32,1,100,0.01,forward,5,0x2dd581e3,1,1.0,32,2 2 2 2 2 2 2 2 2 2 2 2 2 2 2 2 2 2 2 2 2 2 2 2 2 2 2 2 2 2 2 2,239095070186110843710711949031665435879652933285713598172768,239095070186110843710711949031665435879652933285713598172768,97661445887443145961674566399883547984184525894985851893396,1.0,2.448203259878754,2.448203259878754,672194,8347628
32,1,100,0.01,even_odd,5,0x2dd581e3,1,1.0,32,2 2 2 2 2 2 2 2 2 2 2 2 2 2 2 2 2 2 2 2 2 2 2 2 2 2 2 2 2 2 2 2,239095070186110843710711949031665435879652933285713598172768,239095070186110843710711949031665435879652933285713598172768,97661445887443145961674566399883547984184525894985851893396,1.0,2.448203259878754,2.448203259878754,668019,8370134
32,1,100,0.01,forward,5,0x2dd581e3,2,0.0,0,2 2 2 2 2 2 2 2 2 2 2 2 2 2 2 2 2 2 2 2 2 2 2 2 2 2 2 2 2 2 2 2,239095070186110843710711949031665435879652933285713598172768,239095070186110843710711949031665435879652933285713598172768,97661445887443145961674566399883547984184525894985851893396,1.0,2.448203259878754,2.448203259878754,713986,8285606
32,1,100,0.01,even_odd,5,0x2dd581e3,2,0.0,0,2 2 2 2 2 2 2 2 2 2 2 2 2 2 2 2 2 2 2 2 2 2 2 2 2 2 2 2 2 2 2 2,239095070186110843710711949031665435879652933285713598172768,239095070186110843710711949031665435879652933285713598172768,97661445887443145961674566399883547984184525894985851893396,1.0,2.448203259878754,2.448203259878754,692861,8254895
32,1,100,0.01,forward,5,0x2dd581e3,2,0.25,8,3 3 3 3 3 3 3 3 2 2 2 2 2 2 2 2 2 2 2 2 2 2 2 2 2 2 2 2 2 2 2 2,179925078069346038954020608109687625990243874038239020847184,179925078069346038954020608109687625990243874038239020847184,82644849901173970163719788531644532804814135375050631442796,1.0,2.177087601762227,2.177087601762227,678495,8437530
32,1,100,0.01,even_odd,5,0x2dd581e3,2,0.25,8,3 2 3 2 3 2 3 2 3 2 3 2 3 2 3 2 2 2 2 2 2 2 2 2 2 2 2 2 2 2 2 2,179925078069346038954020608109687625990243874038239020847184,150340082010963636575674937648698721045539344414501732184392,67397972593886339051643987101813477292170643319154737688094,1.1967871485943775,2.6695918459373216,2.2306321128805138,650886,8413442
32,1,100,0.01,forward,5,0x2dd581e3,2,0.5,16,3 3 3 3 3 3 3 3 3 3 3 3 3 3 3 3 2 2 2 2 2 2 2 2 2 2 2 2 2 2 2 2,120755085952581234197329267187709816100834814790764443521600,120755085952581234197329267187709816100834814790764443521600,67397972593886339051643987101813477292170643319154737688094,1.0,1.7916723798237058,1.7916723798237058,652989,8146749
32,1,100,0.01,even_odd,5,0x2dd581e3,2,0.5,16,3 2 3 2 3 2 3 2 3 2 3 2 3 2 3 2 3 2 3 2 3 2 3 2 3 2 3 2 3 2 3 2,120755085952581234197329267187709816100834814790764443521600,32000097777434027062292255804743101266721225919552577533224,15628033423122917776237274603079481037574585065814995673498,3.7735849056603774,7.726825422187445,2.0476087368796727,662877,8438039
32,1,100,0.01,forward,5,0x2dd581e3,2,0.75,24,3 3 3 3 3 3 3 3 3 3 3 3 3 3 3 3 3 3 3 3 3 3 3 3 2 2 2 2 2 2 2 2,61585093835816429440637926265732006211425755543289866196016,61585093835816429440637926265732006211425755543289866196016,45132983496498956877565349236479553760581459152793492290996,1.0,1.3645252111594548,1.3645252111594548,647263,8264097
32,1,100,0.01,even_odd,5,0x2dd581e3,2,0.75,24,3 3 3 3 3 3 3 3 3 3 3 3 3 3 3 3 3 2 3 2 3 2 3 2 3 2 3 2 3 2 3 2,61585093835816429440637926265732006211425755543289866196016,17207599748242825873119420574248648794368961107683933201828,15322341772883405780318652252484288517614965050601142039200,3.5789473684210527,4.019300362089963,1.1230398070545484,695671,8270458
32,1,100,0.01,forward,5,0x2dd581e3,2,1.0,32,3 3 3 3 3 3 3 3 3 3 3 3 3 3 3 3 3 3 3 3 3 3 3 3 3 3 3 3 3 3 3 3,2415101719051624683946585343754196322016696295815288870432,2415101719051624683946585343754196322016696295815288870432,1137423264385376075601740301846727858961425265262429171906,1.0,2.1233095846308907,2.1233095846308907,685447,8312292
32,1,100,0.01,even_odd,5,0x2dd581e3,2,1.0,32,3 3 3 3 3 3 3 3 3 3 3 3 3 3 3 3 3 3 3 3 3 3 3 3 3 3 3 3 3 3 3 3,2415101719051624683946585343754196322016696295815288870432,2415101719051624683946585343754196322016696295815288870432,1137423264385376075601740301846727858961425265262429171906,1.0,2.1233095846308907,2.1233095846308907,692614,8308242
32,1,100,0.01,forward,5,0x2dd581e3,3,0.0,0,3 3 3 3 3 3 3 3 3 3 3 3 3 3 3 3 3 3 3 3 3 3 3 3 3 3 3 3 3 3 3 3,2415101719051624683946585343754196322016696295815288870432,2415101719051624683946585343754196322016696295815288870432,1137423264385376075601740301846727858961425265262429171906,1.0,2.1233095846308907,2.1233095846308907,685041,8217280
32,1,100,0.01,even_odd,5,0x2dd581e3,3,0.0,0,3 3 3 3 3 3 3 3 3 3 3 3 3 3 3 3 3 3 3 3 3 3 3 3 3 3 3 3 3 3 3 3,2415101719051624683946585343754196322016696295815288870432,2415101719051624683946585343754196322016696295815288870432,1137423264385376075601740301846727858961425265262429171906,1.0,2.1233095846308907,2.1233095846308907,659508,8335585
32,1,100,0.01,forward,5,0x2dd581e3,3,0.25,8,4 4 4 4 4 4 4 4 3 3 3 3 3 3 3 3 3 3 3 3 3 3 3 3 3 3 3 3 3 3 3 3,1817425031003495342969905132421087131214584586244838594416,1817425031003495342969905132421087131214584586244838594416,987264928727569770436756191475819049866946060493943582506,1.0,1.8408686241350356,1.8408686241350356,655671,8252929
32,1,100,0.01,even_odd,5,0x2dd581e3,3,0.25,8,4 3 4 3 4 3 4 3 4 3 4 3 4 3 4 3 3 3 3 3 3 3 3 3 3 3 3 3 3 3 3 3,1817425031003495342969905132421087131214584586244838594416,1518586686979430672481565026754532535813528731459613456408,835574131006688345600418633609757643014291487493568237608,1.1967871485943775,2.175061390201114,1.8174170676512664,647350,8311620
32,1,100,0.01,forward,5,0x2dd581e3,3,0.5,16,4 4 4 4 4 4 4 4 4 4 4 4 4 4 4 4 3 3 3 3 3 3 3 3 3 3 3 3 3 3 3 3,1219748342955366001993224921087977940412472876674388318400,1219748342955366001993224921087977940412472876674388318400,831739550288697244527092629946465244610557928801682357208,1.0,1.4665027562197694,1.4665027562197694,646429,8216400
32,1,100,0.01,even_odd,5,0x2dd581e3,3,0.5,16,4 3 4 3 4 3 4 3 4 3 4 3 4 3 4 3 4 3 4 3 4 3 4 3 4 3 4 3 4 3 4 3,1219748342955366001993224921087977940412472876674388318400,323233310883171990528204604088314154209305312318712904376,232568509471904225967916083013401083573239570421710281204,3.7735849056603774,5.244684010423687,1.3898412627622772,632709,8193101
32,1,100,0.01,forward,5,0x2dd581e3,3,0.75,24,4 4 4 4 4 4 4 4 4 4 4 4 4 4 4 4 4 4 4 4 4 4 4 4 3 3 3 3 3 3 3 3,622071654907236661016544709754868749610361167103938042384,622071654907236661016544709754868749610361167103938042384,530598308192874317900522897492189696936945369280078933906,1.0,1.1723966045536494,1.1723966045536494,647495,8168899
32,1,100,0.01,even_odd,5,0x2dd581e3,3,0.75,24,4 4 4 4 4 4 4 4 4 4 4 4 4 4 4 4 4 3 4 3 4 3 4 3 4 3 4 3 4 3 4 3,622071654907236661016544709754868749610361167103938042384,173814138871139655284034551255036856508777384926100335372,156295814456057061195771316694292855020410658064906695898,3.5789473684210527,3.980091578729599,1.1120844117038586,625979,8245365
32,1,100,0.01,forward,5,0x2dd581e3,3,1.0,32,4 4 4 4 4 4 4 4 4 4 4 4 4 4 4 4 4 4 4 4 4 4 4 4 4 4 4 4 4 4 4 4,24394966859107320039864498421759558808249457533487766368,24394966859107320039864498421759558808249457533487766368,13029209388532564900937798623333089599958639513807802392,1.0,1.8723290210208865,1.8723290210208865,663014,8268078
32,1,100,0.01,even_odd,5,0x2dd581e3,3,1.0,32,4 4 4 4 4 4 4 4 4 4 4 4 4 4 4 4 4 4 4 4 4 4 4 4 4 4 4 4 4 4 4 4,24394966859107320039864498421759558808249457533487766368,24394966859107320039864498421759558808249457533487766368,13029209388532564900937798623333089599958639513807802392,1.0,1.8723290210208865,1.8723290210208865,652359,8244144
32,1,100,0.01,forward,6,0xe2b78a4,0,0.0,0,0 0 0 0 0 0 0 0 0 0 0 0 0 0 0 0 0 0 0 0 0 0 0 0 0 0 0 0 0 0 0 0,2343370782894072379208687812459352937056478399133278975691299168,2343370782894072379208687812459352937056478399133278975691299168,369133053975385559340281870213626343315682956975148909067397502,1.0,6.34830925504258,6.34830925504258,761217,8286907
32,1,100,0.01,even_odd,6,0xe2b78a4,0,0.0,0,0 0 0 0 0 0 0 0 0 0 0 0 0 0 0 0 0 0 0 0 0 0 0 0 0 0 0 0 0 0 0 0,2343370782894072379208687812459352937056478399133278975691299168,2343370782894072379208687812459352937056478399133278975691299168,369133053975385559340281870213626343315682956975148909067397502,1.0,6.34830925504258,6.34830925504258,766181,8232428
32,1,100,0.01,forward,6,0xe2b78a4,0,0.25,8,1 1 1 1 1 1 1 1 0 0 0 0 0 0 0 0 0 0 0 0 0 0 0 0 0 0 0 0 0 0 0 0,1763445690157660527788355980083048422330380209448780643323250384,1763445690157660527788355980083048422330380209448780643323250384,369133053975385559340281870213626343315682956975148909067397502,1.0,4.777263025259315,4.777263025259315,718488,8248209
32,1,100,0.01,even_odd,6,0xe2b78a4,0,0.25,8,1 0 1 0 1 0 1 0 1 0 1 0 1 0 1 0 0 0 0 0 0 0 0 0 0 0 0 0 0 0 0 0,1763445690157660527788355980083048422330380209448780643323250384,1328501870605351639223107105800820036285806567185406894047213796,297367098065160294005657854892555433685321136024807409352716702,1.3273942093541202,5.930197730790133,4.467548290477802,739003,8082497
32,1,100,0.01,forward,6,0xe2b78a4,0,0.5,16,1 1 1 1 1 1 1 1 1 1 1 1 1 1 1 1 0 0 0 0 0 0 0 0 0 0 0 0 0 0 0 0,1183520597421248676368024147706743907604282019764282310955201600,1183520597421248676368024147706743907604282019764282310955201600,297367098065160294005657854892555433685321136024807409352716702,1.0,3.9799984770403576,3.9799984770403576,728586,8193862
32,1,100,0.01,even_odd,6,0xe2b78a4,0,0.5,16,1 0 1 0 1 0 1 0 1 0 1 0 1 0 1 0 1 0 1 0 1 0 1 0 1 0 1 0 1 0 1 0,1183520597421248676368024147706743907604282019764282310955201600,386123594908682380665067878189325199855897008948097103949134522,76219253298873557784514023190610047606577253073947634061838396,3.0651340996168583,15.527842981882635,5.06595877283921,708414,8139041
32,1,100,0.01,forward,6,0xe2b78a4,0,0.75,24,1 1 1 1 1 1 1 1 1 1 1 1 1 1 1 1 1 1 1 1 1 1 1 1 0 0 0 0 0 0 0 0,603595504684836824947692315330439392878183830079783978587152816,603595504684836824947692315330439392878183830079783978587152816,297367098065160294005657854892555433685321136024807409352716702,1.0,2.0297992232905826,2.0297992232905826,689223,8225099
32,1,100,0.01,even_odd,6,0xe2b78a4,0,0.75,24,1 1 1 1 1 1 1 1 1 1 1 1 1 1 1 1 1 0 1 0 1 0 1 0 1 0 1 0 1 0 1 0,603595504684836824947692315330439392878183830079783978587152816,241142321724579417809984920095249071174372461526972520857122326,75494344653315726821538023035851755590108951852227012852599196,2.503067484662577,7.995241331740295,3.1941772967491864,692351,8187679
32,1,100,0.01,forward,6,0xe2b78a4,0,1.0,32,1 1 1 1 1 1 1 1 1 1 1 1 1 1 1 1 1 1 1 1 1 1 1 1 1 1 1 1 1 1 1 1,23670411948424973527360482954134878152085640395285646219104032,23670411948424973527360482954134878152085640395285646219104032,5947642355215332647134299415677564996929189701420395001986600,1.0,3.979797461706655,3.979797461706655,717777,8137776
32,1,100,0.01,even_odd,6,0xe2b78a4,0,1.0,32,1 1 1 1 1 1 1 1 1 1 1 1 1 1 1 1 1 1 1 1 1 1 1 1 1 1 1 1 1 1 1 1,23670411948424973527360482954134878152085640395285646219104032,23670411948424973527360482954134878152085640395285646219104032,5947642355215332647134299415677564996929189701420395001986600,1.0,3.979797461706655,3.979797461706655,695726,8195361
32,1,100,0.01,forward,6,0xe2b78a4,1,0.0,0,1 1 1 1 1 1 1 1 1 1 1 1 1 1 1 1 1 1 1 1 1 1 1 1 1 1 1 1 1 1 1 1,23670411948424973527360482954134878152085640395285646219104032,23670411948424973527360482954134878152085640395285646219104032,5947642355215332647134299415677564996929189701420395001986600,1.0,3.979797461706655,3.979797461706655,731688,8307247
32,1,100,0.01,even_odd,6,0xe2b78a4,1,0.0,0,1 1 1 1 1 1 1 1 1 1 1 1 1 1 1 1 1 1 1 1 1 1 1 1 1 1 1 1 1 1 1 1,23670411948424973527360482954134878152085640395285646219104032,23670411948424973527360482954134878152085640395285646219104032,5947642355215332647134299415677564996929189701420395001986600,1.0,3.979797461706655,3.979797461706655,744793,8159573
32,1,100,0.01,forward,6,0xe2b78a4,1,0.25,8,2 2 2 2 2 2 2 2 1 1 1 1 1 1 1 1 1 1 1 1 1 1 1 1 1 1 1 1 1 1 1 1,17812582728865257856448040202859074973034143529785663063871216,17812582728865257856448040202859074973034143529785663063871216,5947642355215332647134299415677564996929189701420395001986600,1.0,2.99489808987016,2.99489808987016,708688,8004635
32,1,100,0.01,even_odd,6,0xe2b78a4,1,0.25,8,2 1 2 1 2 1 2 1 2 1 2 1 2 1 2 1 1 1 1 1 1 1 1 1 1 1 1 1 1 1 1 1,17812582728865257856448040202859074973034143529785663063871216,13419210814195471103263708139402222588745520880660675697446604,5940094392064439377763828016584225527509166966183247379884106,1.3273942093541202,2.9987036489961594,2.2590905006699256,701699,8099601
32,1,100,0.01,forward,6,0xe2b78a4,1,0.5,16,2 2 2 2 2 2 2 2 2 2 2 2 2 2 2 2 1 1 1 1 1 1 1 1 1 1 1 1 1 1 1 1,11954753509305542185535597451583271793982646664285679908638400,11954753509305542185535597451583271793982646664285679908638400,5940094392064439377763828016584225527509166966183247379884106,1.0,2.012552784561181,2.012552784561181,712333,8197494
32,1,100,0.01,even_odd,6,0xe2b78a4,1,0.5,16,2 1 2 1 2 1 2 1 2 1 2 1 2 1 2 1 2 1 2 1 2 1 2 1 2 1 2 1 2 1 2 1,11954753509305542185535597451583271793982646664285679908638400,3900238332410933138030988668579042422786838474223203070193278,1494572899256504273761245533876362729749563338332803806477200,3.0651340996168583,7.998775780861942,2.6096005985062085,719739,8144843
32,1,100,0.01,forward,6,0xe2b78a4,1,0.75,24,2 2 2 2 2 2 2 2 2 2 2 2 2 2 2 2 2 2 2 2 2 2 2 2 1 1 1 1 1 1 1 1,6096924289745826514623154700307468614931149798785696753405584,6096924289745826514623154700307468614931149798785696753405584,3735936713709209852860599332723166646728115249852219200997200,1.0,1.6319666945569107,1.6319666945569107,670692,8170269
32,1,100,0.01,even_odd,6,0xe2b78a4,1,0.75,24,2 2 2 2 2 2 2 2 2 2 2 2 2 2 2 2 2 1 2 1 2 1 2 1 2 1 2 1 2 1 2 1,6096924289745826514623154700307468614931149798785696753405584,2435781027521004220302877980760091628023964257848207281385074,1494572899256504273761245533876362729749563338332803806477200,2.503067484662577,4.079375648239591,1.6297505653506208,692971,7955336
32,1,100,0.01,forward,6,0xe2b78a4,1,1.0,32,2 2 2 2 2 2 2 2 2 2 2 2 2 2 2 2 2 2 2 2 2 2 2 2 2 2 2 2 2 2 2 2,239095070186110843710711949031665435879652933285713598172768,239095070186110843710711949031665435879652933285713598172768,75020652950260649091454618293583933521440400144266141398698,1.0,3.18705664085106,3.18705664085106,682510,8140511
32,1,100,0.01,even_odd,6,0xe2b78a4,1,1.0,32,2 2 2 2 2 2 2 2 2 2 2 2 2 2 2 2 2 2 2 2 2 2 2 2 2 2 2 2 2 2 2 2,239095070186110843710711949031665435879652933285713598172768,239095070186110843710711949031665435879652933285713598172768,75020652950260649091454618293583933521440400144266141398698,1.0,3.18705664085106,3.18705664085106,695202,8090343
32,1,100,0.01,forward,6,0xe2b78a4,2,0.0,0,2 2 2 2 2 2 2 2 2 2 2 2 2 2 2 2 2 2 2 2 2 2 2 2 2 2 2 2 2 2 2 2,239095070186110843710711949031665435879652933285713598172768,239095070186110843710711949031665435879652933285713598172768,75020652950260649091454618293583933521440400144266141398698,1.0,3.18705664085106,3.18705664085106,712227,8010106
32,1,100,0.01,even_odd,6,0xe2b78a4,2,0.0,0,2 2 2 2 2 2 2 2 2 2 2 2 2 2 2 2 2 2 2 2 2 2 2 2 2 2 2 2 2 2 2 2,239095070186110843710711949031665435879652933285713598172768,239095070186110843710711949031665435879652933285713598172768,75020652950260649091454618293583933521440400144266141398698,1.0,3.18705664085106,3.18705664085106,721211,8152349
32,1,100,0.01,forward,6,0xe2b78a4,2,0.25,8,3 3 3 3 3 3 3 3 2 2 2 2 2 2 2 2 2 2 2 2 2 2 2 2 2 2 2 2 2 2 2 2,179925078069346038954020608109687625990243874038239020847184,179925078069346038954020608109687625990243874038239020847184,75020652950260649091454618293583933521440400144266141398698,1.0,2.3983406034687267,2.3983406034687267,669451,8026977
32,1,100,0.01,even_odd,6,0xe2b78a4,2,0.25,8,3 2 3 2 3 2 3 2 3 2 3 2 3 2 3 2 2 2 2 2 2 2 2 2 2 2 2 2 2 2 2 2,179925078069346038954020608109687625990243874038239020847184,135547583981772435386502102418204268573187079602633087852996,74944403043846729593359647299088673641179512768812757701192,1.3273942093541202,2.4007807222652726,1.8086418528474955,708271,8076223
32,1,100,0.01,forward,6,0xe2b78a4,2,0.5,16,3 3 3 3 3 3 3 3 3 3 3 3 3 3 3 3 2 2 2 2 2 2 2 2 2 2 2 2 2 2 2 2,120755085952581234197329267187709816100834814790764443521600,120755085952581234197329267187709816100834814790764443521600,74944403043846729593359647299088673641179512768812757701192,1.0,1.6112622297082366,1.6112622297082366,681780,8192838
32,1,100,0.01,even_odd,6,0xe2b78a4,2,0.5,16,3 2 3 2 3 2 3 2 3 2 3 2 3 2 3 2 3 2 3 2 3 2 3 2 3 2 3 2 3 2 3 2,120755085952581234197329267187709816100834814790764443521600,39396346792029627656878673419990327502897358325486899698922,15399338387850045454771682227298611741501248558570041637996,3.0651340996168583,7.841576236019076,2.5583142470012237,670433,8090110
32,1,100,0.01,forward,6,0xe2b78a4,2,0.75,24,3 3 3 3 3 3 3 3 3 3 3 3 3 3 3 3 3 3 3 3 3 3 3 3 2 2 2 2 2 2 2 2,61585093835816429440637926265732006211425755543289866196016,61585093835816429440637926265732006211425755543289866196016,45132983496506811229541966430632747920298508667067849448498,1.0,1.3645252111592174,1.3645252111592174,654910,8008335
32,1,100,0.01,even_odd,6,0xe2b78a4,2,0.75,24,3 3 3 3 3 3 3 3 3 3 3 3 3 3 3 3 3 2 3 2 3 2 3 2 3 2 3 2 3 2 3 2,61585093835816429440637926265732006211425755543289866196016,24603848762838426467705838189495875030545093513618255367526,15398568266112376515952125916810565677893451115937948216702,2.503067484662577,3.9994038907725415,1.5978010642056968,662585,8144090
32,1,100,0.01,forward,6,0xe2b78a4,2,1.0,32,3 3 3 3 3 3 3 3 3 3 3 3 3 3 3 3 3 3 3 3 3 3 3 3 3 3 3 3 3 3 3 3,2415101719051624683946585343754196322016696295815288870432,2415101719051624683946585343754196322016696295815288870432,910268314586450053853106866017193988703031676545797096404,1.0,2.6531756410183798,2.6531756410183798,657119,8043388
32,1,100,0.01,even_odd,6,0xe2b78a4,2,1.0,32,3 3 3 3 3 3 3 3 3 3 3 3 3 3 3 3 3 3 3 3 3 3 3 3 3 3 3 3 3 3 3 3,2415101719051624683946585343754196322016696295815288870432,2415101719051624683946585343754196322016696295815288870432,910268314586450053853106866017193988703031676545797096404,1.0,2.6531756410183798,2.6531756410183798,665706,8032527
32,1,100,0.01,forward,6,0xe2b78a4,3,0.0,0,3 3 3 3 3 3 3 3 3 3 3 3 3 3 3 3 3 3 3 3 3 3 3 3 3 3 3 3 3 3 3 3,2415101719051624683946585343754196322016696295815288870432,2415101719051624683946585343754196322016696295815288870432,910268314586450053853106866017193988703031676545797096404,1.0,2.6531756410183798,2.6531756410183798,666226,8199748
32,1,100,0.01,even_odd,6,0xe2b78a4,3,0.0,0,3 3 3 3 3 3 3 3 3 3 3 3 3 3 3 3 3 3 3 3 3 3 3 3 3 3 3 3 3 3 3 3,2415101719051624683946585343754196322016696295815288870432,2415101719051624683946585343754196322016696295815288870432,910268314586450053853106866017193988703031676545797096404,1.0,2.6531756410183798,2.6531756410183798,656775,8095025
32,1,100,0.01,forward,6,0xe2b78a4,3,0.25,8,4 4 4 4 4 4 4 4 3 3 3 3 3 3 3 3 3 3 3 3 3 3 3 3 3 3 3 3 3 3 3 3,1817425031003495342969905132421087131214584586244838594416,1817425031003495342969905132421087131214584586244838594416,910268314586450053853106866017193988703031676545797096404,1.0,1.9965816692512048,1.9965816692512048,664447,8223801
32,1,100,0.01,even_odd,6,0xe2b78a4,3,0.25,8,4 3 4 3 4 3 4 3 4 3 4 3 4 3 4 3 3 3 3 3 3 3 3 3 3 3 3 3 3 3 3 3,1817425031003495342969905132421087131214584586244838594416,1369167514967398337237394973921255238113000804067000887404,908720529426801037184044463977498294410433032945267653910,1.3273942093541202,1.9999823621789232,1.5066981218428466,656829,7939177
32,1,100,0.01,forward,6,0xe2b78a4,3,0.5,16,4 4 4 4 4 4 4 4 4 4 4 4 4 4 4 4 3 3 3 3 3 3 3 3 3 3 3 3 3 3 3 3,1219748342955366001993224921087977940412472876674388318400,1219748342955366001993224921087977940412472876674388318400,908720529426801037184044463977498294410433032945267653910,1.0,1.342270041730821,1.342270041730821,687707,7966801
32,1,100,0.01,even_odd,6,0xe2b78a4,3,0.5,16,4 3 4 3 4 3 4 3 4 3 4 3 4 3 4 3 4 3 4 3 4 3 4 3 4 3 4 3 4 3 4 3,1219748342955366001993224921087977940412472876674388318400,397942896889188158150289630504952803059569276015019188878,230250679603110879904429732647048403172420035574467377600,3.0651340996168583,5.297479881744011,1.7283028114189836,676873,7897839
32,1,100,0.01,forward,6,0xe2b78a4,3,0.75,24,4 4 4 4 4 4 4 4 4 4 4 4 4 4 4 4 4 4 4 4 4 4 4 4 3 3 3 3 3 3 3 3,622071654907236661016544709754868749610361167103938042384,622071654907236661016544709754868749610361167103938042384,530598308192953654789175596423030041984592334070729006204,1.0,1.1723966045534742,1.1723966045534742,665078,7976974
32,1,100,0.01,even_odd,6,0xe2b78a4,3,0.75,24,4 4 4 4 4 4 4 4 4 4 4 4 4 4 4 4 4 3 4 3 4 3 4 3 4 3 4 3 4 3 4 3,622071654907236661016544709754868749610361167103938042384,248523724877155822906119577671675505359041348622406619874,230250679603110879904429732647048403172420035574467377600,2.503067484662577,2.7017147396894456,1.0793615259053422,651073,8277862
32,1,100,0.01,forward,6,0xe2b78a4,3,1.0,32,4 4 4 4 4 4 4 4 4 4 4 4 4 4 4 4 4 4 4 4 4 4 4 4 4 4 4 4 4 4 4 4,24394966859107320039864498421759558808249457533487766368,24394966859107320039864498421759558808249457533487766368,12259165457129448206522841443970521608460659529590408494,1.0,1.9899369940325071,1.9899369940325071,663115,8012780
32,1,100,0.01,even_odd,6,0xe2b78a4,3,1.0,32,4 4 4 4 4 4 4 4 4 4 4 4 4 4 4 4 4 4 4 4 4 4 4 4 4 4 4 4 4 4 4 4,24394966859107320039864498421759558808249457533487766368,24394966859107320039864498421759558808249457533487766368,12259165457129448206522841443970521608460659529590408494,1.0,1.9899369940325071,1.9899369940325071,634591,7951511
32,1,100,0.01,forward,7,0x116f8134,0,0.0,0,0 0 0 0 0 0 0 0 0 0 0 0 0 0 0 0 0 0 0 0 0 0 0 0 0 0 0 0 0 0 0 0,2343370782894072379208687812459352937056478399133278975691299168,2343370782894072379208687812459352937056478399133278975691299168,517073279589428848673400584153153956430213991349891247409686094,1.0,4.531989710926035,4.531989710926035,730888,8368138
32,1,100,0.01,even_odd,7,0x116f8134,0,0.0,0,0 0 0 0 0 0 0 0 0 0 0 0 0 0 0 0 0 0 0 0 0 0 0 0 0 0 0 0 0 0 0 0,2343370782894072379208687812459352937056478399133278975691299168,2343370782894072379208687812459352937056478399133278975691299168,517073279589428848673400584153153956430213991349891247409686094,1.0,4.531989710926035,4.531989710926035,748625,8371292
32,1,100,0.01,forward,7,0x116f8134,0,0.25,8,1 1 1 1 1 1 1 1 0 0 0 0 0 0 0 0 0 0 0 0 0 0 0 0 0 0 0 0 0 0 0 0,1763445690157660527788355980083048422330380209448780643323250384,1763445690157660527788355980083048422330380209448780643323250384,517073279589428848673400584153153956430213991349891247409686094,1.0,3.4104367016564603,3.4104367016564603,736218,8402355
32,1,100,0.01,even_odd,7,0x116f8134,0,0.25,8,1 0 1 0 1 0 1 0 1 0 1 0 1 0 1 0 0 0 0 0 0 0 0 0 0 0 0 0 0 0 0 0,1763445690157660527788355980083048422330380209448780643323250384,1545973780381506083505731542941934229308093388317093768685232090,444582568302961218900111593859034434646048086495361381672211004,1.14066985645933,3.9665200929694544,3.4773603164035904,741335,8413925
32,1,100,0.01,forward,7,0x116f8134,0,0.5,16,1 1 1 1 1 1 1 1 1 1 1 1 1 1 1 1 0 0 0 0 0 0 0 0 0 0 0 0 0 0 0 0,1183520597421248676368024147706743907604282019764282310955201600,1183520597421248676368024147706743907604282019764282310955201600,294423315516535363029258307343464828643389400806585618639935894,1.0,4.019792370535885,4.019792370535885,713494,9537547
32,1,100,0.01,even_odd,7,0x116f8134,0,0.5,16,1 0 1 0 1 0 1 0 1 0 1 0 1 0 1 0 1 0 1 0 1 0 1 0 1 0 1 0 1 0 1 0,1183520597421248676368024147706743907604282019764282310955201600,458614231500733862092609357236363264196659282658659395495140620,77713599012146722323232394038484063900663425138338970812770604,2.5806451612903225,15.229259903871691,5.90133821275028,861705,10240798
32,1,100,0.01,forward,7,0x116f8134,0,0.75,24,1 1 1 1 1 1 1 1 1 1 1 1 1 1 1 1 1 1 1 1 1 1 1 1 0 0 0 0 0 0 0 0,603595504684836824947692315330439392878183830079783978587152816,603595504684836824947692315330439392878183830079783978587152816,294423315516535363029258307343464828643389400806585618639935894,1.0,2.0500941089733016,2.0500941089733016,828540,9689170
32,1,100,0.01,even_odd,7,0x116f8134,0,0.75,24,1 1 1 1 1 1 1 1 1 1 1 1 1 1 1 1 1 0 1 0 1 0 1 0 1 0 1 0 1 0 1 0,603595504684836824947692315330439392878183830079783978587152816,168651685132527936382443441048211006833610187816410229311116228,76981369605212705860875939591068715195772860442838669138654694,3.5789473684210527,7.840799764674037,2.1908116989530395,864875,9351135
32,1,100,0.01,forward,7,0x116f8134,0,1.0,32,1 1 1 1 1 1 1 1 1 1 1 1 1 1 1 1 1 1 1 1 1 1 1 1 1 1 1 1 1 1 1 1,23670411948424973527360482954134878152085640395285646219104032,23670411948424973527360482954134878152085640395285646219104032,7449459034553041383201819368008212971446611178044708949208208,1.0,3.1774672279737115,3.1774672279737115,728202,8332730
32,1,100,0.01,even_odd,7,0x116f8134,0,1.0,32,1 1 1 1 1 1 1 1 1 1 1 1 1 1 1 1 1 1 1 1 1 1 1 1 1 1 1 1 1 1 1 1,23670411948424973527360482954134878152085640395285646219104032,23670411948424973527360482954134878152085640395285646219104032,7449459034553041383201819368008212971446611178044708949208208,1.0,3.1774672279737115,3.1774672279737115,692418,8436605
32,1,100,0.01,forward,7,0x116f8134,1,0.0,0,1 1 1 1 1 1 1 1 1 1 1 1 1 1 1 1 1 1 1 1 1 1 1 1 1 1 1 1 1 1 1 1,23670411948424973527360482954134878152085640395285646219104032,23670411948424973527360482954134878152085640395285646219104032,7449459034553041383201819368008212971446611178044708949208208,1.0,3.1774672279737115,3.1774672279737115,696733,8319696
32,1,100,0.01,even_odd,7,0x116f8134,1,0.0,0,1 1 1 1 1 1 1 1 1 1 1 1 1 1 1 1 1 1 1 1 1 1 1 1 1 1 1 1 1 1 1 1,23670411948424973527360482954134878152085640395285646219104032,23670411948424973527360482954134878152085640395285646219104032,7449459034553041383201819368008212971446611178044708949208208,1.0,3.1774672279737115,3.1774672279737115,705571,8343052
32,1,100,0.01,forward,7,0x116f8134,1,0.25,8,2 2 2 2 2 2 2 2 1 1 1 1 1 1 1 1 1 1 1 1 1 1 1 1 1 1 1 1 1 1 1 1,17812582728865257856448040202859074973034143529785663063871216,17812582728865257856448040202859074973034143529785663063871216,6709834140872472499406498201168147011948695799237640818558008,1.0,2.654697918740076,2.654697918740076,711098,8392249
32,1,100,0.01,even_odd,7,0x116f8134,1,0.25,8,2 1 2 1 2 1 2 1 2 1 2 1 2 1 2 1 1 1 1 1 1 1 1 1 1 1 1 1 1 1 1 1,17812582728865257856448040202859074973034143529785663063871216,15615896771530364479855874171130648780889832205223169380658910,6709760186004190346094240212447119926192932085786988128193098,1.14066985645933,2.6547271787776134,2.32734052166326,707458,8324711
32,1,100,0.01,forward,7,0x116f8134,1,0.5,16,2 2 2 2 2 2 2 2 2 2 2 2 2 2 2 2 1 1 1 1 1 1 1 1 1 1 1 1 1 1 1 1,11954753509305542185535597451583271793982646664285679908638400,11954753509305542185535597451583271793982646664285679908638400,5185451339369492285147584395680787600610495920754015041078408,1.0,2.3054412676754845,2.3054412676754845,695728,8383713
32,1,100,0.01,even_odd,7,0x116f8134,1,0.5,16,2 1 2 1 2 1 2 1 2 1 2 1 2 1 2 1 2 1 2 1 2 1 2 1 2 1 2 1 2 1 2 1,11954753509305542185535597451583271793982646664285679908638400,4632466984855897596895044012488517820168275582410700964597380,1517214501052507108593675485712344729711370695443447094533098,2.5806451612903225,7.879408943832535,3.0532709657351074,710511,8326404
32,1,100,0.01,forward,7,0x116f8134,1,0.75,24,2 2 2 2 2 2 2 2 2 2 2 2 2 2 2 2 2 2 2 2 2 2 2 2 1 1 1 1 1 1 1 1,6096924289745826514623154700307468614931149798785696753405584,6096924289745826514623154700307468614931149798785696753405584,5185451339369492285147584395680787600610495920754015041078408,1.0,1.1757750465144972,1.1757750465144972,697682,8269410
32,1,100,0.01,even_odd,7,0x116f8134,1,0.75,24,2 2 2 2 2 2 2 2 2 2 2 2 2 2 2 2 2 1 2 1 2 1 2 1 2 1 2 1 2 1 2 1,6096924289745826514623154700307468614931149798785696753405584,1703552375076039761438822636850616230642527149660709386980972,1509818244416809972610276955940472520571061961145464249340008,3.5789473684210527,4.038184273035365,1.128316193936352,706740,8418211
32,1,100,0.01,forward,7,0x116f8134,1,1.0,32,2 2 2 2 2 2 2 2 2 2 2 2 2 2 2 2 2 2 2 2 2 2 2 2 2 2 2 2 2 2 2 2,239095070186110843710711949031665435879652933285713598172768,239095070186110843710711949031665435879652933285713598172768,90265967225558312999165682603336973974688439893996671727290,1.0,2.648784226602874,2.648784226602874,678420,8387272
32,1,100,0.01,even_odd,7,0x116f8134,1,1.0,32,2 2 2 2 2 2 2 2 2 2 2 2 2 2 2 2 2 2 2 2 2 2 2 2 2 2 2 2 2 2 2 2,239095070186110843710711949031665435879652933285713598172768,239095070186110843710711949031665435879652933285713598172768,90265967225558312999165682603336973974688439893996671727290,1.0,2.648784226602874,2.648784226602874,726579,8323331
32,1,100,0.01,forward,7,0x116f8134,2,0.0,0,2 2 2 2 2 2 2 2 2 2 2 2 2 2 2 2 2 2 2 2 2 2 2 2 2 2 2 2 2 2 2 2,239095070186110843710711949031665435879652933285713598172768,239095070186110843710711949031665435879652933285713598172768,90265967225558312999165682603336973974688439893996671727290,1.0,2.648784226602874,2.648784226602874,680936,8389367
32,1,100,0.01,even_odd,7,0x116f8134,2,0.0,0,2 2 2 2 2 2 2 2 2 2 2 2 2 2 2 2 2 2 2 2 2 2 2 2 2 2 2 2 2 2 2 2,239095070186110843710711949031665435879652933285713598172768,239095070186110843710711949031665435879652933285713598172768,90265967225558312999165682603336973974688439893996671727290,1.0,2.648784226602874,2.648784226602874,659297,8335956
32,1,100,0.01,forward,7,0x116f8134,2,0.25,8,3 3 3 3 3 3 3 3 2 2 2 2 2 2 2 2 2 2 2 2 2 2 2 2 2 2 2 2 2 2 2 2,179925078069346038954020608109687625990243874038239020847184,179925078069346038954020608109687625990243874038239020847184,82869733378471444871222790412537215713915441157508921192200,1.0,2.171179642241837,2.171179642241837,708037,8638208
32,1,100,0.01,even_odd,7,0x116f8134,2,0.25,8,3 2 3 2 3 2 3 2 3 2 3 2 3 2 3 2 2 2 2 2 2 2 2 2 2 2 2 2 2 2 2 2,179925078069346038954020608109687625990243874038239020847184,157736331025559237170261355263945947281715476820436054350090,82869733378471444871222790412537215713915441157508921192200,1.14066985645933,2.171179642241837,1.9034251058244291,693619,8621575
32,1,100,0.01,forward,7,0x116f8134,2,0.5,16,3 3 3 3 3 3 3 3 3 3 3 3 3 3 3 3 2 2 2 2 2 2 2 2 2 2 2 2 2 2 2 2,120755085952581234197329267187709816100834814790764443521600,120755085952581234197329267187709816100834814790764443521600,67397233659650565908059091855718896051683315211465089486890,1.0,1.7916920234795184,1.7916920234795184,704483,8696803
32,1,100,0.01,even_odd,7,0x116f8134,2,0.5,16,3 2 3 2 3 2 3 2 3 2 3 2 3 2 3 2 3 2 3 2 3 2 3 2 3 2 3 2 3 2 3 2,120755085952581234197329267187709816100834814790764443521600,46792595806625228251465091035237553739073490731421221864620,15552569351969799432535943012150223615240399816260513421204,2.5806451612903225,7.764317471909366,3.008673020364879,686687,8674452
32,1,100,0.01,forward,7,0x116f8134,2,0.75,24,3 3 3 3 3 3 3 3 3 3 3 3 3 3 3 3 3 3 3 3 3 3 3 3 2 2 2 2 2 2 2 2,61585093835816429440637926265732006211425755543289866196016,61585093835816429440637926265732006211425755543289866196016,52604735630459364718886256625224443579331050399596445155494,1.0,1.1707138739075276,1.1707138739075276,717322,8639413
32,1,100,0.01,even_odd,7,0x116f8134,2,0.75,24,3 3 3 3 3 3 3 3 3 3 3 3 3 3 3 3 3 2 3 2 3 2 3 2 3 2 3 2 3 2 3 2,61585093835816429440637926265732006211425755543289866196016,17207599748242825873119420574248648794368961107683933201828,15477097578829420793916661392360294725815475921529596084094,3.5789473684210527,3.979111297977246,1.1118105097289364,701206,8587563
32,1,100,0.01,forward,7,0x116f8134,2,1.0,32,3 3 3 3 3 3 3 3 3 3 3 3 3 3 3 3 3 3 3 3 3 3 3 3 3 3 3 3 3 3 3 3,2415101719051624683946585343754196322016696295815288870432,2415101719051624683946585343754196322016696295815288870432,1137446287889757492661771512734533871726664873749845947012,1.0,2.1232666058739635,2.1232666058739635,687362,8599582
32,1,100,0.01,even_odd,7,0x116f8134,2,1.0,32,3 3 3 3 3 3 3 3 3 3 3 3 3 3 3 3 3 3 3 3 3 3 3 3 3 3 3 3 3 3 3 3,2415101719051624683946585343754196322016696295815288870432,2415101719051624683946585343754196322016696295815288870432,1137446287889757492661771512734533871726664873749845947012,1.0,2.1232666058739635,2.1232666058739635,698623,8679491
32,1,100,0.01,forward,7,0x116f8134,3,0.0,0,3 3 3 3 3 3 3 3 3 3 3 3 3 3 3 3 3 3 3 3 3 3 3 3 3 3 3 3 3 3 3 3,2415101719051624683946585343754196322016696295815288870432,2415101719051624683946585343754196322016696295815288870432,1137446287889757492661771512734533871726664873749845947012,1.0,2.1232666058739635,2.1232666058739635,694199,8641149
32,1,100,0.01,even_odd,7,0x116f8134,3,0.0,0,3 3 3 3 3 3 3 3 3 3 3 3 3 3 3 3 3 3 3 3 3 3 3 3 3 3 3 3 3 3 3 3,2415101719051624683946585343754196322016696295815288870432,2415101719051624683946585343754196322016696295815288870432,1137446287889757492661771512734533871726664873749845947012,1.0,2.1232666058739635,2.1232666058739635,735348,9633906
32,1,100,0.01,forward,7,0x116f8134,3,0.25,8,4 4 4 4 4 4 4 4 3 3 3 3 3 3 3 3 3 3 3 3 3 3 3 3 3 3 3 3 3 3 3 3,1817425031003495342969905132421087131214584586244838594416,1817425031003495342969905132421087131214584586244838594416,1137446287889757492661771512734533871726664873749845947012,1.0,1.5978117387637403,1.5978117387637403,742307,8876967
32,1,100,0.01,even_odd,7,0x116f8134,3,0.25,8,4 3 4 3 4 3 4 3 4 3 4 3 4 3 4 3 3 3 3 3 3 3 3 3 3 3 3 3 3 3 3 3,1817425031003495342969905132421087131214584586244838594416,1593296272985446840103650053171171184663792695155919740910,988766358083297703713720065458495062386157720244217382502,1.14066985645933,1.8380732881391055,1.6113981427058435,772642,8619848
32,1,100,0.01,forward,7,0x116f8134,3,0.5,16,4 4 4 4 4 4 4 4 4 4 4 4 4 4 4 4 3 3 3 3 3 3 3 3 3 3 3 3 3 3 3 3,1219748342955366001993224921087977940412472876674388318400,1219748342955366001993224921087977940412472876674388318400,834811554168272413279319736756005436926511818588959458012,1.0,1.4611062063828386,1.4611062063828386,682357,8478145
32,1,100,0.01,even_odd,7,0x116f8134,3,0.5,16,4 3 4 3 4 3 4 3 4 3 4 3 4 3 4 3 4 3 4 3 4 3 4 3 4 3 4 3 4 3 4 3,1219748342955366001993224921087977940412472876674388318400,472652482895204325772374656921591451909833239711325473380,231806246126923232597195561892903533852692244668634702898,2.5806451612903225,5.261930441199176,2.038998045964681,671752,8413916
32,1,100,0.01,forward,7,0x116f8134,3,0.75,24,4 4 4 4 4 4 4 4 4 4 4 4 4 4 4 4 4 4 4 4 4 4 4 4 3 3 3 3 3 3 3 3,622071654907236661016544709754868749610361167103938042384,622071654907236661016544709754868749610361167103938042384,535973210144207742790979631089450841525455963803734320004,1.0,1.1606394557292583,1.1606394557292583,669863,8507679
32,1,100,0.01,even_odd,7,0x116f8134,3,0.75,24,4 4 4 4 4 4 4 4 4 4 4 4 4 4 4 4 4 3 4 3 4 3 4 3 4 3 4 3 4 3 4 3,622071654907236661016544709754868749610361167103938042384,173814138871139655284034551255036856508777384926100335372,157874404475910658361323689239005000558799067190338201204,3.5789473684210527,3.9402945459861147,1.100964652554944,724621,8444697
32,1,100,0.01,forward,7,0x116f8134,3,1.0,32,4 4 4 4 4 4 4 4 4 4 4 4 4 4 4 4 4 4 4 4 4 4 4 4 4 4 4 4 4 4 4 4,24394966859107320039864498421759558808249457533487766368,24394966859107320039864498421759558808249457533487766368,13784006457870526170890547112666693347451148746819557486,1.0,1.7698023382148116,1.7698023382148116,678908,8488556
32,1,100,0.01,even_odd,7,0x116f8134,3,1.0,32,4 4 4 4 4 4 4 4 4 4 4 4 4 4 4 4 4 4 4 4 4 4 4 4 4 4 4 4 4 4 4 4,24394966859107320039864498421759558808249457533487766368,24394966859107320039864498421759558808249457533487766368,13784006457870526170890547112666693347451148746819557486,1.0,1.7698023382148116,1.7698023382148116,666602,8489597
32,1,100,0.01,forward,8,0x654ae9e4,0,0.0,0,0 0 0 0 0 0 0 0 0 0 0 0 0 0 0 0 0 0 0 0 0 0 0 0 0 0 0 0 0 0 0 0,2343370782894072379208687812459352937056478399133278975691299168,2343370782894072379208687812459352937056478399133278975691299168,369125658473231874370554043973516141900002490658616703960506098,1.0,6.348436444615264,6.348436444615264,768604,8171149
32,1,100,0.01,even_odd,8,0x654ae9e4,0,0.0,0,0 0 0 0 0 0 0 0 0 0 0 0 0 0 0 0 0 0 0 0 0 0 0 0 0 0 0 0 0 0 0 0,2343370782894072379208687812459352937056478399133278975691299168,2343370782894072379208687812459352937056478399133278975691299168,369125658473231874370554043973516141900002490658616703960506098,1.0,6.348436444615264,6.348436444615264,745624,8090146
32,1,100,0.01,forward,8,0x654ae9e4,0,0.25,8,1 1 1 1 1 1 1 1 0 0 0 0 0 0 0 0 0 0 0 0 0 0 0 0 0 0 0 0 0 0 0 0,1763445690157660527788355980083048422330380209448780643323250384,1763445690157660527788355980083048422330380209448780643323250384,294415922308881628155251412274061324076452392391178522701116698,1.0,5.989641036830782,5.989641036830782,715943,8575922
32,1,100,0.01,even_odd,8,0x654ae9e4,0,0.25,8,1 0 1 0 1 0 1 0 1 0 1 0 1 0 1 0 0 0 0 0 0 0 0 0 0 0 0 0 0 0 0 0,1763445690157660527788355980083048422330380209448780643323250384,1328501870605351639223107105800820036285806567185406894047213796,221917659979555666918458045571615446111350330383841185613850600,1.3273942093541202,7.946396381072688,5.986463045472545,820461,8573218
32,1,100,0.01,forward,8,0x654ae9e4,0,0.5,16,1 1 1 1 1 1 1 1 1 1 1 1 1 1 1 1 0 0 0 0 0 0 0 0 0 0 0 0 0 0 0 0,1183520597421248676368024147706743907604282019764282310955201600,1183520597421248676368024147706743907604282019764282310955201600,221917659979555666918458045571615446111350330383841185613850600,1.0,5.333151933605831,5.333151933605831,749558,8915194
32,1,100,0.01,even_odd,8,0x654ae9e4,0,0.5,16,1 0 1 0 1 0 1 0 1 0 1 0 1 0 1 0 1 0 1 0 1 0 1 0 1 0 1 0 1 0 1 0,1183520597421248676368024147706743907604282019764282310955201600,241142321724579417809984920095249071174372461526972520857122326,76219178596831601370678388582124085976115834222265490575910200,4.9079754601226995,15.527858200645147,3.1638011083814486,800539,8534315
32,1,100,0.01,forward,8,0x654ae9e4,0,0.75,24,1 1 1 1 1 1 1 1 1 1 1 1 1 1 1 1 1 1 1 1 1 1 1 1 0 0 0 0 0 0 0 0,603595504684836824947692315330439392878183830079783978587152816,603595504684836824947692315330439392878183830079783978587152816,221917659979555666918458045571615446111350330383841185613850600,1.0,2.719907486138974,2.719907486138974,748322,8450507
32,1,100,0.01,even_odd,8,0x654ae9e4,0,0.75,24,1 1 1 1 1 1 1 1 1 1 1 1 1 1 1 1 1 0 1 0 1 0 1 0 1 0 1 0 1 0 1 0,603595504684836824947692315330439392878183830079783978587152816,96161048540476454954901962001172942492847914105847937765110130,74724833638360196510508860540380821376461345997318058512035498,6.276923076923077,8.077575757558856,1.2868686868659942,716121,8683261
32,1,100,0.01,forward,8,0x654ae9e4,0,1.0,32,1 1 1 1 1 1 1 1 1 1 1 1 1 1 1 1 1 1 1 1 1 1 1 1 1 1 1 1 1 1 1 1,23670411948424973527360482954134878152085640395285646219104032,23670411948424973527360482954134878152085640395285646219104032,5215337475885847694984023645803547386122663653223390397778404,1.0,4.538615584872473,4.538615584872473,735404,8676809
32,1,100,0.01,even_odd,8,0x654ae9e4,0,1.0,32,1 1 1 1 1 1 1 1 1 1 1 1 1 1 1 1 1 1 1 1 1 1 1 1 1 1 1 1 1 1 1 1,23670411948424973527360482954134878152085640395285646219104032,23670411948424973527360482954134878152085640395285646219104032,5215337475885847694984023645803547386122663653223390397778404,1.0,4.538615584872473,4.538615584872473,752747,8542533
32,1,100,0.01,forward,8,0x654ae9e4,1,0.0,0,1 1 1 1 1 1 1 1 1 1 1 1 1 1 1 1 1 1 1 1 1 1 1 1 1 1 1 1 1 1 1 1,23670411948424973527360482954134878152085640395285646219104032,23670411948424973527360482954134878152085640395285646219104032,5215337475885847694984023645803547386122663653223390397778404,1.0,4.538615584872473,4.538615584872473,753390,8527356
32,1,100,0.01,even_odd,8,0x654ae9e4,1,0.0,0,1 1 1 1 1 1 1 1 1 1 1 1 1 1 1 1 1 1 1 1 1 1 1 1 1 1 1 1 1 1 1 1,23670411948424973527360482954134878152085640395285646219104032,23670411948424973527360482954134878152085640395285646219104032,5215337475885847694984023645803547386122663653223390397778404,1.0,4.538615584872473,4.538615584872473,756919,8628855
32,1,100,0.01,forward,8,0x654ae9e4,1,0.25,8,2 2 2 2 2 2 2 2 1 1 1 1 1 1 1 1 1 1 1 1 1 1 1 1 1 1 1 1 1 1 1 1,17812582728865257856448040202859074973034143529785663063871216,17812582728865257856448040202859074973034143529785663063871216,4460997065544160440773631434726146113651141496742383318757604,1.0,3.99295997445191,3.99295997445191,776229,8481873
32,1,100,0.01,even_odd,8,0x654ae9e4,1,0.25,8,2 1 2 1 2 1 2 1 2 1 2 1 2 1 2 1 1 1 1 1 1 1 1 1 1 1 1 1 1 1 1 1,17812582728865257856448040202859074973034143529785663063871216,13419210814195471103263708139402222588745520880660675697446604,3720993279522223464550249649576718977950899483528041542553502,1.3273942093541202,4.787050497213582,3.606351800753185,703885,8513010
32,1,100,0.01,forward,8,0x654ae9e4,1,0.5,16,2 2 2 2 2 2 2 2 2 2 2 2 2 2 2 2 1 1 1 1 1 1 1 1 1 1 1 1 1 1 1 1,11954753509305542185535597451583271793982646664285679908638400,11954753509305542185535597451583271793982646664285679908638400,3720993279522223464550249649576718977950899483528041542553502,1.0,3.2127855685997195,3.2127855685997195,749061,8410095
32,1,100,0.01,even_odd,8,0x654ae9e4,1,0.5,16,2 1 2 1 2 1 2 1 2 1 2 1 2 1 2 1 2 1 2 1 2 1 2 1 2 1 2 1 2 1 2 1,11954753509305542185535597451583271793982646664285679908638400,2435781027521004220302877980760091628023964257848207281385074,784908828969063930530560633261026381079645831957431130745298,4.9079754601226995,15.230754283917886,3.1032661853482693,863060,8546898
32,1,100,0.01,forward,8,0x654ae9e4,1,0.75,24,2 2 2 2 2 2 2 2 2 2 2 2 2 2 2 2 2 2 2 2 2 2 2 2 1 1 1 1 1 1 1 1,6096924289745826514623154700307468614931149798785696753405584,6096924289745826514623154700307468614931149798785696753405584,3720993279522223464550249649576718977950899483528041542553502,1.0,1.638520639985857,1.638520639985857,724574,8522899
32,1,100,0.01,even_odd,8,0x654ae9e4,1,0.75,24,2 2 2 2 2 2 2 2 2 2 2 2 2 2 2 2 2 1 2 1 2 1 2 1 2 1 2 1 2 1 2 1,6096924289745826514623154700307468614931149798785696753405584,971323722631075302574767292941140833261090041473211492576870,769739756663307386489258712123405064183629128929640907190200,6.276923076923077,7.920760538828045,1.2618858701564286,712508,8594880
32,1,100,0.01,forward,8,0x654ae9e4,1,1.0,32,2 2 2 2 2 2 2 2 2 2 2 2 2 2 2 2 2 2 2 2 2 2 2 2 2 2 2 2 2 2 2 2,239095070186110843710711949031665435879652933285713598172768,239095070186110843710711949031665435879652933285713598172768,82492365957441633318627921768209237869733852635953983937894,1.0,2.8983902620693605,2.8983902620693605,716632,8464488
32,1,100,0.01,even_odd,8,0x654ae9e4,1,1.0,32,2 2 2 2 2 2 2 2 2 2 2 2 2 2 2 2 2 2 2 2 2 2 2 2 2 2 2 2 2 2 2 2,239095070186110843710711949031665435879652933285713598172768,239095070186110843710711949031665435879652933285713598172768,82492365957441633318627921768209237869733852635953983937894,1.0,2.8983902620693605,2.8983902620693605,769278,8451403
32,1,100,0.01,forward,8,0x654ae9e4,2,0.0,0,2 2 2 2 2 2 2 2 2 2 2 2 2 2 2 2 2 2 2 2 2 2 2 2 2 2 2 2 2 2 2 2,239095070186110843710711949031665435879652933285713598172768,239095070186110843710711949031665435879652933285713598172768,82492365957441633318627921768209237869733852635953983937894,1.0,2.8983902620693605,2.8983902620693605,720110,9081255
32,1,100,0.01,even_odd,8,0x654ae9e4,2,0.0,0,2 2 2 2 2 2 2 2 2 2 2 2 2 2 2 2 2 2 2 2 2 2 2 2 2 2 2 2 2 2 2 2,239095070186110843710711949031665435879652933285713598172768,239095070186110843710711949031665435879652933285713598172768,82492365957441633318627921768209237869733852635953983937894,1.0,2.8983902620693605,2.8983902620693605,732367,8457573
32,1,100,0.01,forward,8,0x654ae9e4,2,0.25,8,3 3 3 3 3 3 3 3 2 2 2 2 2 2 2 2 2 2 2 2 2 2 2 2 2 2 2 2 2 2 2 2,179925078069346038954020608109687625990243874038239020847184,179925078069346038954020608109687625990243874038239020847184,60004026005915691901164022452214329114674899804369150667694,1.0,2.99855009814854,2.99855009814854,751030,8423596
32,1,100,0.01,even_odd,8,0x654ae9e4,2,0.25,8,3 2 3 2 3 2 3 2 3 2 3 2 3 2 3 2 2 2 2 2 2 2 2 2 2 2 2 2 2 2 2 2,179925078069346038954020608109687625990243874038239020847184,135547583981772435386502102418204268573187079602633087852996,52605474641691595661578610110567984590609288165302811601596,1.3273942093541202,3.420272876442206,2.576682083091528,724803,8316240
32,1,100,0.01,forward,8,0x654ae9e4,2,0.5,16,3 3 3 3 3 3 3 3 3 3 3 3 3 3 3 3 2 2 2 2 2 2 2 2 2 2 2 2 2 2 2 2,120755085952581234197329267187709816100834814790764443521600,120755085952581234197329267187709816100834814790764443521600,52605474641691595661578610110567984590609288165302811601596,1.0,2.295485151974635,2.295485151974635,711052,8385446
32,1,100,0.01,even_odd,8,0x654ae9e4,2,0.5,16,3 2 3 2 3 2 3 2 3 2 3 2 3 2 3 2 3 2 3 2 3 2 3 2 3 2 3 2 3 2 3 2,120755085952581234197329267187709816100834814790764443521600,24603848762838426467705838189495875030545093513618255367526,8229505236387940325077608744219036719708797584075271498404,4.9079754601226995,14.673432057451675,2.989711781705779,693268,8287064
32,1,100,0.01,forward,8,0x654ae9e4,2,0.75,24,3 3 3 3 3 3 3 3 3 3 3 3 3 3 3 3 3 3 3 3 3 3 3 3 2 2 2 2 2 2 2 2,61585093835816429440637926265732006211425755543289866196016,61585093835816429440637926265732006211425755543289866196016,52453768282805569635386512414094764807537810184617748367294,1.0,1.1740833090156484,1.1740833090156484,696013,8220986
32,1,100,0.01,even_odd,8,0x654ae9e4,2,0.75,24,3 3 3 3 3 3 3 3 3 3 3 3 3 3 3 3 3 2 3 2 3 2 3 2 3 2 3 2 3 2 3 2,61585093835816429440637926265732006211425755543289866196016,9811350733647225278533002959001422558192828701749611036130,7927617445319758126521555091111549312848953498513138444502,6.276923076923077,7.7684240265875255,1.2376165728632087,695173,8294288
32,1,100,0.01,forward,8,0x654ae9e4,2,1.0,32,3 3 3 3 3 3 3 3 3 3 3 3 3 3 3 3 3 3 3 3 3 3 3 3 3 3 3 3 3 3 3 3,2415101719051624683946585343754196322016696295815288870432,2415101719051624683946585343754196322016696295815288870432,984954565951683445606701190263262962949980058410329127408,1.0,2.4519930182953193,2.4519930182953193,682639,8308052
32,1,100,0.01,even_odd,8,0x654ae9e4,2,1.0,32,3 3 3 3 3 3 3 3 3 3 3 3 3 3 3 3 3 3 3 3 3 3 3 3 3 3 3 3 3 3 3 3,2415101719051624683946585343754196322016696295815288870432,2415101719051624683946585343754196322016696295815288870432,984954565951683445606701190263262962949980058410329127408,1.0,2.4519930182953193,2.4519930182953193,685724,8375084
32,1,100,0.01,forward,8,0x654ae9e4,3,0.0,0,3 3 3 3 3 3 3 3 3 3 3 3 3 3 3 3 3 3 3 3 3 3 3 3 3 3 3 3 3 3 3 3,2415101719051624683946585343754196322016696295815288870432,2415101719051624683946585343754196322016696295815288870432,984954565951683445606701190263262962949980058410329127408,1.0,2.4519930182953193,2.4519930182953193,730045,8196909
32,1,100,0.01,even_odd,8,0x654ae9e4,3,0.0,0,3 3 3 3 3 3 3 3 3 3 3 3 3 3 3 3 3 3 3 3 3 3 3 3 3 3 3 3 3 3 3 3,2415101719051624683946585343754196322016696295815288870432,2415101719051624683946585343754196322016696295815288870432,984954565951683445606701190263262962949980058410329127408,1.0,2.4519930182953193,2.4519930182953193,654036,8583798
32,1,100,0.01,forward,8,0x654ae9e4,3,0.25,8,4 4 4 4 4 4 4 4 3 3 3 3 3 3 3 3 3 3 3 3 3 3 3 3 3 3 3 3 3 3 3 3,1817425031003495342969905132421087131214584586244838594416,1817425031003495342969905132421087131214584586244838594416,757807395159965715244113705265750043363010782130175827408,1.0,2.3982677427156207,2.3982677427156207,663573,8245328
32,1,100,0.01,even_odd,8,0x654ae9e4,3,0.25,8,4 3 4 3 4 3 4 3 4 3 4 3 4 3 4 3 3 3 3 3 3 3 3 3 3 3 3 3 3 3 3 3,1817425031003495342969905132421087131214584586244838594416,1369167514967398337237394973921255238113000804067000887404,757014094369835575248399885755377249765819828294041942906,1.3273942093541202,2.4007809689678,1.808642038702252,680328,8233969
32,1,100,0.01,forward,8,0x654ae9e4,3,0.5,16,4 4 4 4 4 4 4 4 4 4 4 4 4 4 4 4 3 3 3 3 3 3 3 3 3 3 3 3 3 3 3 3,1219748342955366001993224921087977940412472876674388318400,1219748342955366001993224921087977940412472876674388318400,757014094369835575248399885755377249765819828294041942906,1.0,1.6112623952804026,1.6112623952804026,690720,8332012
32,1,100,0.01,even_odd,8,0x654ae9e4,3,0.5,16,4 3 4 3 4 3 4 3 4 3 4 3 4 3 4 3 4 3 4 3 4 3 4 3 4 3 4 3 4 3 4 3,1219748342955366001993224921087977940412472876674388318400,248523724877155822906119577671675505359041348622406619874,157835901525086271915798246055214777332171010000096905698,4.9079754601226995,7.727952456757758,1.574570313064393,701117,8223224
32,1,100,0.01,forward,8,0x654ae9e4,3,0.75,24,4 4 4 4 4 4 4 4 4 4 4 4 4 4 4 4 4 4 4 4 4 4 4 4 3 3 3 3 3 3 3 3,622071654907236661016544709754868749610361167103938042384,622071654907236661016544709754868749610361167103938042384,604545629266678487171443737670121121653676187783354247808,1.0,1.0289904099742107,1.0289904099742107,658991,8232146
32,1,100,0.01,even_odd,8,0x654ae9e4,3,0.75,24,4 4 4 4 4 4 4 4 4 4 4 4 4 4 4 4 4 3 4 3 4 3 4 3 4 3 4 3 4 3 4 3,622071654907236661016544709754868749610361167103938042384,99104552865123487661949524838398207658513421229794050870,82356193019852890604392095969723267534767194285134990996,6.276923076923077,7.553428978404566,1.203364910775237,665199,8238387
32,1,100,0.01,forward,8,0x654ae9e4,3,1.0,32,4 4 4 4 4 4 4 4 4 4 4 4 4 4 4 4 4 4 4 4 4 4 4 4 4 4 4 4 4 4 4 4,24394966859107320039864498421759558808249457533487766368,24394966859107320039864498421759558808249457533487766368,11473800801820248431543360598780566207378734379685967290,1.0,2.126145231250416,2.126145231250416,673451,8204097
32,1,100,0.01,even_odd,8,0x654ae9e4,3,1.0,32,4 4 4 4 4 4 4 4 4 4 4 4 4 4 4 4 4 4 4 4 4 4 4 4 4 4 4 4 4 4 4 4,24394966859107320039864498421759558808249457533487766368,24394966859107320039864498421759558808249457533487766368,11473800801820248431543360598780566207378734379685967290,1.0,2.126145231250416,2.126145231250416,666828,8262338
32,1,100,0.01,forward,9,0x655f68c0,0,0.0,0,0 0 0 0 0 0 0 0 0 0 0 0 0 0 0 0 0 0 0 0 0 0 0 0 0 0 0 0 0 0 0 0,2343370782894072379208687812459352937056478399133278975691299168,2343370782894072379208687812459352937056478399133278975691299168,514114250917438857859204435636140509214441523344944120830630098,1.0,4.558073966462354,4.558073966462354,750501,8715705
32,1,100,0.01,even_odd,9,0x655f68c0,0,0.0,0,0 0 0 0 0 0 0 0 0 0 0 0 0 0 0 0 0 0 0 0 0 0 0 0 0 0 0 0 0 0 0 0,2343370782894072379208687812459352937056478399133278975691299168,2343370782894072379208687812459352937056478399133278975691299168,514114250917438857859204435636140509214441523344944120830630098,1.0,4.558073966462354,4.558073966462354,785093,8722810
32,1,100,0.01,forward,9,0x655f68c0,0,0.25,8,1 1 1 1 1 1 1 1 0 0 0 0 0 0 0 0 0 0 0 0 0 0 0 0 0 0 0 0 0 0 0 0,1763445690157660527788355980083048422330380209448780643323250384,1763445690157660527788355980083048422330380209448780643323250384,440883990201829322796875210247051001701232724032738539450183600,1.0,3.9997952507878196,3.9997952507878196,743166,8765058
32,1,100,0.01,even_odd,9,0x655f68c0,0,0.25,8,1 0 1 0 1 0 1 0 1 0 1 0 1 0 1 0 0 0 0 0 0 0 0 0 0 0 0 0 0 0 0 0,1763445690157660527788355980083048422330380209448780643323250384,1473483143789454602078190063894896164967331114606531477139225992,440883990201829322796875210247051001701232724032738539450183600,1.1967871485943775,3.9997952507878196,3.3421107967992185,752654,8810872
32,1,100,0.01,forward,9,0x655f68c0,0,0.5,16,1 1 1 1 1 1 1 1 1 1 1 1 1 1 1 1 0 0 0 0 0 0 0 0 0 0 0 0 0 0 0 0,1183520597421248676368024147706743907604282019764282310955201600,1183520597421248676368024147706743907604282019764282310955201600,440883990201829322796875210247051001701232724032738539450183600,1.0,2.684426342810617,2.684426342810617,767239,8758902
32,1,100,0.01,even_odd,9,0x655f68c0,0,0.5,16,1 0 1 0 1 0 1 0 1 0 1 0 1 0 1 0 1 0 1 0 1 0 1 0 1 0 1 0 1 0 1 0,1183520597421248676368024147706743907604282019764282310955201600,313632958316630899237526399142287135515134735237534812403128424,77683709833641772921068796578716251302524309299905161453386200,3.7735849056603774,15.235119434379952,4.037306650110687,754813,8699902
32,1,100,0.01,forward,9,0x655f68c0,0,0.75,24,1 1 1 1 1 1 1 1 1 1 1 1 1 1 1 1 1 1 1 1 1 1 1 1 0 0 0 0 0 0 0 0,603595504684836824947692315330439392878183830079783978587152816,603595504684836824947692315330439392878183830079783978587152816,221917659979481027575228226687027669372851143929343245525021298,1.0,2.719907486139889,2.719907486139889,747402,8684205
32,1,100,0.01,even_odd,9,0x655f68c0,0,0.75,24,1 1 1 1 1 1 1 1 1 1 1 1 1 1 1 1 1 0 1 0 1 0 1 0 1 0 1 0 1 0 1 0,603595504684836824947692315330439392878183830079783978587152816,241142321724579417809984920095249071174372461526972520857122326,76944010230453797819429107433371912842794927488670761641462498,2.503067484662577,7.8446067845569445,3.133997318340152,747791,8756852
32,1,100,0.01,forward,9,0x655f68c0,0,1.0,32,1 1 1 1 1 1 1 1 1 1 1 1 1 1 1 1 1 1 1 1 1 1 1 1 1 1 1 1 1 1 1 1,23670411948424973527360482954134878152085640395285646219104032,23670411948424973527360482954134878152085640395285646219104032,8151724553862001468256781613279769617213229226551799041694804,1.0,2.903730590014939,2.903730590014939,735464,8757551
32,1,100,0.01,even_odd,9,0x655f68c0,0,1.0,32,1 1 1 1 1 1 1 1 1 1 1 1 1 1 1 1 1 1 1 1 1 1 1 1 1 1 1 1 1 1 1 1,23670411948424973527360482954134878152085640395285646219104032,23670411948424973527360482954134878152085640395285646219104032,8151724553862001468256781613279769617213229226551799041694804,1.0,2.903730590014939,2.903730590014939,757837,8799812
32,1,100,0.01,forward,9,0x655f68c0,1,0.0,0,1 1 1 1 1 1 1 1 1 1 1 1 1 1 1 1 1 1 1 1 1 1 1 1 1 1 1 1 1 1 1 1,23670411948424973527360482954134878152085640395285646219104032,23670411948424973527360482954134878152085640395285646219104032,8151724553862001468256781613279769617213229226551799041694804,1.0,2.903730590014939,2.903730590014939,726955,8824432
32,1,100,0.01,even_odd,9,0x655f68c0,1,0.0,0,1 1 1 1 1 1 1 1 1 1 1 1 1 1 1 1 1 1 1 1 1 1 1 1 1 1 1 1 1 1 1 1,23670411948424973527360482954134878152085640395285646219104032,23670411948424973527360482954134878152085640395285646219104032,8151724553862001468256781613279769617213229226551799041694804,1.0,2.903730590014939,2.903730590014939,757883,8764810
32,1,100,0.01,forward,9,0x655f68c0,1,0.25,8,2 2 2 2 2 2 2 2 1 1 1 1 1 1 1 1 1 1 1 1 1 1 1 1 1 1 1 1 1 1 1 1,17812582728865257856448040202859074973034143529785663063871216,17812582728865257856448040202859074973034143529785663063871216,6672400819256024883746466841258037630176073570786476569611502,1.0,2.6695912328077687,2.6695912328077687,749959,8651370
32,1,100,0.01,even_odd,9,0x655f68c0,1,0.25,8,2 1 2 1 2 1 2 1 2 1 2 1 2 1 2 1 1 1 1 1 1 1 1 1 1 1 1 1 1 1 1 1,17812582728865257856448040202859074973034143529785663063871216,14883668119085400020991818827221173383508395097035671486254808,5932774385257429018816589686210246155007485689937888398350302,1.1967871485943775,3.0024035252593464,2.5087197241260983,748703,8780472
32,1,100,0.01,forward,9,0x655f68c0,1,0.5,16,2 2 2 2 2 2 2 2 2 2 2 2 2 2 2 2 1 1 1 1 1 1 1 1 1 1 1 1 1 1 1 1,11954753509305542185535597451583271793982646664285679908638400,11954753509305542185535597451583271793982646664285679908638400,5932774385257429018816589686210246155007485689937888398350302,1.0,2.0150359229928503,2.0150359229928503,739771,8781853
32,1,100,0.01,even_odd,9,0x655f68c0,1,0.5,16,2 1 2 1 2 1 2 1 2 1 2 1 2 1 2 1 2 1 2 1 2 1 2 1 2 1 2 1 2 1 2 1,11954753509305542185535597451583271793982646664285679908638400,3168009679965968679166933324669567025405401366035705175789176,1516912590158517720693033087128831471144308919297651040397902,3.7735849056603774,7.880977181457943,2.088458953086355,738024,8736096
32,1,100,0.01,forward,9,0x655f68c0,1,0.75,24,2 2 2 2 2 2 2 2 2 2 2 2 2 2 2 2 2 2 2 2 2 2 2 2 1 1 1 1 1 1 1 1,6096924289745826514623154700307468614931149798785696753405584,6096924289745826514623154700307468614931149798785696753405584,3720993272132928484798180075386821866531440488231972748452604,1.0,1.638520643239696,1.638520643239696,731353,8712419
32,1,100,0.01,even_odd,9,0x655f68c0,1,0.75,24,2 2 2 2 2 2 2 2 2 2 2 2 2 2 2 2 2 1 2 1 2 1 2 1 2 1 2 1 2 1 2 1,6096924289745826514623154700307468614931149798785696753405584,2435781027521004220302877980760091628023964257848207281385074,1509440876995002820676470570509191688722800012113465183711804,2.503067484662577,4.039193838372519,1.6136975383694132,762361,8586717
32,1,100,0.01,forward,9,0x655f68c0,1,1.0,32,2 2 2 2 2 2 2 2 2 2 2 2 2 2 2 2 2 2 2 2 2 2 2 2 2 2 2 2 2 2 2 2,239095070186110843710711949031665435879652933285713598172768,239095070186110843710711949031665435879652933285713598172768,97359588972716088637804308840056963529824073599491172299494,1.0,2.455793750866332,2.455793750866332,748813,8751833
32,1,100,0.01,even_odd,9,0x655f68c0,1,1.0,32,2 2 2 2 2 2 2 2 2 2 2 2 2 2 2 2 2 2 2 2 2 2 2 2 2 2 2 2 2 2 2 2,239095070186110843710711949031665435879652933285713598172768,239095070186110843710711949031665435879652933285713598172768,97359588972716088637804308840056963529824073599491172299494,1.0,2.455793750866332,2.455793750866332,748745,8759085
32,1,100,0.01,forward,9,0x655f68c0,2,0.0,0,2 2 2 2 2 2 2 2 2 2 2 2 2 2 2 2 2 2 2 2 2 2 2 2 2 2 2 2 2 2 2 2,239095070186110843710711949031665435879652933285713598172768,239095070186110843710711949031665435879652933285713598172768,97359588972716088637804308840056963529824073599491172299494,1.0,2.455793750866332,2.455793750866332,712319,8704567
32,1,100,0.01,even_odd,9,0x655f68c0,2,0.0,0,2 2 2 2 2 2 2 2 2 2 2 2 2 2 2 2 2 2 2 2 2 2 2 2 2 2 2 2 2 2 2 2,239095070186110843710711949031665435879652933285713598172768,239095070186110843710711949031665435879652933285713598172768,97359588972716088637804308840056963529824073599491172299494,1.0,2.455793750866332,2.455793750866332,738552,8788470
32,1,100,0.01,forward,9,0x655f68c0,2,0.25,8,3 3 3 3 3 3 3 3 2 2 2 2 2 2 2 2 2 2 2 2 2 2 2 2 2 2 2 2 2 2 2 2,179925078069346038954020608109687625990243874038239020847184,179925078069346038954020608109687625990243874038239020847184,82493159101096215452307570119357377122740893325661272342796,1.0,2.18109089323208,2.18109089323208,699101,8701678
32,1,100,0.01,even_odd,9,0x655f68c0,2,0.25,8,3 2 3 2 3 2 3 2 3 2 3 2 3 2 3 2 2 2 2 2 2 2 2 2 2 2 2 2 2 2 2 2,179925078069346038954020608109687625990243874038239020847184,150340082010963636575674937648698721045539344414501732184392,74870463655757576174449296638088634433134458763720867275396,1.1967871485943775,2.4031516473119865,2.0080025509418946,719103,8723092
32,1,100,0.01,forward,9,0x655f68c0,2,0.5,16,3 3 3 3 3 3 3 3 3 3 3 3 3 3 3 3 2 2 2 2 2 2 2 2 2 2 2 2 2 2 2 2,120755085952581234197329267187709816100834814790764443521600,120755085952581234197329267187709816100834814790764443521600,74870463655757576174449296638088634433134458763720867275396,1.0,1.612853454571803,1.612853454571803,712754,8669816
32,1,100,0.01,even_odd,9,0x655f68c0,2,0.5,16,3 2 3 2 3 2 3 2 3 2 3 2 3 2 3 2 3 2 3 2 3 2 3 2 3 2 3 2 3 2 3 2,120755085952581234197329267187709816100834814790764443521600,32000097777434027062292255804743101266721225919552577533224,22718598410136183631889782131700069379047939671567160957596,3.7735849056603774,5.315252454073261,1.4085419003294142,672691,8689548
32,1,100,0.01,forward,9,0x655f68c0,2,0.75,24,3 3 3 3 3 3 3 3 3 3 3 3 3 3 3 3 3 3 3 3 3 3 3 3 2 2 2 2 2 2 2 2,61585093835816429440637926265732006211425755543289866196016,61585093835816429440637926265732006211425755543289866196016,52453760893510589883316938224197653388078814888548954266396,1.0,1.1740834744117563,1.1740834744117563,718258,8615973
32,1,100,0.01,even_odd,9,0x655f68c0,2,0.75,24,3 3 3 3 3 3 3 3 3 3 3 3 3 3 3 3 3 2 3 2 3 2 3 2 3 2 3 2 3 2 3 2,61585093835816429440637926265732006211425755543289866196016,24603848762838426467705838189495875030545093513618255367526,15473285787507293922949640336224279799173617079064489303298,2.503067484662577,3.98009153851075,1.5900855901403241,702494,8643473
32,1,100,0.01,forward,9,0x655f68c0,2,1.0,32,3 3 3 3 3 3 3 3 3 3 3 3 3 3 3 3 3 3 3 3 3 3 3 3 3 3 3 3 3 3 3 3,2415101719051624683946585343754196322016696295815288870432,2415101719051624683946585343754196322016696295815288870432,1137423108813168061280252445670326417382233489811663176408,1.0,2.123309875048729,2.123309875048729,689049,8726128
32,1,100,0.01,even_odd,9,0x655f68c0,2,1.0,32,3 3 3 3 3 3 3 3 3 3 3 3 3 3 3 3 3 3 3 3 3 3 3 3 3 3 3 3 3 3 3 3,2415101719051624683946585343754196322016696295815288870432,2415101719051624683946585343754196322016696295815288870432,1137423108813168061280252445670326417382233489811663176408,1.0,2.123309875048729,2.123309875048729,701826,8650824
32,1,100,0.01,forward,9,0x655f68c0,3,0.0,0,3 3 3 3 3 3 3 3 3 3 3 3 3 3 3 3 3 3 3 3 3 3 3 3 3 3 3 3 3 3 3 3,2415101719051624683946585343754196322016696295815288870432,2415101719051624683946585343754196322016696295815288870432,1137423108813168061280252445670326417382233489811663176408,1.0,2.123309875048729,2.123309875048729,690683,8621392
32,1,100,0.01,even_odd,9,0x655f68c0,3,0.0,0,3 3 3 3 3 3 3 3 3 3 3 3 3 3 3 3 3 3 3 3 3 3 3 3 3 3 3 3 3 3 3 3,2415101719051624683946585343754196322016696295815288870432,2415101719051624683946585343754196322016696295815288870432,1137423108813168061280252445670326417382233489811663176408,1.0,2.123309875048729,2.123309875048729,705772,8639632
32,1,100,0.01,forward,9,0x655f68c0,3,0.25,8,4 4 4 4 4 4 4 4 3 3 3 3 3 3 3 3 3 3 3 3 3 3 3 3 3 3 3 3 3 3 3 3,1817425031003495342969905132421087131214584586244838594416,1817425031003495342969905132421087131214584586244838594416,984208090793147429518152305039565145202140633717976151906,1.0,1.8465861518562403,1.8465861518562403,703533,8705884
32,1,100,0.01,even_odd,9,0x655f68c0,3,0.25,8,4 3 4 3 4 3 4 3 4 3 4 3 4 3 4 3 3 3 3 3 3 3 3 3 3 3 3 3 3 3 3 3,1817425031003495342969905132421087131214584586244838594416,1518586686979430672481565026754532535813528731459613456408,907981053105020467662201311468140318742018794357683999306,1.1967871485943775,2.0016111842735613,1.6724871975977071,689148,8516219
32,1,100,0.01,forward,9,0x655f68c0,3,0.5,16,4 4 4 4 4 4 4 4 4 4 4 4 4 4 4 4 3 3 3 3 3 3 3 3 3 3 3 3 3 3 3 3,1219748342955366001993224921087977940412472876674388318400,1219748342955366001993224921087977940412472876674388318400,907981053105020467662201311468140318742018794357683999306,1.0,1.3433632109218532,1.3433632109218532,681511,8585492
32,1,100,0.01,even_odd,9,0x655f68c0,3,0.5,16,4 3 4 3 4 3 4 3 4 3 4 3 4 3 4 3 4 3 4 3 4 3 4 3 4 3 4 3 4 3 4 3,1219748342955366001993224921087977940412472876674388318400,323233310883171990528204604088314154209305312318712904376,232530008100612744886762965595547313394634077081640477502,3.7735849056603774,5.2455524038325265,1.3900713870156194,698978,8600125
32,1,100,0.01,forward,9,0x655f68c0,3,0.75,24,4 4 4 4 4 4 4 4 4 4 4 4 4 4 4 4 4 4 4 4 4 4 4 4 3 3 3 3 3 3 3 3,622071654907236661016544709754868749610361167103938042384,622071654907236661016544709754868749610361167103938042384,604545554627335257352559149893382622467221689843265418506,1.0,1.0289905370170245,1.0289905370170245,681215,8578366
32,1,100,0.01,even_odd,9,0x655f68c0,3,0.75,24,4 4 4 4 4 4 4 4 4 4 4 4 4 4 4 4 4 3 4 3 4 3 4 3 4 3 4 3 4 3 4 3,622071654907236661016544709754868749610361167103938042384,248523724877155822906119577671675505359041348622406619874,157835982449854620261240511982278152421754424007821351000,2.503067484662577,3.9412537322081946,1.5745695057596465,771679,8502329
32,1,100,0.01,forward,9,0x655f68c0,3,1.0,32,4 4 4 4 4 4 4 4 4 4 4 4 4 4 4 4 4 4 4 4 4 4 4 4 4 4 4 4 4 4 4 4,24394966859107320039864498421759558808249457533487766368,24394966859107320039864498421759558808249457533487766368,13013807739939147073640037159590373259972869887974248090,1.0,1.8745448946690364,1.8745448946690364,694557,8555543
32,1,100,0.01,even_odd,9,0x655f68c0,3,1.0,32,4 4 4 4 4 4 4 4 4 4 4 4 4 4 4 4 4 4 4 4 4 4 4 4 4 4 4 4 4 4 4 4,24394966859107320039864498421759558808249457533487766368,24394966859107320039864498421759558808249457533487766368,13013807739939147073640037159590373259972869887974248090,1.0,1.8745448946690364,1.8745448946690364,702735,8570605
32,1,100,0.01,forward,10,0x3314f876,0,0.0,0,0 0 0 0 0 0 0 0 0 0 0 0 0 0 0 0 0 0 0 0 0 0 0 0 0 0 0 0 0 0 0 0,2343370782894072379208687812459352937056478399133278975691299168,2343370782894072379208687812459352937056478399133278975691299168,443850264178585978674143282573424650465482537167998200891766898,1.0,5.27964264532059,5.27964264532059,753034,8746612
32,1,100,0.01,even_odd,10,0x3314f876,0,0.0,0,0 0 0 0 0 0 0 0 0 0 0 0 0 0 0 0 0 0 0 0 0 0 0 0 0 0 0 0 0 0 0 0,2343370782894072379208687812459352937056478399133278975691299168,2343370782894072379208687812459352937056478399133278975691299168,443850264178585978674143282573424650465482537167998200891766898,1.0,5.27964264532059,5.27964264532059,771360,8765469
32,1,100,0.01,forward,10,0x3314f876,0,0.25,8,1 1 1 1 1 1 1 1 0 0 0 0 0 0 0 0 0 0 0 0 0 0 0 0 0 0 0 0 0 0 0 0,1763445690157660527788355980083048422330380209448780643323250384,1763445690157660527788355980083048422330380209448780643323250384,443850264178585978674143282573424650465482537167998200891766898,1.0,3.9730644149129692,3.9730644149129692,759529,8759591
32,1,100,0.01,even_odd,10,0x3314f876,0,0.25,8,1 0 1 0 1 0 1 0 1 0 1 0 1 0 1 0 0 0 0 0 0 0 0 0 0 0 0 0 0 0 0 0,1763445690157660527788355980083048422330380209448780643323250384,1400992507197403120650648584847858100626568840895969185593219894,295163092886383791657717802601970281989465726141710765353601600,1.2587117212249208,5.9744789665707225,4.746503004481942,770348,8863324
32,1,100,0.01,forward,10,0x3314f876,0,0.5,16,1 1 1 1 1 1 1 1 1 1 1 1 1 1 1 1 0 0 0 0 0 0 0 0 0 0 0 0 0 0 0 0,1183520597421248676368024147706743907604282019764282310955201600,1183520597421248676368024147706743907604282019764282310955201600,295163092886383791657717802601970281989465726141710765353601600,1.0,4.009717427228673,4.009717427228673,741125,8806248
32,1,100,0.01,even_odd,10,0x3314f876,0,0.5,16,1 0 1 0 1 0 1 0 1 0 1 0 1 0 1 0 1 0 1 0 1 0 1 0 1 0 1 0 1 0 1 0,1183520597421248676368024147706743907604282019764282310955201600,386123594908682380665067878189325199855897008948097103949134522,76973972593855380202027774830608010305060077116299647110569400,3.0651340996168583,15.37559460086546,5.016287738532356,751507,8810489
32,1,100,0.01,forward,10,0x3314f876,0,0.75,24,1 1 1 1 1 1 1 1 1 1 1 1 1 1 1 1 1 1 1 1 1 1 1 1 0 0 0 0 0 0 0 0,603595504684836824947692315330439392878183830079783978587152816,603595504684836824947692315330439392878183830079783978587152816,223412079648083730828294046449231694024907002425402949611634698,1.0,2.7017138269139873,2.7017138269139873,767940,8808577
32,1,100,0.01,even_odd,10,0x3314f876,0,0.75,24,1 1 1 1 1 1 1 1 1 1 1 1 1 1 1 1 1 0 1 0 1 0 1 0 1 0 1 0 1 0 1 0,603595504684836824947692315330439392878183830079783978587152816,313632958316630899237526399142287135515134735237534812403128424,75472081974742226797821456851098370219443745691791693216244498,1.9245283018867925,7.99759975995943,4.155615561547546,758016,8816327
32,1,100,0.01,forward,10,0x3314f876,0,1.0,32,1 1 1 1 1 1 1 1 1 1 1 1 1 1 1 1 1 1 1 1 1 1 1 1 1 1 1 1 1 1 1 1,23670411948424973527360482954134878152085640395285646219104032,23670411948424973527360482954134878152085640395285646219104032,7442062007949655050091962059070897532588223890811395010676804,1.0,3.1806254668585265,3.1806254668585265,748711,8775304
32,1,100,0.01,even_odd,10,0x3314f876,0,1.0,32,1 1 1 1 1 1 1 1 1 1 1 1 1 1 1 1 1 1 1 1 1 1 1 1 1 1 1 1 1 1 1 1,23670411948424973527360482954134878152085640395285646219104032,23670411948424973527360482954134878152085640395285646219104032,7442062007949655050091962059070897532588223890811395010676804,1.0,3.1806254668585265,3.1806254668585265,758622,8794025
32,1,100,0.01,forward,10,0x3314f876,1,0.0,0,1 1 1 1 1 1 1 1 1 1 1 1 1 1 1 1 1 1 1 1 1 1 1 1 1 1 1 1 1 1 1 1,23670411948424973527360482954134878152085640395285646219104032,23670411948424973527360482954134878152085640395285646219104032,7442062007949655050091962059070897532588223890811395010676804,1.0,3.1806254668585265,3.1806254668585265,729306,8841191
32,1,100,0.01,even_odd,10,0x3314f876,1,0.0,0,1 1 1 1 1 1 1 1 1 1 1 1 1 1 1 1 1 1 1 1 1 1 1 1 1 1 1 1 1 1 1 1,23670411948424973527360482954134878152085640395285646219104032,23670411948424973527360482954134878152085640395285646219104032,7442062007949655050091962059070897532588223890811395010676804,1.0,3.1806254668585265,3.1806254668585265,751044,8790788
32,1,100,0.01,forward,10,0x3314f876,1,0.25,8,2 2 2 2 2 2 2 2 1 1 1 1 1 1 1 1 1 1 1 1 1 1 1 1 1 1 1 1 1 1 1 1,17812582728865257856448040202859074973034143529785663063871216,17812582728865257856448040202859074973034143529785663063871216,5962738280888529538986784612834552423017142113249180381497604,1.0,2.987315875653516,2.987315875653516,727009,8725155
32,1,100,0.01,even_odd,10,0x3314f876,1,0.25,8,2 1 2 1 2 1 2 1 2 1 2 1 2 1 2 1 1 1 1 1 1 1 1 1 1 1 1 1 1 1 1 1,17812582728865257856448040202859074973034143529785663063871216,14151439466640435562127763483311697986126957988848173591850706,5207941219484322086805553964208025605238744185528577079212302,1.2587117212249208,3.420273382161755,2.7172809504254882,741070,8779549
32,1,100,0.01,forward,10,0x3314f876,1,0.5,16,2 2 2 2 2 2 2 2 2 2 2 2 2 2 2 2 1 1 1 1 1 1 1 1 1 1 1 1 1 1 1 1,11954753509305542185535597451583271793982646664285679908638400,11954753509305542185535597451583271793982646664285679908638400,5207941219484322086805553964208025605238744185528577079212302,1.0,2.295485491383728,2.295485491383728,719770,8593625
32,1,100,0.01,even_odd,10,0x3314f876,1,0.5,16,2 1 2 1 2 1 2 1 2 1 2 1 2 1 2 1 2 1 2 1 2 1 2 1 2 1 2 1 2 1 2 1,11954753509305542185535597451583271793982646664285679908638400,3900238332410933138030988668579042422786838474223203070193278,1509743527130372339692618726036829036826488392190524632894702,3.0651340996168583,7.91840024115116,2.583378078675566,730456,8723778
32,1,100,0.01,forward,10,0x3314f876,1,0.75,24,2 2 2 2 2 2 2 2 2 2 2 2 2 2 2 2 2 2 2 2 2 2 2 2 1 1 1 1 1 1 1 1,6096924289745826514623154700307468614931149798785696753405584,6096924289745826514623154700307468614931149798785696753405584,4475637087177653172607123596360500610763376878929881335909404,1.0,1.3622472445795557,1.3622472445795557,714909,8701620
32,1,100,0.01,even_odd,10,0x3314f876,1,0.75,24,2 2 2 2 2 2 2 2 2 2 2 2 2 2 2 2 2 1 2 1 2 1 2 1 2 1 2 1 2 1 2 1,6096924289745826514623154700307468614931149798785696753405584,3168009679965968679166933324669567025405401366035705175789176,792607743520694077787673393561580072445913335176128803880000,1.9245283018867925,7.692234071123029,3.996945154603143,723300,8663781
32,1,100,0.01,forward,10,0x3314f876,1,1.0,32,2 2 2 2 2 2 2 2 2 2 2 2 2 2 2 2 2 2 2 2 2 2 2 2 2 2 2 2 2 2 2 2,239095070186110843710711949031665435879652933285713598172768,239095070186110843710711949031665435879652933285713598172768,97585973958730719642782923521934162041312261379347353198694,1.0,2.4500966735980376,2.4500966735980376,717443,8640853
32,1,100,0.01,even_odd,10,0x3314f876,1,1.0,32,2 2 2 2 2 2 2 2 2 2 2 2 2 2 2 2 2 2 2 2 2 2 2 2 2 2 2 2 2 2 2 2,239095070186110843710711949031665435879652933285713598172768,239095070186110843710711949031665435879652933285713598172768,97585973958730719642782923521934162041312261379347353198694,1.0,2.4500966735980376,2.4500966735980376,739333,8607577
32,1,100,0.01,forward,10,0x3314f876,2,0.0,0,2 2 2 2 2 2 2 2 2 2 2 2 2 2 2 2 2 2 2 2 2 2 2 2 2 2 2 2 2 2 2 2,239095070186110843710711949031665435879652933285713598172768,239095070186110843710711949031665435879652933285713598172768,97585973958730719642782923521934162041312261379347353198694,1.0,2.4500966735980376,2.4500966735980376,788475,8635077
32,1,100,0.01,even_odd,10,0x3314f876,2,0.0,0,2 2 2 2 2 2 2 2 2 2 2 2 2 2 2 2 2 2 2 2 2 2 2 2 2 2 2 2 2 2 2 2,239095070186110843710711949031665435879652933285713598172768,239095070186110843710711949031665435879652933285713598172768,97585973958730719642782923521934162041312261379347353198694,1.0,2.4500966735980376,2.4500966735980376,740542,8670246
32,1,100,0.01,forward,10,0x3314f876,2,0.25,8,3 3 3 3 3 3 3 3 2 2 2 2 2 2 2 2 2 2 2 2 2 2 2 2 2 2 2 2 2 2 2 2,179925078069346038954020608109687625990243874038239020847184,179925078069346038954020608109687625990243874038239020847184,75324819990488554545272634622521072513142144688746484377494,1.0,2.3886559316313747,2.3886559316313747,698466,8654595
32,1,100,0.01,even_odd,10,0x3314f876,2,0.25,8,3 2 3 2 3 2 3 2 3 2 3 2 3 2 3 2 2 2 2 2 2 2 2 2 2 2 2 2 2 2 2 2,179925078069346038954020608109687625990243874038239020847184,142943832996368035981088520033451494809363212008567410018694,67778404706473154877803969115326852795364113935788109112196,1.2587117212249208,2.6546077448789873,2.1089878644298667,711423,8642803
32,1,100,0.01,forward,10,0x3314f876,2,0.5,16,3 3 3 3 3 3 3 3 3 3 3 3 3 3 3 3 2 2 2 2 2 2 2 2 2 2 2 2 2 2 2 2,120755085952581234197329267187709816100834814790764443521600,120755085952581234197329267187709816100834814790764443521600,67778404706473154877803969115326852795364113935788109112196,1.0,1.781615936160394,1.781615936160394,707414,8647710
32,1,100,0.01,even_odd,10,0x3314f876,2,0.5,16,3 2 3 2 3 2 3 2 3 2 3 2 3 2 3 2 3 2 3 2 3 2 3 2 3 2 3 2 3 2 3 2,120755085952581234197329267187709816100834814790764443521600,39396346792029627656878673419990327502897358325486899698922,15551814630349211091233029298351905541690926569935310489000,3.0651340996168583,7.7646942702704855,2.533231505675746,712135,8689949
32,1,100,0.01,forward,10,0x3314f876,2,0.75,24,3 3 3 3 3 3 3 3 3 3 3 3 3 3 3 3 3 3 3 3 3 3 3 3 2 2 2 2 2 2 2 2,61585093835816429440637926265732006211425755543289866196016,61585093835816429440637926265732006211425755543289866196016,52604704440632501327991706467373495031765797849670497275894,1.0,1.1707145680348574,1.1707145680348574,688636,8665032
32,1,100,0.01,even_odd,10,0x3314f876,2,0.75,24,3 3 3 3 3 3 3 3 3 3 3 3 3 3 3 3 3 2 3 2 3 2 3 2 3 2 3 2 3 2 3 2,61585093835816429440637926265732006211425755543289866196016,32000097777434027062292255804743101266721225919552577533224,15323866381347544632373075406416095733778521743358143064098,1.9245283018867925,4.018900472192762,2.088252206139376,705377,8611406
32,1,100,0.01,forward,10,0x3314f876,2,1.0,32,3 3 3 3 3 3 3 3 3 3 3 3 3 3 3 3 3 3 3 3 3 3 3 3 3 3 3 3 3 3 3 3,2415101719051624683946585343754196322016696295815288870432,2415101719051624683946585343754196322016696295815288870432,1136660922456787267537598026521384399633634586681686846608,1.0,2.1247336574495814,2.1247336574495814,698618,8576131
32,1,100,0.01,even_odd,10,0x3314f876,2,1.0,32,3 3 3 3 3 3 3 3 3 3 3 3 3 3 3 3 3 3 3 3 3 3 3 3 3 3 3 3 3 3 3 3,2415101719051624683946585343754196322016696295815288870432,2415101719051624683946585343754196322016696295815288870432,1136660922456787267537598026521384399633634586681686846608,1.0,2.1247336574495814,2.1247336574495814,715449,8542978
32,1,100,0.01,forward,10,0x3314f876,3,0.0,0,3 3 3 3 3 3 3 3 3 3 3 3 3 3 3 3 3 3 3 3 3 3 3 3 3 3 3 3 3 3 3 3,2415101719051624683946585343754196322016696295815288870432,2415101719051624683946585343754196322016696295815288870432,1136660922456787267537598026521384399633634586681686846608,1.0,2.1247336574495814,2.1247336574495814,687602,8746587
32,1,100,0.01,even_odd,10,0x3314f876,3,0.0,0,3 3 3 3 3 3 3 3 3 3 3 3 3 3 3 3 3 3 3 3 3 3 3 3 3 3 3 3 3 3 3 3,2415101719051624683946585343754196322016696295815288870432,2415101719051624683946585343754196322016696295815288870432,1136660922456787267537598026521384399633634586681686846608,1.0,2.1247336574495814,2.1247336574495814,756243,8147009
32,1,100,0.01,forward,10,0x3314f876,3,0.25,8,4 4 4 4 4 4 4 4 3 3 3 3 3 3 3 3 3 3 3 3 3 3 3 3 3 3 3 3 3 3 3 3,1817425031003495342969905132421087131214584586244838594416,1817425031003495342969905132421087131214584586244838594416,988034817094701023659955498851900723228130391290290767408,1.0,1.839434197620284,1.839434197620284,669824,8149330
32,1,100,0.01,even_odd,10,0x3314f876,3,0.25,8,4 3 4 3 4 3 4 3 4 3 4 3 4 3 4 3 3 3 3 3 3 3 3 3 3 3 3 3 3 3 3 3,1817425031003495342969905132421087131214584586244838594416,1443877100973414504859480000337893886963264767763307171906,911800622664464753538227640298446908815255533511090522506,1.2587117212249208,1.993226354345552,1.5835447630580852,661603,8226011
32,1,100,0.01,forward,10,0x3314f876,3,0.5,16,4 4 4 4 4 4 4 4 4 4 4 4 4 4 4 4 3 3 3 3 3 3 3 3 3 3 3 3 3 3 3 3,1219748342955366001993224921087977940412472876674388318400,1219748342955366001993224921087977940412472876674388318400,911800622664464753538227640298446908815255533511090522506,1.0,1.3377358082856055,1.3377358082856055,659868,8177975
32,1,100,0.01,even_odd,10,0x3314f876,3,0.5,16,4 3 4 3 4 3 4 3 4 3 4 3 4 3 4 3 4 3 4 3 4 3 4 3 4 3 4 3 4 3 4 3,1219748342955366001993224921087977940412472876674388318400,397942896889188158150289630504952803059569276015019188878,231798622676210219048681281955546785635020797736056895502,3.0651340996168583,5.262103496875309,1.7167612658555695,635638,8191888
32,1,100,0.01,forward,10,0x3314f876,3,0.75,24,4 4 4 4 4 4 4 4 4 4 4 4 4 4 4 4 4 4 4 4 4 4 4 4 3 3 3 3 3 3 3 3,622071654907236661016544709754868749610361167103938042384,622071654907236661016544709754868749610361167103938042384,606070236921495979015940647299199204726686164198028479208,1.0,1.0264019201256591,1.0264019201256591,633477,8333388
32,1,100,0.01,even_odd,10,0x3314f876,3,0.75,24,4 4 4 4 4 4 4 4 4 4 4 4 4 4 4 4 4 3 4 3 4 3 4 3 4 3 4 3 4 3 4 3,622071654907236661016544709754868749610361167103938042384,323233310883171990528204604088314154209305312318712904376,156334630098602394919489302819536541940438560382694000400,1.9245283018867925,3.9791033791738117,2.067573324472667,698642,8198665
32,1,100,0.01,forward,10,0x3314f876,3,1.0,32,4 4 4 4 4 4 4 4 4 4 4 4 4 4 4 4 4 4 4 4 4 4 4 4 4 4 4 4 4 4 4 4,24394966859107320039864498421759558808249457533487766368,24394966859107320039864498421759558808249457533487766368,13036987602045583581835760162030679646907753960717842392,1.0,1.8712119397336544,1.8712119397336544,655062,8206132
32,1,100,0.01,even_odd,10,0x3314f876,3,1.0,32,4 4 4 4 4 4 4 4 4 4 4 4 4 4 4 4 4 4 4 4 4 4 4 4 4 4 4 4 4 4 4 4,24394966859107320039864498421759558808249457533487766368,24394966859107320039864498421759558808249457533487766368,13036987602045583581835760162030679646907753960717842392,1.0,1.8712119397336544,1.8712119397336544,640668,8169808
32,1,100,0.01,forward,11,0x5aed3141,0,0.0,0,0 0 0 0 0 0 0 0 0 0 0 0 0 0 0 0 0 0 0 0 0 0 0 0 0 0 0 0 0 0 0 0,2343370782894072379208687812459352937056478399133278975691299168,2343370782894072379208687812459352937056478399133278975691299168,440868972034872532278964627377084755278512707626615454263670898,1.0,5.315345219415243,5.315345219415243,728918,8552896
32,1,100,0.01,even_odd,11,0x5aed3141,0,0.0,0,0 0 0 0 0 0 0 0 0 0 0 0 0 0 0 0 0 0 0 0 0 0 0 0 0 0 0 0 0 0 0 0,2343370782894072379208687812459352937056478399133278975691299168,2343370782894072379208687812459352937056478399133278975691299168,440868972034872532278964627377084755278512707626615454263670898,1.0,5.315345219415243,5.315345219415243,795641,8246066
32,1,100,0.01,forward,11,0x5aed3141,0,0.25,8,1 1 1 1 1 1 1 1 0 0 0 0 0 0 0 0 0 0 0 0 0 0 0 0 0 0 0 0 0 0 0 0,1763445690157660527788355980083048422330380209448780643323250384,1763445690157660527788355980083048422330380209448780643323250384,295163019685849004931688215527322844900720530425023683507108498,1.0,5.97448044824365,5.97448044824365,745990,8602759
32,1,100,0.01,even_odd,11,0x5aed3141,0,0.25,8,1 0 1 0 1 0 1 0 1 0 1 0 1 0 1 0 0 0 0 0 0 0 0 0 0 0 0 0 0 0 0 0,1763445690157660527788355980083048422330380209448780643323250384,1473483143789454602078190063894896164967331114606531477139225992,294423317025588145739551312425725306292860691719882142792454200,1.1967871485943775,5.989490601399619,5.004641475666125,745338,8418246
32,1,100,0.01,forward,11,0x5aed3141,0,0.5,16,1 1 1 1 1 1 1 1 1 1 1 1 1 1 1 1 0 0 0 0 0 0 0 0 0 0 0 0 0 0 0 0,1183520597421248676368024147706743907604282019764282310955201600,1183520597421248676368024147706743907604282019764282310955201600,294423317025588145739551312425725306292860691719882142792454200,1.0,4.01979234993263,4.01979234993263,728695,8332217
32,1,100,0.01,even_odd,11,0x5aed3141,0,0.5,16,1 0 1 0 1 0 1 0 1 0 1 0 1 0 1 0 1 0 1 0 1 0 1 0 1 0 1 0 1 0 1 0,1183520597421248676368024147706743907604282019764282310955201600,313632958316630899237526399142287135515134735237534812403128424,76943858531797668622278495485190435606201796009821033508265400,3.7735849056603774,15.381612256060038,4.07612724785591,711556,8341621
32,1,100,0.01,forward,11,0x5aed3141,0,0.75,24,1 1 1 1 1 1 1 1 1 1 1 1 1 1 1 1 1 1 1 1 1 1 1 1 0 0 0 0 0 0 0 0,603595504684836824947692315330439392878183830079783978587152816,603595504684836824947692315330439392878183830079783978587152816,221185432851796131234774279533017823213925231338511353853895800,1.0,2.7289116507472357,2.7289116507472357,756072,8442111
32,1,100,0.01,even_odd,11,0x5aed3141,0,0.75,24,1 1 1 1 1 1 1 1 1 1 1 1 1 1 1 1 1 0 1 0 1 0 1 0 1 0 1 0 1 0 1 0,603595504684836824947692315330439392878183830079783978587152816,241142321724579417809984920095249071174372461526972520857122326,75464609491299846536021795334166602788164906960258070766131898,2.503067484662577,7.998391679936064,3.1954358917391628,746198,8470427
32,1,100,0.01,forward,11,0x5aed3141,0,1.0,32,1 1 1 1 1 1 1 1 1 1 1 1 1 1 1 1 1 1 1 1 1 1 1 1 1 1 1 1 1 1 1 1,23670411948424973527360482954134878152085640395285646219104032,23670411948424973527360482954134878152085640395285646219104032,5932774384943911778663668670566564036487844168242963513343804,1.0,3.9897711277366823,3.9897711277366823,728810,8402502
32,1,100,0.01,even_odd,11,0x5aed3141,0,1.0,32,1 1 1 1 1 1 1 1 1 1 1 1 1 1 1 1 1 1 1 1 1 1 1 1 1 1 1 1 1 1 1 1,23670411948424973527360482954134878152085640395285646219104032,23670411948424973527360482954134878152085640395285646219104032,5932774384943911778663668670566564036487844168242963513343804,1.0,3.9897711277366823,3.9897711277366823,744437,8301375
32,1,100,0.01,forward,11,0x5aed3141,1,0.0,0,1 1 1 1 1 1 1 1 1 1 1 1 1 1 1 1 1 1 1 1 1 1 1 1 1 1 1 1 1 1 1 1,23670411948424973527360482954134878152085640395285646219104032,23670411948424973527360482954134878152085640395285646219104032,5932774384943911778663668670566564036487844168242963513343804,1.0,3.9897711277366823,3.9897711277366823,714779,8469383
32,1,100,0.01,even_odd,11,0x5aed3141,1,0.0,0,1 1 1 1 1 1 1 1 1 1 1 1 1 1 1 1 1 1 1 1 1 1 1 1 1 1 1 1 1 1 1 1,23670411948424973527360482954134878152085640395285646219104032,23670411948424973527360482954134878152085640395285646219104032,5932774384943911778663668670566564036487844168242963513343804,1.0,3.9897711277366823,3.9897711277366823,703001,8236673
32,1,100,0.01,forward,11,0x5aed3141,1,0.25,8,2 2 2 2 2 2 2 2 1 1 1 1 1 1 1 1 1 1 1 1 1 1 1 1 1 1 1 1 1 1 1 1,17812582728865257856448040202859074973034143529785663063871216,17812582728865257856448040202859074973034143529785663063871216,5200471053948005606705382288544320069187908142109845782316404,1.0,3.42518640024784,3.42518640024784,722124,8473297
32,1,100,0.01,even_odd,11,0x5aed3141,1,0.25,8,2 1 2 1 2 1 2 1 2 1 2 1 2 1 2 1 1 1 1 1 1 1 1 1 1 1 1 1 1 1 1 1,17812582728865257856448040202859074973034143529785663063871216,14883668119085400020991818827221173383508395097035671486254808,5192999317604612407306224661127055708640163652602088121050702,1.1967871485943775,3.4301145907105015,2.866102460023204,701299,8253258
32,1,100,0.01,forward,11,0x5aed3141,1,0.5,16,2 2 2 2 2 2 2 2 2 2 2 2 2 2 2 2 1 1 1 1 1 1 1 1 1 1 1 1 1 1 1 1,11954753509305542185535597451583271793982646664285679908638400,11954753509305542185535597451583271793982646664285679908638400,5192999317604612407306224661127055708640163652602088121050702,1.0,2.3020903293359067,2.3020903293359067,771168,8314461
32,1,100,0.01,even_odd,11,0x5aed3141,1,0.5,16,2 1 2 1 2 1 2 1 2 1 2 1 2 1 2 1 2 1 2 1 2 1 2 1 2 1 2 1 2 1 2 1,11954753509305542185535597451583271793982646664285679908638400,3168009679965968679166933324669567025405401366035705175789176,1509439344685344949998181560931601009565293633539225505598702,3.7735849056603774,7.9199959583653285,2.0987989289668123,726268,8326813
32,1,100,0.01,forward,11,0x5aed3141,1,0.75,24,2 2 2 2 2 2 2 2 2 2 2 2 2 2 2 2 2 2 2 2 2 2 2 2 1 1 1 1 1 1 1 1,6096924289745826514623154700307468614931149798785696753405584,6096924289745826514623154700307468614931149798785696753405584,3713747974365076606804304457834869247392191574031054530868702,1.0,1.6417172979510521,1.6417172979510521,711385,8266547
32,1,100,0.01,even_odd,11,0x5aed3141,1,0.75,24,2 2 2 2 2 2 2 2 2 2 2 2 2 2 2 2 2 1 2 1 2 1 2 1 2 1 2 1 2 1 2 1,6096924289745826514623154700307468614931149798785696753405584,2435781027521004220302877980760091628023964257848207281385074,784683191006627210453007108163284040903054922860246259263200,2.503067484662577,7.769918305404778,3.1041585386788695,692829,8538405
32,1,100,0.01,forward,11,0x5aed3141,1,1.0,32,2 2 2 2 2 2 2 2 2 2 2 2 2 2 2 2 2 2 2 2 2 2 2 2 2 2 2 2 2 2 2 2,239095070186110843710711949031665435879652933285713598172768,239095070186110843710711949031665435879652933285713598172768,89888599571174478136226153075323686147835757274142186781094,1.0,2.6599042740319203,2.6599042740319203,718097,8222209
32,1,100,0.01,even_odd,11,0x5aed3141,1,1.0,32,2 2 2 2 2 2 2 2 2 2 2 2 2 2 2 2 2 2 2 2 2 2 2 2 2 2 2 2 2 2 2 2,239095070186110843710711949031665435879652933285713598172768,239095070186110843710711949031665435879652933285713598172768,89888599571174478136226153075323686147835757274142186781094,1.0,2.6599042740319203,2.6599042740319203,697063,8247062
32,1,100,0.01,forward,11,0x5aed3141,2,0.0,0,2 2 2 2 2 2 2 2 2 2 2 2 2 2 2 2 2 2 2 2 2 2 2 2 2 2 2 2 2 2 2 2,239095070186110843710711949031665435879652933285713598172768,239095070186110843710711949031665435879652933285713598172768,89888599571174478136226153075323686147835757274142186781094,1.0,2.6599042740319203,2.6599042740319203,700516,8299645
32,1,100,0.01,even_odd,11,0x5aed3141,2,0.0,0,2 2 2 2 2 2 2 2 2 2 2 2 2 2 2 2 2 2 2 2 2 2 2 2 2 2 2 2 2 2 2 2,239095070186110843710711949031665435879652933285713598172768,239095070186110843710711949031665435879652933285713598172768,89888599571174478136226153075323686147835757274142186781094,1.0,2.6599042740319203,2.6599042740319203,699557,8301897
32,1,100,0.01,forward,11,0x5aed3141,2,0.25,8,3 3 3 3 3 3 3 3 2 2 2 2 2 2 2 2 2 2 2 2 2 2 2 2 2 2 2 2 2 2 2 2,179925078069346038954020608109687625990243874038239020847184,179925078069346038954020608109687625990243874038239020847184,67548932160151923500809505000448189695565492067436638988094,1.0,2.663625794154099,2.663625794154099,703589,8185156
32,1,100,0.01,even_odd,11,0x5aed3141,2,0.25,8,3 2 3 2 3 2 3 2 3 2 3 2 3 2 3 2 2 2 2 2 2 2 2 2 2 2 2 2 2 2 2 2,179925078069346038954020608109687625990243874038239020847184,150340082010963636575674937648698721045539344414501732184392,67474222340807676137277617264398291605995246147961235193796,1.1967871485943775,2.666575053811762,2.228111370466875,689711,8281809
32,1,100,0.01,forward,11,0x5aed3141,2,0.5,16,3 3 3 3 3 3 3 3 3 3 3 3 3 3 3 3 2 2 2 2 2 2 2 2 2 2 2 2 2 2 2 2,120755085952581234197329267187709816100834814790764443521600,120755085952581234197329267187709816100834814790764443521600,67474222340807676137277617264398291605995246147961235193796,1.0,1.7896476871219882,1.7896476871219882,698887,8240145
32,1,100,0.01,even_odd,11,0x5aed3141,2,0.5,16,3 2 3 2 3 2 3 2 3 2 3 2 3 2 3 2 3 2 3 2 3 2 3 2 3 2 3 2 3 2 3 2,120755085952581234197329267187709816100834814790764443521600,32000097777434027062292255804743101266721225919552577533224,15397821402820821817543783977618885084992591734452356556000,3.7735849056603774,7.842348783864928,2.078222427724206,694616,8314141
32,1,100,0.01,forward,11,0x5aed3141,2,0.75,24,3 3 3 3 3 3 3 3 3 3 3 3 3 3 3 3 3 3 3 3 3 3 3 3 2 2 2 2 2 2 2 2,61585093835816429440637926265732006211425755543289866196016,61585093835816429440637926265732006211425755543289866196016,52379813416864657829565672356253204731224665886989743856996,1.0,1.175740992922055,1.175740992922055,672793,8225372
32,1,100,0.01,even_odd,11,0x5aed3141,2,0.75,24,3 3 3 3 3 3 3 3 3 3 3 3 3 3 3 3 3 2 3 2 3 2 3 2 3 2 3 2 3 2 3 2,61585093835816429440637926265732006211425755543289866196016,24603848762838426467705838189495875030545093513618255367526,15322341853046380498152145980532923619035273040886304582498,2.503067484662577,4.019300341061906,1.6057498911595358,730396,8153440
32,1,100,0.01,forward,11,0x5aed3141,2,1.0,32,3 3 3 3 3 3 3 3 3 3 3 3 3 3 3 3 3 3 3 3 3 3 3 3 3 3 3 3 3 3 3 3,2415101719051624683946585343754196322016696295815288870432,2415101719051624683946585343754196322016696295815288870432,1134373815753787863684593261798489218152157873694313424608,1.0,2.129017512138886,2.129017512138886,683944,8128230
32,1,100,0.01,even_odd,11,0x5aed3141,2,1.0,32,3 3 3 3 3 3 3 3 3 3 3 3 3 3 3 3 3 3 3 3 3 3 3 3 3 3 3 3 3 3 3 3,2415101719051624683946585343754196322016696295815288870432,2415101719051624683946585343754196322016696295815288870432,1134373815753787863684593261798489218152157873694313424608,1.0,2.129017512138886,2.129017512138886,670960,8272995
32,1,100,0.01,forward,11,0x5aed3141,3,0.0,0,3 3 3 3 3 3 3 3 3 3 3 3 3 3 3 3 3 3 3 3 3 3 3 3 3 3 3 3 3 3 3 3,2415101719051624683946585343754196322016696295815288870432,2415101719051624683946585343754196322016696295815288870432,1134373815753787863684593261798489218152157873694313424608,1.0,2.129017512138886,2.129017512138886,708728,8093424
32,1,100,0.01,even_odd,11,0x5aed3141,3,0.0,0,3 3 3 3 3 3 3 3 3 3 3 3 3 3 3 3 3 3 3 3 3 3 3 3 3 3 3 3 3 3 3 3,2415101719051624683946585343754196322016696295815288870432,2415101719051624683946585343754196322016696295815288870432,1134373815753787863684593261798489218152157873694313424608,1.0,2.129017512138886,2.129017512138886,663823,8186864
32,1,100,0.01,forward,11,0x5aed3141,3,0.25,8,4 4 4 4 4 4 4 4 3 3 3 3 3 3 3 3 3 3 3 3 3 3 3 3 3 3 3 3 3 3 3 3,1817425031003495342969905132421087131214584586244838594416,1817425031003495342969905132421087131214584586244838594416,909490417048094363729822531653909764486527844609013011906,1.0,1.9982893683500889,1.9982893683500889,670569,8043231
32,1,100,0.01,even_odd,11,0x5aed3141,3,0.25,8,4 3 4 3 4 3 4 3 4 3 4 3 4 3 4 3 3 3 3 3 3 3 3 3 3 3 3 3 3 3 3 3,1817425031003495342969905132421087131214584586244838594416,1518586686979430672481565026754532535813528731459613456408,907203388095487138421459126110551358886511012164113839306,1.1967871485943775,2.003326988029506,1.6739208725481443,658190,8107966
32,1,100,0.01,forward,11,0x5aed3141,3,0.5,16,4 4 4 4 4 4 4 4 4 4 4 4 4 4 4 4 3 3 3 3 3 3 3 3 3 3 3 3 3 3 3 3,1219748342955366001993224921087977940412472876674388318400,1219748342955366001993224921087977940412472876674388318400,907203388095487138421459126110551358886511012164113839306,1.0,1.3445147570667826,1.3445147570667826,637908,8129198
32,1,100,0.01,even_odd,11,0x5aed3141,3,0.5,16,4 3 4 3 4 3 4 3 4 3 4 3 4 3 4 3 4 3 4 3 4 3 4 3 4 3 4 3 4 3 4 3,1219748342955366001993224921087977940412472876674388318400,323233310883171990528204604088314154209305312318712904376,158590542236619058857701952953196049475636156886964388898,3.7735849056603774,7.691179598437127,2.0381625935858385,726811,7998619
32,1,100,0.01,forward,11,0x5aed3141,3,0.75,24,4 4 4 4 4 4 4 4 4 4 4 4 4 4 4 4 4 4 4 4 4 4 4 4 3 3 3 3 3 3 3 3,622071654907236661016544709754868749610361167103938042384,622071654907236661016544709754868749610361167103938042384,531360728689437499838664023105982429141475081753182412608,1.0,1.1707143966802571,1.1707143966802571,641693,7987477
32,1,100,0.01,even_odd,11,0x5aed3141,3,0.75,24,4 4 4 4 4 4 4 4 4 4 4 4 4 4 4 4 4 3 4 3 4 3 4 3 4 3 4 3 4 3 4 3,622071654907236661016544709754868749610361167103938042384,248523724877155822906119577671675505359041348622406619874,156303594248621221698335711160427414179050042089884402000,2.503067484662577,3.9798934752437662,1.5900064619233674,621836,7914115
32,1,100,0.01,forward,11,0x5aed3141,3,1.0,32,4 4 4 4 4 4 4 4 4 4 4 4 4 4 4 4 4 4 4 4 4 4 4 4 4 4 4 4 4 4 4 4,24394966859107320039864498421759558808249457533487766368,24394966859107320039864498421759558808249457533487766368,12990708016920464384532455733116331705775616477646939090,1.0,1.877878159322244,1.877878159322244,625201,7986230
32,1,100,0.01,even_odd,11,0x5aed3141,3,1.0,32,4 4 4 4 4 4 4 4 4 4 4 4 4 4 4 4 4 4 4 4 4 4 4 4 4 4 4 4 4 4 4 4,24394966859107320039864498421759558808249457533487766368,24394966859107320039864498421759558808249457533487766368,12990708016920464384532455733116331705775616477646939090,1.0,1.877878159322244,1.877878159322244,624144,7956273
32,1,100,0.01,forward,12,0x29583f24,0,0.0,0,0 0 0 0 0 0 0 0 0 0 0 0 0 0 0 0 0 0 0 0 0 0 0 0 0 0 0 0 0 0 0 0,2343370782894072379208687812459352937056478399133278975691299168,2343370782894072379208687812459352937056478399133278975691299168,517812904498278489470130056922669989810610547555516363303886502,1.0,4.525516383498826,4.525516383498826,766363,8344970
32,1,100,0.01,even_odd,12,0x29583f24,0,0.0,0,0 0 0 0 0 0 0 0 0 0 0 0 0 0 0 0 0 0 0 0 0 0 0 0 0 0 0 0 0 0 0 0,2343370782894072379208687812459352937056478399133278975691299168,2343370782894072379208687812459352937056478399133278975691299168,517812904498278489470130056922669989810610547555516363303886502,1.0,4.525516383498826,4.525516383498826,716290,8301126
32,1,100,0.01,forward,12,0x29583f24,0,0.25,8,1 1 1 1 1 1 1 1 0 0 0 0 0 0 0 0 0 0 0 0 0 0 0 0 0 0 0 0 0 0 0 0,1763445690157660527788355980083048422330380209448780643323250384,1763445690157660527788355980083048422330380209448780643323250384,517812904498278489470130056922669989810610547555516363303886502,1.0,3.405565359299622,3.405565359299622,722896,8373780
32,1,100,0.01,even_odd,12,0x29583f24,0,0.25,8,1 0 1 0 1 0 1 0 1 0 1 0 1 0 1 0 0 0 0 0 0 0 0 0 0 0 0 0 0 0 0 0,1763445690157660527788355980083048422330380209448780643323250384,1400992507197403120650648584847858100626568840895969185593219894,224181743154683424773092272268014904949899959934395943187106102,1.2587117212249208,7.866143180717881,6.249360396090464,696421,8406375
32,1,100,0.01,forward,12,0x29583f24,0,0.5,16,1 1 1 1 1 1 1 1 1 1 1 1 1 1 1 1 0 0 0 0 0 0 0 0 0 0 0 0 0 0 0 0,1183520597421248676368024147706743907604282019764282310955201600,1183520597421248676368024147706743907604282019764282310955201600,224181743154683424773092272268014904949899959934395943187106102,1.0,5.279290725314014,5.279290725314014,699871,8417064
32,1,100,0.01,even_odd,12,0x29583f24,0,0.5,16,1 0 1 0 1 0 1 0 1 0 1 0 1 0 1 0 1 0 1 0 1 0 1 0 1 0 1 0 1 0 1 0,1183520597421248676368024147706743907604282019764282310955201600,386123594908682380665067878189325199855897008948097103949134522,77721069970821971220169055379590286460061370150517002286449396,3.0651340996168583,15.227795987182958,4.96806844081844,695007,8359669
32,1,100,0.01,forward,12,0x29583f24,0,0.75,24,1 1 1 1 1 1 1 1 1 1 1 1 1 1 1 1 1 1 1 1 1 1 1 1 0 0 0 0 0 0 0 0,603595504684836824947692315330439392878183830079783978587152816,603595504684836824947692315330439392878183830079783978587152816,221185507569319851363480735904732734500196722817998511273770196,1.0,2.7289107289078114,2.7289107289078114,697361,8320096
32,1,100,0.01,even_odd,12,0x29583f24,0,0.75,24,1 1 1 1 1 1 1 1 1 1 1 1 1 1 1 1 1 0 1 0 1 0 1 0 1 0 1 0 1 0 1 0,603595504684836824947692315330439392878183830079783978587152816,168651685132527936382443441048211006833610187816410229311116228,76988840563659290834592389759068205880298730575121173677306102,3.5789473684210527,7.840038897400273,2.1905991036853707,702896,8436946
32,1,100,0.01,forward,12,0x29583f24,0,1.0,32,1 1 1 1 1 1 1 1 1 1 1 1 1 1 1 1 1 1 1 1 1 1 1 1 1 1 1 1 1 1 1 1,23670411948424973527360482954134878152085640395285646219104032,23670411948424973527360482954134878152085640395285646219104032,7449459027084384897335064833117724780009838895205590145047400,1.0,3.1774672311593672,3.1774672311593672,684466,8305925
32,1,100,0.01,even_odd,12,0x29583f24,0,1.0,32,1 1 1 1 1 1 1 1 1 1 1 1 1 1 1 1 1 1 1 1 1 1 1 1 1 1 1 1 1 1 1 1,23670411948424973527360482954134878152085640395285646219104032,23670411948424973527360482954134878152085640395285646219104032,7449459027084384897335064833117724780009838895205590145047400,1.0,3.1774672311593672,3.1774672311593672,721681,8510521
32,1,100,0.01,forward,12,0x29583f24,1,0.0,0,1 1 1 1 1 1 1 1 1 1 1 1 1 1 1 1 1 1 1 1 1 1 1 1 1 1 1 1 1 1 1 1,23670411948424973527360482954134878152085640395285646219104032,23670411948424973527360482954134878152085640395285646219104032,7449459027084384897335064833117724780009838895205590145047400,1.0,3.1774672311593672,3.1774672311593672,677993,8316154
32,1,100,0.01,even_odd,12,0x29583f24,1,0.0,0,1 1 1 1 1 1 1 1 1 1 1 1 1 1 1 1 1 1 1 1 1 1 1 1 1 1 1 1 1 1 1 1,23670411948424973527360482954134878152085640395285646219104032,23670411948424973527360482954134878152085640395285646219104032,7449459027084384897335064833117724780009838895205590145047400,1.0,3.1774672311593672,3.1774672311593672,699511,8441492
32,1,100,0.01,forward,12,0x29583f24,1,0.25,8,2 2 2 2 2 2 2 2 1 1 1 1 1 1 1 1 1 1 1 1 1 1 1 1 1 1 1 1 1 1 1 1,17812582728865257856448040202859074973034143529785663063871216,17812582728865257856448040202859074973034143529785663063871216,7449459027084384897335064833117724780009838895205590145047400,1.0,2.3911243305189176,2.3911243305189176,737093,8302482
32,1,100,0.01,even_odd,12,0x29583f24,1,0.25,8,2 1 2 1 2 1 2 1 2 1 2 1 2 1 2 1 1 1 1 1 1 1 1 1 1 1 1 1 1 1 1 1,17812582728865257856448040202859074973034143529785663063871216,14151439466640435562127763483311697986126957988848173591850706,3743863561109002316793426115597678477606710542498711462238000,1.2587117212249208,4.7578076599535155,3.779902562060385,707931,8371125
32,1,100,0.01,forward,12,0x29583f24,1,0.5,16,2 2 2 2 2 2 2 2 2 2 2 2 2 2 2 2 1 1 1 1 1 1 1 1 1 1 1 1 1 1 1 1,11954753509305542185535597451583271793982646664285679908638400,11954753509305542185535597451583271793982646664285679908638400,3743863561109002316793426115597678477606710542498711462238000,1.0,3.193159503324507,3.193159503324507,701216,8405736
32,1,100,0.01,even_odd,12,0x29583f24,1,0.5,16,2 1 2 1 2 1 2 1 2 1 2 1 2 1 2 1 2 1 2 1 2 1 2 1 2 1 2 1 2 1 2 1,11954753509305542185535597451583271793982646664285679908638400,3900238332410933138030988668579042422786838474223203070193278,1517289965281550026744550852794225765664885291526053473055106,3.0651340996168583,7.879017052015634,2.5705293132201006,692360,8274866
32,1,100,0.01,forward,12,0x29583f24,1,0.75,24,2 2 2 2 2 2 2 2 2 2 2 2 2 2 2 2 2 2 2 2 2 2 2 2 1 1 1 1 1 1 1 1,6096924289745826514623154700307468614931149798785696753405584,6096924289745826514623154700307468614931149798785696753405584,3713597022888161013673218177847320455228336838224986415204106,1.0,1.6417840309997045,1.6417840309997045,690127,8294861
32,1,100,0.01,even_odd,12,0x29583f24,1,0.75,24,2 2 2 2 2 2 2 2 2 2 2 2 2 2 2 2 2 1 2 1 2 1 2 1 2 1 2 1 2 1 2 1,6096924289745826514623154700307468614931149798785696753405584,1703552375076039761438822636850616230642527149660709386980972,800080219027725036470312181019133603829593128800051763190196,3.5789473684210527,7.6203912367124165,2.1292269631990575,660713,8343033
32,1,100,0.01,forward,12,0x29583f24,1,1.0,32,2 2 2 2 2 2 2 2 2 2 2 2 2 2 2 2 2 2 2 2 2 2 2 2 2 2 2 2 2 2 2 2,239095070186110843710711949031665435879652933285713598172768,239095070186110843710711949031665435879652933285713598172768,90266721556712739272753685043107976284951996674322521362392,1.0,2.648762091529959,2.648762091529959,667330,8254388
32,1,100,0.01,even_odd,12,0x29583f24,1,1.0,32,2 2 2 2 2 2 2 2 2 2 2 2 2 2 2 2 2 2 2 2 2 2 2 2 2 2 2 2 2 2 2 2,239095070186110843710711949031665435879652933285713598172768,239095070186110843710711949031665435879652933285713598172768,90266721556712739272753685043107976284951996674322521362392,1.0,2.648762091529959,2.648762091529959,660007,8331192
32,1,100,0.01,forward,12,0x29583f24,2,0.0,0,2 2 2 2 2 2 2 2 2 2 2 2 2 2 2 2 2 2 2 2 2 2 2 2 2 2 2 2 2 2 2 2,239095070186110843710711949031665435879652933285713598172768,239095070186110843710711949031665435879652933285713598172768,90266721556712739272753685043107976284951996674322521362392,1.0,2.648762091529959,2.648762091529959,670284,8487812
32,1,100,0.01,even_odd,12,0x29583f24,2,0.0,0,2 2 2 2 2 2 2 2 2 2 2 2 2 2 2 2 2 2 2 2 2 2 2 2 2 2 2 2 2 2 2 2,239095070186110843710711949031665435879652933285713598172768,239095070186110843710711949031665435879652933285713598172768,90266721556712739272753685043107976284951996674322521362392,1.0,2.648762091529959,2.648762091529959,676185,8309389
32,1,100,0.01,forward,12,0x29583f24,2,0.25,8,3 3 3 3 3 3 3 3 2 2 2 2 2 2 2 2 2 2 2 2 2 2 2 2 2 2 2 2 2 2 2 2,179925078069346038954020608109687625990243874038239020847184,179925078069346038954020608109687625990243874038239020847184,90190510465917958312991361254444446235500299397850210788098,1.0,1.9949446692325554,1.9949446692325554,690549,8422904
32,1,100,0.01,even_odd,12,0x29583f24,2,0.25,8,3 2 3 2 3 2 3 2 3 2 3 2 3 2 3 2 2 2 2 2 2 2 2 2 2 2 2 2 2 2 2 2,179925078069346038954020608109687625990243874038239020847184,142943832996368035981088520033451494809363212008567410018694,52835709762478496613454759064201811196221837926394627597498,1.2587117212249208,3.405368809810531,2.7054398178612185,689753,8216579
32,1,100,0.01,forward,12,0x29583f24,2,0.5,16,3 3 3 3 3 3 3 3 3 3 3 3 3 3 3 3 2 2 2 2 2 2 2 2 2 2 2 2 2 2 2 2,120755085952581234197329267187709816100834814790764443521600,120755085952581234197329267187709816100834814790764443521600,52835709762478496613454759064201811196221837926394627597498,1.0,2.2854824226916315,2.2854824226916315,702550,8247564
32,1,100,0.01,even_odd,12,0x29583f24,2,0.5,16,3 2 3 2 3 2 3 2 3 2 3 2 3 2 3 2 3 2 3 2 3 2 3 2 3 2 3 2 3 2 3 2,120755085952581234197329267187709816100834814790764443521600,39396346792029627656878673419990327502897358325486899698922,22722410280065802884935416128320213768144670704177286539992,3.0651340996168583,5.3143607770571215,1.733810203514886,668217,8280130
32,1,100,0.01,forward,12,0x29583f24,2,0.75,24,3 3 3 3 3 3 3 3 3 3 3 3 3 3 3 3 3 3 3 3 3 3 3 3 2 2 2 2 2 2 2 2,61585093835816429440637926265732006211425755543289866196016,61585093835816429440637926265732006211425755543289866196016,52378288654471571030261770538197156325529163505110267941192,1.0,1.1757752194249833,1.1757752194249833,665729,8249587
32,1,100,0.01,even_odd,12,0x29583f24,2,0.75,24,3 3 3 3 3 3 3 3 3 3 3 3 3 3 3 3 3 2 3 2 3 2 3 2 3 2 3 2 3 2 3 2,61585093835816429440637926265732006211425755543289866196016,17207599748242825873119420574248648794368961107683933201828,8308034080825022203402111403561448218852415200624448644106,3.5789473684210527,7.412715599946212,2.0711999470437945,670950,8314933
32,1,100,0.01,forward,12,0x29583f24,2,1.0,32,3 3 3 3 3 3 3 3 3 3 3 3 3 3 3 3 3 3 3 3 3 3 3 3 3 3 3 3 3 3 3 3,2415101719051624683946585343754196322016696295815288870432,2415101719051624683946585343754196322016696295815288870432,1137423108813248216078354625673564972638191129490081822510,1.0,2.1233098750485793,2.1233098750485793,660634,8215518
32,1,100,0.01,even_odd,12,0x29583f24,2,1.0,32,3 3 3 3 3 3 3 3 3 3 3 3 3 3 3 3 3 3 3 3 3 3 3 3 3 3 3 3 3 3 3 3,2415101719051624683946585343754196322016696295815288870432,2415101719051624683946585343754196322016696295815288870432,1137423108813248216078354625673564972638191129490081822510,1.0,2.1233098750485793,2.1233098750485793,688496,8239344
32,1,100,0.01,forward,12,0x29583f24,3,0.0,0,3 3 3 3 3 3 3 3 3 3 3 3 3 3 3 3 3 3 3 3 3 3 3 3 3 3 3 3 3 3 3 3,2415101719051624683946585343754196322016696295815288870432,2415101719051624683946585343754196322016696295815288870432,1137423108813248216078354625673564972638191129490081822510,1.0,2.1233098750485793,2.1233098750485793,664023,8320477
32,1,100,0.01,even_odd,12,0x29583f24,3,0.0,0,3 3 3 3 3 3 3 3 3 3 3 3 3 3 3 3 3 3 3 3 3 3 3 3 3 3 3 3 3 3 3 3,2415101719051624683946585343754196322016696295815288870432,2415101719051624683946585343754196322016696295815288870432,1137423108813248216078354625673564972638191129490081822510,1.0,2.1233098750485793,2.1233098750485793,654299,8261626
32,1,100,0.01,forward,12,0x29583f24,3,0.25,8,4 4 4 4 4 4 4 4 3 3 3 3 3 3 3 3 3 3 3 3 3 3 3 3 3 3 3 3 3 3 3 3,1817425031003495342969905132421087131214584586244838594416,1817425031003495342969905132421087131214584586244838594416,1062721379604351262210462176915447506186489241159221256804,1.0,1.7101613516800787,1.7101613516800787,659373,8226704
32,1,100,0.01,even_odd,12,0x29583f24,3,0.25,8,4 3 4 3 4 3 4 3 4 3 4 3 4 3 4 3 3 3 3 3 3 3 3 3 3 3 3 3 3 3 3 3,1817425031003495342969905132421087131214584586244838594416,1443877100973414504859480000337893886963264767763307171906,684637894651945558228811714304868307041179485400947997204,1.2587117212249208,2.654578493536986,2.1089646253183942,647059,8331282
32,1,100,0.01,forward,12,0x29583f24,3,0.5,16,4 4 4 4 4 4 4 4 4 4 4 4 4 4 4 4 3 3 3 3 3 3 3 3 3 3 3 3 3 3 3 3,1219748342955366001993224921087977940412472876674388318400,1219748342955366001993224921087977940412472876674388318400,684637894651945558228811714304868307041179485400947997204,1.0,1.781596304387239,1.781596304387239,817185,8601471
32,1,100,0.01,even_odd,12,0x29583f24,3,0.5,16,4 3 4 3 4 3 4 3 4 3 4 3 4 3 4 3 4 3 4 3 4 3 4 3 4 3 4 3 4 3 4 3,1219748342955366001993224921087977940412472876674388318400,397942896889188158150289630504952803059569276015019188878,231806246119225959400101929378708952397453424178415586106,3.0651340996168583,5.261930441373902,1.7167048064982355,654174,8139264
32,1,100,0.01,forward,12,0x29583f24,3,0.75,24,4 4 4 4 4 4 4 4 4 4 4 4 4 4 4 4 4 4 4 4 4 4 4 4 3 3 3 3 3 3 3 3,622071654907236661016544709754868749610361167103938042384,622071654907236661016544709754868749610361167103938042384,530598389157482855592364940379607370217842518564075454706,1.0,1.172396425656325,1.172396425656325,633263,8128239
32,1,100,0.01,even_odd,12,0x29583f24,3,0.75,24,4 4 4 4 4 4 4 4 4 4 4 4 4 4 4 4 4 3 4 3 4 3 4 3 4 3 4 3 4 3 4 3,622071654907236661016544709754868749610361167103938042384,173814138871139655284034551255036856508777384926100335372,86198708317261099097623962029502941503174985206307110992,3.5789473684210527,7.216716666074081,2.0164355390501107,642897,8394821
32,1,100,0.01,forward,12,0x29583f24,3,1.0,32,4 4 4 4 4 4 4 4 4 4 4 4 4 4 4 4 4 4 4 4 4 4 4 4 4 4 4 4 4 4 4 4,24394966859107320039864498421759558808249457533487766368,24394966859107320039864498421759558808249457533487766368,13013807747874472085755857480207343599779198051420212188,1.0,1.8745448935260103,1.8745448935260103,658485,8384903
32,1,100,0.01,even_odd,12,0x29583f24,3,1.0,32,4 4 4 4 4 4 4 4 4 4 4 4 4 4 4 4 4 4 4 4 4 4 4 4 4 4 4 4 4 4 4 4,24394966859107320039864498421759558808249457533487766368,24394966859107320039864498421759558808249457533487766368,13013807747874472085755857480207343599779198051420212188,1.0,1.8745448935260103,1.8745448935260103,632988,8425025
32,1,100,0.01,forward,13,0x67a75c12,0,0.0,0,0 0 0 0 0 0 0 0 0 0 0 0 0 0 0 0 0 0 0 0 0 0 0 0 0 0 0 0 0 0 0 0,2343370782894072379208687812459352937056478399133278975691299168,2343370782894072379208687812459352937056478399133278975691299168,442363390940822162687503335433123346180413577503837644547683600,1.0,5.297388596986228,5.297388596986228,800643,8438912
32,1,100,0.01,even_odd,13,0x67a75c12,0,0.0,0,0 0 0 0 0 0 0 0 0 0 0 0 0 0 0 0 0 0 0 0 0 0 0 0 0 0 0 0 0 0 0 0,2343370782894072379208687812459352937056478399133278975691299168,2343370782894072379208687812459352937056478399133278975691299168,442363390940822162687503335433123346180413577503837644547683600,1.0,5.297388596986228,5.297388596986228,785333,8594441
32,1,100,0.01,forward,13,0x67a75c12,0,0.25,8,1 1 1 1 1 1 1 1 0 0 0 0 0 0 0 0 0 0 0 0 0 0 0 0 0 0 0 0 0 0 0 0,1763445690157660527788355980083048422330380209448780643323250384,1763445690157660527788355980083048422330380209448780643323250384,368393354348858205661201644094413331713849860687839354155149298,1.0,4.786855325538057,4.786855325538057,757329,8682051
32,1,100,0.01,even_odd,13,0x67a75c12,0,0.25,8,1 0 1 0 1 0 1 0 1 0 1 0 1 0 1 0 0 0 0 0 0 0 0 0 0 0 0 0 0 0 0 0,1763445690157660527788355980083048422330380209448780643323250384,1400992507197403120650648584847858100626568840895969185593219894,368393354348858205661201644094413331713849860687839354155149298,1.2587117212249208,4.786855325538057,3.802979860138037,722257,8648640
32,1,100,0.01,forward,13,0x67a75c12,0,0.5,16,1 1 1 1 1 1 1 1 1 1 1 1 1 1 1 1 0 0 0 0 0 0 0 0 0 0 0 0 0 0 0 0,1183520597421248676368024147706743907604282019764282310955201600,1183520597421248676368024147706743907604282019764282310955201600,368393354348858205661201644094413331713849860687839354155149298,1.0,3.212654580898025,3.212654580898025,837073,8569724
32,1,100,0.01,even_odd,13,0x67a75c12,0,0.5,16,1 0 1 0 1 0 1 0 1 0 1 0 1 0 1 0 1 0 1 0 1 0 1 0 1 0 1 0 1 0 1 0,1183520597421248676368024147706743907604282019764282310955201600,313632958316630899237526399142287135515134735237534812403128424,76958953672261806303172825869594865817332107826762671793962498,3.7735849056603774,15.378595224428357,4.075327734473515,763897,8651093
32,1,100,0.01,forward,13,0x67a75c12,0,0.75,24,1 1 1 1 1 1 1 1 1 1 1 1 1 1 1 1 1 1 1 1 1 1 1 1 0 0 0 0 0 0 0 0,603595504684836824947692315330439392878183830079783978587152816,603595504684836824947692315330439392878183830079783978587152816,224136761877386303477463787352936259081596536583671354598907000,1.0,2.692978606584104,2.692978606584104,743906,8692121
32,1,100,0.01,even_odd,13,0x67a75c12,0,0.75,24,1 1 1 1 1 1 1 1 1 1 1 1 1 1 1 1 1 0 1 0 1 0 1 0 1 0 1 0 1 0 1 0,603595504684836824947692315330439392878183830079783978587152816,241142321724579417809984920095249071174372461526972520857122326,76211781585474291585735435047991734358073888464984911284947000,2.503067484662577,7.9199763098029985,3.164108182592865,732709,8584324
32,1,100,0.01,forward,13,0x67a75c12,0,1.0,32,1 1 1 1 1 1 1 1 1 1 1 1 1 1 1 1 1 1 1 1 1 1 1 1 1 1 1 1 1 1 1 1,23670411948424973527360482954134878152085640395285646219104032,23670411948424973527360482954134878152085640395285646219104032,6687341958403299975394714480062857338242079924129925028480102,1.0,3.5395845009362477,3.5395845009362477,753538,8555252
32,1,100,0.01,even_odd,13,0x67a75c12,0,1.0,32,1 1 1 1 1 1 1 1 1 1 1 1 1 1 1 1 1 1 1 1 1 1 1 1 1 1 1 1 1 1 1 1,23670411948424973527360482954134878152085640395285646219104032,23670411948424973527360482954134878152085640395285646219104032,6687341958403299975394714480062857338242079924129925028480102,1.0,3.5395845009362477,3.5395845009362477,760892,8642138
32,1,100,0.01,forward,13,0x67a75c12,1,0.0,0,1 1 1 1 1 1 1 1 1 1 1 1 1 1 1 1 1 1 1 1 1 1 1 1 1 1 1 1 1 1 1 1,23670411948424973527360482954134878152085640395285646219104032,23670411948424973527360482954134878152085640395285646219104032,6687341958403299975394714480062857338242079924129925028480102,1.0,3.5395845009362477,3.5395845009362477,768776,8990468
32,1,100,0.01,even_odd,13,0x67a75c12,1,0.0,0,1 1 1 1 1 1 1 1 1 1 1 1 1 1 1 1 1 1 1 1 1 1 1 1 1 1 1 1 1 1 1 1,23670411948424973527360482954134878152085640395285646219104032,23670411948424973527360482954134878152085640395285646219104032,6687341958403299975394714480062857338242079924129925028480102,1.0,3.5395845009362477,3.5395845009362477,763603,8596665
32,1,100,0.01,forward,13,0x67a75c12,1,0.25,8,2 2 2 2 2 2 2 2 1 1 1 1 1 1 1 1 1 1 1 1 1 1 1 1 1 1 1 1 1 1 1 1,17812582728865257856448040202859074973034143529785663063871216,17812582728865257856448040202859074973034143529785663063871216,5932623448786894735975294867912590661928278343796982066484604,1.0,3.0024799117340883,3.0024799117340883,721639,8552461
32,1,100,0.01,even_odd,13,0x67a75c12,1,0.25,8,2 1 2 1 2 1 2 1 2 1 2 1 2 1 2 1 1 1 1 1 1 1 1 1 1 1 1 1 1 1 1 1,17812582728865257856448040202859074973034143529785663063871216,14151439466640435562127763483311697986126957988848173591850706,5932623448786894735975294867912590661928278343796982066484604,1.2587117212249208,3.0024799117340883,2.3853594600773333,699113,8507326
32,1,100,0.01,forward,13,0x67a75c12,1,0.5,16,2 2 2 2 2 2 2 2 2 2 2 2 2 2 2 2 1 1 1 1 1 1 1 1 1 1 1 1 1 1 1 1,11954753509305542185535597451583271793982646664285679908638400,11954753509305542185535597451583271793982646664285679908638400,5932623448786894735975294867912590661928278343796982066484604,1.0,2.015087189083281,2.015087189083281,720508,8468719
32,1,100,0.01,even_odd,13,0x67a75c12,1,0.5,16,2 1 2 1 2 1 2 1 2 1 2 1 2 1 2 1 2 1 2 1 2 1 2 1 2 1 2 1 2 1 2 1,11954753509305542185535597451583271793982646664285679908638400,3168009679965968679166933324669567025405401366035705175789176,1509591820851649371017316211279120506647417995326514781211804,3.7735849056603774,7.919195999989695,2.0985869399972694,695238,8391977
32,1,100,0.01,forward,13,0x67a75c12,1,0.75,24,2 2 2 2 2 2 2 2 2 2 2 2 2 2 2 2 2 2 2 2 2 2 2 2 1 1 1 1 1 1 1 1,6096924289745826514623154700307468614931149798785696753405584,6096924289745826514623154700307468614931149798785696753405584,2996236348176139241464699660605801246690493033275087334797102,1.0,2.0348609326020393,2.0348609326020393,702607,8437549
32,1,100,0.01,even_odd,13,0x67a75c12,1,0.75,24,2 2 2 2 2 2 2 2 2 2 2 2 2 2 2 2 2 1 2 1 2 1 2 1 2 1 2 1 2 1 2 1,6096924289745826514623154700307468614931149798785696753405584,2435781027521004220302877980760091628023964257848207281385074,792154141826650264277947211262127828310005576306659329419098,2.503067484662577,7.696638782556586,3.074882650874322,701472,8403855
32,1,100,0.01,forward,13,0x67a75c12,1,1.0,32,2 2 2 2 2 2 2 2 2 2 2 2 2 2 2 2 2 2 2 2 2 2 2 2 2 2 2 2 2 2 2 2,239095070186110843710711949031665435879652933285713598172768,239095070186110843710711949031665435879652933285713598172768,82493113057214450784498744203193180718362230498214295889694,1.0,2.898364012766527,2.898364012766527,683729,8423338
32,1,100,0.01,even_odd,13,0x67a75c12,1,1.0,32,2 2 2 2 2 2 2 2 2 2 2 2 2 2 2 2 2 2 2 2 2 2 2 2 2 2 2 2 2 2 2 2,239095070186110843710711949031665435879652933285713598172768,239095070186110843710711949031665435879652933285713598172768,82493113057214450784498744203193180718362230498214295889694,1.0,2.898364012766527,2.898364012766527,684029,8386893
32,1,100,0.01,forward,13,0x67a75c12,2,0.0,0,2 2 2 2 2 2 2 2 2 2 2 2 2 2 2 2 2 2 2 2 2 2 2 2 2 2 2 2 2 2 2 2,239095070186110843710711949031665435879652933285713598172768,239095070186110843710711949031665435879652933285713598172768,82493113057214450784498744203193180718362230498214295889694,1.0,2.898364012766527,2.898364012766527,695799,8359524
32,1,100,0.01,even_odd,13,0x67a75c12,2,0.0,0,2 2 2 2 2 2 2 2 2 2 2 2 2 2 2 2 2 2 2 2 2 2 2 2 2 2 2 2 2 2 2 2,239095070186110843710711949031665435879652933285713598172768,239095070186110843710711949031665435879652933285713598172768,82493113057214450784498744203193180718362230498214295889694,1.0,2.898364012766527,2.898364012766527,713425,8413237
32,1,100,0.01,forward,13,0x67a75c12,2,0.25,8,3 3 3 3 3 3 3 3 2 2 2 2 2 2 2 2 2 2 2 2 2 2 2 2 2 2 2 2 2 2 2 2,179925078069346038954020608109687625990243874038239020847184,179925078069346038954020608109687625990243874038239020847184,82493113057214450784498744203193180718362230498214295889694,1.0,2.181092110617235,2.181092110617235,710941,8351349
32,1,100,0.01,even_odd,13,0x67a75c12,2,0.25,8,3 2 3 2 3 2 3 2 3 2 3 2 3 2 3 2 2 2 2 2 2 2 2 2 2 2 2 2 2 2 2 2,179925078069346038954020608109687625990243874038239020847184,142943832996368035981088520033451494809363212008567410018694,82493113057214450784498744203193180718362230498214295889694,1.2587117212249208,2.181092110617235,1.7327971717739272,701086,8432538
32,1,100,0.01,forward,13,0x67a75c12,2,0.5,16,3 3 3 3 3 3 3 3 3 3 3 3 3 3 3 3 2 2 2 2 2 2 2 2 2 2 2 2 2 2 2 2,120755085952581234197329267187709816100834814790764443521600,120755085952581234197329267187709816100834814790764443521600,82493113057214450784498744203193180718362230498214295889694,1.0,1.4638202084679428,1.4638202084679428,694509,7811177
32,1,100,0.01,even_odd,13,0x67a75c12,2,0.5,16,3 2 3 2 3 2 3 2 3 2 3 2 3 2 3 2 3 2 3 2 3 2 3 2 3 2 3 2 3 2 3 2,120755085952581234197329267187709816100834814790764443521600,32000097777434027062292255804743101266721225919552577533224,15474810237986558803232085764119884299537458151745179891898,3.7735849056603774,7.803332260331018,2.06788304898772,673022,7783795
32,1,100,0.01,forward,13,0x67a75c12,2,0.75,24,3 3 3 3 3 3 3 3 3 3 3 3 3 3 3 3 3 3 3 3 3 3 3 3 2 2 2 2 2 2 2 2,61585093835816429440637926265732006211425755543289866196016,61585093835816429440637926265732006211425755543289866196016,37661262632536401013421767722376531758302324661238234638396,1.0,1.635237098572784,1.635237098572784,638748,8203244
32,1,100,0.01,even_odd,13,0x67a75c12,2,0.75,24,3 3 3 3 3 3 3 3 3 3 3 3 3 3 3 3 3 2 3 2 3 2 3 2 3 2 3 2 3 2 3 2,61585093835816429440637926265732006211425755543289866196016,24603848762838426467705838189495875030545093513618255367526,15397806002743583062040429850218214400923663479738961856800,2.503067484662577,3.9996018799589494,1.5978801628267372,689994,8265774
32,1,100,0.01,forward,13,0x67a75c12,2,1.0,32,3 3 3 3 3 3 3 3 3 3 3 3 3 3 3 3 3 3 3 3 3 3 3 3 3 3 3 3 3 3 3 3,2415101719051624683946585343754196322016696295815288870432,2415101719051624683946585343754196322016696295815288870432,1058901810838518029328304718199678148733243996398079545008,1.0,2.280760779074658,2.280760779074658,680168,8317641
32,1,100,0.01,even_odd,13,0x67a75c12,2,1.0,32,3 3 3 3 3 3 3 3 3 3 3 3 3 3 3 3 3 3 3 3 3 3 3 3 3 3 3 3 3 3 3 3,2415101719051624683946585343754196322016696295815288870432,2415101719051624683946585343754196322016696295815288870432,1058901810838518029328304718199678148733243996398079545008,1.0,2.280760779074658,2.280760779074658,681281,8359849
32,1,100,0.01,forward,13,0x67a75c12,3,0.0,0,3 3 3 3 3 3 3 3 3 3 3 3 3 3 3 3 3 3 3 3 3 3 3 3 3 3 3 3 3 3 3 3,2415101719051624683946585343754196322016696295815288870432,2415101719051624683946585343754196322016696295815288870432,1058901810838518029328304718199678148733243996398079545008,1.0,2.280760779074658,2.280760779074658,720558,8360844
32,1,100,0.01,even_odd,13,0x67a75c12,3,0.0,0,3 3 3 3 3 3 3 3 3 3 3 3 3 3 3 3 3 3 3 3 3 3 3 3 3 3 3 3 3 3 3 3,2415101719051624683946585343754196322016696295815288870432,2415101719051624683946585343754196322016696295815288870432,1058901810838518029328304718199678148733243996398079545008,1.0,2.280760779074658,2.280760779074658,678297,8017442
32,1,100,0.01,forward,13,0x67a75c12,3,0.25,8,4 4 4 4 4 4 4 4 3 3 3 3 3 3 3 3 3 3 3 3 3 3 3 3 3 3 3 3 3 3 3 3,1817425031003495342969905132421087131214584586244838594416,1817425031003495342969905132421087131214584586244838594416,1058901810838518029328304718199678148733243996398079545008,1.0,1.7163300812228488,1.7163300812228488,660674,8315181
32,1,100,0.01,even_odd,13,0x67a75c12,3,0.25,8,4 3 4 3 4 3 4 3 4 3 4 3 4 3 4 3 3 3 3 3 3 3 3 3 3 3 3 3 3 3 3 3,1817425031003495342969905132421087131214584586244838594416,1443877100973414504859480000337893886963264767763307171906,1058901810838518029328304718199678148733243996398079545008,1.2587117212249208,1.7163300812228488,1.363560895065468,665814,8322504
32,1,100,0.01,forward,13,0x67a75c12,3,0.5,16,4 4 4 4 4 4 4 4 4 4 4 4 4 4 4 4 3 3 3 3 3 3 3 3 3 3 3 3 3 3 3 3,1219748342955366001993224921087977940412472876674388318400,1219748342955366001993224921087977940412472876674388318400,1058901810838518029328304718199678148733243996398079545008,1.0,1.1518993833710394,1.1518993833710394,691412,8269133
32,1,100,0.01,even_odd,13,0x67a75c12,3,0.5,16,4 3 4 3 4 3 4 3 4 3 4 3 4 3 4 3 4 3 4 3 4 3 4 3 4 3 4 3 4 3 4 3,1219748342955366001993224921087977940412472876674388318400,323233310883171990528204604088314154209305312318712904376,231020800531132923210287912922900106421349399572520222804,3.7735849056603774,5.279820432407297,1.3991524145879335,615441,8152840
32,1,100,0.01,forward,13,0x67a75c12,3,0.75,24,4 4 4 4 4 4 4 4 4 4 4 4 4 4 4 4 4 4 4 4 4 4 4 4 3 3 3 3 3 3 3 3,622071654907236661016544709754868749610361167103938042384,622071654907236661016544709754868749610361167103938042384,455126380274060622303112983208320787823014717850227846506,1.0,1.3668108065558573,1.3668108065558573,679218,8288581
32,1,100,0.01,even_odd,13,0x67a75c12,3,0.75,24,4 4 4 4 4 4 4 4 4 4 4 4 4 4 4 4 4 3 4 3 4 3 4 3 4 3 4 3 4 3 4 3,622071654907236661016544709754868749610361167103938042384,248523724877155822906119577671675505359041348622406619874,157835977751978713244833122336715026577006065388553217498,2.503067484662577,3.941253849516816,1.5745695526255907,655920,8179384
32,1,100,0.01,forward,13,0x67a75c12,3,1.0,32,4 4 4 4 4 4 4 4 4 4 4 4 4 4 4 4 4 4 4 4 4 4 4 4 4 4 4 4 4 4 4 4,24394966859107320039864498421759558808249457533487766368,24394966859107320039864498421759558808249457533487766368,13021664521345583449381092591702757200371987003170657890,1.0,1.8734138649569883,1.8734138649569883,659416,7998004
32,1,100,0.01,even_odd,13,0x67a75c12,3,1.0,32,4 4 4 4 4 4 4 4 4 4 4 4 4 4 4 4 4 4 4 4 4 4 4 4 4 4 4 4 4 4 4 4,24394966859107320039864498421759558808249457533487766368,24394966859107320039864498421759558808249457533487766368,13021664521345583449381092591702757200371987003170657890,1.0,1.8734138649569883,1.8734138649569883,676262,8235547
32,1,20,0.05,forward,0,0x0,0,0.0,0,0 0 0 0 0 0 0 0 0 0 0 0 0 0 0 0 0 0 0 0 0 0 0 0 0 0 0 0 0 0 0 0,140123703681494690747669787798807442387808,140123703681494690747669787798807442387808,140123703681494690747669787798807442387808,1.0,1.0,1.0,746069,7923618
32,1,20,0.05,even_odd,0,0x0,0,0.0,0,0 0 0 0 0 0 0 0 0 0 0 0 0 0 0 0 0 0 0 0 0 0 0 0 0 0 0 0 0 0 0 0,140123703681494690747669787798807442387808,140123703681494690747669787798807442387808,140123703681494690747669787798807442387808,1.0,1.0,1.0,706508,7671988
32,1,20,0.05,forward,0,0x0,0,0.25,8,1 1 1 1 1 1 1 1 0 0 0 0 0 0 0 0 0 0 0 0 0 0 0 0 0 0 0 0 0 0 0 0,106936510704298579781116417004353048138064,106936510704298579781116417004353048138064,11523330894859760752275475970296664670050,1.0,9.28,9.28,676169,7838944
32,1,20,0.05,even_odd,0,0x0,0,0.25,8,1 0 1 0 1 0 1 0 1 0 1 0 1 0 1 0 0 0 0 0 0 0 0 0 0 0 0 0 0 0 0 0,106936510704298579781116417004353048138064,106936510704298579781116417004353048138064,11523330894859760752275475970296664670050,1.0,9.28,9.28,662821,7780807
32,1,20,0.05,forward,0,0x0,0,0.5,16,1 1 1 1 1 1 1 1 1 1 1 1 1 1 1 1 0 0 0 0 0 0 0 0 0 0 0 0 0 0 0 0,73749317727102468814563046209898653888320,73749317727102468814563046209898653888320,11523330894859760752275475970296664670050,1.0,6.4,6.4,706288,8998428
32,1,20,0.05,even_odd,0,0x0,0,0.5,16,1 0 1 0 1 0 1 0 1 0 1 0 1 0 1 0 1 0 1 0 1 0 1 0 1 0 1 0 1 0 1 0,73749317727102468814563046209898653888320,73749317727102468814563046209898653888320,11523330894859760752275475970296664670050,1.0,6.4,6.4,785447,8598041
32,1,20,0.05,forward,0,0x0,0,0.75,24,1 1 1 1 1 1 1 1 1 1 1 1 1 1 1 1 1 1 1 1 1 1 1 1 0 0 0 0 0 0 0 0,40562124749906357848009675415444259638576,40562124749906357848009675415444259638576,11523330894859760752275475970296664670050,1.0,3.52,3.52,701596,7981245
32,1,20,0.05,even_odd,0,0x0,0,0.75,24,1 1 1 1 1 1 1 1 1 1 1 1 1 1 1 1 1 0 1 0 1 0 1 0 1 0 1 0 1 0 1 0,40562124749906357848009675415444259638576,40562124749906357848009675415444259638576,11523330894859760752275475970296664670050,1.0,3.52,3.52,668723,8068921
32,1,20,0.05,forward,0,0x0,0,1.0,32,1 1 1 1 1 1 1 1 1 1 1 1 1 1 1 1 1 1 1 1 1 1 1 1 1 1 1 1 1 1 1 1,7374931772710246881456304620989865388832,7374931772710246881456304620989865388832,824827895632067085426034069452813892172,1.0,8.941176470588236,8.941176470588236,724833,8025978
32,1,20,0.05,even_odd,0,0x0,0,1.0,32,1 1 1 1 1 1 1 1 1 1 1 1 1 1 1 1 1 1 1 1 1 1 1 1 1 1 1 1 1 1 1 1,7374931772710246881456304620989865388832,7374931772710246881456304620989865388832,824827895632067085426034069452813892172,1.0,8.941176470588236,8.941176470588236,739900,8235066
32,1,20,0.05,forward,0,0x0,1,0.0,0,1 1 1 1 1 1 1 1 1 1 1 1 1 1 1 1 1 1 1 1 1 1 1 1 1 1 1 1 1 1 1 1,7374931772710246881456304620989865388832,7374931772710246881456304620989865388832,824827895632067085426034069452813892172,1.0,8.941176470588236,8.941176470588236,713748,8063502
32,1,20,0.05,even_odd,0,0x0,1,0.0,0,1 1 1 1 1 1 1 1 1 1 1 1 1 1 1 1 1 1 1 1 1 1 1 1 1 1 1 1 1 1 1 1,7374931772710246881456304620989865388832,7374931772710246881456304620989865388832,824827895632067085426034069452813892172,1.0,8.941176470588236,8.941176470588236,732457,8158007
32,1,20,0.05,forward,0,0x0,1,0.25,8,2 2 2 2 2 2 2 2 1 1 1 1 1 1 1 1 1 1 1 1 1 1 1 1 1 1 1 1 1 1 1 1,5628237405489398935848232473913318323056,5628237405489398935848232473913318323056,824827895632067085426034069452813892172,1.0,6.823529411764706,6.823529411764706,718994,8182487
32,1,20,0.05,even_odd,0,0x0,1,0.25,8,2 1 2 1 2 1 2 1 2 1 2 1 2 1 2 1 1 1 1 1 1 1 1 1 1 1 1 1 1 1 1 1,5628237405489398935848232473913318323056,5628237405489398935848232473913318323056,824827895632067085426034069452813892172,1.0,6.823529411764706,6.823529411764706,706906,8046521
32,1,20,0.05,forward,0,0x0,1,0.5,16,2 2 2 2 2 2 2 2 2 2 2 2 2 2 2 2 1 1 1 1 1 1 1 1 1 1 1 1 1 1 1 1,3881543038268550990240160326836771257280,3881543038268550990240160326836771257280,824827895632067085426034069452813892172,1.0,4.705882352941177,4.705882352941177,684213,8669366
32,1,20,0.05,even_odd,0,0x0,1,0.5,16,2 1 2 1 2 1 2 1 2 1 2 1 2 1 2 1 2 1 2 1 2 1 2 1 2 1 2 1 2 1 2 1,3881543038268550990240160326836771257280,3881543038268550990240160326836771257280,824827895632067085426034069452813892172,1.0,4.705882352941177,4.705882352941177,703261,8168266
32,1,20,0.05,forward,0,0x0,1,0.75,24,2 2 2 2 2 2 2 2 2 2 2 2 2 2 2 2 2 2 2 2 2 2 2 2 1 1 1 1 1 1 1 1,2134848671047703044632088179760224191504,2134848671047703044632088179760224191504,824827895632067085426034069452813892172,1.0,2.588235294117647,2.588235294117647,683474,8147506
32,1,20,0.05,even_odd,0,0x0,1,0.75,24,2 2 2 2 2 2 2 2 2 2 2 2 2 2 2 2 2 1 2 1 2 1 2 1 2 1 2 1 2 1 2 1,2134848671047703044632088179760224191504,2134848671047703044632088179760224191504,824827895632067085426034069452813892172,1.0,2.588235294117647,2.588235294117647,701404,8046430
32,1,20,0.05,forward,0,0x0,1,1.0,32,2 2 2 2 2 2 2 2 2 2 2 2 2 2 2 2 2 2 2 2 2 2 2 2 2 2 2 2 2 2 2 2,388154303826855099024016032683677125728,388154303826855099024016032683677125728,54903404817614372559318057254599067126,1.0,7.069767441860465,7.069767441860465,697459,8120933
32,1,20,0.05,even_odd,0,0x0,1,1.0,32,2 2 2 2 2 2 2 2 2 2 2 2 2 2 2 2 2 2 2 2 2 2 2 2 2 2 2 2 2 2 2 2,388154303826855099024016032683677125728,388154303826855099024016032683677125728,54903404817614372559318057254599067126,1.0,7.069767441860465,7.069767441860465,699108,8021292
32,1,20,0.05,forward,0,0x0,2,0.0,0,2 2 2 2 2 2 2 2 2 2 2 2 2 2 2 2 2 2 2 2 2 2 2 2 2 2 2 2 2 2 2 2,388154303826855099024016032683677125728,388154303826855099024016032683677125728,54903404817614372559318057254599067126,1.0,7.069767441860465,7.069767441860465,688210,8011043
32,1,20,0.05,even_odd,0,0x0,2,0.0,0,2 2 2 2 2 2 2 2 2 2 2 2 2 2 2 2 2 2 2 2 2 2 2 2 2 2 2 2 2 2 2 2,388154303826855099024016032683677125728,388154303826855099024016032683677125728,54903404817614372559318057254599067126,1.0,7.069767441860465,7.069767441860465,713914,7995339
32,1,20,0.05,forward,0,0x0,2,0.25,8,3 3 3 3 3 3 3 3 2 2 2 2 2 2 2 2 2 2 2 2 2 2 2 2 2 2 2 2 2 2 2 2,296223021341547312413064867048069385424,296223021341547312413064867048069385424,54903404817614372559318057254599067126,1.0,5.395348837209302,5.395348837209302,671438,8115956
32,1,20,0.05,even_odd,0,0x0,2,0.25,8,3 2 3 2 3 2 3 2 3 2 3 2 3 2 3 2 2 2 2 2 2 2 2 2 2 2 2 2 2 2 2 2,296223021341547312413064867048069385424,296223021341547312413064867048069385424,54903404817614372559318057254599067126,1.0,5.395348837209302,5.395348837209302,675698,8040449
32,1,20,0.05,forward,0,0x0,2,0.5,16,3 3 3 3 3 3 3 3 3 3 3 3 3 3 3 3 2 2 2 2 2 2 2 2 2 2 2 2 2 2 2 2,204291738856239525802113701412461645120,204291738856239525802113701412461645120,54903404817614372559318057254599067126,1.0,3.7209302325581395,3.7209302325581395,677039,8023873
32,1,20,0.05,even_odd,0,0x0,2,0.5,16,3 2 3 2 3 2 3 2 3 2 3 2 3 2 3 2 3 2 3 2 3 2 3 2 3 2 3 2 3 2 3 2,204291738856239525802113701412461645120,204291738856239525802113701412461645120,54903404817614372559318057254599067126,1.0,3.7209302325581395,3.7209302325581395,671117,8056231
32,1,20,0.05,forward,0,0x0,2,0.75,24,3 3 3 3 3 3 3 3 3 3 3 3 3 3 3 3 3 3 3 3 3 3 3 3 2 2 2 2 2 2 2 2,112360456370931739191162535776853904816,112360456370931739191162535776853904816,54903404817614372559318057254599067126,1.0,2.046511627906977,2.046511627906977,702470,7988062
32,1,20,0.05,even_odd,0,0x0,2,0.75,24,3 3 3 3 3 3 3 3 3 3 3 3 3 3 3 3 3 2 3 2 3 2 3 2 3 2 3 2 3 2 3 2,112360456370931739191162535776853904816,112360456370931739191162535776853904816,54903404817614372559318057254599067126,1.0,2.046511627906977,2.046511627906977,691924,8136321
32,1,20,0.05,forward,0,0x0,2,1.0,32,3 3 3 3 3 3 3 3 3 3 3 3 3 3 3 3 3 3 3 3 3 3 3 3 3 3 3 3 3 3 3 3,20429173885623952580211370141246164512,20429173885623952580211370141246164512,3494463954119886625562471208371054456,1.0,5.846153846153846,5.846153846153846,666169,7988977
32,1,20,0.05,even_odd,0,0x0,2,1.0,32,3 3 3 3 3 3 3 3 3 3 3 3 3 3 3 3 3 3 3 3 3 3 3 3 3 3 3 3 3 3 3 3,20429173885623952580211370141246164512,20429173885623952580211370141246164512,3494463954119886625562471208371054456,1.0,5.846153846153846,5.846153846153846,672686,8069696
32,1,20,0.05,forward,0,0x0,3,0.0,0,3 3 3 3 3 3 3 3 3 3 3 3 3 3 3 3 3 3 3 3 3 3 3 3 3 3 3 3 3 3 3 3,20429173885623952580211370141246164512,20429173885623952580211370141246164512,3494463954119886625562471208371054456,1.0,5.846153846153846,5.846153846153846,665069,8073041
32,1,20,0.05,even_odd,0,0x0,3,0.0,0,3 3 3 3 3 3 3 3 3 3 3 3 3 3 3 3 3 3 3 3 3 3 3 3 3 3 3 3 3 3 3 3,20429173885623952580211370141246164512,20429173885623952580211370141246164512,3494463954119886625562471208371054456,1.0,5.846153846153846,5.846153846153846,726521,8035286
32,1,20,0.05,forward,0,0x0,3,0.25,8,4 4 4 4 4 4 4 4 3 3 3 3 3 3 3 3 3 3 3 3 3 3 3 3 3 3 3 3 3 3 3 3,15590685333765648021740256160424704496,15590685333765648021740256160424704496,3494463954119886625562471208371054456,1.0,4.461538461538462,4.461538461538462,677786,8053090
32,1,20,0.05,even_odd,0,0x0,3,0.25,8,4 3 4 3 4 3 4 3 4 3 4 3 4 3 4 3 3 3 3 3 3 3 3 3 3 3 3 3 3 3 3 3,15590685333765648021740256160424704496,15590685333765648021740256160424704496,3494463954119886625562471208371054456,1.0,4.461538461538462,4.461538461538462,661295,8085751
32,1,20,0.05,forward,0,0x0,3,0.5,16,4 4 4 4 4 4 4 4 4 4 4 4 4 4 4 4 3 3 3 3 3 3 3 3 3 3 3 3 3 3 3 3,10752196781907343463269142179603244480,10752196781907343463269142179603244480,3494463954119886625562471208371054456,1.0,3.076923076923077,3.076923076923077,680649,8013167
32,1,20,0.05,even_odd,0,0x0,3,0.5,16,4 3 4 3 4 3 4 3 4 3 4 3 4 3 4 3 4 3 4 3 4 3 4 3 4 3 4 3 4 3 4 3,10752196781907343463269142179603244480,10752196781907343463269142179603244480,3494463954119886625562471208371054456,1.0,3.076923076923077,3.076923076923077,648513,8133626
32,1,20,0.05,forward,0,0x0,3,0.75,24,4 4 4 4 4 4 4 4 4 4 4 4 4 4 4 4 4 4 4 4 4 4 4 4 3 3 3 3 3 3 3 3,5913708230049038904798028198781784464,5913708230049038904798028198781784464,3494463954119886625562471208371054456,1.0,1.6923076923076923,1.6923076923076923,700869,8191723
32,1,20,0.05,even_odd,0,0x0,3,0.75,24,4 4 4 4 4 4 4 4 4 4 4 4 4 4 4 4 4 3 4 3 4 3 4 3 4 3 4 3 4 3 4 3,5913708230049038904798028198781784464,5913708230049038904798028198781784464,3494463954119886625562471208371054456,1.0,1.6923076923076923,1.6923076923076923,679004,7628724
32,1,20,0.05,forward,0,0x0,3,1.0,32,4 4 4 4 4 4 4 4 4 4 4 4 4 4 4 4 4 4 4 4 4 4 4 4 4 4 4 4 4 4 4 4,1075219678190734346326914217960324448,1075219678190734346326914217960324448,215751317005377615545861076630196682,1.0,4.983606557377049,4.983606557377049,673841,7641314
32,1,20,0.05,even_odd,0,0x0,3,1.0,32,4 4 4 4 4 4 4 4 4 4 4 4 4 4 4 4 4 4 4 4 4 4 4 4 4 4 4 4 4 4 4 4,1075219678190734346326914217960324448,1075219678190734346326914217960324448,215751317005377615545861076630196682,1.0,4.983606557377049,4.983606557377049,625912,7727606
32,1,20,0.05,forward,1,0x7fffffff,0,0.0,0,0 0 0 0 0 0 0 0 0 0 0 0 0 0 0 0 0 0 0 0 0 0 0 0 0 0 0 0 0 0 0 0,140123703681494690747669787798807442387808,140123703681494690747669787798807442387808,140123703681494690747669787798807442387808,1.0,1.0,1.0,706987,7609796
32,1,20,0.05,even_odd,1,0x7fffffff,0,0.0,0,0 0 0 0 0 0 0 0 0 0 0 0 0 0 0 0 0 0 0 0 0 0 0 0 0 0 0 0 0 0 0 0,140123703681494690747669787798807442387808,140123703681494690747669787798807442387808,140123703681494690747669787798807442387808,1.0,1.0,1.0,675811,8071291
32,1,20,0.05,forward,1,0x7fffffff,0,0.25,8,1 1 1 1 1 1 1 1 0 0 0 0 0 0 0 0 0 0 0 0 0 0 0 0 0 0 0 0 0 0 0 0,106936510704298579781116417004353048138064,106936510704298579781116417004353048138064,11523330894859760752275475970296664670050,1.0,9.28,9.28,681505,7827542
32,1,20,0.05,even_odd,1,0x7fffffff,0,0.25,8,1 0 1 0 1 0 1 0 1 0 1 0 1 0 1 0 0 0 0 0 0 0 0 0 0 0 0 0 0 0 0 0,106936510704298579781116417004353048138064,106936510704298579781116417004353048138064,11523330894859760752275475970296664670050,1.0,9.28,9.28,677211,7802037
32,1,20,0.05,forward,1,0x7fffffff,0,0.5,16,1 1 1 1 1 1 1 1 1 1 1 1 1 1 1 1 0 0 0 0 0 0 0 0 0 0 0 0 0 0 0 0,73749317727102468814563046209898653888320,73749317727102468814563046209898653888320,11523330894859760752275475970296664670050,1.0,6.4,6.4,635048,7917925
32,1,20,0.05,even_odd,1,0x7fffffff,0,0.5,16,1 0 1 0 1 0 1 0 1 0 1 0 1 0 1 0 1 0 1 0 1 0 1 0 1 0 1 0 1 0 1 0,73749317727102468814563046209898653888320,73749317727102468814563046209898653888320,11523330894859760752275475970296664670050,1.0,6.4,6.4,668357,7642429
32,1,20,0.05,forward,1,0x7fffffff,0,0.75,24,1 1 1 1 1 1 1 1 1 1 1 1 1 1 1 1 1 1 1 1 1 1 1 1 0 0 0 0 0 0 0 0,40562124749906357848009675415444259638576,40562124749906357848009675415444259638576,11523330894859760752275475970296664670050,1.0,3.52,3.52,642974,7791602
32,1,20,0.05,even_odd,1,0x7fffffff,0,0.75,24,1 1 1 1 1 1 1 1 1 1 1 1 1 1 1 1 1 0 1 0 1 0 1 0 1 0 1 0 1 0 1 0,40562124749906357848009675415444259638576,40562124749906357848009675415444259638576,11523330894859760752275475970296664670050,1.0,3.52,3.52,651923,7772333
32,1,20,0.05,forward,1,0x7fffffff,0,1.0,32,1 1 1 1 1 1 1 1 1 1 1 1 1 1 1 1 1 1 1 1 1 1 1 1 1 1 1 1 1 1 1 1,7374931772710246881456304620989865388832,7374931772710246881456304620989865388832,824827895632067085426034069452813892172,1.0,8.941176470588236,8.941176470588236,626827,7732871
32,1,20,0.05,even_odd,1,0x7fffffff,0,1.0,32,1 1 1 1 1 1 1 1 1 1 1 1 1 1 1 1 1 1 1 1 1 1 1 1 1 1 1 1 1 1 1 1,7374931772710246881456304620989865388832,7374931772710246881456304620989865388832,824827895632067085426034069452813892172,1.0,8.941176470588236,8.941176470588236,643123,7738985
32,1,20,0.05,forward,1,0x7fffffff,1,0.0,0,1 1 1 1 1 1 1 1 1 1 1 1 1 1 1 1 1 1 1 1 1 1 1 1 1 1 1 1 1 1 1 1,7374931772710246881456304620989865388832,7374931772710246881456304620989865388832,824827895632067085426034069452813892172,1.0,8.941176470588236,8.941176470588236,670654,7827014
32,1,20,0.05,even_odd,1,0x7fffffff,1,0.0,0,1 1 1 1 1 1 1 1 1 1 1 1 1 1 1 1 1 1 1 1 1 1 1 1 1 1 1 1 1 1 1 1,7374931772710246881456304620989865388832,7374931772710246881456304620989865388832,824827895632067085426034069452813892172,1.0,8.941176470588236,8.941176470588236,640266,7771865
32,1,20,0.05,forward,1,0x7fffffff,1,0.25,8,2 2 2 2 2 2 2 2 1 1 1 1 1 1 1 1 1 1 1 1 1 1 1 1 1 1 1 1 1 1 1 1,5628237405489398935848232473913318323056,5628237405489398935848232473913318323056,824827895632067085426034069452813892172,1.0,6.823529411764706,6.823529411764706,642097,7681965
32,1,20,0.05,even_odd,1,0x7fffffff,1,0.25,8,2 1 2 1 2 1 2 1 2 1 2 1 2 1 2 1 1 1 1 1 1 1 1 1 1 1 1 1 1 1 1 1,5628237405489398935848232473913318323056,5628237405489398935848232473913318323056,824827895632067085426034069452813892172,1.0,6.823529411764706,6.823529411764706,653817,7779850
32,1,20,0.05,forward,1,0x7fffffff,1,0.5,16,2 2 2 2 2 2 2 2 2 2 2 2 2 2 2 2 1 1 1 1 1 1 1 1 1 1 1 1 1 1 1 1,3881543038268550990240160326836771257280,3881543038268550990240160326836771257280,824827895632067085426034069452813892172,1.0,4.705882352941177,4.705882352941177,616986,7617377
32,1,20,0.05,even_odd,1,0x7fffffff,1,0.5,16,2 1 2 1 2 1 2 1 2 1 2 1 2 1 2 1 2 1 2 1 2 1 2 1 2 1 2 1 2 1 2 1,3881543038268550990240160326836771257280,3881543038268550990240160326836771257280,824827895632067085426034069452813892172,1.0,4.705882352941177,4.705882352941177,654116,7915648
32,1,20,0.05,forward,1,0x7fffffff,1,0.75,24,2 2 2 2 2 2 2 2 2 2 2 2 2 2 2 2 2 2 2 2 2 2 2 2 1 1 1 1 1 1 1 1,2134848671047703044632088179760224191504,2134848671047703044632088179760224191504,824827895632067085426034069452813892172,1.0,2.588235294117647,2.588235294117647,660626,7688707
32,1,20,0.05,even_odd,1,0x7fffffff,1,0.75,24,2 2 2 2 2 2 2 2 2 2 2 2 2 2 2 2 2 1 2 1 2 1 2 1 2 1 2 1 2 1 2 1,2134848671047703044632088179760224191504,2134848671047703044632088179760224191504,824827895632067085426034069452813892172,1.0,2.588235294117647,2.588235294117647,665081,7684426
32,1,20,0.05,forward,1,0x7fffffff,1,1.0,32,2 2 2 2 2 2 2 2 2 2 2 2 2 2 2 2 2 2 2 2 2 2 2 2 2 2 2 2 2 2 2 2,388154303826855099024016032683677125728,388154303826855099024016032683677125728,54903404817614372559318057254599067126,1.0,7.069767441860465,7.069767441860465,627752,7707667
32,1,20,0.05,even_odd,1,0x7fffffff,1,1.0,32,2 2 2 2 2 2 2 2 2 2 2 2 2 2 2 2 2 2 2 2 2 2 2 2 2 2 2 2 2 2 2 2,388154303826855099024016032683677125728,388154303826855099024016032683677125728,54903404817614372559318057254599067126,1.0,7.069767441860465,7.069767441860465,662224,7648264
32,1,20,0.05,forward,1,0x7fffffff,2,0.0,0,2 2 2 2 2 2 2 2 2 2 2 2 2 2 2 2 2 2 2 2 2 2 2 2 2 2 2 2 2 2 2 2,388154303826855099024016032683677125728,388154303826855099024016032683677125728,54903404817614372559318057254599067126,1.0,7.069767441860465,7.069767441860465,634744,7687196
32,1,20,0.05,even_odd,1,0x7fffffff,2,0.0,0,2 2 2 2 2 2 2 2 2 2 2 2 2 2 2 2 2 2 2 2 2 2 2 2 2 2 2 2 2 2 2 2,388154303826855099024016032683677125728,388154303826855099024016032683677125728,54903404817614372559318057254599067126,1.0,7.069767441860465,7.069767441860465,643808,7723980
32,1,20,0.05,forward,1,0x7fffffff,2,0.25,8,3 3 3 3 3 3 3 3 2 2 2 2 2 2 2 2 2 2 2 2 2 2 2 2 2 2 2 2 2 2 2 2,296223021341547312413064867048069385424,296223021341547312413064867048069385424,54903404817614372559318057254599067126,1.0,5.395348837209302,5.395348837209302,602404,7811112
32,1,20,0.05,even_odd,1,0x7fffffff,2,0.25,8,3 2 3 2 3 2 3 2 3 2 3 2 3 2 3 2 2 2 2 2 2 2 2 2 2 2 2 2 2 2 2 2,296223021341547312413064867048069385424,296223021341547312413064867048069385424,54903404817614372559318057254599067126,1.0,5.395348837209302,5.395348837209302,634919,7631033
32,1,20,0.05,forward,1,0x7fffffff,2,0.5,16,3 3 3 3 3 3 3 3 3 3 3 3 3 3 3 3 2 2 2 2 2 2 2 2 2 2 2 2 2 2 2 2,204291738856239525802113701412461645120,204291738856239525802113701412461645120,54903404817614372559318057254599067126,1.0,3.7209302325581395,3.7209302325581395,618836,8114414
32,1,20,0.05,even_odd,1,0x7fffffff,2,0.5,16,3 2 3 2 3 2 3 2 3 2 3 2 3 2 3 2 3 2 3 2 3 2 3 2 3 2 3 2 3 2 3 2,204291738856239525802113701412461645120,204291738856239525802113701412461645120,54903404817614372559318057254599067126,1.0,3.7209302325581395,3.7209302325581395,630999,7732041
32,1,20,0.05,forward,1,0x7fffffff,2,0.75,24,3 3 3 3 3 3 3 3 3 3 3 3 3 3 3 3 3 3 3 3 3 3 3 3 2 2 2 2 2 2 2 2,112360456370931739191162535776853904816,112360456370931739191162535776853904816,54903404817614372559318057254599067126,1.0,2.046511627906977,2.046511627906977,593512,7623057
32,1,20,0.05,even_odd,1,0x7fffffff,2,0.75,24,3 3 3 3 3 3 3 3 3 3 3 3 3 3 3 3 3 2 3 2 3 2 3 2 3 2 3 2 3 2 3 2,112360456370931739191162535776853904816,112360456370931739191162535776853904816,54903404817614372559318057254599067126,1.0,2.046511627906977,2.046511627906977,604382,7691221
32,1,20,0.05,forward,1,0x7fffffff,2,1.0,32,3 3 3 3 3 3 3 3 3 3 3 3 3 3 3 3 3 3 3 3 3 3 3 3 3 3 3 3 3 3 3 3,20429173885623952580211370141246164512,20429173885623952580211370141246164512,3494463954119886625562471208371054456,1.0,5.846153846153846,5.846153846153846,629316,7801107
32,1,20,0.05,even_odd,1,0x7fffffff,2,1.0,32,3 3 3 3 3 3 3 3 3 3 3 3 3 3 3 3 3 3 3 3 3 3 3 3 3 3 3 3 3 3 3 3,20429173885623952580211370141246164512,20429173885623952580211370141246164512,3494463954119886625562471208371054456,1.0,5.846153846153846,5.846153846153846,590830,7816582
32,1,20,0.05,forward,1,0x7fffffff,3,0.0,0,3 3 3 3 3 3 3 3 3 3 3 3 3 3 3 3 3 3 3 3 3 3 3 3 3 3 3 3 3 3 3 3,20429173885623952580211370141246164512,20429173885623952580211370141246164512,3494463954119886625562471208371054456,1.0,5.846153846153846,5.846153846153846,598721,7632088
32,1,20,0.05,even_odd,1,0x7fffffff,3,0.0,0,3 3 3 3 3 3 3 3 3 3 3 3 3 3 3 3 3 3 3 3 3 3 3 3 3 3 3 3 3 3 3 3,20429173885623952580211370141246164512,20429173885623952580211370141246164512,3494463954119886625562471208371054456,1.0,5.846153846153846,5.846153846153846,600607,7760888
32,1,20,0.05,forward,1,0x7fffffff,3,0.25,8,4 4 4 4 4 4 4 4 3 3 3 3 3 3 3 3 3 3 3 3 3 3 3 3 3 3 3 3 3 3 3 3,15590685333765648021740256160424704496,15590685333765648021740256160424704496,3494463954119886625562471208371054456,1.0,4.461538461538462,4.461538461538462,667907,7912999
32,1,20,0.05,even_odd,1,0x7fffffff,3,0.25,8,4 3 4 3 4 3 4 3 4 3 4 3 4 3 4 3 3 3 3 3 3 3 3 3 3 3 3 3 3 3 3 3,15590685333765648021740256160424704496,15590685333765648021740256160424704496,3494463954119886625562471208371054456,1.0,4.461538461538462,4.461538461538462,601289,7605470
32,1,20,0.05,forward,1,0x7fffffff,3,0.5,16,4 4 4 4 4 4 4 4 4 4 4 4 4 4 4 4 3 3 3 3 3 3 3 3 3 3 3 3 3 3 3 3,10752196781907343463269142179603244480,10752196781907343463269142179603244480,3494463954119886625562471208371054456,1.0,3.076923076923077,3.076923076923077,607040,7573035
32,1,20,0.05,even_odd,1,0x7fffffff,3,0.5,16,4 3 4 3 4 3 4 3 4 3 4 3 4 3 4 3 4 3 4 3 4 3 4 3 4 3 4 3 4 3 4 3,10752196781907343463269142179603244480,10752196781907343463269142179603244480,3494463954119886625562471208371054456,1.0,3.076923076923077,3.076923076923077,606141,7705390
32,1,20,0.05,forward,1,0x7fffffff,3,0.75,24,4 4 4 4 4 4 4 4 4 4 4 4 4 4 4 4 4 4 4 4 4 4 4 4 3 3 3 3 3 3 3 3,5913708230049038904798028198781784464,5913708230049038904798028198781784464,3494463954119886625562471208371054456,1.0,1.6923076923076923,1.6923076923076923,576660,7605333
32,1,20,0.05,even_odd,1,0x7fffffff,3,0.75,24,4 4 4 4 4 4 4 4 4 4 4 4 4 4 4 4 4 3 4 3 4 3 4 3 4 3 4 3 4 3 4 3,5913708230049038904798028198781784464,5913708230049038904798028198781784464,3494463954119886625562471208371054456,1.0,1.6923076923076923,1.6923076923076923,597006,7585810
32,1,20,0.05,forward,1,0x7fffffff,3,1.0,32,4 4 4 4 4 4 4 4 4 4 4 4 4 4 4 4 4 4 4 4 4 4 4 4 4 4 4 4 4 4 4 4,1075219678190734346326914217960324448,1075219678190734346326914217960324448,215751317005377615545861076630196682,1.0,4.983606557377049,4.983606557377049,589766,7605937
32,1,20,0.05,even_odd,1,0x7fffffff,3,1.0,32,4 4 4 4 4 4 4 4 4 4 4 4 4 4 4 4 4 4 4 4 4 4 4 4 4 4 4 4 4 4 4 4,1075219678190734346326914217960324448,1075219678190734346326914217960324448,215751317005377615545861076630196682,1.0,4.983606557377049,4.983606557377049,608617,7436818
32,1,20,0.05,forward,2,0x6c55caf3,0,0.0,0,0 0 0 0 0 0 0 0 0 0 0 0 0 0 0 0 0 0 0 0 0 0 0 0 0 0 0 0 0 0 0 0,140123703681494690747669787798807442387808,140123703681494690747669787798807442387808,22622793853515007808334323219506282874894,1.0,6.193916834004259,6.193916834004259,689880,7724791
32,1,20,0.05,even_odd,2,0x6c55caf3,0,0.0,0,0 0 0 0 0 0 0 0 0 0 0 0 0 0 0 0 0 0 0 0 0 0 0 0 0 0 0 0 0 0 0 0,140123703681494690747669787798807442387808,140123703681494690747669787798807442387808,22622793853515007808334323219506282874894,1.0,6.193916834004259,6.193916834004259,680797,7745177
32,1,20,0.05,forward,2,0x6c55caf3,0,0.25,8,1 1 1 1 1 1 1 1 0 0 0 0 0 0 0 0 0 0 0 0 0 0 0 0 0 0 0 0 0 0 0 0,106936510704298579781116417004353048138064,106936510704298579781116417004353048138064,18233073170290507138535955611704127111924,1.0,5.864974582482563,5.864974582482563,666788,7780310
32,1,20,0.05,even_odd,2,0x6c55caf3,0,0.25,8,1 0 1 0 1 0 1 0 1 0 1 0 1 0 1 0 0 0 0 0 0 0 0 0 0 0 0 0 0 0 0 0,106936510704298579781116417004353048138064,90342914215700524297839731607125851013192,18233073170290507138535955611704127111924,1.183673469387755,5.864974582482563,4.954892319683545,690079,7796170
32,1,20,0.05,forward,2,0x6c55caf3,0,0.5,16,1 1 1 1 1 1 1 1 1 1 1 1 1 1 1 1 0 0 0 0 0 0 0 0 0 0 0 0 0 0 0 0,73749317727102468814563046209898653888320,73749317727102468814563046209898653888320,18233073170290507138535955611704127111924,1.0,4.0448100568845256,4.0448100568845256,712083,7812800
32,1,20,0.05,even_odd,2,0x6c55caf3,0,0.5,16,1 0 1 0 1 0 1 0 1 0 1 0 1 0 1 0 1 0 1 0 1 0 1 0 1 0 1 0 1 0 1 0,73749317727102468814563046209898653888320,32265326505607330106371332716830661076140,5339072482860830071257819939807129958844,2.2857142857142856,13.813132892248252,6.0432456403586094,691502,7885764
32,1,20,0.05,forward,2,0x6c55caf3,0,0.75,24,1 1 1 1 1 1 1 1 1 1 1 1 1 1 1 1 1 1 1 1 1 1 1 1 0 0 0 0 0 0 0 0,40562124749906357848009675415444259638576,40562124749906357848009675415444259638576,14095527037241604437575894811403931108934,1.0,2.8776593200621523,2.8776593200621523,719026,7948322
32,1,20,0.05,even_odd,2,0x6c55caf3,0,0.75,24,1 1 1 1 1 1 1 1 1 1 1 1 1 1 1 1 1 0 1 0 1 0 1 0 1 0 1 0 1 0 1 0,40562124749906357848009675415444259638576,15671730017009274623094647319603463951268,5108034552164803720215800592028069129214,2.588235294117647,7.940847763591572,3.068054817751289,677279,7801921
32,1,20,0.05,forward,2,0x6c55caf3,0,1.0,32,1 1 1 1 1 1 1 1 1 1 1 1 1 1 1 1 1 1 1 1 1 1 1 1 1 1 1 1 1 1 1 1,7374931772710246881456304620989865388832,7374931772710246881456304620989865388832,1868666569040461126694413437062937762368,1.0,3.946627983234692,3.946627983234692,680784,7735695
32,1,20,0.05,even_odd,2,0x6c55caf3,0,1.0,32,1 1 1 1 1 1 1 1 1 1 1 1 1 1 1 1 1 1 1 1 1 1 1 1 1 1 1 1 1 1 1 1,7374931772710246881456304620989865388832,7374931772710246881456304620989865388832,1868666569040461126694413437062937762368,1.0,3.946627983234692,3.946627983234692,744322,8076154
32,1,20,0.05,forward,2,0x6c55caf3,1,0.0,0,1 1 1 1 1 1 1 1 1 1 1 1 1 1 1 1 1 1 1 1 1 1 1 1 1 1 1 1 1 1 1 1,7374931772710246881456304620989865388832,7374931772710246881456304620989865388832,1868666569040461126694413437062937762368,1.0,3.946627983234692,3.946627983234692,668283,8035694
32,1,20,0.05,even_odd,2,0x6c55caf3,1,0.0,0,1 1 1 1 1 1 1 1 1 1 1 1 1 1 1 1 1 1 1 1 1 1 1 1 1 1 1 1 1 1 1 1,7374931772710246881456304620989865388832,7374931772710246881456304620989865388832,1868666569040461126694413437062937762368,1.0,3.946627983234692,3.946627983234692,758767,7819794
32,1,20,0.05,forward,2,0x6c55caf3,1,0.25,8,2 2 2 2 2 2 2 2 1 1 1 1 1 1 1 1 1 1 1 1 1 1 1 1 1 1 1 1 1 1 1 1,5628237405489398935848232473913318323056,5628237405489398935848232473913318323056,1431992874890456831917371745098964882058,1.0,3.930352939723909,3.930352939723909,696716,7834806
32,1,20,0.05,even_odd,2,0x6c55caf3,1,0.25,8,2 1 2 1 2 1 2 1 2 1 2 1 2 1 2 1 1 1 1 1 1 1 1 1 1 1 1 1 1 1 1 1,5628237405489398935848232473913318323056,4754890221878974963044196400375044790168,1431992874890456831917371745098964882058,1.183673469387755,3.930352939723909,3.32047058700813,671119,7689855
32,1,20,0.05,forward,2,0x6c55caf3,1,0.5,16,2 2 2 2 2 2 2 2 2 2 2 2 2 2 2 2 1 1 1 1 1 1 1 1 1 1 1 1 1 1 1 1,3881543038268550990240160326836771257280,3881543038268550990240160326836771257280,1431992874890456831917371745098964882058,1.0,2.7105882342923513,2.7105882342923513,668168,7719450
32,1,20,0.05,even_odd,2,0x6c55caf3,1,0.5,16,2 1 2 1 2 1 2 1 2 1 2 1 2 1 2 1 2 1 2 1 2 1 2 1 2 1 2 1 2 1 2 1,3881543038268550990240160326836771257280,1698175079242491058230070142991087425060,499340610790018102214578488900733117898,2.2857142857142856,7.773337386133032,3.4008351064332016,657171,7779914
32,1,20,0.05,forward,2,0x6c55caf3,1,0.75,24,2 2 2 2 2 2 2 2 2 2 2 2 2 2 2 2 2 2 2 2 2 2 2 2 1 1 1 1 1 1 1 1,2134848671047703044632088179760224191504,2134848671047703044632088179760224191504,1419863052394492528233443520847024511528,1.0,1.5035595633307317,1.5035595633307317,701209,7648104
32,1,20,0.05,even_odd,2,0x6c55caf3,1,0.75,24,2 2 2 2 2 2 2 2 2 2 2 2 2 2 2 2 2 1 2 1 2 1 2 1 2 1 2 1 2 1 2 1,2134848671047703044632088179760224191504,824827895632067085426034069452813892172,293704841949472142249291741810829692804,2.588235294117647,7.268687355910102,2.808356478419812,687591,7859176
32,1,20,0.05,forward,2,0x6c55caf3,1,1.0,32,2 2 2 2 2 2 2 2 2 2 2 2 2 2 2 2 2 2 2 2 2 2 2 2 2 2 2 2 2 2 2 2,388154303826855099024016032683677125728,388154303826855099024016032683677125728,122612465235927035304025430191288435490,1.0,3.1657001845610138,3.1657001845610138,658699,7691085
32,1,20,0.05,even_odd,2,0x6c55caf3,1,1.0,32,2 2 2 2 2 2 2 2 2 2 2 2 2 2 2 2 2 2 2 2 2 2 2 2 2 2 2 2 2 2 2 2,388154303826855099024016032683677125728,388154303826855099024016032683677125728,122612465235927035304025430191288435490,1.0,3.1657001845610138,3.1657001845610138,660512,7924854
32,1,20,0.05,forward,2,0x6c55caf3,2,0.0,0,2 2 2 2 2 2 2 2 2 2 2 2 2 2 2 2 2 2 2 2 2 2 2 2 2 2 2 2 2 2 2 2,388154303826855099024016032683677125728,388154303826855099024016032683677125728,122612465235927035304025430191288435490,1.0,3.1657001845610138,3.1657001845610138,678136,7802853
32,1,20,0.05,even_odd,2,0x6c55caf3,2,0.0,0,2 2 2 2 2 2 2 2 2 2 2 2 2 2 2 2 2 2 2 2 2 2 2 2 2 2 2 2 2 2 2 2,388154303826855099024016032683677125728,388154303826855099024016032683677125728,122612465235927035304025430191288435490,1.0,3.1657001845610138,3.1657001845610138,663252,7865753
32,1,20,0.05,forward,2,0x6c55caf3,2,0.25,8,3 3 3 3 3 3 3 3 2 2 2 2 2 2 2 2 2 2 2 2 2 2 2 2 2 2 2 2 2 2 2 2,296223021341547312413064867048069385424,296223021341547312413064867048069385424,99627700063546229525838190080500336960,1.0,2.973299806706421,2.973299806706421,672619,7662907
32,1,20,0.05,even_odd,2,0x6c55caf3,2,0.25,8,3 2 3 2 3 2 3 2 3 2 3 2 3 2 3 2 2 2 2 2 2 2 2 2 2 2 2 2 2 2 2 2,296223021341547312413064867048069385424,250257380098893419107589284230265515272,99627700063546229525838190080500336960,1.183673469387755,2.973299806706421,2.511925698769218,691682,7686294
32,1,20,0.05,forward,2,0x6c55caf3,2,0.5,16,3 3 3 3 3 3 3 3 3 3 3 3 3 3 3 3 2 2 2 2 2 2 2 2 2 2 2 2 2 2 2 2,204291738856239525802113701412461645120,204291738856239525802113701412461645120,99627700063546229525838190080500336960,1.0,2.0505515908320144,2.0505515908320144,651911,7773804
32,1,20,0.05,even_odd,2,0x6c55caf3,2,0.5,16,3 2 3 2 3 2 3 2 3 2 3 2 3 2 3 2 3 2 3 2 3 2 3 2 3 2 3 2 3 2 3 2,204291738856239525802113701412461645120,89377635749604792538424744367951969740,28159182308419636754384366026804809764,2.2857142857142856,7.254888889126443,3.174013888992819,657225,7707748
32,1,20,0.05,forward,2,0x6c55caf3,2,0.75,24,3 3 3 3 3 3 3 3 3 3 3 3 3 3 3 3 3 3 3 3 3 3 3 3 2 2 2 2 2 2 2 2,112360456370931739191162535776853904816,112360456370931739191162535776853904816,86221044647215711654444870485873310250,1.0,1.303167420792322,1.303167420792322,653763,7805426
32,1,20,0.05,even_odd,2,0x6c55caf3,2,0.75,24,3 3 3 3 3 3 3 3 3 3 3 3 3 3 3 3 3 2 3 2 3 2 3 2 3 2 3 2 3 2 3 2,112360456370931739191162535776853904816,43411994506950899232949161550148099588,26915959270619169722636526923713637324,2.588235294117647,4.174491989723799,1.6128719051205584,621031,7713191
32,1,20,0.05,forward,2,0x6c55caf3,2,1.0,32,3 3 3 3 3 3 3 3 3 3 3 3 3 3 3 3 3 3 3 3 3 3 3 3 3 3 3 3 3 3 3 3,20429173885623952580211370141246164512,20429173885623952580211370141246164512,8439157959941025814874960296325451092,1.0,2.4207597467184647,2.4207597467184647,638778,8458014
32,1,20,0.05,even_odd,2,0x6c55caf3,2,1.0,32,3 3 3 3 3 3 3 3 3 3 3 3 3 3 3 3 3 3 3 3 3 3 3 3 3 3 3 3 3 3 3 3,20429173885623952580211370141246164512,20429173885623952580211370141246164512,8439157959941025814874960296325451092,1.0,2.4207597467184647,2.4207597467184647,767944,9194524
32,1,20,0.05,forward,2,0x6c55caf3,3,0.0,0,3 3 3 3 3 3 3 3 3 3 3 3 3 3 3 3 3 3 3 3 3 3 3 3 3 3 3 3 3 3 3 3,20429173885623952580211370141246164512,20429173885623952580211370141246164512,8439157959941025814874960296325451092,1.0,2.4207597467184647,2.4207597467184647,742298,8929444
32,1,20,0.05,even_odd,2,0x6c55caf3,3,0.0,0,3 3 3 3 3 3 3 3 3 3 3 3 3 3 3 3 3 3 3 3 3 3 3 3 3 3 3 3 3 3 3 3,20429173885623952580211370141246164512,20429173885623952580211370141246164512,8439157959941025814874960296325451092,1.0,2.4207597467184647,2.4207597467184647,745679,8451028
32,1,20,0.05,forward,2,0x6c55caf3,3,0.25,8,4 4 4 4 4 4 4 4 3 3 3 3 3 3 3 3 3 3 3 3 3 3 3 3 3 3 3 3 3 3 3 3,15590685333765648021740256160424704496,15590685333765648021740256160424704496,6557709676814596881630371330895259022,1.0,2.37745891509775,2.37745891509775,677408,7966641
32,1,20,0.05,even_odd,2,0x6c55caf3,3,0.25,8,4 3 4 3 4 3 4 3 4 3 4 3 4 3 4 3 3 3 3 3 3 3 3 3 3 3 3 3 3 3 3 3,15590685333765648021740256160424704496,13171441057836495742504699170013974488,6557709676814596881630371330895259022,1.183673469387755,2.37745891509775,2.0085428765480993,641405,7982764
32,1,20,0.05,forward,2,0x6c55caf3,3,0.5,16,4 4 4 4 4 4 4 4 4 4 4 4 4 4 4 4 3 3 3 3 3 3 3 3 3 3 3 3 3 3 3 3,10752196781907343463269142179603244480,10752196781907343463269142179603244480,6557709676814596881630371330895259022,1.0,1.6396268379984482,1.6396268379984482,648321,7777257
32,1,20,0.05,even_odd,2,0x6c55caf3,3,0.5,16,4 3 4 3 4 3 4 3 4 3 4 3 4 3 4 3 4 3 4 3 4 3 4 3 4 3 4 3 4 3 4 3,10752196781907343463269142179603244480,4704086092084462765180249703576419460,2086873295741216320039645354276619858,2.2857142857142856,5.1522997605316405,2.2541311452325927,606251,7984332
32,1,20,0.05,forward,2,0x6c55caf3,3,0.75,24,4 4 4 4 4 4 4 4 4 4 4 4 4 4 4 4 4 4 4 4 4 4 4 4 3 3 3 3 3 3 3 3,5913708230049038904798028198781784464,5913708230049038904798028198781784464,5142760787256799209516514010017067252,1.0,1.1499092558811141,1.1499092558811141,663537,7948158
32,1,20,0.05,even_odd,2,0x6c55caf3,3,0.75,24,4 4 4 4 4 4 4 4 4 4 4 4 4 4 4 4 4 3 4 3 4 3 4 3 4 3 4 3 4 3 4 3,5913708230049038904798028198781784464,2284841816155310485944692713165689452,1483830666644614715957334848065898654,2.588235294117647,3.9854333536735047,1.5398265230102177,643784,7824179
32,1,20,0.05,forward,2,0x6c55caf3,3,1.0,32,4 4 4 4 4 4 4 4 4 4 4 4 4 4 4 4 4 4 4 4 4 4 4 4 4 4 4 4 4 4 4 4,1075219678190734346326914217960324448,1075219678190734346326914217960324448,543013446838876694186561526977124206,1.0,1.980097701907876,1.980097701907876,621655,7808347
32,1,20,0.05,even_odd,2,0x6c55caf3,3,1.0,32,4 4 4 4 4 4 4 4 4 4 4 4 4 4 4 4 4 4 4 4 4 4 4 4 4 4 4 4 4 4 4 4,1075219678190734346326914217960324448,1075219678190734346326914217960324448,543013446838876694186561526977124206,1.0,1.980097701907876,1.980097701907876,648718,7904698
32,1,20,0.05,forward,3,0xeee8e1a,0,0.0,0,0 0 0 0 0 0 0 0 0 0 0 0 0 0 0 0 0 0 0 0 0 0 0 0 0 0 0 0 0 0 0 0,140123703681494690747669787798807442387808,140123703681494690747669787798807442387808,23096530515729337719284506283546172941480,1.0,6.066872406921325,6.066872406921325,747860,7842746
32,1,20,0.05,even_odd,3,0xeee8e1a,0,0.0,0,0 0 0 0 0 0 0 0 0 0 0 0 0 0 0 0 0 0 0 0 0 0 0 0 0 0 0 0 0 0 0 0,140123703681494690747669787798807442387808,140123703681494690747669787798807442387808,23096530515729337719284506283546172941480,1.0,6.066872406921325,6.066872406921325,687875,7873800
32,1,20,0.05,forward,3,0xeee8e1a,0,0.25,8,1 1 1 1 1 1 1 1 0 0 0 0 0 0 0 0 0 0 0 0 0 0 0 0 0 0 0 0 0 0 0 0,106936510704298579781116417004353048138064,106936510704298579781116417004353048138064,19166533799127880827691308961846030104698,1.0,5.5793348878326885,5.5793348878326885,690996,8048754
32,1,20,0.05,even_odd,3,0xeee8e1a,0,0.25,8,1 0 1 0 1 0 1 0 1 0 1 0 1 0 1 0 0 0 0 0 0 0 0 0 0 0 0 0 0 0 0 0,106936510704298579781116417004353048138064,86194515093551010427020560257819051731974,18474459988343580454062163790374952584298,1.2406417112299466,5.788342975749761,4.665604036487954,690451,7860874
32,1,20,0.05,forward,3,0xeee8e1a,0,0.5,16,1 1 1 1 1 1 1 1 1 1 1 1 1 1 1 1 0 0 0 0 0 0 0 0 0 0 0 0 0 0 0 0,73749317727102468814563046209898653888320,73749317727102468814563046209898653888320,18474459988343580454062163790374952584298,1.0,3.99196067293087,3.99196067293087,679276,7998989
32,1,20,0.05,even_odd,3,0xeee8e1a,0,0.5,16,1 0 1 0 1 0 1 0 1 0 1 0 1 0 1 0 1 0 1 0 1 0 1 0 1 0 1 0 1 0 1 0,73749317727102468814563046209898653888320,23968528261308302364732990018217062513704,5364005991398426382360461153703966278138,3.076923076923077,13.74892530794426,4.468400725081885,669211,7927000
32,1,20,0.05,forward,3,0xeee8e1a,0,0.75,24,1 1 1 1 1 1 1 1 1 1 1 1 1 1 1 1 1 1 1 1 1 1 1 1 0 0 0 0 0 0 0 0,40562124749906357848009675415444259638576,40562124749906357848009675415444259638576,18474459988343580454062163790374952584298,1.0,2.195578370111978,2.195578370111978,688077,7968828
32,1,20,0.05,even_odd,3,0xeee8e1a,0,0.75,24,1 1 1 1 1 1 1 1 1 1 1 1 1 1 1 1 1 0 1 0 1 0 1 0 1 0 1 0 1 0 1 0,40562124749906357848009675415444259638576,19820129139158788493913818668910263232486,5120739121536018105243495759326533627760,2.046511627906977,7.9211464960822555,3.8705602196765567,710797,7921785
32,1,20,0.05,forward,3,0xeee8e1a,0,1.0,32,1 1 1 1 1 1 1 1 1 1 1 1 1 1 1 1 1 1 1 1 1 1 1 1 1 1 1 1 1 1 1 1,7374931772710246881456304620989865388832,7374931772710246881456304620989865388832,2136263718724613358012605527849696213382,1.0,3.452257185322236,3.452257185322236,679587,7912845
32,1,20,0.05,even_odd,3,0xeee8e1a,0,1.0,32,1 1 1 1 1 1 1 1 1 1 1 1 1 1 1 1 1 1 1 1 1 1 1 1 1 1 1 1 1 1 1 1,7374931772710246881456304620989865388832,7374931772710246881456304620989865388832,2136263718724613358012605527849696213382,1.0,3.452257185322236,3.452257185322236,713339,8002234
32,1,20,0.05,forward,3,0xeee8e1a,1,0.0,0,1 1 1 1 1 1 1 1 1 1 1 1 1 1 1 1 1 1 1 1 1 1 1 1 1 1 1 1 1 1 1 1,7374931772710246881456304620989865388832,7374931772710246881456304620989865388832,2136263718724613358012605527849696213382,1.0,3.452257185322236,3.452257185322236,686112,8001362
32,1,20,0.05,even_odd,3,0xeee8e1a,1,0.0,0,1 1 1 1 1 1 1 1 1 1 1 1 1 1 1 1 1 1 1 1 1 1 1 1 1 1 1 1 1 1 1 1,7374931772710246881456304620989865388832,7374931772710246881456304620989865388832,2136263718724613358012605527849696213382,1.0,3.452257185322236,3.452257185322236,664953,7871109
32,1,20,0.05,forward,3,0xeee8e1a,1,0.25,8,2 2 2 2 2 2 2 2 1 1 1 1 1 1 1 1 1 1 1 1 1 1 1 1 1 1 1 1 1 1 1 1,5628237405489398935848232473913318323056,5628237405489398935848232473913318323056,1894203130261045498767691620199254329684,1.0,2.9712955889338835,2.9712955889338835,675587,7959281
32,1,20,0.05,even_odd,3,0xeee8e1a,1,0.25,8,2 1 2 1 2 1 2 1 2 1 2 1 2 1 2 1 1 1 1 1 1 1 1 1 1 1 1 1 1 1 1 1,5628237405489398935848232473913318323056,4536553425976368969843187381990476406946,1894203130261045498767691620199254329684,1.2406417112299466,2.9712955889338835,2.394966703149294,660576,7885294
32,1,20,0.05,forward,3,0xeee8e1a,1,0.5,16,2 2 2 2 2 2 2 2 2 2 2 2 2 2 2 2 1 1 1 1 1 1 1 1 1 1 1 1 1 1 1 1,3881543038268550990240160326836771257280,3881543038268550990240160326836771257280,1894203130261045498767691620199254329684,1.0,2.0491693716785404,2.0491693716785404,671171,8072969
32,1,20,0.05,even_odd,3,0xeee8e1a,1,0.5,16,2 1 2 1 2 1 2 1 2 1 2 1 2 1 2 1 2 1 2 1 2 1 2 1 2 1 2 1 2 1 2 1,3881543038268550990240160326836771257280,1261501487437279071828052106221950658616,487147128856991426006738360487698086724,3.076923076923077,7.96790704150497,2.5895697884891153,677566,8249797
32,1,20,0.05,forward,3,0xeee8e1a,1,0.75,24,2 2 2 2 2 2 2 2 2 2 2 2 2 2 2 2 2 2 2 2 2 2 2 2 1 1 1 1 1 1 1 1,2134848671047703044632088179760224191504,2134848671047703044632088179760224191504,1444189907940312984383460356378618692982,1.0,1.478232647458671,1.478232647458671,691971,8035858
32,1,20,0.05,even_odd,3,0xeee8e1a,1,0.75,24,2 2 2 2 2 2 2 2 2 2 2 2 2 2 2 2 2 1 2 1 2 1 2 1 2 1 2 1 2 1 2 1,2134848671047703044632088179760224191504,1043164691534673078627043087837382275394,487147128856991426006738360487698086724,2.046511627906977,4.382348872827733,2.1413750174044606,686924,7860116
32,1,20,0.05,forward,3,0xeee8e1a,1,1.0,32,2 2 2 2 2 2 2 2 2 2 2 2 2 2 2 2 2 2 2 2 2 2 2 2 2 2 2 2 2 2 2 2,388154303826855099024016032683677125728,388154303826855099024016032683677125728,148150716000491171641555081603264512974,1.0,2.619996138429518,2.619996138429518,682011,7811171
32,1,20,0.05,even_odd,3,0xeee8e1a,1,1.0,32,2 2 2 2 2 2 2 2 2 2 2 2 2 2 2 2 2 2 2 2 2 2 2 2 2 2 2 2 2 2 2 2,388154303826855099024016032683677125728,388154303826855099024016032683677125728,148150716000491171641555081603264512974,1.0,2.619996138429518,2.619996138429518,672681,7968428
32,1,20,0.05,forward,3,0xeee8e1a,2,0.0,0,2 2 2 2 2 2 2 2 2 2 2 2 2 2 2 2 2 2 2 2 2 2 2 2 2 2 2 2 2 2 2 2,388154303826855099024016032683677125728,388154303826855099024016032683677125728,148150716000491171641555081603264512974,1.0,2.619996138429518,2.619996138429518,658302,7795412
32,1,20,0.05,even_odd,3,0xeee8e1a,2,0.0,0,2 2 2 2 2 2 2 2 2 2 2 2 2 2 2 2 2 2 2 2 2 2 2 2 2 2 2 2 2 2 2 2,388154303826855099024016032683677125728,388154303826855099024016032683677125728,148150716000491171641555081603264512974,1.0,2.619996138429518,2.619996138429518,669506,7946636
32,1,20,0.05,forward,3,0xeee8e1a,2,0.25,8,3 3 3 3 3 3 3 3 2 2 2 2 2 2 2 2 2 2 2 2 2 2 2 2 2 2 2 2 2 2 2 2,296223021341547312413064867048069385424,296223021341547312413064867048069385424,148150716000491171641555081603264512974,1.0,1.999470737222527,1.999470737222527,656376,7853753
32,1,20,0.05,even_odd,3,0xeee8e1a,2,0.25,8,3 2 3 2 3 2 3 2 3 2 3 2 3 2 3 2 2 2 2 2 2 2 2 2 2 2 2 2 2 2 2 2,296223021341547312413064867048069385424,238765969788229945781220388525814547734,148150716000491171641555081603264512974,1.2406417112299466,1.999470737222527,1.6116423614681576,641022,7939781
32,1,20,0.05,forward,3,0xeee8e1a,2,0.5,16,3 3 3 3 3 3 3 3 3 3 3 3 3 3 3 3 2 2 2 2 2 2 2 2 2 2 2 2 2 2 2 2,204291738856239525802113701412461645120,204291738856239525802113701412461645120,148150716000491171641555081603264512974,1.0,1.378945336015536,1.378945336015536,637011,7862098
32,1,20,0.05,even_odd,3,0xeee8e1a,2,0.5,16,3 2 3 2 3 2 3 2 3 2 3 2 3 2 3 2 3 2 3 2 3 2 3 2 3 2 3 2 3 2 3 2,204291738856239525802113701412461645120,66394815128277845885686952959050034664,28900448651035016896540022787986966138,3.076923076923077,7.068808561521179,2.297362782494383,657805,7728701
32,1,20,0.05,forward,3,0xeee8e1a,2,0.75,24,3 3 3 3 3 3 3 3 3 3 3 3 3 3 3 3 3 3 3 3 3 3 3 3 2 2 2 2 2 2 2 2,112360456370931739191162535776853904816,112360456370931739191162535776853904816,87501405465416788293919440777009846116,1.0,1.284098875592804,1.284098875592804,638582,7881240
32,1,20,0.05,even_odd,3,0xeee8e1a,2,0.75,24,3 3 3 3 3 3 3 3 3 3 3 3 3 3 3 3 3 2 3 2 3 2 3 2 3 2 3 2 3 2 3 2,112360456370931739191162535776853904816,54903404817614372559318057254599067126,28229920705152557452648294511946960920,2.046511627906977,3.980190293287773,1.9448657114928891,656637,7863992
32,1,20,0.05,forward,3,0xeee8e1a,2,1.0,32,3 3 3 3 3 3 3 3 3 3 3 3 3 3 3 3 3 3 3 3 3 3 3 3 3 3 3 3 3 3 3 3,20429173885623952580211370141246164512,20429173885623952580211370141246164512,9182187609230398651120156237913132528,1.0,2.2248700151897913,2.2248700151897913,681504,7841905
32,1,20,0.05,even_odd,3,0xeee8e1a,2,1.0,32,3 3 3 3 3 3 3 3 3 3 3 3 3 3 3 3 3 3 3 3 3 3 3 3 3 3 3 3 3 3 3 3,20429173885623952580211370141246164512,20429173885623952580211370141246164512,9182187609230398651120156237913132528,1.0,2.2248700151897913,2.2248700151897913,666720,7866172
32,1,20,0.05,forward,3,0xeee8e1a,3,0.0,0,3 3 3 3 3 3 3 3 3 3 3 3 3 3 3 3 3 3 3 3 3 3 3 3 3 3 3 3 3 3 3 3,20429173885623952580211370141246164512,20429173885623952580211370141246164512,9182187609230398651120156237913132528,1.0,2.2248700151897913,2.2248700151897913,676019,8163961
32,1,20,0.05,even_odd,3,0xeee8e1a,3,0.0,0,3 3 3 3 3 3 3 3 3 3 3 3 3 3 3 3 3 3 3 3 3 3 3 3 3 3 3 3 3 3 3 3,20429173885623952580211370141246164512,20429173885623952580211370141246164512,9182187609230398651120156237913132528,1.0,2.2248700151897913,2.2248700151897913,646264,7821896
32,1,20,0.05,forward,3,0xeee8e1a,3,0.25,8,4 4 4 4 4 4 4 4 3 3 3 3 3 3 3 3 3 3 3 3 3 3 3 3 3 3 3 3 3 3 3 3,15590685333765648021740256160424704496,15590685333765648021740256160424704496,9182187609230398651120156237913132528,1.0,1.6979271168553671,1.6979271168553671,630960,7781224
32,1,20,0.05,even_odd,3,0xeee8e1a,3,0.25,8,4 3 4 3 4 3 4 3 4 3 4 3 4 3 4 3 3 3 3 3 3 3 3 3 3 3 3 3 3 3 3 3,15590685333765648021740256160424704496,12566629988854207672695809922411291986,9145055000497905346109330833181619728,1.2406417112299466,1.704821385209472,1.3741448234231521,636481,7789172
32,1,20,0.05,forward,3,0xeee8e1a,3,0.5,16,4 4 4 4 4 4 4 4 4 4 4 4 4 4 4 4 3 3 3 3 3 3 3 3 3 3 3 3 3 3 3 3,10752196781907343463269142179603244480,10752196781907343463269142179603244480,8402217174271297103574946174090288448,1.0,1.2796856542618293,1.2796856542618293,628632,7804038
32,1,20,0.05,even_odd,3,0xeee8e1a,3,0.5,16,4 3 4 3 4 3 4 3 4 3 4 3 4 3 4 3 4 3 4 3 4 3 4 3 4 3 4 3 4 3 4 3,10752196781907343463269142179603244480,3494463954119886625562471208371054456,1620011932979787141394939386073133738,3.076923076923077,6.637109618155818,2.1570606259006406,609900,7768021
32,1,20,0.05,forward,3,0xeee8e1a,3,0.75,24,4 4 4 4 4 4 4 4 4 4 4 4 4 4 4 4 4 4 4 4 4 4 4 4 3 3 3 3 3 3 3 3,5913708230049038904798028198781784464,5913708230049038904798028198781784464,5210148198741066401067807183234779666,1.0,1.1350364719909454,1.1350364719909454,625415,7783910
32,1,20,0.05,even_odd,3,0xeee8e1a,3,0.75,24,4 4 4 4 4 4 4 4 4 4 4 4 4 4 4 4 4 3 4 3 4 3 4 3 4 3 4 3 4 3 4 3,5913708230049038904798028198781784464,2889652885137598555753581960768371954,1620011932979787141394939386073133738,2.046511627906977,3.6504102899857,1.783723209879376,617241,7744049
32,1,20,0.05,forward,3,0xeee8e1a,3,1.0,32,4 4 4 4 4 4 4 4 4 4 4 4 4 4 4 4 4 4 4 4 4 4 4 4 4 4 4 4 4 4 4 4,1075219678190734346326914217960324448,1075219678190734346326914217960324448,620918472898895697627358582503925970,1.0,1.731659992608744,1.731659992608744,590725,7691854
32,1,20,0.05,even_odd,3,0xeee8e1a,3,1.0,32,4 4 4 4 4 4 4 4 4 4 4 4 4 4 4 4 4 4 4 4 4 4 4 4 4 4 4 4 4 4 4 4,1075219678190734346326914217960324448,1075219678190734346326914217960324448,620918472898895697627358582503925970,1.0,1.731659992608744,1.731659992608744,675649,7975482
32,1,20,0.05,forward,4,0x2d3a0cf6,0,0.0,0,0 0 0 0 0 0 0 0 0 0 0 0 0 0 0 0 0 0 0 0 0 0 0 0 0 0 0 0 0 0 0 0,140123703681494690747669787798807442387808,140123703681494690747669787798807442387808,27005558945170803733720156145745919738280,1.0,5.188698518182381,5.188698518182381,778575,8015265
32,1,20,0.05,even_odd,4,0x2d3a0cf6,0,0.0,0,0 0 0 0 0 0 0 0 0 0 0 0 0 0 0 0 0 0 0 0 0 0 0 0 0 0 0 0 0 0 0 0,140123703681494690747669787798807442387808,140123703681494690747669787798807442387808,27005558945170803733720156145745919738280,1.0,5.188698518182381,5.188698518182381,693545,7989749
32,1,20,0.05,forward,4,0x2d3a0cf6,0,0.25,8,1 1 1 1 1 1 1 1 0 0 0 0 0 0 0 0 0 0 0 0 0 0 0 0 0 0 0 0 0 0 0 0,106936510704298579781116417004353048138064,106936510704298579781116417004353048138064,27005558945170803733720156145745919738280,1.0,3.959796237560238,3.959796237560238,687630,7986912
32,1,20,0.05,even_odd,4,0x2d3a0cf6,0,0.25,8,1 0 1 0 1 0 1 0 1 0 1 0 1 0 1 0 0 0 0 0 0 0 0 0 0 0 0 0 0 0 0 0,106936510704298579781116417004353048138064,86194515093551010427020560257819051731974,18235093111500416535294367981922870148698,1.2406417112299466,5.864324906400198,4.726848092658781,678221,7967857
32,1,20,0.05,forward,4,0x2d3a0cf6,0,0.5,16,1 1 1 1 1 1 1 1 1 1 1 1 1 1 1 1 0 0 0 0 0 0 0 0 0 0 0 0 0 0 0 0,73749317727102468814563046209898653888320,73749317727102468814563046209898653888320,18235093111500416535294367981922870148698,1.0,4.04436200441393,4.04436200441393,703804,8022181
32,1,20,0.05,even_odd,4,0x2d3a0cf6,0,0.5,16,1 0 1 0 1 0 1 0 1 0 1 0 1 0 1 0 1 0 1 0 1 0 1 0 1 0 1 0 1 0 1 0,73749317727102468814563046209898653888320,28116927383457816235552161367523861794922,5569744329790082488383390093819742425338,2.622950819672131,13.241059797421975,5.048154047767128,686784,7993510
32,1,20,0.05,forward,4,0x2d3a0cf6,0,0.75,24,1 1 1 1 1 1 1 1 1 1 1 1 1 1 1 1 1 1 1 1 1 1 1 1 0 0 0 0 0 0 0 0,40562124749906357848009675415444259638576,40562124749906357848009675415444259638576,13623808023389729883849306725556514779458,1.0,2.977297146309474,2.977297146309474,697541,8083993
32,1,20,0.05,even_odd,4,0x2d3a0cf6,0,0.75,24,1 1 1 1 1 1 1 1 1 1 1 1 1 1 1 1 1 0 1 0 1 0 1 0 1 0 1 0 1 0 1 0,40562124749906357848009675415444259638576,15671730017009274623094647319603463951268,5108140864860062109518874927302739815360,2.588235294117647,7.940682495453767,3.0679909641525915,691627,7995558
32,1,20,0.05,forward,4,0x2d3a0cf6,0,1.0,32,1 1 1 1 1 1 1 1 1 1 1 1 1 1 1 1 1 1 1 1 1 1 1 1 1 1 1 1 1 1 1 1,7374931772710246881456304620989865388832,7374931772710246881456304620989865388832,2148428723350354951346445877403785453022,1.0,3.4327095390949025,3.4327095390949025,665205,8003264
32,1,20,0.05,even_odd,4,0x2d3a0cf6,0,1.0,32,1 1 1 1 1 1 1 1 1 1 1 1 1 1 1 1 1 1 1 1 1 1 1 1 1 1 1 1 1 1 1 1,7374931772710246881456304620989865388832,7374931772710246881456304620989865388832,2148428723350354951346445877403785453022,1.0,3.4327095390949025,3.4327095390949025,729064,8092840
32,1,20,0.05,forward,4,0x2d3a0cf6,1,0.0,0,1 1 1 1 1 1 1 1 1 1 1 1 1 1 1 1 1 1 1 1 1 1 1 1 1 1 1 1 1 1 1 1,7374931772710246881456304620989865388832,7374931772710246881456304620989865388832,2148428723350354951346445877403785453022,1.0,3.4327095390949025,3.4327095390949025,679180,8111675
32,1,20,0.05,even_odd,4,0x2d3a0cf6,1,0.0,0,1 1 1 1 1 1 1 1 1 1 1 1 1 1 1 1 1 1 1 1 1 1 1 1 1 1 1 1 1 1 1 1,7374931772710246881456304620989865388832,7374931772710246881456304620989865388832,2148428723350354951346445877403785453022,1.0,3.4327095390949025,3.4327095390949025,809203,8049308
32,1,20,0.05,forward,4,0x2d3a0cf6,1,0.25,8,2 2 2 2 2 2 2 2 1 1 1 1 1 1 1 1 1 1 1 1 1 1 1 1 1 1 1 1 1 1 1 1,5628237405489398935848232473913318323056,5628237405489398935848232473913318323056,2148428723350354951346445877403785453022,1.0,2.6196993850987416,2.6196993850987416,698758,7923342
32,1,20,0.05,even_odd,4,0x2d3a0cf6,1,0.25,8,2 1 2 1 2 1 2 1 2 1 2 1 2 1 2 1 1 1 1 1 1 1 1 1 1 1 1 1 1 1 1 1,5628237405489398935848232473913318323056,4536553425976368969843187381990476406946,1469735310327351356563465742103960246164,1.2406417112299466,3.8294224585485614,3.0866465506404355,666007,7919397
32,1,20,0.05,forward,4,0x2d3a0cf6,1,0.5,16,2 2 2 2 2 2 2 2 2 2 2 2 2 2 2 2 1 1 1 1 1 1 1 1 1 1 1 1 1 1 1 1,3881543038268550990240160326836771257280,3881543038268550990240160326836771257280,1469735310327351356563465742103960246164,1.0,2.6409810058955596,2.6409810058955596,667128,8064176
32,1,20,0.05,even_odd,4,0x2d3a0cf6,1,0.5,16,2 1 2 1 2 1 2 1 2 1 2 1 2 1 2 1 2 1 2 1 2 1 2 1 2 1 2 1 2 1 2 1,3881543038268550990240160326836771257280,1479838283339885065029061124606519041838,511481234312610334694871654901396931924,2.622950819672131,7.588827855014139,2.8932406197241405,693097,8071126
32,1,20,0.05,forward,4,0x2d3a0cf6,1,0.75,24,2 2 2 2 2 2 2 2 2 2 2 2 2 2 2 2 2 2 2 2 2 2 2 2 1 1 1 1 1 1 1 1,2134848671047703044632088179760224191504,2134848671047703044632088179760224191504,1191345647639486581223639411126583990164,1.0,1.7919641333962637,1.7919641333962637,683607,7993484
32,1,20,0.05,even_odd,4,0x2d3a0cf6,1,0.75,24,2 2 2 2 2 2 2 2 2 2 2 2 2 2 2 2 2 1 2 1 2 1 2 1 2 1 2 1 2 1 2 1,2134848671047703044632088179760224191504,824827895632067085426034069452813892172,295691285919835011967507215337408396178,2.588235294117647,7.2198565622474336,2.789490035413781,674820,8028649
32,1,20,0.05,forward,4,0x2d3a0cf6,1,1.0,32,2 2 2 2 2 2 2 2 2 2 2 2 2 2 2 2 2 2 2 2 2 2 2 2 2 2 2 2 2 2 2 2,388154303826855099024016032683677125728,388154303826855099024016032683677125728,138641638839603096669677988739557634436,1.0,2.7996950055958116,2.7996950055958116,668508,8054873
32,1,20,0.05,even_odd,4,0x2d3a0cf6,1,1.0,32,2 2 2 2 2 2 2 2 2 2 2 2 2 2 2 2 2 2 2 2 2 2 2 2 2 2 2 2 2 2 2 2,388154303826855099024016032683677125728,388154303826855099024016032683677125728,138641638839603096669677988739557634436,1.0,2.7996950055958116,2.7996950055958116,669290,8101191
32,1,20,0.05,forward,4,0x2d3a0cf6,2,0.0,0,2 2 2 2 2 2 2 2 2 2 2 2 2 2 2 2 2 2 2 2 2 2 2 2 2 2 2 2 2 2 2 2,388154303826855099024016032683677125728,388154303826855099024016032683677125728,138641638839603096669677988739557634436,1.0,2.7996950055958116,2.7996950055958116,669359,8190281
32,1,20,0.05,even_odd,4,0x2d3a0cf6,2,0.0,0,2 2 2 2 2 2 2 2 2 2 2 2 2 2 2 2 2 2 2 2 2 2 2 2 2 2 2 2 2 2 2 2,388154303826855099024016032683677125728,388154303826855099024016032683677125728,138641638839603096669677988739557634436,1.0,2.7996950055958116,2.7996950055958116,671740,8013759
32,1,20,0.05,forward,4,0x2d3a0cf6,2,0.25,8,3 3 3 3 3 3 3 3 2 2 2 2 2 2 2 2 2 2 2 2 2 2 2 2 2 2 2 2 2 2 2 2,296223021341547312413064867048069385424,296223021341547312413064867048069385424,138641638839603096669677988739557634436,1.0,2.136609346375751,2.136609346375751,691207,8118573
32,1,20,0.05,even_odd,4,0x2d3a0cf6,2,0.25,8,3 2 3 2 3 2 3 2 3 2 3 2 3 2 3 2 2 2 2 2 2 2 2 2 2 2 2 2 2 2 2 2,296223021341547312413064867048069385424,238765969788229945781220388525814547734,111161641950347363843873931699278142974,1.2406417112299466,2.6647953029864513,2.147916903700286,689266,8084465
32,1,20,0.05,forward,4,0x2d3a0cf6,2,0.5,16,3 3 3 3 3 3 3 3 3 3 3 3 3 3 3 3 2 2 2 2 2 2 2 2 2 2 2 2 2 2 2 2,204291738856239525802113701412461645120,204291738856239525802113701412461645120,111161641950347363843873931699278142974,1.0,1.837789864128587,1.837789864128587,686201,8109070
32,1,20,0.05,even_odd,4,0x2d3a0cf6,2,0.5,16,3 2 3 2 3 2 3 2 3 2 3 2 3 2 3 2 3 2 3 2 3 2 3 2 3 2 3 2 3 2 3 2,204291738856239525802113701412461645120,77886225438941319212055848663501002202,28934146724790533775581131789521839378,2.622950819672131,7.060575893230129,2.6918445592939864,663708,8050468
32,1,20,0.05,forward,4,0x2d3a0cf6,2,0.75,24,3 3 3 3 3 3 3 3 3 3 3 3 3 3 3 3 3 3 3 3 3 3 3 3 2 2 2 2 2 2 2 2,112360456370931739191162535776853904816,112360456370931739191162535776853904816,86926677428158305386747585713275019694,1.0,1.2925888771464147,1.2925888771464147,655790,8077616
32,1,20,0.05,even_odd,4,0x2d3a0cf6,2,0.75,24,3 3 3 3 3 3 3 3 3 3 3 3 3 3 3 3 3 2 3 2 3 2 3 2 3 2 3 2 3 2 3 2,112360456370931739191162535776853904816,43411994506950899232949161550148099588,18687816325947075995035939935379810262,2.588235294117647,6.012497897623544,2.323010551354551,663820,8111055
32,1,20,0.05,forward,4,0x2d3a0cf6,2,1.0,32,3 3 3 3 3 3 3 3 3 3 3 3 3 3 3 3 3 3 3 3 3 3 3 3 3 3 3 3 3 3 3 3,20429173885623952580211370141246164512,20429173885623952580211370141246164512,9212070077393449730575689752583579008,1.0,2.2176528960366286,2.2176528960366286,655652,8140036
32,1,20,0.05,even_odd,4,0x2d3a0cf6,2,1.0,32,3 3 3 3 3 3 3 3 3 3 3 3 3 3 3 3 3 3 3 3 3 3 3 3 3 3 3 3 3 3 3 3,20429173885623952580211370141246164512,20429173885623952580211370141246164512,9212070077393449730575689752583579008,1.0,2.2176528960366286,2.2176528960366286,654216,8065715
32,1,20,0.05,forward,4,0x2d3a0cf6,3,0.0,0,3 3 3 3 3 3 3 3 3 3 3 3 3 3 3 3 3 3 3 3 3 3 3 3 3 3 3 3 3 3 3 3,20429173885623952580211370141246164512,20429173885623952580211370141246164512,9212070077393449730575689752583579008,1.0,2.2176528960366286,2.2176528960366286,643521,7997410
32,1,20,0.05,even_odd,4,0x2d3a0cf6,3,0.0,0,3 3 3 3 3 3 3 3 3 3 3 3 3 3 3 3 3 3 3 3 3 3 3 3 3 3 3 3 3 3 3 3,20429173885623952580211370141246164512,20429173885623952580211370141246164512,9212070077393449730575689752583579008,1.0,2.2176528960366286,2.2176528960366286,649133,8020758
32,1,20,0.05,forward,4,0x2d3a0cf6,3,0.25,8,4 4 4 4 4 4 4 4 3 3 3 3 3 3 3 3 3 3 3 3 3 3 3 3 3 3 3 3 3 3 3 3,15590685333765648021740256160424704496,15590685333765648021740256160424704496,9210487776252539881360194183535054106,1.0,1.6927100618887105,1.6927100618887105,622670,8032684
32,1,20,0.05,even_odd,4,0x2d3a0cf6,3,0.25,8,4 3 4 3 4 3 4 3 4 3 4 3 4 3 4 3 3 3 3 3 3 3 3 3 3 3 3 3 3 3 3 3,15590685333765648021740256160424704496,12566629988854207672695809922411291986,7263337298264274323815420682532699248,1.2406417112299466,2.1464906135491417,1.7301454514383168,667035,8081624
32,1,20,0.05,forward,4,0x2d3a0cf6,3,0.5,16,4 4 4 4 4 4 4 4 4 4 4 4 4 4 4 4 3 3 3 3 3 3 3 3 3 3 3 3 3 3 3 3,10752196781907343463269142179603244480,10752196781907343463269142179603244480,7263337298264274323815420682532699248,1.0,1.480338354171822,1.480338354171822,638317,7964485
32,1,20,0.05,even_odd,4,0x2d3a0cf6,3,0.5,16,4 3 4 3 4 3 4 3 4 3 4 3 4 3 4 3 4 3 4 3 4 3 4 3 4 3 4 3 4 3 4 3,10752196781907343463269142179603244480,4099275023102174695371360455973736958,2127660896602842479050001447051200364,2.622950819672131,5.053529347216457,1.926658063626274,657391,7899079
32,1,20,0.05,forward,4,0x2d3a0cf6,3,0.75,24,4 4 4 4 4 4 4 4 4 4 4 4 4 4 4 4 4 4 4 4 4 4 4 4 3 3 3 3 3 3 3 3,5913708230049038904798028198781784464,5913708230049038904798028198781784464,5179899354674830458585077969353999328,1.0,1.1416646975412659,1.1416646975412659,612381,7980990
32,1,20,0.05,even_odd,4,0x2d3a0cf6,3,0.75,24,4 4 4 4 4 4 4 4 4 4 4 4 4 4 4 4 4 3 4 3 4 3 4 3 4 3 4 3 4 3 4 3,5913708230049038904798028198781784464,2284841816155310485944692713165689452,1517549123976618698742083015147963738,2.588235294117647,3.896880922412995,1.5056130836595665,662534,8027025
32,1,20,0.05,forward,4,0x2d3a0cf6,3,1.0,32,4 4 4 4 4 4 4 4 4 4 4 4 4 4 4 4 4 4 4 4 4 4 4 4 4 4 4 4 4 4 4 4,1075219678190734346326914217960324448,1075219678190734346326914217960324448,585456586623097541972556733080235130,1.0,1.8365489478777257,1.8365489478777257,656355,8182988
32,1,20,0.05,even_odd,4,0x2d3a0cf6,3,1.0,32,4 4 4 4 4 4 4 4 4 4 4 4 4 4 4 4 4 4 4 4 4 4 4 4 4 4 4 4 4 4 4 4,1075219678190734346326914217960324448,1075219678190734346326914217960324448,585456586623097541972556733080235130,1.0,1.8365489478777257,1.8365489478777257,654113,8171145
32,1,20,0.05,forward,5,0x6bdf7fb2,0,0.0,0,0 0 0 0 0 0 0 0 0 0 0 0 0 0 0 0 0 0 0 0 0 0 0 0 0 0 0 0 0 0 0 0,140123703681494690747669787798807442387808,140123703681494690747669787798807442387808,39957720523701145332419612960660860610144,1.0,3.5067992329136874,3.5067992329136874,726868,8434126
32,1,20,0.05,even_odd,5,0x6bdf7fb2,0,0.0,0,0 0 0 0 0 0 0 0 0 0 0 0 0 0 0 0 0 0 0 0 0 0 0 0 0 0 0 0 0 0 0 0,140123703681494690747669787798807442387808,140123703681494690747669787798807442387808,39957720523701145332419612960660860610144,1.0,3.5067992329136874,3.5067992329136874,749061,8487819
32,1,20,0.05,forward,5,0x6bdf7fb2,0,0.25,8,1 1 1 1 1 1 1 1 0 0 0 0 0 0 0 0 0 0 0 0 0 0 0 0 0 0 0 0 0 0 0 0,106936510704298579781116417004353048138064,106936510704298579781116417004353048138064,26881068754710901712120560636479314730224,1.0,3.9781346374317046,3.9781346374317046,720137,8367204
32,1,20,0.05,even_odd,5,0x6bdf7fb2,0,0.25,8,1 0 1 0 1 0 1 0 1 0 1 0 1 0 1 0 0 0 0 0 0 0 0 0 0 0 0 0 0 0 0 0,106936510704298579781116417004353048138064,94491313337850038168658902956432650294410,26881068754710901712120560636479314730224,1.1317073170731706,3.9781346374317046,3.515162071868532,719582,8314084
32,1,20,0.05,forward,5,0x6bdf7fb2,0,0.5,16,1 1 1 1 1 1 1 1 1 1 1 1 1 1 1 1 0 0 0 0 0 0 0 0 0 0 0 0 0 0 0 0,73749317727102468814563046209898653888320,73749317727102468814563046209898653888320,26881068754710901712120560636479314730224,1.0,2.7435411292632446,2.7435411292632446,731894,8361317
32,1,20,0.05,even_odd,5,0x6bdf7fb2,0,0.5,16,1 0 1 0 1 0 1 0 1 0 1 0 1 0 1 0 1 0 1 0 1 0 1 0 1 0 1 0 1 0 1 0,73749317727102468814563046209898653888320,44710523872055871718828846764751058919794,6251437044449574151472835189341581418594,1.6494845360824741,11.79717834519054,7.152039371771765,726357,8414430
32,1,20,0.05,forward,5,0x6bdf7fb2,0,0.75,24,1 1 1 1 1 1 1 1 1 1 1 1 1 1 1 1 1 1 1 1 1 1 1 1 0 0 0 0 0 0 0 0,40562124749906357848009675415444259638576,40562124749906357848009675415444259638576,13379968714987983419368414497952771711424,1.0,3.0315560233313135,3.0315560233313135,709724,8423827
32,1,20,0.05,even_odd,5,0x6bdf7fb2,0,0.75,24,1 1 1 1 1 1 1 1 1 1 1 1 1 1 1 1 1 0 1 0 1 0 1 0 1 0 1 0 1 0 1 0,40562124749906357848009675415444259638576,28116927383457816235552161367523861794922,5563192214502719224088674540700447424914,1.4426229508196722,7.291160036528076,5.054099570775144,712125,8339221
32,1,20,0.05,forward,5,0x6bdf7fb2,0,1.0,32,1 1 1 1 1 1 1 1 1 1 1 1 1 1 1 1 1 1 1 1 1 1 1 1 1 1 1 1 1 1 1 1,7374931772710246881456304620989865388832,7374931772710246881456304620989865388832,3485193917252844933990676673058148433438,1.0,2.116075015568555,2.116075015568555,711881,8394070
32,1,20,0.05,even_odd,5,0x6bdf7fb2,0,1.0,32,1 1 1 1 1 1 1 1 1 1 1 1 1 1 1 1 1 1 1 1 1 1 1 1 1 1 1 1 1 1 1 1,7374931772710246881456304620989865388832,7374931772710246881456304620989865388832,3485193917252844933990676673058148433438,1.0,2.116075015568555,2.116075015568555,703234,8381112
32,1,20,0.05,forward,5,0x6bdf7fb2,1,0.0,0,1 1 1 1 1 1 1 1 1 1 1 1 1 1 1 1 1 1 1 1 1 1 1 1 1 1 1 1 1 1 1 1,7374931772710246881456304620989865388832,7374931772710246881456304620989865388832,3485193917252844933990676673058148433438,1.0,2.116075015568555,2.116075015568555,709706,8458615
32,1,20,0.05,even_odd,5,0x6bdf7fb2,1,0.0,0,1 1 1 1 1 1 1 1 1 1 1 1 1 1 1 1 1 1 1 1 1 1 1 1 1 1 1 1 1 1 1 1,7374931772710246881456304620989865388832,7374931772710246881456304620989865388832,3485193917252844933990676673058148433438,1.0,2.116075015568555,2.116075015568555,712601,8364183
32,1,20,0.05,forward,5,0x6bdf7fb2,1,0.25,8,2 2 2 2 2 2 2 2 1 1 1 1 1 1 1 1 1 1 1 1 1 1 1 1 1 1 1 1 1 1 1 1,5628237405489398935848232473913318323056,5628237405489398935848232473913318323056,2565212612366800709630573996012967275918,1.0,2.1940627370830246,2.1940627370830246,693821,8347418
32,1,20,0.05,even_odd,5,0x6bdf7fb2,1,0.25,8,2 1 2 1 2 1 2 1 2 1 2 1 2 1 2 1 1 1 1 1 1 1 1 1 1 1 1 1 1 1 1 1,5628237405489398935848232473913318323056,4973227017781580956245205418759613173390,2565212612366800709630573996012967275918,1.1317073170731706,2.1940627370830246,1.9387192288880175,702349,8305577
32,1,20,0.05,forward,5,0x6bdf7fb2,1,0.5,16,2 2 2 2 2 2 2 2 2 2 2 2 2 2 2 2 1 1 1 1 1 1 1 1 1 1 1 1 1 1 1 1,3881543038268550990240160326836771257280,3881543038268550990240160326836771257280,2565212612366800709630573996012967275918,1.0,1.5131467152296723,1.5131467152296723,696764,8368212
32,1,20,0.05,even_odd,5,0x6bdf7fb2,1,0.5,16,2 1 2 1 2 1 2 1 2 1 2 1 2 1 2 1 2 1 2 1 2 1 2 1 2 1 2 1 2 1 2 1,3881543038268550990240160326836771257280,2353185466950309037833097198144792574726,547359798242057264331158238876230563148,1.6494845360824741,7.091392262885971,4.2991565593746195,666676,8342143
32,1,20,0.05,forward,5,0x6bdf7fb2,1,0.75,24,2 2 2 2 2 2 2 2 2 2 2 2 2 2 2 2 2 2 2 2 2 2 2 2 1 1 1 1 1 1 1 1,2134848671047703044632088179760224191504,2134848671047703044632088179760224191504,1167059133651338848030423153387906362758,1.0,1.8292549276131993,1.8292549276131993,679546,8282293
32,1,20,0.05,even_odd,5,0x6bdf7fb2,1,0.75,24,2 2 2 2 2 2 2 2 2 2 2 2 2 2 2 2 2 1 2 1 2 1 2 1 2 1 2 1 2 1 2 1,2134848671047703044632088179760224191504,1479838283339885065029061124606519041838,511136386139591215521465573158276142428,1.4426229508196722,4.176671293490494,2.895192601169547,684325,8374389
32,1,20,0.05,forward,5,0x6bdf7fb2,1,1.0,32,2 2 2 2 2 2 2 2 2 2 2 2 2 2 2 2 2 2 2 2 2 2 2 2 2 2 2 2 2 2 2 2,388154303826855099024016032683677125728,388154303826855099024016032683677125728,243979654592970541597460393561971977140,1.0,1.5909289832974396,1.5909289832974396,660817,8267368
32,1,20,0.05,even_odd,5,0x6bdf7fb2,1,1.0,32,2 2 2 2 2 2 2 2 2 2 2 2 2 2 2 2 2 2 2 2 2 2 2 2 2 2 2 2 2 2 2 2,388154303826855099024016032683677125728,388154303826855099024016032683677125728,243979654592970541597460393561971977140,1.0,1.5909289832974396,1.5909289832974396,670058,8124009
32,1,20,0.05,forward,5,0x6bdf7fb2,2,0.0,0,2 2 2 2 2 2 2 2 2 2 2 2 2 2 2 2 2 2 2 2 2 2 2 2 2 2 2 2 2 2 2 2,388154303826855099024016032683677125728,388154303826855099024016032683677125728,243979654592970541597460393561971977140,1.0,1.5909289832974396,1.5909289832974396,669444,8155286
32,1,20,0.05,even_odd,5,0x6bdf7fb2,2,0.0,0,2 2 2 2 2 2 2 2 2 2 2 2 2 2 2 2 2 2 2 2 2 2 2 2 2 2 2 2 2 2 2 2,388154303826855099024016032683677125728,388154303826855099024016032683677125728,243979654592970541597460393561971977140,1.0,1.5909289832974396,1.5909289832974396,641132,8135570
32,1,20,0.05,forward,5,0x6bdf7fb2,2,0.25,8,3 3 3 3 3 3 3 3 2 2 2 2 2 2 2 2 2 2 2 2 2 2 2 2 2 2 2 2 2 2 2 2,296223021341547312413064867048069385424,296223021341547312413064867048069385424,159302480122280909161052606995118204540,1.0,1.859500373843307,1.859500373843307,671794,8349295
32,1,20,0.05,even_odd,5,0x6bdf7fb2,2,0.25,8,3 2 3 2 3 2 3 2 3 2 3 2 3 2 3 2 2 2 2 2 2 2 2 2 2 2 2 2 2 2 2 2,296223021341547312413064867048069385424,261748790409556892433958179934716482810,159302480122280909161052606995118204540,1.1317073170731706,1.859500373843307,1.6430930027494737,685319,8276877
32,1,20,0.05,forward,5,0x6bdf7fb2,2,0.5,16,3 3 3 3 3 3 3 3 3 3 3 3 3 3 3 3 2 2 2 2 2 2 2 2 2 2 2 2 2 2 2 2,204291738856239525802113701412461645120,204291738856239525802113701412461645120,159302480122280909161052606995118204540,1.0,1.2824140509264186,1.2824140509264186,656874,8240993
32,1,20,0.05,even_odd,5,0x6bdf7fb2,2,0.5,16,3 2 3 2 3 2 3 2 3 2 3 2 3 2 3 2 3 2 3 2 3 2 3 2 3 2 3 2 3 2 3 2,204291738856239525802113701412461645120,123851866681595212517531431481304872354,40299820744455960922745645118989418230,1.6494845360824741,5.069296465402862,3.073260982150485,635102,8356519
32,1,20,0.05,forward,5,0x6bdf7fb2,2,0.75,24,3 3 3 3 3 3 3 3 3 3 3 3 3 3 3 3 3 3 3 3 3 3 3 3 2 2 2 2 2 2 2 2,112360456370931739191162535776853904816,112360456370931739191162535776853904816,63883743827645408699009165760613479110,1.0,1.758827044859388,1.758827044859388,654980,8205152
32,1,20,0.05,even_odd,5,0x6bdf7fb2,2,0.75,24,3 3 3 3 3 3 3 3 3 3 3 3 3 3 3 3 3 2 3 2 3 2 3 2 3 2 3 2 3 2 3 2,112360456370931739191162535776853904816,77886225438941319212055848663501002202,32637097400420699932490358370281847634,1.4426229508196722,3.4427220960367446,2.3864323620254706,651173,8255710
32,1,20,0.05,forward,5,0x6bdf7fb2,2,1.0,32,3 3 3 3 3 3 3 3 3 3 3 3 3 3 3 3 3 3 3 3 3 3 3 3 3 3 3 3 3 3 3 3,20429173885623952580211370141246164512,20429173885623952580211370141246164512,14788003432475989427270170313956236962,1.0,1.381469376776,1.381469376776,657493,8313362
32,1,20,0.05,even_odd,5,0x6bdf7fb2,2,1.0,32,3 3 3 3 3 3 3 3 3 3 3 3 3 3 3 3 3 3 3 3 3 3 3 3 3 3 3 3 3 3 3 3,20429173885623952580211370141246164512,20429173885623952580211370141246164512,14788003432475989427270170313956236962,1.0,1.381469376776,1.381469376776,678613,8084029
32,1,20,0.05,forward,5,0x6bdf7fb2,3,0.0,0,3 3 3 3 3 3 3 3 3 3 3 3 3 3 3 3 3 3 3 3 3 3 3 3 3 3 3 3 3 3 3 3,20429173885623952580211370141246164512,20429173885623952580211370141246164512,14788003432475989427270170313956236962,1.0,1.381469376776,1.381469376776,663490,8212652
32,1,20,0.05,even_odd,5,0x6bdf7fb2,3,0.0,0,3 3 3 3 3 3 3 3 3 3 3 3 3 3 3 3 3 3 3 3 3 3 3 3 3 3 3 3 3 3 3 3,20429173885623952580211370141246164512,20429173885623952580211370141246164512,14788003432475989427270170313956236962,1.0,1.381469376776,1.381469376776,645631,8022737
32,1,20,0.05,forward,5,0x6bdf7fb2,3,0.25,8,4 4 4 4 4 4 4 4 3 3 3 3 3 3 3 3 3 3 3 3 3 3 3 3 3 3 3 3 3 3 3 3,15590685333765648021740256160424704496,15590685333765648021740256160424704496,10262438589065047646304056452825077482,1.0,1.5191988920038961,1.5191988920038961,648277,8266939
32,1,20,0.05,even_odd,5,0x6bdf7fb2,3,0.25,8,4 3 4 3 4 3 4 3 4 3 4 3 4 3 4 3 3 3 3 3 3 3 3 3 3 3 3 3 3 3 3 3,15590685333765648021740256160424704496,13776252126818783812313588417616656990,10262438589065047646304056452825077482,1.1317073170731706,1.5191988920038961,1.3423955726758565,667526,8304160
32,1,20,0.05,forward,5,0x6bdf7fb2,3,0.5,16,4 4 4 4 4 4 4 4 4 4 4 4 4 4 4 4 3 3 3 3 3 3 3 3 3 3 3 3 3 3 3 3,10752196781907343463269142179603244480,10752196781907343463269142179603244480,10262438589065047646304056452825077482,1.0,1.0477233737957905,1.0477233737957905,660395,8090227
32,1,20,0.05,even_odd,5,0x6bdf7fb2,3,0.5,16,4 3 4 3 4 3 4 3 4 3 4 3 4 3 4 3 4 3 4 3 4 3 4 3 4 3 4 3 4 3 4 3,10752196781907343463269142179603244480,6518519299031326974606917446384466966,2322553037425482803097855477617516588,1.6494845360824741,4.629473087867996,2.806618059519973,588595,8010428
32,1,20,0.05,forward,5,0x6bdf7fb2,3,0.75,24,4 4 4 4 4 4 4 4 4 4 4 4 4 4 4 4 4 4 4 4 4 4 4 4 3 3 3 3 3 3 3 3,5913708230049038904798028198781784464,5913708230049038904798028198781784464,3967113375700467475019897971845497192,1.0,1.4906829399613173,1.4906829399613173,634417,7970397
32,1,20,0.05,even_odd,5,0x6bdf7fb2,3,0.75,24,4 4 4 4 4 4 4 4 4 4 4 4 4 4 4 4 4 3 4 3 4 3 4 3 4 3 4 3 4 3 4 3,5913708230049038904798028198781784464,4099275023102174695371360455973736958,2188425423358411185608410561879773308,1.4426229508196722,2.7022662810111746,1.873161853882746,608065,7897081
32,1,20,0.05,forward,5,0x6bdf7fb2,3,1.0,32,4 4 4 4 4 4 4 4 4 4 4 4 4 4 4 4 4 4 4 4 4 4 4 4 4 4 4 4 4 4 4 4,1075219678190734346326914217960324448,1075219678190734346326914217960324448,845604862090737534286916025693611336,1.0,1.2715391388979005,1.2715391388979005,613947,7930074
32,1,20,0.05,even_odd,5,0x6bdf7fb2,3,1.0,32,4 4 4 4 4 4 4 4 4 4 4 4 4 4 4 4 4 4 4 4 4 4 4 4 4 4 4 4 4 4 4 4,1075219678190734346326914217960324448,1075219678190734346326914217960324448,845604862090737534286916025693611336,1.0,1.2715391388979005,1.2715391388979005,598744,7950349
32,1,20,0.05,forward,6,0xc759a63,0,0.0,0,0 0 0 0 0 0 0 0 0 0 0 0 0 0 0 0 0 0 0 0 0 0 0 0 0 0 0 0 0 0 0 0,140123703681494690747669787798807442387808,140123703681494690747669787798807442387808,18716991083080301258011453730416295485658,1.0,7.486443897927753,7.486443897927753,733195,8083949
32,1,20,0.05,even_odd,6,0xc759a63,0,0.0,0,0 0 0 0 0 0 0 0 0 0 0 0 0 0 0 0 0 0 0 0 0 0 0 0 0 0 0 0 0 0 0 0,140123703681494690747669787798807442387808,140123703681494690747669787798807442387808,18716991083080301258011453730416295485658,1.0,7.486443897927753,7.486443897927753,716003,8070721
32,1,20,0.05,forward,6,0xc759a63,0,0.25,8,1 1 1 1 1 1 1 1 0 0 0 0 0 0 0 0 0 0 0 0 0 0 0 0 0 0 0 0 0 0 0 0,106936510704298579781116417004353048138064,106936510704298579781116417004353048138064,18716991083080301258011453730416295485658,1.0,5.7133387642080224,5.7133387642080224,740650,8311306
32,1,20,0.05,even_odd,6,0xc759a63,0,0.25,8,1 0 1 0 1 0 1 0 1 0 1 0 1 0 1 0 0 0 0 0 0 0 0 0 0 0 0 0 0 0 0 0,106936510704298579781116417004353048138064,82046115971401496556201388908512252450756,18716991083080301258011453730416295485658,1.303370786516854,5.7133387642080224,4.383509913918224,736169,8310501
32,1,20,0.05,forward,6,0xc759a63,0,0.5,16,1 1 1 1 1 1 1 1 1 1 1 1 1 1 1 1 0 0 0 0 0 0 0 0 0 0 0 0 0 0 0 0,73749317727102468814563046209898653888320,73749317727102468814563046209898653888320,18716991083080301258011453730416295485658,1.0,3.940233630488291,3.940233630488291,749655,8331466
32,1,20,0.05,even_odd,6,0xc759a63,0,0.5,16,1 0 1 0 1 0 1 0 1 0 1 0 1 0 1 0 1 0 1 0 1 0 1 0 1 0 1 0 1 0 1 0,73749317727102468814563046209898653888320,23968528261308302364732990018217062513704,5133503915995845515977668914065551675200,3.076923076923077,14.366272809747313,4.669038663167877,792061,8338794
32,1,20,0.05,forward,6,0xc759a63,0,0.75,24,1 1 1 1 1 1 1 1 1 1 1 1 1 1 1 1 1 1 1 1 1 1 1 1 0 0 0 0 0 0 0 0,40562124749906357848009675415444259638576,40562124749906357848009675415444259638576,18014736369502709970437615788786973066978,1.0,2.251608012347841,2.251608012347841,739449,8398184
32,1,20,0.05,even_odd,6,0xc759a63,0,0.75,24,1 1 1 1 1 1 1 1 1 1 1 1 1 1 1 1 1 0 1 0 1 0 1 0 1 0 1 0 1 0 1 0,40562124749906357848009675415444259638576,19820129139158788493913818668910263232486,5133503915995845515977668914065551675200,2.046511627906977,7.901450045361022,3.8609358176195903,728105,8351621
32,1,20,0.05,forward,6,0xc759a63,0,1.0,32,1 1 1 1 1 1 1 1 1 1 1 1 1 1 1 1 1 1 1 1 1 1 1 1 1 1 1 1 1 1 1 1,7374931772710246881456304620989865388832,7374931772710246881456304620989865388832,1892926208388746037941640325410378829484,1.0,3.8960482136214756,3.8960482136214756,735205,8327635
32,1,20,0.05,even_odd,6,0xc759a63,0,1.0,32,1 1 1 1 1 1 1 1 1 1 1 1 1 1 1 1 1 1 1 1 1 1 1 1 1 1 1 1 1 1 1 1,7374931772710246881456304620989865388832,7374931772710246881456304620989865388832,1892926208388746037941640325410378829484,1.0,3.8960482136214756,3.8960482136214756,723319,8355428
32,1,20,0.05,forward,6,0xc759a63,1,0.0,0,1 1 1 1 1 1 1 1 1 1 1 1 1 1 1 1 1 1 1 1 1 1 1 1 1 1 1 1 1 1 1 1,7374931772710246881456304620989865388832,7374931772710246881456304620989865388832,1892926208388746037941640325410378829484,1.0,3.8960482136214756,3.8960482136214756,758650,8335614
32,1,20,0.05,even_odd,6,0xc759a63,1,0.0,0,1 1 1 1 1 1 1 1 1 1 1 1 1 1 1 1 1 1 1 1 1 1 1 1 1 1 1 1 1 1 1 1,7374931772710246881456304620989865388832,7374931772710246881456304620989865388832,1892926208388746037941640325410378829484,1.0,3.8960482136214756,3.8960482136214756,715349,8322494
32,1,20,0.05,forward,6,0xc759a63,1,0.25,8,2 2 2 2 2 2 2 2 1 1 1 1 1 1 1 1 1 1 1 1 1 1 1 1 1 1 1 1 1 1 1 1,5628237405489398935848232473913318323056,5628237405489398935848232473913318323056,1892926208388746037941640325410378829484,1.0,2.9732999525005996,2.9732999525005996,708814,8211100
32,1,20,0.05,even_odd,6,0xc759a63,1,0.25,8,2 1 2 1 2 1 2 1 2 1 2 1 2 1 2 1 1 1 1 1 1 1 1 1 1 1 1 1 1 1 1 1,5628237405489398935848232473913318323056,4318216630073762976642178363605908023724,1892926208388746037941640325410378829484,1.303370786516854,2.9732999525005996,2.281238756659943,745104,8271102
32,1,20,0.05,forward,6,0xc759a63,1,0.5,16,2 2 2 2 2 2 2 2 2 2 2 2 2 2 2 2 1 1 1 1 1 1 1 1 1 1 1 1 1 1 1 1,3881543038268550990240160326836771257280,3881543038268550990240160326836771257280,1892926208388746037941640325410378829484,1.0,2.050551691379724,2.050551691379724,704140,8388351
32,1,20,0.05,even_odd,6,0xc759a63,1,0.5,16,2 1 2 1 2 1 2 1 2 1 2 1 2 1 2 1 2 1 2 1 2 1 2 1 2 1 2 1 2 1 2 1,3881543038268550990240160326836771257280,1261501487437279071828052106221950658616,486575908618238883827052983552480182142,3.076923076923077,7.977261038860761,2.5926098376297473,727459,8321741
32,1,20,0.05,forward,6,0xc759a63,1,0.75,24,2 2 2 2 2 2 2 2 2 2 2 2 2 2 2 2 2 2 2 2 2 2 2 2 1 1 1 1 1 1 1 1,2134848671047703044632088179760224191504,2134848671047703044632088179760224191504,1166480815350117044276673007268093281484,1.0,1.8301618363152696,1.8301618363152696,714172,8353867
32,1,20,0.05,even_odd,6,0xc759a63,1,0.75,24,2 2 2 2 2 2 2 2 2 2 2 2 2 2 2 2 2 1 2 1 2 1 2 1 2 1 2 1 2 1 2 1,2134848671047703044632088179760224191504,1043164691534673078627043087837382275394,486575908618238883827052983552480182142,2.046511627906977,4.387493571373419,2.1438889041938296,699900,8342789
32,1,20,0.05,forward,6,0xc759a63,1,1.0,32,2 2 2 2 2 2 2 2 2 2 2 2 2 2 2 2 2 2 2 2 2 2 2 2 2 2 2 2 2 2 2 2,388154303826855099024016032683677125728,388154303826855099024016032683677125728,123889200426801415946580480614630009174,1.0,3.1330761881556564,3.1330761881556564,685475,8230503
32,1,20,0.05,even_odd,6,0xc759a63,1,1.0,32,2 2 2 2 2 2 2 2 2 2 2 2 2 2 2 2 2 2 2 2 2 2 2 2 2 2 2 2 2 2 2 2,388154303826855099024016032683677125728,388154303826855099024016032683677125728,123889200426801415946580480614630009174,1.0,3.1330761881556564,3.1330761881556564,720248,8331976
32,1,20,0.05,forward,6,0xc759a63,2,0.0,0,2 2 2 2 2 2 2 2 2 2 2 2 2 2 2 2 2 2 2 2 2 2 2 2 2 2 2 2 2 2 2 2,388154303826855099024016032683677125728,388154303826855099024016032683677125728,123889200426801415946580480614630009174,1.0,3.1330761881556564,3.1330761881556564,738929,8270097
32,1,20,0.05,even_odd,6,0xc759a63,2,0.0,0,2 2 2 2 2 2 2 2 2 2 2 2 2 2 2 2 2 2 2 2 2 2 2 2 2 2 2 2 2 2 2 2,388154303826855099024016032683677125728,388154303826855099024016032683677125728,123889200426801415946580480614630009174,1.0,3.1330761881556564,3.1330761881556564,712788,8331931
32,1,20,0.05,forward,6,0xc759a63,2,0.25,8,3 3 3 3 3 3 3 3 2 2 2 2 2 2 2 2 2 2 2 2 2 2 2 2 2 2 2 2 2 2 2 2,296223021341547312413064867048069385424,296223021341547312413064867048069385424,123889200426801415946580480614630009174,1.0,2.3910318278030007,2.3910318278030007,682389,8454145
32,1,20,0.05,even_odd,6,0xc759a63,2,0.25,8,3 2 3 2 3 2 3 2 3 2 3 2 3 2 3 2 2 2 2 2 2 2 2 2 2 2 2 2 2 2 2 2,296223021341547312413064867048069385424,227274559477566472454851492821363580196,123889200426801415946580480614630009174,1.303370786516854,2.3910318278030007,1.8344985575385093,731096,8501855
32,1,20,0.05,forward,6,0xc759a63,2,0.5,16,3 3 3 3 3 3 3 3 3 3 3 3 3 3 3 3 2 2 2 2 2 2 2 2 2 2 2 2 2 2 2 2,204291738856239525802113701412461645120,204291738856239525802113701412461645120,123889200426801415946580480614630009174,1.0,1.6489874674503455,1.6489874674503455,690383,8411804
32,1,20,0.05,even_odd,6,0xc759a63,2,0.5,16,3 2 3 2 3 2 3 2 3 2 3 2 3 2 3 2 3 2 3 2 3 2 3 2 3 2 3 2 3 2 3 2,204291738856239525802113701412461645120,66394815128277845885686952959050034664,28226383525450896896343443279844812720,3.076923076923077,7.237616489977744,2.3522253592427664,684654,8148607
32,1,20,0.05,forward,6,0xc759a63,2,0.75,24,3 3 3 3 3 3 3 3 3 3 3 3 3 3 3 3 3 3 3 3 3 3 3 3 2 2 2 2 2 2 2 2,112360456370931739191162535776853904816,112360456370931739191162535776853904816,63943842108400058509782919939356407618,1.0,1.7571739930868397,1.7571739930868397,712419,8017053
32,1,20,0.05,even_odd,6,0xc759a63,2,0.75,24,3 3 3 3 3 3 3 3 3 3 3 3 3 3 3 3 3 2 3 2 3 2 3 2 3 2 3 2 3 2 3 2,112360456370931739191162535776853904816,54903404817614372559318057254599067126,28226383525450896896343443279844812720,2.046511627906977,3.980689069487759,1.9451094316815185,651521,7812992
32,1,20,0.05,forward,6,0xc759a63,2,1.0,32,3 3 3 3 3 3 3 3 3 3 3 3 3 3 3 3 3 3 3 3 3 3 3 3 3 3 3 3 3 3 3 3,20429173885623952580211370141246164512,20429173885623952580211370141246164512,7899779938825003465135869624705208946,1.0,2.586043414351431,2.586043414351431,662589,7870814
32,1,20,0.05,even_odd,6,0xc759a63,2,1.0,32,3 3 3 3 3 3 3 3 3 3 3 3 3 3 3 3 3 3 3 3 3 3 3 3 3 3 3 3 3 3 3 3,20429173885623952580211370141246164512,20429173885623952580211370141246164512,7899779938825003465135869624705208946,1.0,2.586043414351431,2.586043414351431,643432,7899892
32,1,20,0.05,forward,6,0xc759a63,3,0.0,0,3 3 3 3 3 3 3 3 3 3 3 3 3 3 3 3 3 3 3 3 3 3 3 3 3 3 3 3 3 3 3 3,20429173885623952580211370141246164512,20429173885623952580211370141246164512,7899779938825003465135869624705208946,1.0,2.586043414351431,2.586043414351431,650035,7999561
32,1,20,0.05,even_odd,6,0xc759a63,3,0.0,0,3 3 3 3 3 3 3 3 3 3 3 3 3 3 3 3 3 3 3 3 3 3 3 3 3 3 3 3 3 3 3 3,20429173885623952580211370141246164512,20429173885623952580211370141246164512,7899779938825003465135869624705208946,1.0,2.586043414351431,2.586043414351431,686959,7840662
32,1,20,0.05,forward,6,0xc759a63,3,0.25,8,4 4 4 4 4 4 4 4 3 3 3 3 3 3 3 3 3 3 3 3 3 3 3 3 3 3 3 3 3 3 3 3,15590685333765648021740256160424704496,15590685333765648021740256160424704496,7899779938825003465135869624705208946,1.0,1.9735594477945133,1.9735594477945133,680855,7923544
32,1,20,0.05,even_odd,6,0xc759a63,3,0.25,8,4 3 4 3 4 3 4 3 4 3 4 3 4 3 4 3 3 3 3 3 3 3 3 3 3 3 3 3 3 3 3 3,15590685333765648021740256160424704496,11961818919871919602886920674808609484,7899779938825003465135869624705208946,1.303370786516854,1.9735594477945133,1.514196472876825,620605,7881750
32,1,20,0.05,forward,6,0xc759a63,3,0.5,16,4 4 4 4 4 4 4 4 4 4 4 4 4 4 4 4 3 3 3 3 3 3 3 3 3 3 3 3 3 3 3 3,10752196781907343463269142179603244480,10752196781907343463269142179603244480,7832671526931480196347740227164749048,1.0,1.3727368427154782,1.3727368427154782,637560,7817579
32,1,20,0.05,even_odd,6,0xc759a63,3,0.5,16,4 3 4 3 4 3 4 3 4 3 4 3 4 3 4 3 4 3 4 3 4 3 4 3 4 3 4 3 4 3 4 3,10752196781907343463269142179603244480,3494463954119886625562471208371054456,2090410201900756327511175736015567382,3.076923076923077,5.143582236697203,1.671664226926591,632005,7861341
32,1,20,0.05,forward,6,0xc759a63,3,0.75,24,4 4 4 4 4 4 4 4 4 4 4 4 4 4 4 4 4 4 4 4 4 4 4 4 3 3 3 3 3 3 3 3,5913708230049038904798028198781784464,5913708230049038904798028198781784464,3936675570373004119559363965539545546,1.0,1.502208684544637,1.502208684544637,673155,7754996
32,1,20,0.05,even_odd,6,0xc759a63,3,0.75,24,4 4 4 4 4 4 4 4 4 4 4 4 4 4 4 4 4 3 4 3 4 3 4 3 4 3 4 3 4 3 4 3,5913708230049038904798028198781784464,2889652885137598555753581960768371954,2090410201900756327511175736015567382,2.046511627906977,2.8289702301834616,1.3823377261123733,626312,8015168
32,1,20,0.05,forward,6,0xc759a63,3,1.0,32,4 4 4 4 4 4 4 4 4 4 4 4 4 4 4 4 4 4 4 4 4 4 4 4 4 4 4 4 4 4 4 4,1075219678190734346326914217960324448,1075219678190734346326914217960324448,516491829897611099056755791240808032,1.0,2.081774804460866,2.081774804460866,638808,7749515
32,1,20,0.05,even_odd,6,0xc759a63,3,1.0,32,4 4 4 4 4 4 4 4 4 4 4 4 4 4 4 4 4 4 4 4 4 4 4 4 4 4 4 4 4 4 4 4,1075219678190734346326914217960324448,1075219678190734346326914217960324448,516491829897611099056755791240808032,1.0,2.081774804460866,2.081774804460866,655395,7845335
32,1,20,0.05,forward,7,0x2513fbc,0,0.0,0,0 0 0 0 0 0 0 0 0 0 0 0 0 0 0 0 0 0 0 0 0 0 0 0 0 0 0 0 0 0 0 0,140123703681494690747669787798807442387808,140123703681494690747669787798807442387808,35786202414725895801395121305092395094280,1.0,3.915579028408845,3.915579028408845,726457,8138564
32,1,20,0.05,even_odd,7,0x2513fbc,0,0.0,0,0 0 0 0 0 0 0 0 0 0 0 0 0 0 0 0 0 0 0 0 0 0 0 0 0 0 0 0 0 0 0 0,140123703681494690747669787798807442387808,140123703681494690747669787798807442387808,35786202414725895801395121305092395094280,1.0,3.915579028408845,3.915579028408845,731266,8094466
32,1,20,0.05,forward,7,0x2513fbc,0,0.25,8,1 1 1 1 1 1 1 1 0 0 0 0 0 0 0 0 0 0 0 0 0 0 0 0 0 0 0 0 0 0 0 0,106936510704298579781116417004353048138064,106936510704298579781116417004353048138064,26528594767658683100530535646755692378178,1.0,4.030990395113808,4.030990395113808,709813,8195041
32,1,20,0.05,even_odd,7,0x2513fbc,0,0.25,8,1 0 1 0 1 0 1 0 1 0 1 0 1 0 1 0 0 0 0 0 0 0 0 0 0 0 0 0 0 0 0 0,106936510704298579781116417004353048138064,90342914215700524297839731607125851013192,26528594767658683100530535646755692378178,1.183673469387755,4.030990395113808,3.4054918855271827,701894,8114780
32,1,20,0.05,forward,7,0x2513fbc,0,0.5,16,1 1 1 1 1 1 1 1 1 1 1 1 1 1 1 1 0 0 0 0 0 0 0 0 0 0 0 0 0 0 0 0,73749317727102468814563046209898653888320,73749317727102468814563046209898653888320,26528594767658683100530535646755692378178,1.0,2.7799933759405575,2.7799933759405575,698127,8280348
32,1,20,0.05,even_odd,7,0x2513fbc,0,0.5,16,1 0 1 0 1 0 1 0 1 0 1 0 1 0 1 0 1 0 1 0 1 0 1 0 1 0 1 0 1 0 1 0,73749317727102468814563046209898653888320,32265326505607330106371332716830661076140,6031883459766666281418914575890609549338,2.2857142857142856,12.226581998644143,5.349129624406812,693102,8158070
32,1,20,0.05,forward,7,0x2513fbc,0,0.75,24,1 1 1 1 1 1 1 1 1 1 1 1 1 1 1 1 1 1 1 1 1 1 1 1 0 0 0 0 0 0 0 0,40562124749906357848009675415444259638576,40562124749906357848009675415444259638576,26528594767658683100530535646755692378178,1.0,1.5289963567673066,1.5289963567673066,719486,8191327
32,1,20,0.05,even_odd,7,0x2513fbc,0,0.75,24,1 1 1 1 1 1 1 1 1 1 1 1 1 1 1 1 1 0 1 0 1 0 1 0 1 0 1 0 1 0 1 0,40562124749906357848009675415444259638576,23968528261308302364732990018217062513704,5544640952026286665583936383346572564280,1.6923076923076923,7.3155548034328435,4.322827838392135,703208,8188537
32,1,20,0.05,forward,7,0x2513fbc,0,1.0,32,1 1 1 1 1 1 1 1 1 1 1 1 1 1 1 1 1 1 1 1 1 1 1 1 1 1 1 1 1 1 1 1,7374931772710246881456304620989865388832,7374931772710246881456304620989865388832,3045326401132127792702619471228563354462,1.0,2.4217212874024105,2.4217212874024105,684430,8212405
32,1,20,0.05,even_odd,7,0x2513fbc,0,1.0,32,1 1 1 1 1 1 1 1 1 1 1 1 1 1 1 1 1 1 1 1 1 1 1 1 1 1 1 1 1 1 1 1,7374931772710246881456304620989865388832,7374931772710246881456304620989865388832,3045326401132127792702619471228563354462,1.0,2.4217212874024105,2.4217212874024105,690179,8145361
32,1,20,0.05,forward,7,0x2513fbc,1,0.0,0,1 1 1 1 1 1 1 1 1 1 1 1 1 1 1 1 1 1 1 1 1 1 1 1 1 1 1 1 1 1 1 1,7374931772710246881456304620989865388832,7374931772710246881456304620989865388832,3045326401132127792702619471228563354462,1.0,2.4217212874024105,2.4217212874024105,660762,8266295
32,1,20,0.05,even_odd,7,0x2513fbc,1,0.0,0,1 1 1 1 1 1 1 1 1 1 1 1 1 1 1 1 1 1 1 1 1 1 1 1 1 1 1 1 1 1 1 1,7374931772710246881456304620989865388832,7374931772710246881456304620989865388832,3045326401132127792702619471228563354462,1.0,2.4217212874024105,2.4217212874024105,708456,8077394
32,1,20,0.05,forward,7,0x2513fbc,1,0.25,8,2 2 2 2 2 2 2 2 1 1 1 1 1 1 1 1 1 1 1 1 1 1 1 1 1 1 1 1 1 1 1 1,5628237405489398935848232473913318323056,5628237405489398935848232473913318323056,2087006805423800540960444022235442158004,1.0,2.696798779411021,2.696798779411021,709792,8211035
32,1,20,0.05,even_odd,7,0x2513fbc,1,0.25,8,2 1 2 1 2 1 2 1 2 1 2 1 2 1 2 1 1 1 1 1 1 1 1 1 1 1 1 1 1 1 1 1,5628237405489398935848232473913318323056,4754890221878974963044196400375044790168,2087006805423800540960444022235442158004,1.183673469387755,2.696798779411021,2.2783300032955176,698644,8268350
32,1,20,0.05,forward,7,0x2513fbc,1,0.5,16,2 2 2 2 2 2 2 2 2 2 2 2 2 2 2 2 1 1 1 1 1 1 1 1 1 1 1 1 1 1 1 1,3881543038268550990240160326836771257280,3881543038268550990240160326836771257280,2087006805423800540960444022235442158004,1.0,1.8598612271800143,1.8598612271800143,716305,8148605
32,1,20,0.05,even_odd,7,0x2513fbc,1,0.5,16,2 1 2 1 2 1 2 1 2 1 2 1 2 1 2 1 2 1 2 1 2 1 2 1 2 1 2 1 2 1 2 1,3881543038268550990240160326836771257280,1698175079242491058230070142991087425060,535804346416641060644109785536705727924,2.2857142857142856,7.244329136610374,3.1693939972670386,685668,8195429
32,1,20,0.05,forward,7,0x2513fbc,1,0.75,24,2 2 2 2 2 2 2 2 2 2 2 2 2 2 2 2 2 2 2 2 2 2 2 2 1 1 1 1 1 1 1 1,2134848671047703044632088179760224191504,2134848671047703044632088179760224191504,1420505007405319088031048071377286040800,1.0,1.5028800742823127,1.5028800742823127,674537,8190634
32,1,20,0.05,even_odd,7,0x2513fbc,1,0.75,24,2 2 2 2 2 2 2 2 2 2 2 2 2 2 2 2 2 1 2 1 2 1 2 1 2 1 2 1 2 1 2 1,2134848671047703044632088179760224191504,1261501487437279071828052106221950658616,510160003903989501915953038560703781342,1.6923076923076923,4.184664918282137,2.472756542621263,662423,8543221
32,1,20,0.05,forward,7,0x2513fbc,1,1.0,32,2 2 2 2 2 2 2 2 2 2 2 2 2 2 2 2 2 2 2 2 2 2 2 2 2 2 2 2 2 2 2 2,388154303826855099024016032683677125728,388154303826855099024016032683677125728,185813272290455436304282412703297661556,1.0,2.0889482168965237,2.0889482168965237,690342,8041885
32,1,20,0.05,even_odd,7,0x2513fbc,1,1.0,32,2 2 2 2 2 2 2 2 2 2 2 2 2 2 2 2 2 2 2 2 2 2 2 2 2 2 2 2 2 2 2 2,388154303826855099024016032683677125728,388154303826855099024016032683677125728,185813272290455436304282412703297661556,1.0,2.0889482168965237,2.0889482168965237,682542,8115498
32,1,20,0.05,forward,7,0x2513fbc,2,0.0,0,2 2 2 2 2 2 2 2 2 2 2 2 2 2 2 2 2 2 2 2 2 2 2 2 2 2 2 2 2 2 2 2,388154303826855099024016032683677125728,388154303826855099024016032683677125728,185813272290455436304282412703297661556,1.0,2.0889482168965237,2.0889482168965237,698637,8497126
32,1,20,0.05,even_odd,7,0x2513fbc,2,0.0,0,2 2 2 2 2 2 2 2 2 2 2 2 2 2 2 2 2 2 2 2 2 2 2 2 2 2 2 2 2 2 2 2,388154303826855099024016032683677125728,388154303826855099024016032683677125728,185813272290455436304282412703297661556,1.0,2.0889482168965237,2.0889482168965237,749561,8362052
32,1,20,0.05,forward,7,0x2513fbc,2,0.25,8,3 3 3 3 3 3 3 3 2 2 2 2 2 2 2 2 2 2 2 2 2 2 2 2 2 2 2 2 2 2 2 2,296223021341547312413064867048069385424,296223021341547312413064867048069385424,134169244680525508865804094866523638894,1.0,2.207831027497345,2.207831027497345,655167,8317147
32,1,20,0.05,even_odd,7,0x2513fbc,2,0.25,8,3 2 3 2 3 2 3 2 3 2 3 2 3 2 3 2 2 2 2 2 2 2 2 2 2 2 2 2 2 2 2 2,296223021341547312413064867048069385424,250257380098893419107589284230265515272,134169244680525508865804094866523638894,1.183673469387755,2.207831027497345,1.8652365577132741,687970,8142947
32,1,20,0.05,forward,7,0x2513fbc,2,0.5,16,3 3 3 3 3 3 3 3 3 3 3 3 3 3 3 3 2 2 2 2 2 2 2 2 2 2 2 2 2 2 2 2,204291738856239525802113701412461645120,204291738856239525802113701412461645120,134169244680525508865804094866523638894,1.0,1.5226420879292033,1.5226420879292033,673121,8436105
32,1,20,0.05,even_odd,7,0x2513fbc,2,0.5,16,3 2 3 2 3 2 3 2 3 2 3 2 3 2 3 2 3 2 3 2 3 2 3 2 3 2 3 2 3 2 3 2,204291738856239525802113701412461645120,89377635749604792538424744367951969740,39691639069434055465532568627435479534,2.2857142857142856,5.146971595173089,2.251800072888227,657698,8365761
32,1,20,0.05,forward,7,0x2513fbc,2,0.75,24,3 3 3 3 3 3 3 3 3 3 3 3 3 3 3 3 3 3 3 3 3 3 3 3 2 2 2 2 2 2 2 2,112360456370931739191162535776853904816,112360456370931739191162535776853904816,76107382058225854164150727096666118702,1.0,1.4763411029559592,1.4763411029559592,685920,8181842
32,1,20,0.05,even_odd,7,0x2513fbc,2,0.75,24,3 3 3 3 3 3 3 3 3 3 3 3 3 3 3 3 3 2 3 2 3 2 3 2 3 2 3 2 3 2 3 2,112360456370931739191162535776853904816,66394815128277845885686952959050034664,38341936831926078690366424049751166556,1.6923076923076923,2.9304846247979017,1.7316500055623965,674939,8039873
32,1,20,0.05,forward,7,0x2513fbc,2,1.0,32,3 3 3 3 3 3 3 3 3 3 3 3 3 3 3 3 3 3 3 3 3 3 3 3 3 3 3 3 3 3 3 3,20429173885623952580211370141246164512,20429173885623952580211370141246164512,11056563110719011563439309562646090426,1.0,1.8476965835629764,1.8476965835629764,667019,8401995
32,1,20,0.05,even_odd,7,0x2513fbc,2,1.0,32,3 3 3 3 3 3 3 3 3 3 3 3 3 3 3 3 3 3 3 3 3 3 3 3 3 3 3 3 3 3 3 3,20429173885623952580211370141246164512,20429173885623952580211370141246164512,11056563110719011563439309562646090426,1.0,1.8476965835629764,1.8476965835629764,671936,8184043
32,1,20,0.05,forward,7,0x2513fbc,3,0.0,0,3 3 3 3 3 3 3 3 3 3 3 3 3 3 3 3 3 3 3 3 3 3 3 3 3 3 3 3 3 3 3 3,20429173885623952580211370141246164512,20429173885623952580211370141246164512,11056563110719011563439309562646090426,1.0,1.8476965835629764,1.8476965835629764,629795,8142977
32,1,20,0.05,even_odd,7,0x2513fbc,3,0.0,0,3 3 3 3 3 3 3 3 3 3 3 3 3 3 3 3 3 3 3 3 3 3 3 3 3 3 3 3 3 3 3 3,20429173885623952580211370141246164512,20429173885623952580211370141246164512,11056563110719011563439309562646090426,1.0,1.8476965835629764,1.8476965835629764,668273,8076502
32,1,20,0.05,forward,7,0x2513fbc,3,0.25,8,4 4 4 4 4 4 4 4 3 3 3 3 3 3 3 3 3 3 3 3 3 3 3 3 3 3 3 3 3 3 3 3,15590685333765648021740256160424704496,15590685333765648021740256160424704496,9613970273357063322751851780285313088,1.0,1.6216698086712098,1.6216698086712098,715769,7998341
32,1,20,0.05,even_odd,7,0x2513fbc,3,0.25,8,4 3 4 3 4 3 4 3 4 3 4 3 4 3 4 3 3 3 3 3 3 3 3 3 3 3 3 3 3 3 3 3,15590685333765648021740256160424704496,13171441057836495742504699170013974488,9613970273357063322751851780285313088,1.183673469387755,1.6216698086712098,1.370031390084298,688079,8130120
32,1,20,0.05,forward,7,0x2513fbc,3,0.5,16,4 4 4 4 4 4 4 4 4 4 4 4 4 4 4 4 3 3 3 3 3 3 3 3 3 3 3 3 3 3 3 3,10752196781907343463269142179603244480,10752196781907343463269142179603244480,9613970273357063322751851780285313088,1.0,1.1183929714973861,1.1183929714973861,636240,8231034
32,1,20,0.05,even_odd,7,0x2513fbc,3,0.5,16,4 3 4 3 4 3 4 3 4 3 4 3 4 3 4 3 4 3 4 3 4 3 4 3 4 3 4 3 4 3 4 3,10752196781907343463269142179603244480,4704086092084462765180249703576419460,2258423059860135501554181880616556524,2.2857142857142856,4.760931188230618,2.0829073948508956,661588,8052749
32,1,20,0.05,forward,7,0x2513fbc,3,0.75,24,4 4 4 4 4 4 4 4 4 4 4 4 4 4 4 4 4 4 4 4 4 4 4 4 3 3 3 3 3 3 3 3,5913708230049038904798028198781784464,5913708230049038904798028198781784464,4075174167940319946607287091713378596,1.0,1.4511547203485424,1.4511547203485424,633912,8023414
32,1,20,0.05,even_odd,7,0x2513fbc,3,0.75,24,4 4 4 4 4 4 4 4 4 4 4 4 4 4 4 4 4 3 4 3 4 3 4 3 4 3 4 3 4 3 4 3,5913708230049038904798028198781784464,3494463954119886625562471208371054456,2118705958867523276486070574450479662,1.6923076923076923,2.7911887467433165,1.6493388048937778,643393,8188314
32,1,20,0.05,forward,7,0x2513fbc,3,1.0,32,4 4 4 4 4 4 4 4 4 4 4 4 4 4 4 4 4 4 4 4 4 4 4 4 4 4 4 4 4 4 4 4,1075219678190734346326914217960324448,1075219678190734346326914217960324448,650908428162629638363599586167919112,1.0,1.6518754891926064,1.6518754891926064,609520,8231910
32,1,20,0.05,even_odd,7,0x2513fbc,3,1.0,32,4 4 4 4 4 4 4 4 4 4 4 4 4 4 4 4 4 4 4 4 4 4 4 4 4 4 4 4 4 4 4 4,1075219678190734346326914217960324448,1075219678190734346326914217960324448,650908428162629638363599586167919112,1.0,1.6518754891926064,1.6518754891926064,636845,7951269
32,1,20,0.05,forward,8,0x779f8476,0,0.0,0,0 0 0 0 0 0 0 0 0 0 0 0 0 0 0 0 0 0 0 0 0 0 0 0 0 0 0 0 0 0 0 0,140123703681494690747669787798807442387808,140123703681494690747669787798807442387808,32098266207613617141649515506733186833432,1.0,4.365460201967474,4.365460201967474,775103,8628551
32,1,20,0.05,even_odd,8,0x779f8476,0,0.0,0,0 0 0 0 0 0 0 0 0 0 0 0 0 0 0 0 0 0 0 0 0 0 0 0 0 0 0 0 0 0 0 0,140123703681494690747669787798807442387808,140123703681494690747669787798807442387808,32098266207613617141649515506733186833432,1.0,4.365460201967474,4.365460201967474,726510,8242877
32,1,20,0.05,forward,8,0x779f8476,0,0.25,8,1 1 1 1 1 1 1 1 0 0 0 0 0 0 0 0 0 0 0 0 0 0 0 0 0 0 0 0 0 0 0 0,106936510704298579781116417004353048138064,106936510704298579781116417004353048138064,32098266207613617141649515506733186833432,1.0,3.3315354172909672,3.3315354172909672,736069,8256484
32,1,20,0.05,even_odd,8,0x779f8476,0,0.25,8,1 0 1 0 1 0 1 0 1 0 1 0 1 0 1 0 0 0 0 0 0 0 0 0 0 0 0 0 0 0 0 0,106936510704298579781116417004353048138064,86194515093551010427020560257819051731974,32098266207613617141649515506733186833432,1.2406417112299466,3.3315354172909672,2.68533242686815,697897,8288772
32,1,20,0.05,forward,8,0x779f8476,0,0.5,16,1 1 1 1 1 1 1 1 1 1 1 1 1 1 1 1 0 0 0 0 0 0 0 0 0 0 0 0 0 0 0 0,73749317727102468814563046209898653888320,73749317727102468814563046209898653888320,22697489789244813988216295108007879589952,1.0,3.2492279283697934,3.2492279283697934,714035,8464106
32,1,20,0.05,even_odd,8,0x779f8476,0,0.5,16,1 0 1 0 1 0 1 0 1 0 1 0 1 0 1 0 1 0 1 0 1 0 1 0 1 0 1 0 1 0 1 0,73749317727102468814563046209898653888320,32265326505607330106371332716830661076140,5837781554129177930905987954924335430346,2.2857142857142856,12.633106779224741,5.526984215910825,730238,8275650
32,1,20,0.05,forward,8,0x779f8476,0,0.75,24,1 1 1 1 1 1 1 1 1 1 1 1 1 1 1 1 1 1 1 1 1 1 1 1 0 0 0 0 0 0 0 0,40562124749906357848009675415444259638576,40562124749906357848009675415444259638576,17795934475494882367428810842502916553072,1.0,2.2792916441539313,2.2792916441539313,688332,8227208
32,1,20,0.05,even_odd,8,0x779f8476,0,0.75,24,1 1 1 1 1 1 1 1 1 1 1 1 1 1 1 1 1 0 1 0 1 0 1 0 1 0 1 0 1 0 1 0,40562124749906357848009675415444259638576,28116927383457816235552161367523861794922,5837781554129177930905987954924335430346,1.4426229508196722,6.948208728573608,4.816371959579433,716314,8200006
32,1,20,0.05,forward,8,0x779f8476,0,1.0,32,1 1 1 1 1 1 1 1 1 1 1 1 1 1 1 1 1 1 1 1 1 1 1 1 1 1 1 1 1 1 1 1,7374931772710246881456304620989865388832,7374931772710246881456304620989865388832,2841038203806516695750806294513191424910,1.0,2.595858008114453,2.595858008114453,733100,8263359
32,1,20,0.05,even_odd,8,0x779f8476,0,1.0,32,1 1 1 1 1 1 1 1 1 1 1 1 1 1 1 1 1 1 1 1 1 1 1 1 1 1 1 1 1 1 1 1,7374931772710246881456304620989865388832,7374931772710246881456304620989865388832,2841038203806516695750806294513191424910,1.0,2.595858008114453,2.595858008114453,694003,8249833
32,1,20,0.05,forward,8,0x779f8476,1,0.0,0,1 1 1 1 1 1 1 1 1 1 1 1 1 1 1 1 1 1 1 1 1 1 1 1 1 1 1 1 1 1 1 1,7374931772710246881456304620989865388832,7374931772710246881456304620989865388832,2841038203806516695750806294513191424910,1.0,2.595858008114453,2.595858008114453,753430,8302105
32,1,20,0.05,even_odd,8,0x779f8476,1,0.0,0,1 1 1 1 1 1 1 1 1 1 1 1 1 1 1 1 1 1 1 1 1 1 1 1 1 1 1 1 1 1 1 1,7374931772710246881456304620989865388832,7374931772710246881456304620989865388832,2841038203806516695750806294513191424910,1.0,2.595858008114453,2.595858008114453,697061,8258107
32,1,20,0.05,forward,8,0x779f8476,1,0.25,8,2 2 2 2 2 2 2 2 1 1 1 1 1 1 1 1 1 1 1 1 1 1 1 1 1 1 1 1 1 1 1 1,5628237405489398935848232473913318323056,5628237405489398935848232473913318323056,2841038203806516695750806294513191424910,1.0,1.981049532508398,1.981049532508398,688622,8218152
32,1,20,0.05,even_odd,8,0x779f8476,1,0.25,8,2 1 2 1 2 1 2 1 2 1 2 1 2 1 2 1 1 1 1 1 1 1 1 1 1 1 1 1 1 1 1 1,5628237405489398935848232473913318323056,4536553425976368969843187381990476406946,2841038203806516695750806294513191424910,1.2406417112299466,1.981049532508398,1.596794235254614,708530,8263435
32,1,20,0.05,forward,8,0x779f8476,1,0.5,16,2 2 2 2 2 2 2 2 2 2 2 2 2 2 2 2 1 1 1 1 1 1 1 1 1 1 1 1 1 1 1 1,3881543038268550990240160326836771257280,3881543038268550990240160326836771257280,2102426140292141444794526713704672729710,1.0,1.8462208797162278,1.8462208797162278,695013,8121792
32,1,20,0.05,even_odd,8,0x779f8476,1,0.5,16,2 1 2 1 2 1 2 1 2 1 2 1 2 1 2 1 2 1 2 1 2 1 2 1 2 1 2 1 2 1 2 1,3881543038268550990240160326836771257280,1698175079242491058230070142991087425060,525588456646246936932903121275322879556,2.2857142857142856,7.385137533340208,3.230997670836341,666306,8753689
32,1,20,0.05,forward,8,0x779f8476,1,0.75,24,2 2 2 2 2 2 2 2 2 2 2 2 2 2 2 2 2 2 2 2 2 2 2 2 1 1 1 1 1 1 1 1,2134848671047703044632088179760224191504,2134848671047703044632088179760224191504,976267929847121058810374934668477910986,1.0,2.186744648451179,2.186744648451179,687765,8231482
32,1,20,0.05,even_odd,8,0x779f8476,1,0.75,24,2 2 2 2 2 2 2 2 2 2 2 2 2 2 2 2 2 1 2 1 2 1 2 1 2 1 2 1 2 1 2 1,2134848671047703044632088179760224191504,1479838283339885065029061124606519041838,525588456646246936932903121275322879556,1.4426229508196722,4.061825643337114,2.8155836845859543,667263,8216156
32,1,20,0.05,forward,8,0x779f8476,1,1.0,32,2 2 2 2 2 2 2 2 2 2 2 2 2 2 2 2 2 2 2 2 2 2 2 2 2 2 2 2 2 2 2 2,388154303826855099024016032683677125728,388154303826855099024016032683677125728,197308400965733215185997318692885150548,1.0,1.9672467159381943,1.9672467159381943,724510,8155361
32,1,20,0.05,even_odd,8,0x779f8476,1,1.0,32,2 2 2 2 2 2 2 2 2 2 2 2 2 2 2 2 2 2 2 2 2 2 2 2 2 2 2 2 2 2 2 2,388154303826855099024016032683677125728,388154303826855099024016032683677125728,197308400965733215185997318692885150548,1.0,1.9672467159381943,1.9672467159381943,681058,8155351
32,1,20,0.05,forward,8,0x779f8476,2,0.0,0,2 2 2 2 2 2 2 2 2 2 2 2 2 2 2 2 2 2 2 2 2 2 2 2 2 2 2 2 2 2 2 2,388154303826855099024016032683677125728,388154303826855099024016032683677125728,197308400965733215185997318692885150548,1.0,1.9672467159381943,1.9672467159381943,651600,8192120
32,1,20,0.05,even_odd,8,0x779f8476,2,0.0,0,2 2 2 2 2 2 2 2 2 2 2 2 2 2 2 2 2 2 2 2 2 2 2 2 2 2 2 2 2 2 2 2,388154303826855099024016032683677125728,388154303826855099024016032683677125728,197308400965733215185997318692885150548,1.0,1.9672467159381943,1.9672467159381943,670877,8185712
32,1,20,0.05,forward,8,0x779f8476,2,0.25,8,3 3 3 3 3 3 3 3 2 2 2 2 2 2 2 2 2 2 2 2 2 2 2 2 2 2 2 2 2 2 2 2,296223021341547312413064867048069385424,296223021341547312413064867048069385424,197308400965733215185997318692885150548,1.0,1.5013198621633588,1.5013198621633588,668482,8224001
32,1,20,0.05,even_odd,8,0x779f8476,2,0.25,8,3 2 3 2 3 2 3 2 3 2 3 2 3 2 3 2 2 2 2 2 2 2 2 2 2 2 2 2 2 2 2 2,296223021341547312413064867048069385424,238765969788229945781220388525814547734,197308400965733215185997318692885150548,1.2406417112299466,1.5013198621633588,1.2101155785540867,668135,8127804
32,1,20,0.05,forward,8,0x779f8476,2,0.5,16,3 3 3 3 3 3 3 3 3 3 3 3 3 3 3 3 2 2 2 2 2 2 2 2 2 2 2 2 2 2 2 2,204291738856239525802113701412461645120,204291738856239525802113701412461645120,122145417694460391473449249057328479628,1.0,1.672528881658609,1.672528881658609,672521,8195424
32,1,20,0.05,even_odd,8,0x779f8476,2,0.5,16,3 2 3 2 3 2 3 2 3 2 3 2 3 2 3 2 3 2 3 2 3 2 3 2 3 2 3 2 3 2 3 2,204291738856239525802113701412461645120,89377635749604792538424744367951969740,30852732543228654951216479205337368386,2.2857142857142856,6.621512002867184,2.896911501254393,637201,8194370
32,1,20,0.05,forward,8,0x779f8476,2,0.75,24,3 3 3 3 3 3 3 3 3 3 3 3 3 3 3 3 3 3 3 3 3 3 3 3 2 2 2 2 2 2 2 2,112360456370931739191162535776853904816,112360456370931739191162535776853904816,54572988685913230711099456258652080076,1.0,2.0589023814987617,2.0589023814987617,618956,7903036
32,1,20,0.05,even_odd,8,0x779f8476,2,0.75,24,3 3 3 3 3 3 3 3 3 3 3 3 3 3 3 3 3 2 3 2 3 2 3 2 3 2 3 2 3 2 3 2,112360456370931739191162535776853904816,77886225438941319212055848663501002202,30852732543228654951216479205337368386,1.4426229508196722,3.641831601576951,2.524451451093114,627758,8085893
32,1,20,0.05,forward,8,0x779f8476,2,1.0,32,3 3 3 3 3 3 3 3 3 3 3 3 3 3 3 3 3 3 3 3 3 3 3 3 3 3 3 3 3 3 3 3,20429173885623952580211370141246164512,20429173885623952580211370141246164512,11769150573797229497546138781527976554,1.0,1.7358239881055946,1.7358239881055946,628126,7859697
32,1,20,0.05,even_odd,8,0x779f8476,2,1.0,32,3 3 3 3 3 3 3 3 3 3 3 3 3 3 3 3 3 3 3 3 3 3 3 3 3 3 3 3 3 3 3 3,20429173885623952580211370141246164512,20429173885623952580211370141246164512,11769150573797229497546138781527976554,1.0,1.7358239881055946,1.7358239881055946,613162,7954190
32,1,20,0.05,forward,8,0x779f8476,3,0.0,0,3 3 3 3 3 3 3 3 3 3 3 3 3 3 3 3 3 3 3 3 3 3 3 3 3 3 3 3 3 3 3 3,20429173885623952580211370141246164512,20429173885623952580211370141246164512,11769150573797229497546138781527976554,1.0,1.7358239881055946,1.7358239881055946,646100,7993091
32,1,20,0.05,even_odd,8,0x779f8476,3,0.0,0,3 3 3 3 3 3 3 3 3 3 3 3 3 3 3 3 3 3 3 3 3 3 3 3 3 3 3 3 3 3 3 3,20429173885623952580211370141246164512,20429173885623952580211370141246164512,11769150573797229497546138781527976554,1.0,1.7358239881055946,1.7358239881055946,653610,7967819
32,1,20,0.05,forward,8,0x779f8476,3,0.25,8,4 4 4 4 4 4 4 4 3 3 3 3 3 3 3 3 3 3 3 3 3 3 3 3 3 3 3 3 3 3 3 3,15590685333765648021740256160424704496,15590685333765648021740256160424704496,11732023107373105184822394227842680554,1.0,1.3288999852009777,1.3288999852009777,613585,8460876
32,1,20,0.05,even_odd,8,0x779f8476,3,0.25,8,4 3 4 3 4 3 4 3 4 3 4 3 4 3 4 3 3 3 3 3 3 3 3 3 3 3 3 3 3 3 3 3,15590685333765648021740256160424704496,12566629988854207672695809922411291986,10989463751389299395387695494596637794,1.2406417112299466,1.4186939132307212,1.1435162145437279,670454,8031903
32,1,20,0.05,forward,8,0x779f8476,3,0.5,16,4 4 4 4 4 4 4 4 4 4 4 4 4 4 4 4 3 3 3 3 3 3 3 3 3 3 3 3 3 3 3 3,10752196781907343463269142179603244480,10752196781907343463269142179603244480,6596625460886364993617868327798206990,1.0,1.6299541099704347,1.6299541099704347,628737,7900445
32,1,20,0.05,even_odd,8,0x779f8476,3,0.5,16,4 3 4 3 4 3 4 3 4 3 4 3 4 3 4 3 4 3 4 3 4 3 4 3 4 3 4 3 4 3 4 3,10752196781907343463269142179603244480,4704086092084462765180249703576419460,2228639097573269909346598679462543996,2.2857142857142856,4.824557189908066,2.110743770584779,624467,7960669
32,1,20,0.05,forward,8,0x779f8476,3,0.75,24,4 4 4 4 4 4 4 4 4 4 4 4 4 4 4 4 4 4 4 4 4 4 4 4 3 3 3 3 3 3 3 3,5913708230049038904798028198781784464,5913708230049038904798028198781784464,3330576140988440122305056635112796200,1.0,1.7755811546449087,1.7755811546449087,622981,7948046
32,1,20,0.05,even_odd,8,0x779f8476,3,0.75,24,4 4 4 4 4 4 4 4 4 4 4 4 4 4 4 4 4 3 4 3 4 3 4 3 4 3 4 3 4 3 4 3,5913708230049038904798028198781784464,4099275023102174695371360455973736958,2228639097573269909346598679462543996,1.4426229508196722,2.6535064544494364,1.8393624286524501,634910,7988225
32,1,20,0.05,forward,8,0x779f8476,3,1.0,32,4 4 4 4 4 4 4 4 4 4 4 4 4 4 4 4 4 4 4 4 4 4 4 4 4 4 4 4 4 4 4 4,1075219678190734346326914217960324448,1075219678190734346326914217960324448,751783754436975396034013538530868344,1.0,1.4302246781004013,1.4302246781004013,601291,7923390
32,1,20,0.05,even_odd,8,0x779f8476,3,1.0,32,4 4 4 4 4 4 4 4 4 4 4 4 4 4 4 4 4 4 4 4 4 4 4 4 4 4 4 4 4 4 4 4,1075219678190734346326914217960324448,1075219678190734346326914217960324448,751783754436975396034013538530868344,1.0,1.4302246781004013,1.4302246781004013,636199,7975815
32,1,20,0.05,forward,9,0x41247e5c,0,0.0,0,0 0 0 0 0 0 0 0 0 0 0 0 0 0 0 0 0 0 0 0 0 0 0 0 0 0 0 0 0 0 0 0,140123703681494690747669787798807442387808,140123703681494690747669787798807442387808,31830709742955481485785436495059205233462,1.0,4.4021545486432565,4.4021545486432565,719663,8227351
32,1,20,0.05,even_odd,9,0x41247e5c,0,0.0,0,0 0 0 0 0 0 0 0 0 0 0 0 0 0 0 0 0 0 0 0 0 0 0 0 0 0 0 0 0 0 0 0,140123703681494690747669787798807442387808,140123703681494690747669787798807442387808,31830709742955481485785436495059205233462,1.0,4.4021545486432565,4.4021545486432565,755860,8171546
32,1,20,0.05,forward,9,0x41247e5c,0,0.25,8,1 1 1 1 1 1 1 1 0 0 0 0 0 0 0 0 0 0 0 0 0 0 0 0 0 0 0 0 0 0 0 0,106936510704298579781116417004353048138064,106936510704298579781116417004353048138064,31830709742955481485785436495059205233462,1.0,3.359538997648801,3.359538997648801,713114,8307805
32,1,20,0.05,even_odd,9,0x41247e5c,0,0.25,8,1 0 1 0 1 0 1 0 1 0 1 0 1 0 1 0 0 0 0 0 0 0 0 0 0 0 0 0 0 0 0 0,106936510704298579781116417004353048138064,90342914215700524297839731607125851013192,26759095010583178958346099879407411733956,1.183673469387755,3.996267835739787,3.376157309504303,730588,8087276
32,1,20,0.05,forward,9,0x41247e5c,0,0.5,16,1 1 1 1 1 1 1 1 1 1 1 1 1 1 1 1 0 0 0 0 0 0 0 0 0 0 0 0 0 0 0 0,73749317727102468814563046209898653888320,73749317727102468814563046209898653888320,26759095010583178958346099879407411733956,1.0,2.7560467832688187,2.7560467832688187,730783,8116315
32,1,20,0.05,even_odd,9,0x41247e5c,0,0.5,16,1 0 1 0 1 0 1 0 1 0 1 0 1 0 1 0 1 0 1 0 1 0 1 0 1 0 1 0 1 0 1 0,73749317727102468814563046209898653888320,28116927383457816235552161367523861794922,5823699634936644475334194322730967977716,2.622950819672131,12.663654094499806,4.828018123528051,726151,8297671
32,1,20,0.05,forward,9,0x41247e5c,0,0.75,24,1 1 1 1 1 1 1 1 1 1 1 1 1 1 1 1 1 1 1 1 1 1 1 1 0 0 0 0 0 0 0 0,40562124749906357848009675415444259638576,40562124749906357848009675415444259638576,26759095010583178958346099879407411733956,1.0,1.5158257307978504,1.5158257307978504,697510,8225107
32,1,20,0.05,even_odd,9,0x41247e5c,0,0.75,24,1 1 1 1 1 1 1 1 1 1 1 1 1 1 1 1 1 0 1 0 1 0 1 0 1 0 1 0 1 0 1 0,40562124749906357848009675415444259638576,23968528261308302364732990018217062513704,5556772543759154868626860816644031477742,1.6923076923076923,7.299583423737927,4.313390204936048,688638,8229560
32,1,20,0.05,forward,9,0x41247e5c,0,1.0,32,1 1 1 1 1 1 1 1 1 1 1 1 1 1 1 1 1 1 1 1 1 1 1 1 1 1 1 1 1 1 1 1,7374931772710246881456304620989865388832,7374931772710246881456304620989865388832,2148363848502879201074098395937299326720,1.0,3.4328131977502707,3.4328131977502707,723010,8131907
32,1,20,0.05,even_odd,9,0x41247e5c,0,1.0,32,1 1 1 1 1 1 1 1 1 1 1 1 1 1 1 1 1 1 1 1 1 1 1 1 1 1 1 1 1 1 1 1,7374931772710246881456304620989865388832,7374931772710246881456304620989865388832,2148363848502879201074098395937299326720,1.0,3.4328131977502707,3.4328131977502707,714892,8271007
32,1,20,0.05,forward,9,0x41247e5c,1,0.0,0,1 1 1 1 1 1 1 1 1 1 1 1 1 1 1 1 1 1 1 1 1 1 1 1 1 1 1 1 1 1 1 1,7374931772710246881456304620989865388832,7374931772710246881456304620989865388832,2148363848502879201074098395937299326720,1.0,3.4328131977502707,3.4328131977502707,692112,8183670
32,1,20,0.05,even_odd,9,0x41247e5c,1,0.0,0,1 1 1 1 1 1 1 1 1 1 1 1 1 1 1 1 1 1 1 1 1 1 1 1 1 1 1 1 1 1 1 1,7374931772710246881456304620989865388832,7374931772710246881456304620989865388832,2148363848502879201074098395937299326720,1.0,3.4328131977502707,3.4328131977502707,705517,8218926
32,1,20,0.05,forward,9,0x41247e5c,1,0.25,8,2 2 2 2 2 2 2 2 1 1 1 1 1 1 1 1 1 1 1 1 1 1 1 1 1 1 1 1 1 1 1 1,5628237405489398935848232473913318323056,5628237405489398935848232473913318323056,2148363848502879201074098395937299326720,1.0,2.6197784930199433,2.6197784930199433,679504,8235340
32,1,20,0.05,even_odd,9,0x41247e5c,1,0.25,8,2 1 2 1 2 1 2 1 2 1 2 1 2 1 2 1 1 1 1 1 1 1 1 1 1 1 1 1 1 1 1 1,5628237405489398935848232473913318323056,4754890221878974963044196400375044790168,2099775502937101975435984074926742253346,1.183673469387755,2.680399593964589,2.2644755190390495,736727,8310726
32,1,20,0.05,forward,9,0x41247e5c,1,0.5,16,2 2 2 2 2 2 2 2 2 2 2 2 2 2 2 2 1 1 1 1 1 1 1 1 1 1 1 1 1 1 1 1,3881543038268550990240160326836771257280,3881543038268550990240160326836771257280,2099775502937101975435984074926742253346,1.0,1.8485514441135098,1.8485514441135098,708195,8152609
32,1,20,0.05,even_odd,9,0x41247e5c,1,0.5,16,2 1 2 1 2 1 2 1 2 1 2 1 2 1 2 1 2 1 2 1 2 1 2 1 2 1 2 1 2 1 2 1,3881543038268550990240160326836771257280,1479838283339885065029061124606519041838,524847303004534649797545561686198276786,2.622950819672131,7.395566321953672,2.819559660244838,694935,8150375
32,1,20,0.05,forward,9,0x41247e5c,1,0.75,24,2 2 2 2 2 2 2 2 2 2 2 2 2 2 2 2 2 2 2 2 2 2 2 2 1 1 1 1 1 1 1 1,2134848671047703044632088179760224191504,2134848671047703044632088179760224191504,1626710217512246991008698485721800579746,1.0,1.312371833695469,1.312371833695469,691590,8322116
32,1,20,0.05,even_odd,9,0x41247e5c,1,0.75,24,2 2 2 2 2 2 2 2 2 2 2 2 2 2 2 2 2 1 2 1 2 1 2 1 2 1 2 1 2 1 2 1,2134848671047703044632088179760224191504,1261501487437279071828052106221950658616,510798508732035196812949061365833197840,1.6923076923076923,4.1794340323096835,2.469665564546631,672793,8237724
32,1,20,0.05,forward,9,0x41247e5c,1,1.0,32,2 2 2 2 2 2 2 2 2 2 2 2 2 2 2 2 2 2 2 2 2 2 2 2 2 2 2 2 2 2 2 2,388154303826855099024016032683677125728,388154303826855099024016032683677125728,161555396755409278976675979448836927098,1.0,2.4026080937086287,2.4026080937086287,676036,8202296
32,1,20,0.05,even_odd,9,0x41247e5c,1,1.0,32,2 2 2 2 2 2 2 2 2 2 2 2 2 2 2 2 2 2 2 2 2 2 2 2 2 2 2 2 2 2 2 2,388154303826855099024016032683677125728,388154303826855099024016032683677125728,161555396755409278976675979448836927098,1.0,2.4026080937086287,2.4026080937086287,655676,8140810
32,1,20,0.05,forward,9,0x41247e5c,2,0.0,0,2 2 2 2 2 2 2 2 2 2 2 2 2 2 2 2 2 2 2 2 2 2 2 2 2 2 2 2 2 2 2 2,388154303826855099024016032683677125728,388154303826855099024016032683677125728,161555396755409278976675979448836927098,1.0,2.4026080937086287,2.4026080937086287,672793,8201353
32,1,20,0.05,even_odd,9,0x41247e5c,2,0.0,0,2 2 2 2 2 2 2 2 2 2 2 2 2 2 2 2 2 2 2 2 2 2 2 2 2 2 2 2 2 2 2 2,388154303826855099024016032683677125728,388154303826855099024016032683677125728,161555396755409278976675979448836927098,1.0,2.4026080937086287,2.4026080937086287,670679,8160760
32,1,20,0.05,forward,9,0x41247e5c,2,0.25,8,3 3 3 3 3 3 3 3 2 2 2 2 2 2 2 2 2 2 2 2 2 2 2 2 2 2 2 2 2 2 2 2,296223021341547312413064867048069385424,296223021341547312413064867048069385424,146946291219983297373687181912206099632,1.0,2.015859120242048,2.015859120242048,715712,8119729
32,1,20,0.05,even_odd,9,0x41247e5c,2,0.25,8,3 2 3 2 3 2 3 2 3 2 3 2 3 2 3 2 2 2 2 2 2 2 2 2 2 2 2 2 2 2 2 2,296223021341547312413064867048069385424,250257380098893419107589284230265515272,146946291219983297373687181912206099632,1.183673469387755,2.015859120242048,1.7030533946872475,687244,8108094
32,1,20,0.05,forward,9,0x41247e5c,2,0.5,16,3 3 3 3 3 3 3 3 3 3 3 3 3 3 3 3 2 2 2 2 2 2 2 2 2 2 2 2 2 2 2 2,204291738856239525802113701412461645120,204291738856239525802113701412461645120,146946291219983297373687181912206099632,1.0,1.3902476691324468,1.3902476691324468,651460,8122537
32,1,20,0.05,even_odd,9,0x41247e5c,2,0.5,16,3 2 3 2 3 2 3 2 3 2 3 2 3 2 3 2 3 2 3 2 3 2 3 2 3 2 3 2 3 2 3 2,204291738856239525802113701412461645120,77886225438941319212055848663501002202,28933967016071764384244989181581434596,2.622950819672131,7.060619746430309,2.691861278326555,660253,8110283
32,1,20,0.05,forward,9,0x41247e5c,2,0.75,24,3 3 3 3 3 3 3 3 3 3 3 3 3 3 3 3 3 3 3 3 3 3 3 3 2 2 2 2 2 2 2 2,112360456370931739191162535776853904816,112360456370931739191162535776853904816,86926868464275079774084060129113395756,1.0,1.2925860364693715,1.2925860364693715,650602,8347206
32,1,20,0.05,even_odd,9,0x41247e5c,2,0.75,24,3 3 3 3 3 3 3 3 3 3 3 3 3 3 3 3 3 2 3 2 3 2 3 2 3 2 3 2 3 2 3 2,112360456370931739191162535776853904816,66394815128277845885686952959050034664,28799373261041910573613093555513409462,1.6923076923076923,3.9014896384195388,2.3054256954297276,650178,8070764
32,1,20,0.05,forward,9,0x41247e5c,2,1.0,32,3 3 3 3 3 3 3 3 3 3 3 3 3 3 3 3 3 3 3 3 3 3 3 3 3 3 3 3 3 3 3 3,20429173885623952580211370141246164512,20429173885623952580211370141246164512,10453426930139817048974806607179066310,1.0,1.954303983004998,1.954303983004998,671288,8074560
32,1,20,0.05,even_odd,9,0x41247e5c,2,1.0,32,3 3 3 3 3 3 3 3 3 3 3 3 3 3 3 3 3 3 3 3 3 3 3 3 3 3 3 3 3 3 3 3,20429173885623952580211370141246164512,20429173885623952580211370141246164512,10453426930139817048974806607179066310,1.0,1.954303983004998,1.954303983004998,654558,8108619
32,1,20,0.05,forward,9,0x41247e5c,3,0.0,0,3 3 3 3 3 3 3 3 3 3 3 3 3 3 3 3 3 3 3 3 3 3 3 3 3 3 3 3 3 3 3 3,20429173885623952580211370141246164512,20429173885623952580211370141246164512,10453426930139817048974806607179066310,1.0,1.954303983004998,1.954303983004998,674468,8397399
32,1,20,0.05,even_odd,9,0x41247e5c,3,0.0,0,3 3 3 3 3 3 3 3 3 3 3 3 3 3 3 3 3 3 3 3 3 3 3 3 3 3 3 3 3 3 3 3,20429173885623952580211370141246164512,20429173885623952580211370141246164512,10453426930139817048974806607179066310,1.0,1.954303983004998,1.954303983004998,680412,8184863
32,1,20,0.05,forward,9,0x41247e5c,3,0.25,8,4 4 4 4 4 4 4 4 3 3 3 3 3 3 3 3 3 3 3 3 3 3 3 3 3 3 3 3 3 3 3 3,15590685333765648021740256160424704496,15590685333765648021740256160424704496,10453426930139817048974806607179066310,1.0,1.4914425133459195,1.4914425133459195,667308,8381138
32,1,20,0.05,even_odd,9,0x41247e5c,3,0.25,8,4 3 4 3 4 3 4 3 4 3 4 3 4 3 4 3 3 3 3 3 3 3 3 3 3 3 3 3 3 3 3 3,15590685333765648021740256160424704496,13171441057836495742504699170013974488,10453426930139817048974806607179066310,1.183673469387755,1.4914425133459195,1.2600117785163802,616846,8255112
32,1,20,0.05,forward,9,0x41247e5c,3,0.5,16,4 4 4 4 4 4 4 4 4 4 4 4 4 4 4 4 3 3 3 3 3 3 3 3 3 3 3 3 3 3 3 3,10752196781907343463269142179603244480,10752196781907343463269142179603244480,8338826396349830036845056716666161430,1.0,1.2894136741609015,1.2894136741609015,641934,8198311
32,1,20,0.05,even_odd,9,0x41247e5c,3,0.5,16,4 3 4 3 4 3 4 3 4 3 4 3 4 3 4 3 4 3 4 3 4 3 4 3 4 3 4 3 4 3 4 3,10752196781907343463269142179603244480,4099275023102174695371360455973736958,2120567556405546521051683645261283000,2.622950819672131,5.07043350230859,1.93310277275515,631695,8066832
32,1,20,0.05,forward,9,0x41247e5c,3,0.75,24,4 4 4 4 4 4 4 4 4 4 4 4 4 4 4 4 4 4 4 4 4 4 4 4 3 3 3 3 3 3 3 3,5913708230049038904798028198781784464,5913708230049038904798028198781784464,4646295659405334452748680257618205102,1.0,1.2727791478525747,1.2727791478525747,676242,8042450
32,1,20,0.05,even_odd,9,0x41247e5c,3,0.75,24,4 4 4 4 4 4 4 4 4 4 4 4 4 4 4 4 4 3 4 3 4 3 4 3 4 3 4 3 4 3 4 3,5913708230049038904798028198781784464,3494463954119886625562471208371054456,2120567556405546521051683645261283000,1.6923076923076923,2.7887384262697243,1.6478908882502916,638033,8161832
32,1,20,0.05,forward,9,0x41247e5c,3,1.0,32,4 4 4 4 4 4 4 4 4 4 4 4 4 4 4 4 4 4 4 4 4 4 4 4 4 4 4 4 4 4 4 4,1075219678190734346326914217960324448,1075219678190734346326914217960324448,650899146296023607285418650029497788,1.0,1.6518990450507263,1.6518990450507263,634506,8171593
32,1,20,0.05,even_odd,9,0x41247e5c,3,1.0,32,4 4 4 4 4 4 4 4 4 4 4 4 4 4 4 4 4 4 4 4 4 4 4 4 4 4 4 4 4 4 4 4,1075219678190734346326914217960324448,1075219678190734346326914217960324448,650899146296023607285418650029497788,1.0,1.6518990450507263,1.6518990450507263,652569,8084605
32,1,20,0.05,forward,10,0x19e3e71d,0,0.0,0,0 0 0 0 0 0 0 0 0 0 0 0 0 0 0 0 0 0 0 0 0 0 0 0 0 0 0 0 0 0 0 0,140123703681494690747669787798807442387808,140123703681494690747669787798807442387808,27513801743659451107012601046744138568814,1.0,5.092851398254557,5.092851398254557,734307,8562509
32,1,20,0.05,even_odd,10,0x19e3e71d,0,0.0,0,0 0 0 0 0 0 0 0 0 0 0 0 0 0 0 0 0 0 0 0 0 0 0 0 0 0 0 0 0 0 0 0,140123703681494690747669787798807442387808,140123703681494690747669787798807442387808,27513801743659451107012601046744138568814,1.0,5.092851398254557,5.092851398254557,735039,8499156
32,1,20,0.05,forward,10,0x19e3e71d,0,0.25,8,1 1 1 1 1 1 1 1 0 0 0 0 0 0 0 0 0 0 0 0 0 0 0 0 0 0 0 0 0 0 0 0,106936510704298579781116417004353048138064,106936510704298579781116417004353048138064,27513801743659451107012601046744138568814,1.0,3.88664975129953,3.88664975129953,731890,8524151
32,1,20,0.05,even_odd,10,0x19e3e71d,0,0.25,8,1 0 1 0 1 0 1 0 1 0 1 0 1 0 1 0 0 0 0 0 0 0 0 0 0 0 0 0 0 0 0 0,106936510704298579781116417004353048138064,86194515093551010427020560257819051731974,23134230582008513287151476758759611437454,1.2406417112299466,4.6224364508350275,3.7258431737334057,765482,8501259
32,1,20,0.05,forward,10,0x19e3e71d,0,0.5,16,1 1 1 1 1 1 1 1 1 1 1 1 1 1 1 1 0 0 0 0 0 0 0 0 0 0 0 0 0 0 0 0,73749317727102468814563046209898653888320,73749317727102468814563046209898653888320,23134230582008513287151476758759611437454,1.0,3.1878872074724325,3.1878872074724325,718695,8436724
32,1,20,0.05,even_odd,10,0x19e3e71d,0,0.5,16,1 0 1 0 1 0 1 0 1 0 1 0 1 0 1 0 1 0 1 0 1 0 1 0 1 0 1 0 1 0 1 0,73749317727102468814563046209898653888320,28116927383457816235552161367523861794922,5596493950763169192240887193872280258524,2.622950819672131,13.17777136470336,5.0240253327931566,707705,8438532
32,1,20,0.05,forward,10,0x19e3e71d,0,0.75,24,1 1 1 1 1 1 1 1 1 1 1 1 1 1 1 1 1 1 1 1 1 1 1 1 0 0 0 0 0 0 0 0,40562124749906357848009675415444259638576,40562124749906357848009675415444259638576,14583310896703190017188300154285344371564,1.0,2.7814071192212,2.7814071192212,708558,8518714
32,1,20,0.05,even_odd,10,0x19e3e71d,0,0.75,24,1 1 1 1 1 1 1 1 1 1 1 1 1 1 1 1 1 0 1 0 1 0 1 0 1 0 1 0 1 0 1 0,40562124749906357848009675415444259638576,15671730017009274623094647319603463951268,5596493950763169192240887193872280258524,2.588235294117647,7.247774250586848,2.800276414999464,699265,8501371
32,1,20,0.05,forward,10,0x19e3e71d,0,1.0,32,1 1 1 1 1 1 1 1 1 1 1 1 1 1 1 1 1 1 1 1 1 1 1 1 1 1 1 1 1 1 1 1,7374931772710246881456304620989865388832,7374931772710246881456304620989865388832,2611277193666541591213919267598273249248,1.0,2.8242623152370014,2.8242623152370014,721177,8510224
32,1,20,0.05,even_odd,10,0x19e3e71d,0,1.0,32,1 1 1 1 1 1 1 1 1 1 1 1 1 1 1 1 1 1 1 1 1 1 1 1 1 1 1 1 1 1 1 1,7374931772710246881456304620989865388832,7374931772710246881456304620989865388832,2611277193666541591213919267598273249248,1.0,2.8242623152370014,2.8242623152370014,710425,8536284
32,1,20,0.05,forward,10,0x19e3e71d,1,0.0,0,1 1 1 1 1 1 1 1 1 1 1 1 1 1 1 1 1 1 1 1 1 1 1 1 1 1 1 1 1 1 1 1,7374931772710246881456304620989865388832,7374931772710246881456304620989865388832,2611277193666541591213919267598273249248,1.0,2.8242623152370014,2.8242623152370014,733720,8407518
32,1,20,0.05,even_odd,10,0x19e3e71d,1,0.0,0,1 1 1 1 1 1 1 1 1 1 1 1 1 1 1 1 1 1 1 1 1 1 1 1 1 1 1 1 1 1 1 1,7374931772710246881456304620989865388832,7374931772710246881456304620989865388832,2611277193666541591213919267598273249248,1.0,2.8242623152370014,2.8242623152370014,762117,8454235
32,1,20,0.05,forward,10,0x19e3e71d,1,0.25,8,2 2 2 2 2 2 2 2 1 1 1 1 1 1 1 1 1 1 1 1 1 1 1 1 1 1 1 1 1 1 1 1,5628237405489398935848232473913318323056,5628237405489398935848232473913318323056,2611277193666541591213919267598273249248,1.0,2.15535808268087,2.15535808268087,712672,8323197
32,1,20,0.05,even_odd,10,0x19e3e71d,1,0.25,8,2 1 2 1 2 1 2 1 2 1 2 1 2 1 2 1 1 1 1 1 1 1 1 1 1 1 1 1 1 1 1 1,5628237405489398935848232473913318323056,4536553425976368969843187381990476406946,1919776734352042411529777087980378144688,1.2406417112299466,2.931714560750225,2.3630630295702244,705125,8310018
32,1,20,0.05,forward,10,0x19e3e71d,1,0.5,16,2 2 2 2 2 2 2 2 2 2 2 2 2 2 2 2 1 1 1 1 1 1 1 1 1 1 1 1 1 1 1 1,3881543038268550990240160326836771257280,3881543038268550990240160326836771257280,1919776734352042411529777087980378144688,1.0,2.021872110862224,2.021872110862224,682183,8320878
32,1,20,0.05,even_odd,10,0x19e3e71d,1,0.5,16,2 1 2 1 2 1 2 1 2 1 2 1 2 1 2 1 2 1 2 1 2 1 2 1 2 1 2 1 2 1 2 1,3881543038268550990240160326836771257280,1479838283339885065029061124606519041838,512889109100667529634739923325214712618,2.622950819672131,7.567996608613305,2.8852987070338223,704053,8214218
32,1,20,0.05,forward,10,0x19e3e71d,1,0.75,24,2 2 2 2 2 2 2 2 2 2 2 2 2 2 2 2 2 2 2 2 2 2 2 2 1 1 1 1 1 1 1 1,2134848671047703044632088179760224191504,2134848671047703044632088179760224191504,1445535887102997032423570117840783104298,1.0,1.4768562234218618,1.4768562234218618,687087,8305854
32,1,20,0.05,even_odd,10,0x19e3e71d,1,0.75,24,2 2 2 2 2 2 2 2 2 2 2 2 2 2 2 2 2 1 2 1 2 1 2 1 2 1 2 1 2 1 2 1,2134848671047703044632088179760224191504,824827895632067085426034069452813892172,355772437674529234843846874573951185814,2.588235294117647,6.000601634578347,2.31841426790527,703628,8228824
32,1,20,0.05,forward,10,0x19e3e71d,1,1.0,32,2 2 2 2 2 2 2 2 2 2 2 2 2 2 2 2 2 2 2 2 2 2 2 2 2 2 2 2 2 2 2 2,388154303826855099024016032683677125728,388154303826855099024016032683677125728,187228024901711536907367061559737763450,1.0,2.073163480897815,2.073163480897815,686840,8407203
32,1,20,0.05,even_odd,10,0x19e3e71d,1,1.0,32,2 2 2 2 2 2 2 2 2 2 2 2 2 2 2 2 2 2 2 2 2 2 2 2 2 2 2 2 2 2 2 2,388154303826855099024016032683677125728,388154303826855099024016032683677125728,187228024901711536907367061559737763450,1.0,2.073163480897815,2.073163480897815,721765,7933502
32,1,20,0.05,forward,10,0x19e3e71d,2,0.0,0,2 2 2 2 2 2 2 2 2 2 2 2 2 2 2 2 2 2 2 2 2 2 2 2 2 2 2 2 2 2 2 2,388154303826855099024016032683677125728,388154303826855099024016032683677125728,187228024901711536907367061559737763450,1.0,2.073163480897815,2.073163480897815,665790,8097386
32,1,20,0.05,even_odd,10,0x19e3e71d,2,0.0,0,2 2 2 2 2 2 2 2 2 2 2 2 2 2 2 2 2 2 2 2 2 2 2 2 2 2 2 2 2 2 2 2,388154303826855099024016032683677125728,388154303826855099024016032683677125728,187228024901711536907367061559737763450,1.0,2.073163480897815,2.073163480897815,684718,8051360
32,1,20,0.05,forward,10,0x19e3e71d,2,0.25,8,3 3 3 3 3 3 3 3 2 2 2 2 2 2 2 2 2 2 2 2 2 2 2 2 2 2 2 2 2 2 2 2,296223021341547312413064867048069385424,296223021341547312413064867048069385424,187228024901711536907367061559737763450,1.0,1.58215107752728,1.58215107752728,652117,8412214
32,1,20,0.05,even_odd,10,0x19e3e71d,2,0.25,8,3 2 3 2 3 2 3 2 3 2 3 2 3 2 3 2 2 2 2 2 2 2 2 2 2 2 2 2 2 2 2 2,296223021341547312413064867048069385424,238765969788229945781220388525814547734,127116725888540572616229358086027208760,1.2406417112299466,2.330322931706751,1.8783206389188036,653422,8093689
32,1,20,0.05,forward,10,0x19e3e71d,2,0.5,16,3 3 3 3 3 3 3 3 3 3 3 3 3 3 3 3 2 2 2 2 2 2 2 2 2 2 2 2 2 2 2 2,204291738856239525802113701412461645120,204291738856239525802113701412461645120,127116725888540572616229358086027208760,1.0,1.6071192632460352,1.6071192632460352,684552,7933331
32,1,20,0.05,even_odd,10,0x19e3e71d,2,0.5,16,3 2 3 2 3 2 3 2 3 2 3 2 3 2 3 2 3 2 3 2 3 2 3 2 3 2 3 2 3 2 3 2,204291738856239525802113701412461645120,77886225438941319212055848663501002202,30216275451428169897097678576764187844,2.622950819672131,6.7609834701379015,2.577624947990075,646586,8290021
32,1,20,0.05,forward,10,0x19e3e71d,2,0.75,24,3 3 3 3 3 3 3 3 3 3 3 3 3 3 3 3 3 3 3 3 3 3 3 3 2 2 2 2 2 2 2 2,112360456370931739191162535776853904816,112360456370931739191162535776853904816,87572246473979106611819954538176394080,1.0,1.2830601120221132,1.2830601120221132,664521,8266826
32,1,20,0.05,even_odd,10,0x19e3e71d,2,0.75,24,3 3 3 3 3 3 3 3 3 3 3 3 3 3 3 3 3 2 3 2 3 2 3 2 3 2 3 2 3 2 3 2,112360456370931739191162535776853904816,43411994506950899232949161550148099588,30216275451428169897097678576764187844,2.588235294117647,3.718540908575846,1.4367089874043042,676557,8319455
32,1,20,0.05,forward,10,0x19e3e71d,2,1.0,32,3 3 3 3 3 3 3 3 3 3 3 3 3 3 3 3 3 3 3 3 3 3 3 3 3 3 3 3 3 3 3 3,20429173885623952580211370141246164512,20429173885623952580211370141246164512,12404118427382512540364889542861540732,1.0,1.64696701383678,1.64696701383678,678493,8483852
32,1,20,0.05,even_odd,10,0x19e3e71d,2,1.0,32,3 3 3 3 3 3 3 3 3 3 3 3 3 3 3 3 3 3 3 3 3 3 3 3 3 3 3 3 3 3 3 3,20429173885623952580211370141246164512,20429173885623952580211370141246164512,12404118427382512540364889542861540732,1.0,1.64696701383678,1.64696701383678,714013,8256528
32,1,20,0.05,forward,10,0x19e3e71d,3,0.0,0,3 3 3 3 3 3 3 3 3 3 3 3 3 3 3 3 3 3 3 3 3 3 3 3 3 3 3 3 3 3 3 3,20429173885623952580211370141246164512,20429173885623952580211370141246164512,12404118427382512540364889542861540732,1.0,1.64696701383678,1.64696701383678,692966,8406700
32,1,20,0.05,even_odd,10,0x19e3e71d,3,0.0,0,3 3 3 3 3 3 3 3 3 3 3 3 3 3 3 3 3 3 3 3 3 3 3 3 3 3 3 3 3 3 3 3,20429173885623952580211370141246164512,20429173885623952580211370141246164512,12404118427382512540364889542861540732,1.0,1.64696701383678,1.64696701383678,674344,8296888
32,1,20,0.05,forward,10,0x19e3e71d,3,0.25,8,4 4 4 4 4 4 4 4 3 3 3 3 3 3 3 3 3 3 3 3 3 3 3 3 3 3 3 3 3 3 3 3,15590685333765648021740256160424704496,15590685333765648021740256160424704496,11799219180667467175313281401943855652,1.0,1.3213319538389745,1.3213319538389745,655852,8310451
32,1,20,0.05,even_odd,10,0x19e3e71d,3,0.25,8,4 3 4 3 4 3 4 3 4 3 4 3 4 3 4 3 3 3 3 3 3 3 3 3 3 3 3 3 3 3 3 3,15590685333765648021740256160424704496,12566629988854207672695809922411291986,7295165063116002418031487041604114542,1.2406417112299466,2.137125781100059,1.7225970735590992,649535,8294630
32,1,20,0.05,forward,10,0x19e3e71d,3,0.5,16,4 4 4 4 4 4 4 4 4 4 4 4 4 4 4 4 3 3 3 3 3 3 3 3 3 3 3 3 3 3 3 3,10752196781907343463269142179603244480,10752196781907343463269142179603244480,7295165063116002418031487041604114542,1.0,1.4738798490345235,1.4738798490345235,668862,8249616
32,1,20,0.05,even_odd,10,0x19e3e71d,3,0.5,16,4 3 4 3 4 3 4 3 4 3 4 3 4 3 4 3 4 3 4 3 4 3 4 3 4 3 4 3 4 3 4 3,10752196781907343463269142179603244480,4099275023102174695371360455973736958,2195141355899560169656135488485008178,2.622950819672131,4.898179678957912,1.867431002602704,768248,8453653
32,1,20,0.05,forward,10,0x19e3e71d,3,0.75,24,4 4 4 4 4 4 4 4 4 4 4 4 4 4 4 4 4 4 4 4 4 4 4 4 3 3 3 3 3 3 3 3,5913708230049038904798028198781784464,5913708230049038904798028198781784464,5213876672875925259904676328559334822,1.0,1.134224800677361,1.134224800677361,645414,8256180
32,1,20,0.05,even_odd,10,0x19e3e71d,3,0.75,24,4 4 4 4 4 4 4 4 4 4 4 4 4 4 4 4 4 3 4 3 4 3 4 3 4 3 4 3 4 3 4 3,5913708230049038904798028198781784464,2284841816155310485944692713165689452,1728259326057959898363947640800206454,2.588235294117647,3.4217713400325165,1.322048017739836,650145,8139233
32,1,20,0.05,forward,10,0x19e3e71d,3,1.0,32,4 4 4 4 4 4 4 4 4 4 4 4 4 4 4 4 4 4 4 4 4 4 4 4 4 4 4 4 4 4 4 4,1075219678190734346326914217960324448,1075219678190734346326914217960324448,755222686014509910500050377815968886,1.0,1.4237121025388217,1.4237121025388217,649881,8475097
32,1,20,0.05,even_odd,10,0x19e3e71d,3,1.0,32,4 4 4 4 4 4 4 4 4 4 4 4 4 4 4 4 4 4 4 4 4 4 4 4 4 4 4 4 4 4 4 4,1075219678190734346326914217960324448,1075219678190734346326914217960324448,755222686014509910500050377815968886,1.0,1.4237121025388217,1.4237121025388217,660662,8105025
32,1,20,0.05,forward,11,0x154c8ea4,0,0.0,0,0 0 0 0 0 0 0 0 0 0 0 0 0 0 0 0 0 0 0 0 0 0 0 0 0 0 0 0 0 0 0 0,140123703681494690747669787798807442387808,140123703681494690747669787798807442387808,18475738761377656197057550168567570800974,1.0,7.584200312163662,7.584200312163662,775083,8207750
32,1,20,0.05,even_odd,11,0x154c8ea4,0,0.0,0,0 0 0 0 0 0 0 0 0 0 0 0 0 0 0 0 0 0 0 0 0 0 0 0 0 0 0 0 0 0 0 0,140123703681494690747669787798807442387808,140123703681494690747669787798807442387808,18475738761377656197057550168567570800974,1.0,7.584200312163662,7.584200312163662,749091,8086917
32,1,20,0.05,forward,11,0x154c8ea4,0,0.25,8,1 1 1 1 1 1 1 1 0 0 0 0 0 0 0 0 0 0 0 0 0 0 0 0 0 0 0 0 0 0 0 0,106936510704298579781116417004353048138064,106936510704298579781116417004353048138064,18475738761377656197057550168567570800974,1.0,5.787942343493321,5.787942343493321,721241,8210536
32,1,20,0.05,even_odd,11,0x154c8ea4,0,0.25,8,1 0 1 0 1 0 1 0 1 0 1 0 1 0 1 0 0 0 0 0 0 0 0 0 0 0 0 0 0 0 0 0,106936510704298579781116417004353048138064,86194515093551010427020560257819051731974,14085415118341645356502094354416281394724,1.2406417112299466,7.592002777756174,6.119416032070709,725031,8237807
32,1,20,0.05,forward,11,0x154c8ea4,0,0.5,16,1 1 1 1 1 1 1 1 1 1 1 1 1 1 1 1 0 0 0 0 0 0 0 0 0 0 0 0 0 0 0 0,73749317727102468814563046209898653888320,73749317727102468814563046209898653888320,14085415118341645356502094354416281394724,1.0,5.235863984659431,5.235863984659431,830894,8163024
32,1,20,0.05,even_odd,11,0x154c8ea4,0,0.5,16,1 0 1 0 1 0 1 0 1 0 1 0 1 0 1 0 1 0 1 0 1 0 1 0 1 0 1 0 1 0 1 0,73749317727102468814563046209898653888320,28116927383457816235552161367523861794922,5120806425379916828559042410810355639164,2.622950819672131,14.401895248682623,5.49072256356025,706196,8275016
32,1,20,0.05,forward,11,0x154c8ea4,0,0.75,24,1 1 1 1 1 1 1 1 1 1 1 1 1 1 1 1 1 1 1 1 1 1 1 1 0 0 0 0 0 0 0 0,40562124749906357848009675415444259638576,40562124749906357848009675415444259638576,13379867539303729078650865258546752148214,1.0,3.031578947306765,3.031578947306765,743512,8294832
32,1,20,0.05,even_odd,11,0x154c8ea4,0,0.75,24,1 1 1 1 1 1 1 1 1 1 1 1 1 1 1 1 1 0 1 0 1 0 1 0 1 0 1 0 1 0 1 0,40562124749906357848009675415444259638576,19820129139158788493913818668910263232486,4889736759956968889582439473223445670414,2.046511627906977,8.295359595239912,4.053414347674048,780399,8375751
32,1,20,0.05,forward,11,0x154c8ea4,0,1.0,32,1 1 1 1 1 1 1 1 1 1 1 1 1 1 1 1 1 1 1 1 1 1 1 1 1 1 1 1 1 1 1 1,7374931772710246881456304620989865388832,7374931772710246881456304620989865388832,1675901609848251690705977498912935724648,1.0,4.400575624113176,4.400575624113176,726423,8158064
32,1,20,0.05,even_odd,11,0x154c8ea4,0,1.0,32,1 1 1 1 1 1 1 1 1 1 1 1 1 1 1 1 1 1 1 1 1 1 1 1 1 1 1 1 1 1 1 1,7374931772710246881456304620989865388832,7374931772710246881456304620989865388832,1675901609848251690705977498912935724648,1.0,4.400575624113176,4.400575624113176,760955,8407284
32,1,20,0.05,forward,11,0x154c8ea4,1,0.0,0,1 1 1 1 1 1 1 1 1 1 1 1 1 1 1 1 1 1 1 1 1 1 1 1 1 1 1 1 1 1 1 1,7374931772710246881456304620989865388832,7374931772710246881456304620989865388832,1675901609848251690705977498912935724648,1.0,4.400575624113176,4.400575624113176,718613,8225103
32,1,20,0.05,even_odd,11,0x154c8ea4,1,0.0,0,1 1 1 1 1 1 1 1 1 1 1 1 1 1 1 1 1 1 1 1 1 1 1 1 1 1 1 1 1 1 1 1,7374931772710246881456304620989865388832,7374931772710246881456304620989865388832,1675901609848251690705977498912935724648,1.0,4.400575624113176,4.400575624113176,733346,8332741
32,1,20,0.05,forward,11,0x154c8ea4,1,0.25,8,2 2 2 2 2 2 2 2 1 1 1 1 1 1 1 1 1 1 1 1 1 1 1 1 1 1 1 1 1 1 1 1,5628237405489398935848232473913318323056,5628237405489398935848232473913318323056,1675901609848251690705977498912935724648,1.0,3.3583340289284767,3.3583340289284767,710545,8307953
32,1,20,0.05,even_odd,11,0x154c8ea4,1,0.25,8,2 1 2 1 2 1 2 1 2 1 2 1 2 1 2 1 1 1 1 1 1 1 1 1 1 1 1 1 1 1 1 1,5628237405489398935848232473913318323056,4536553425976368969843187381990476406946,1421880955990497750843571288111315167848,1.2406417112299466,3.958304231994378,3.1905297042368477,719607,8236491
32,1,20,0.05,forward,11,0x154c8ea4,1,0.5,16,2 2 2 2 2 2 2 2 2 2 2 2 2 2 2 2 1 1 1 1 1 1 1 1 1 1 1 1 1 1 1 1,3881543038268550990240160326836771257280,3881543038268550990240160326836771257280,1421880955990497750843571288111315167848,1.0,2.7298649875823293,2.7298649875823293,704970,8189221
32,1,20,0.05,even_odd,11,0x154c8ea4,1,0.5,16,2 1 2 1 2 1 2 1 2 1 2 1 2 1 2 1 2 1 2 1 2 1 2 1 2 1 2 1 2 1 2 1,3881543038268550990240160326836771257280,1479838283339885065029061124606519041838,306542143789356082185534149906301842414,2.622950819672131,12.662347141852695,4.82751984783134,701615,8276915
32,1,20,0.05,forward,11,0x154c8ea4,1,0.75,24,2 2 2 2 2 2 2 2 2 2 2 2 2 2 2 2 2 2 2 2 2 2 2 2 1 1 1 1 1 1 1 1,2134848671047703044632088179760224191504,2134848671047703044632088179760224191504,1165136795650506374396987604673534661768,1.0,1.8322729820370987,1.8322729820370987,716473,8265572
32,1,20,0.05,even_odd,11,0x154c8ea4,1,0.75,24,2 2 2 2 2 2 2 2 2 2 2 2 2 2 2 2 2 1 2 1 2 1 2 1 2 1 2 1 2 1 2 1,2134848671047703044632088179760224191504,1043164691534673078627043087837382275394,306542143789356082185534149906301842414,2.046511627906977,6.964290928018983,3.4030057943729117,743039,8263314
32,1,20,0.05,forward,11,0x154c8ea4,1,1.0,32,2 2 2 2 2 2 2 2 2 2 2 2 2 2 2 2 2 2 2 2 2 2 2 2 2 2 2 2 2 2 2 2,388154303826855099024016032683677125728,388154303826855099024016032683677125728,124561213256246956752628425136819082450,1.0,3.1161731142450035,3.1161731142450035,696111,8240251
32,1,20,0.05,even_odd,11,0x154c8ea4,1,1.0,32,2 2 2 2 2 2 2 2 2 2 2 2 2 2 2 2 2 2 2 2 2 2 2 2 2 2 2 2 2 2 2 2,388154303826855099024016032683677125728,388154303826855099024016032683677125728,124561213256246956752628425136819082450,1.0,3.1161731142450035,3.1161731142450035,701405,8173004
32,1,20,0.05,forward,11,0x154c8ea4,2,0.0,0,2 2 2 2 2 2 2 2 2 2 2 2 2 2 2 2 2 2 2 2 2 2 2 2 2 2 2 2 2 2 2 2,388154303826855099024016032683677125728,388154303826855099024016032683677125728,124561213256246956752628425136819082450,1.0,3.1161731142450035,3.1161731142450035,691358,8155277
32,1,20,0.05,even_odd,11,0x154c8ea4,2,0.0,0,2 2 2 2 2 2 2 2 2 2 2 2 2 2 2 2 2 2 2 2 2 2 2 2 2 2 2 2 2 2 2 2,388154303826855099024016032683677125728,388154303826855099024016032683677125728,124561213256246956752628425136819082450,1.0,3.1161731142450035,3.1161731142450035,747475,8259707
32,1,20,0.05,forward,11,0x154c8ea4,2,0.25,8,3 3 3 3 3 3 3 3 2 2 2 2 2 2 2 2 2 2 2 2 2 2 2 2 2 2 2 2 2 2 2 2,296223021341547312413064867048069385424,296223021341547312413064867048069385424,124561213256246956752628425136819082450,1.0,2.3781321135027658,2.3781321135027658,687778,8097682
32,1,20,0.05,even_odd,11,0x154c8ea4,2,0.25,8,3 2 3 2 3 2 3 2 3 2 3 2 3 2 3 2 2 2 2 2 2 2 2 2 2 2 2 2 2 2 2 2,296223021341547312413064867048069385424,238765969788229945781220388525814547734,99095484020983238058620065030297274810,1.2406417112299466,2.989268625791492,2.409453590616418,695951,8239639
32,1,20,0.05,forward,11,0x154c8ea4,2,0.5,16,3 3 3 3 3 3 3 3 3 3 3 3 3 3 3 3 2 2 2 2 2 2 2 2 2 2 2 2 2 2 2 2,204291738856239525802113701412461645120,204291738856239525802113701412461645120,99095484020983238058620065030297274810,1.0,2.061564569511374,2.061564569511374,704442,8236101
32,1,20,0.05,even_odd,11,0x154c8ea4,2,0.5,16,3 2 3 2 3 2 3 2 3 2 3 2 3 2 3 2 3 2 3 2 3 2 3 2 3 2 3 2 3 2 3 2,204291738856239525802113701412461645120,77886225438941319212055848663501002202,27625207352208530283502272015308959244,2.622950819672131,7.395120559698068,2.819389713384888,676630,8200848
32,1,20,0.05,forward,11,0x154c8ea4,2,0.75,24,3 3 3 3 3 3 3 3 3 3 3 3 3 3 3 3 3 3 3 3 3 3 3 3 2 2 2 2 2 2 2 2,112360456370931739191162535776853904816,112360456370931739191162535776853904816,85582731196415800240853631955751868170,1.0,1.3128870135385138,1.3128870135385138,719382,8079055
32,1,20,0.05,even_odd,11,0x154c8ea4,2,0.75,24,3 3 3 3 3 3 3 3 3 3 3 3 3 3 3 3 3 2 3 2 3 2 3 2 3 2 3 2 3 2 3 2,112360456370931739191162535776853904816,54903404817614372559318057254599067126,26921549031272923801888958411980370444,2.046511627906977,4.173625233838152,2.0393850574436425,680689,8121097
32,1,20,0.05,forward,11,0x154c8ea4,2,1.0,32,3 3 3 3 3 3 3 3 3 3 3 3 3 3 3 3 3 3 3 3 3 3 3 3 3 3 3 3 3 3 3 3,20429173885623952580211370141246164512,20429173885623952580211370141246164512,7832681595101194173060954024737384132,1.0,2.608196648565544,2.608196648565544,662748,8166288
32,1,20,0.05,even_odd,11,0x154c8ea4,2,1.0,32,3 3 3 3 3 3 3 3 3 3 3 3 3 3 3 3 3 3 3 3 3 3 3 3 3 3 3 3 3 3 3 3,20429173885623952580211370141246164512,20429173885623952580211370141246164512,7832681595101194173060954024737384132,1.0,2.608196648565544,2.608196648565544,801786,8094618
32,1,20,0.05,forward,11,0x154c8ea4,3,0.0,0,3 3 3 3 3 3 3 3 3 3 3 3 3 3 3 3 3 3 3 3 3 3 3 3 3 3 3 3 3 3 3 3,20429173885623952580211370141246164512,20429173885623952580211370141246164512,7832681595101194173060954024737384132,1.0,2.608196648565544,2.608196648565544,675935,8085352
32,1,20,0.05,even_odd,11,0x154c8ea4,3,0.0,0,3 3 3 3 3 3 3 3 3 3 3 3 3 3 3 3 3 3 3 3 3 3 3 3 3 3 3 3 3 3 3 3,20429173885623952580211370141246164512,20429173885623952580211370141246164512,7832681595101194173060954024737384132,1.0,2.608196648565544,2.608196648565544,667684,8102481
32,1,20,0.05,forward,11,0x154c8ea4,3,0.25,8,4 4 4 4 4 4 4 4 3 3 3 3 3 3 3 3 3 3 3 3 3 3 3 3 3 3 3 3 3 3 3 3,15590685333765648021740256160424704496,15590685333765648021740256160424704496,7832681595101194173060954024737384132,1.0,1.9904658633789676,1.9904658633789676,665971,8235471
32,1,20,0.05,even_odd,11,0x154c8ea4,3,0.25,8,4 3 4 3 4 3 4 3 4 3 4 3 4 3 4 3 3 3 3 3 3 3 3 3 3 3 3 3 3 3 3 3,15590685333765648021740256160424704496,12566629988854207672695809922411291986,6492379772222904376434122708941577012,1.2406417112299466,2.4013822174218875,1.9355968735254008,684240,8063777
32,1,20,0.05,forward,11,0x154c8ea4,3,0.5,16,4 4 4 4 4 4 4 4 4 4 4 4 4 4 4 4 3 3 3 3 3 3 3 3 3 3 3 3 3 3 3 3,10752196781907343463269142179603244480,10752196781907343463269142179603244480,6492379772222904376434122708941577012,1.0,1.6561256671875086,1.6561256671875086,706397,8011978
32,1,20,0.05,even_odd,11,0x154c8ea4,3,0.5,16,4 3 4 3 4 3 4 3 4 3 4 3 4 3 4 3 4 3 4 3 4 3 4 3 4 3 4 3 4 3 4 3,10752196781907343463269142179603244480,4099275023102174695371360455973736958,1554667050031742224805114852925085454,2.622950819672131,6.916076842104431,2.6367542960523145,646958,8150508
32,1,20,0.05,forward,11,0x154c8ea4,3,0.75,24,4 4 4 4 4 4 4 4 4 4 4 4 4 4 4 4 4 4 4 4 4 4 4 4 3 3 3 3 3 3 3 3,5913708230049038904798028198781784464,5913708230049038904798028198781784464,4573416790385889418586934336493707368,1.0,1.2930612933596328,1.2930612933596328,748115,8055600
32,1,20,0.05,even_odd,11,0x154c8ea4,3,0.75,24,4 4 4 4 4 4 4 4 4 4 4 4 4 4 4 4 4 3 4 3 4 3 4 3 4 3 4 3 4 3 4 3,5913708230049038904798028198781784464,2889652885137598555753581960768371954,1554667050031742224805114852925085454,2.046511627906977,3.803842263157437,1.858695651315566,641903,8055667
32,1,20,0.05,forward,11,0x154c8ea4,3,1.0,32,4 4 4 4 4 4 4 4 4 4 4 4 4 4 4 4 4 4 4 4 4 4 4 4 4 4 4 4 4 4 4 4,1075219678190734346326914217960324448,1075219678190734346326914217960324448,479628353198015930641378152400269206,1.0,2.2417767236267343,2.2417767236267343,663692,7896724
32,1,20,0.05,even_odd,11,0x154c8ea4,3,1.0,32,4 4 4 4 4 4 4 4 4 4 4 4 4 4 4 4 4 4 4 4 4 4 4 4 4 4 4 4 4 4 4 4,1075219678190734346326914217960324448,1075219678190734346326914217960324448,479628353198015930641378152400269206,1.0,2.2417767236267343,2.2417767236267343,632715,8009527
32,1,20,0.05,forward,12,0x1d19c900,0,0.0,0,0 0 0 0 0 0 0 0 0 0 0 0 0 0 0 0 0 0 0 0 0 0 0 0 0 0 0 0 0 0 0 0,140123703681494690747669787798807442387808,140123703681494690747669787798807442387808,39665229037319229370471866277078301498450,1.0,3.5326583781895877,3.5326583781895877,765399,8800819
32,1,20,0.05,even_odd,12,0x1d19c900,0,0.0,0,0 0 0 0 0 0 0 0 0 0 0 0 0 0 0 0 0 0 0 0 0 0 0 0 0 0 0 0 0 0 0 0,140123703681494690747669787798807442387808,140123703681494690747669787798807442387808,39665229037319229370471866277078301498450,1.0,3.5326583781895877,3.5326583781895877,749366,8623302
32,1,20,0.05,forward,12,0x1d19c900,0,0.25,8,1 1 1 1 1 1 1 1 0 0 0 0 0 0 0 0 0 0 0 0 0 0 0 0 0 0 0 0 0 0 0 0,106936510704298579781116417004353048138064,106936510704298579781116417004353048138064,18476994362516676151142839519766729798768,1.0,5.787549024815159,5.787549024815159,757696,8743034
32,1,20,0.05,even_odd,12,0x1d19c900,0,0.25,8,1 0 1 0 1 0 1 0 1 0 1 0 1 0 1 0 0 0 0 0 0 0 0 0 0 0 0 0 0 0 0 0,106936510704298579781116417004353048138064,86194515093551010427020560257819051731974,18247219113993327394932022936815473312090,1.2406417112299466,5.860427829372186,4.7237069141922365,739154,8656840
32,1,20,0.05,forward,12,0x1d19c900,0,0.5,16,1 1 1 1 1 1 1 1 1 1 1 1 1 1 1 1 0 0 0 0 0 0 0 0 0 0 0 0 0 0 0 0,73749317727102468814563046209898653888320,73749317727102468814563046209898653888320,18247219113993327394932022936815473312090,1.0,4.041674365084266,4.041674365084266,785771,8753247
32,1,20,0.05,even_odd,12,0x1d19c900,0,0.5,16,1 0 1 0 1 0 1 0 1 0 1 0 1 0 1 0 1 0 1 0 1 0 1 0 1 0 1 0 1 0 1 0,73749317727102468814563046209898653888320,36413725627756843977190504066137460357358,6236042755692631206107164311258288833768,2.0253164556962027,11.826300847565502,5.839236043485466,715291,8619827
32,1,20,0.05,forward,12,0x1d19c900,0,0.75,24,1 1 1 1 1 1 1 1 1 1 1 1 1 1 1 1 1 1 1 1 1 1 1 1 0 0 0 0 0 0 0 0,40562124749906357848009675415444259638576,40562124749906357848009675415444259638576,18220978898374508975377167068541120905768,1.0,2.2261221516218814,2.2261221516218814,720880,8724723
32,1,20,0.05,even_odd,12,0x1d19c900,0,0.75,24,1 1 1 1 1 1 1 1 1 1 1 1 1 1 1 1 1 0 1 0 1 0 1 0 1 0 1 0 1 0 1 0,40562124749906357848009675415444259638576,15671730017009274623094647319603463951268,5108779075517583733710330451244455771328,2.588235294117647,7.939690511239596,3.0676076975243896,754938,8710260
32,1,20,0.05,forward,12,0x1d19c900,0,1.0,32,1 1 1 1 1 1 1 1 1 1 1 1 1 1 1 1 1 1 1 1 1 1 1 1 1 1 1 1 1 1 1 1,7374931772710246881456304620989865388832,7374931772710246881456304620989865388832,2779110600003347420695445039957058570092,1.0,2.653702149421964,2.653702149421964,718539,8747665
32,1,20,0.05,even_odd,12,0x1d19c900,0,1.0,32,1 1 1 1 1 1 1 1 1 1 1 1 1 1 1 1 1 1 1 1 1 1 1 1 1 1 1 1 1 1 1 1,7374931772710246881456304620989865388832,7374931772710246881456304620989865388832,2779110600003347420695445039957058570092,1.0,2.653702149421964,2.653702149421964,755514,8614926
32,1,20,0.05,forward,12,0x1d19c900,1,0.0,0,1 1 1 1 1 1 1 1 1 1 1 1 1 1 1 1 1 1 1 1 1 1 1 1 1 1 1 1 1 1 1 1,7374931772710246881456304620989865388832,7374931772710246881456304620989865388832,2779110600003347420695445039957058570092,1.0,2.653702149421964,2.653702149421964,760224,8593098
32,1,20,0.05,even_odd,12,0x1d19c900,1,0.0,0,1 1 1 1 1 1 1 1 1 1 1 1 1 1 1 1 1 1 1 1 1 1 1 1 1 1 1 1 1 1 1 1,7374931772710246881456304620989865388832,7374931772710246881456304620989865388832,2779110600003347420695445039957058570092,1.0,2.653702149421964,2.653702149421964,728739,8936694
32,1,20,0.05,forward,12,0x1d19c900,1,0.25,8,2 2 2 2 2 2 2 2 1 1 1 1 1 1 1 1 1 1 1 1 1 1 1 1 1 1 1 1 1 1 1 1,5628237405489398935848232473913318323056,5628237405489398935848232473913318323056,1687430887039212904790501149237968303494,1.0,3.33538839944122,3.33538839944122,742559,8707207
32,1,20,0.05,even_odd,12,0x1d19c900,1,0.25,8,2 1 2 1 2 1 2 1 2 1 2 1 2 1 2 1 1 1 1 1 1 1 1 1 1 1 1 1 1 1 1 1,5628237405489398935848232473913318323056,4536553425976368969843187381990476406946,1675972278845135145294423681846698294972,1.2406417112299466,3.3581924215164567,2.7068188914809372,713615,8555815
32,1,20,0.05,forward,12,0x1d19c900,1,0.5,16,2 2 2 2 2 2 2 2 2 2 2 2 2 2 2 2 1 1 1 1 1 1 1 1 1 1 1 1 1 1 1 1,3881543038268550990240160326836771257280,3881543038268550990240160326836771257280,1675972278845135145294423681846698294972,1.0,2.3159947734596256,2.3159947734596256,697153,8411227
32,1,20,0.05,even_odd,12,0x1d19c900,1,0.5,16,2 1 2 1 2 1 2 1 2 1 2 1 2 1 2 1 2 1 2 1 2 1 2 1 2 1 2 1 2 1 2 1,3881543038268550990240160326836771257280,1916511875145097051431079161375655808282,546549572518007635627701876871846742894,2.0253164556962027,7.101904810547926,3.5065655002080387,736716,8340881
32,1,20,0.05,forward,12,0x1d19c900,1,0.75,24,2 2 2 2 2 2 2 2 2 2 2 2 2 2 2 2 2 2 2 2 2 2 2 2 1 1 1 1 1 1 1 1,2134848671047703044632088179760224191504,2134848671047703044632088179760224191504,1444798338900807267772934273047820102054,1.0,1.4776101367003796,1.4776101367003796,668873,8066693
32,1,20,0.05,even_odd,12,0x1d19c900,1,0.75,24,2 2 2 2 2 2 2 2 2 2 2 2 2 2 2 2 2 1 2 1 2 1 2 1 2 1 2 1 2 1 2 1,2134848671047703044632088179760224191504,824827895632067085426034069452813892172,306545863210244685058610264797552504010,2.588235294117647,6.964206428006878,2.690716119911748,669651,8096785
32,1,20,0.05,forward,12,0x1d19c900,1,1.0,32,2 2 2 2 2 2 2 2 2 2 2 2 2 2 2 2 2 2 2 2 2 2 2 2 2 2 2 2 2 2 2 2,388154303826855099024016032683677125728,388154303826855099024016032683677125728,183933587535556631770282328503132475246,1.0,2.110295944463216,2.110295944463216,683647,8449855
32,1,20,0.05,even_odd,12,0x1d19c900,1,1.0,32,2 2 2 2 2 2 2 2 2 2 2 2 2 2 2 2 2 2 2 2 2 2 2 2 2 2 2 2 2 2 2 2,388154303826855099024016032683677125728,388154303826855099024016032683677125728,183933587535556631770282328503132475246,1.0,2.110295944463216,2.110295944463216,725936,8422634
32,1,20,0.05,forward,12,0x1d19c900,2,0.0,0,2 2 2 2 2 2 2 2 2 2 2 2 2 2 2 2 2 2 2 2 2 2 2 2 2 2 2 2 2 2 2 2,388154303826855099024016032683677125728,388154303826855099024016032683677125728,183933587535556631770282328503132475246,1.0,2.110295944463216,2.110295944463216,718373,8417726
32,1,20,0.05,even_odd,12,0x1d19c900,2,0.0,0,2 2 2 2 2 2 2 2 2 2 2 2 2 2 2 2 2 2 2 2 2 2 2 2 2 2 2 2 2 2 2 2,388154303826855099024016032683677125728,388154303826855099024016032683677125728,183933587535556631770282328503132475246,1.0,2.110295944463216,2.110295944463216,701090,8337400
32,1,20,0.05,forward,12,0x1d19c900,2,0.25,8,3 3 3 3 3 3 3 3 2 2 2 2 2 2 2 2 2 2 2 2 2 2 2 2 2 2 2 2 2 2 2 2,296223021341547312413064867048069385424,296223021341547312413064867048069385424,124599084788980532404331333432636718326,1.0,2.377409287100519,2.377409287100519,680768,8007831
32,1,20,0.05,even_odd,12,0x1d19c900,2,0.25,8,3 2 3 2 3 2 3 2 3 2 3 2 3 2 3 2 2 2 2 2 2 2 2 2 2 2 2 2 2 2 2 2,296223021341547312413064867048069385424,238765969788229945781220388525814547734,113773643766366485921905515191846537126,1.2406417112299466,2.6036172485592495,2.0986052822438777,703075,8155070
32,1,20,0.05,forward,12,0x1d19c900,2,0.5,16,3 3 3 3 3 3 3 3 3 3 3 3 3 3 3 3 2 2 2 2 2 2 2 2 2 2 2 2 2 2 2 2,204291738856239525802113701412461645120,204291738856239525802113701412461645120,113773643766366485921905515191846537126,1.0,1.7955981024546548,1.7955981024546548,681240,8185130
32,1,20,0.05,even_odd,12,0x1d19c900,2,0.5,16,3 2 3 2 3 2 3 2 3 2 3 2 3 2 3 2 3 2 3 2 3 2 3 2 3 2 3 2 3 2 3 2,204291738856239525802113701412461645120,100869046060268265864793640072402937278,40257177285295454148879520802969217164,2.0253164556962027,5.074666249162487,2.5056164605239775,676778,8210413
32,1,20,0.05,forward,12,0x1d19c900,2,0.75,24,3 3 3 3 3 3 3 3 3 3 3 3 3 3 3 3 3 3 3 3 3 3 3 3 2 2 2 2 2 2 2 2,112360456370931739191162535776853904816,112360456370931739191162535776853904816,87533428147548066367049646917494130804,1.0,1.283629108887804,1.283629108887804,661672,8250874
32,1,20,0.05,even_odd,12,0x1d19c900,2,0.75,24,3 3 3 3 3 3 3 3 3 3 3 3 3 3 3 3 3 2 3 2 3 2 3 2 3 2 3 2 3 2 3 2,112360456370931739191162535776853904816,43411994506950899232949161550148099588,18049256878504553979228439569326584292,2.588235294117647,6.225212324655064,2.4051956708894564,708740,8191328
32,1,20,0.05,forward,12,0x1d19c900,2,1.0,32,3 3 3 3 3 3 3 3 3 3 3 3 3 3 3 3 3 3 3 3 3 3 3 3 3 3 3 3 3 3 3 3,20429173885623952580211370141246164512,20429173885623952580211370141246164512,11631216906579009605971064615668500656,1.0,1.7564089853804137,1.7564089853804137,667010,8159723
32,1,20,0.05,even_odd,12,0x1d19c900,2,1.0,32,3 3 3 3 3 3 3 3 3 3 3 3 3 3 3 3 3 3 3 3 3 3 3 3 3 3 3 3 3 3 3 3,20429173885623952580211370141246164512,20429173885623952580211370141246164512,11631216906579009605971064615668500656,1.0,1.7564089853804137,1.7564089853804137,691126,8342602
32,1,20,0.05,forward,12,0x1d19c900,3,0.0,0,3 3 3 3 3 3 3 3 3 3 3 3 3 3 3 3 3 3 3 3 3 3 3 3 3 3 3 3 3 3 3 3,20429173885623952580211370141246164512,20429173885623952580211370141246164512,11631216906579009605971064615668500656,1.0,1.7564089853804137,1.7564089853804137,626641,8282724
32,1,20,0.05,even_odd,12,0x1d19c900,3,0.0,0,3 3 3 3 3 3 3 3 3 3 3 3 3 3 3 3 3 3 3 3 3 3 3 3 3 3 3 3 3 3 3 3,20429173885623952580211370141246164512,20429173885623952580211370141246164512,11631216906579009605971064615668500656,1.0,1.7564089853804137,1.7564089853804137,667999,8469773
32,1,20,0.05,forward,12,0x1d19c900,3,0.25,8,4 4 4 4 4 4 4 4 3 3 3 3 3 3 3 3 3 3 3 3 3 3 3 3 3 3 3 3 3 3 3 3,15590685333765648021740256160424704496,15590685333765648021740256160424704496,8536517763448361775158786108979781778,1.0,1.8263518879468397,1.8263518879468397,659715,8306839
32,1,20,0.05,even_odd,12,0x1d19c900,3,0.25,8,4 3 4 3 4 3 4 3 4 3 4 3 4 3 4 3 3 3 3 3 3 3 3 3 3 3 3 3 3 3 3 3,15590685333765648021740256160424704496,12566629988854207672695809922411291986,7866184044016920107401577936863410776,1.2406417112299466,1.9819883753703986,1.5975509749752783,693427,8492448
32,1,20,0.05,forward,12,0x1d19c900,3,0.5,16,4 4 4 4 4 4 4 4 4 4 4 4 4 4 4 4 3 3 3 3 3 3 3 3 3 3 3 3 3 3 3 3,10752196781907343463269142179603244480,10752196781907343463269142179603244480,7866184044016920107401577936863410776,1.0,1.366888534738206,1.366888534738206,693275,8278060
32,1,20,0.05,even_odd,12,0x1d19c900,3,0.5,16,4 3 4 3 4 3 4 3 4 3 4 3 4 3 4 3 4 3 4 3 4 3 4 3 4 3 4 3 4 3 4 3,10752196781907343463269142179603244480,5308897161066750834989138951179101962,2723609873471522498697285079337904458,2.0253164556962027,3.947774197265101,1.9492135098996437,649192,8311798
32,1,20,0.05,forward,12,0x1d19c900,3,0.75,24,4 4 4 4 4 4 4 4 4 4 4 4 4 4 4 4 4 4 4 4 4 4 4 4 3 3 3 3 3 3 3 3,5913708230049038904798028198781784464,5913708230049038904798028198781784464,5211833603063765247022028559049742018,1.0,1.1346694235542512,1.1346694235542512,667208,8417248
32,1,20,0.05,even_odd,12,0x1d19c900,3,0.75,24,4 4 4 4 4 4 4 4 4 4 4 4 4 4 4 4 4 3 4 3 4 3 4 3 4 3 4 3 4 3 4 3,5913708230049038904798028198781784464,2284841816155310485944692713165689452,1519302866119269662925652100001785690,2.588235294117647,3.892382724949586,1.5038751437305218,668247,8319958
32,1,20,0.05,forward,12,0x1d19c900,3,1.0,32,4 4 4 4 4 4 4 4 4 4 4 4 4 4 4 4 4 4 4 4 4 4 4 4 4 4 4 4 4 4 4 4,1075219678190734346326914217960324448,1075219678190734346326914217960324448,746395630872174355149980110177289762,1.0,1.440549265989572,1.440549265989572,647165,8338283
32,1,20,0.05,even_odd,12,0x1d19c900,3,1.0,32,4 4 4 4 4 4 4 4 4 4 4 4 4 4 4 4 4 4 4 4 4 4 4 4 4 4 4 4 4 4 4 4,1075219678190734346326914217960324448,1075219678190734346326914217960324448,746395630872174355149980110177289762,1.0,1.440549265989572,1.440549265989572,653223,8296467
32,1,20,0.05,forward,13,0xa28deb8,0,0.0,0,0 0 0 0 0 0 0 0 0 0 0 0 0 0 0 0 0 0 0 0 0 0 0 0 0 0 0 0 0 0 0 0,140123703681494690747669787798807442387808,140123703681494690747669787798807442387808,22394346633065863737194724772309683696182,1.0,6.257101668445117,6.257101668445117,770689,8402090
32,1,20,0.05,even_odd,13,0xa28deb8,0,0.0,0,0 0 0 0 0 0 0 0 0 0 0 0 0 0 0 0 0 0 0 0 0 0 0 0 0 0 0 0 0 0 0 0,140123703681494690747669787798807442387808,140123703681494690747669787798807442387808,22394346633065863737194724772309683696182,1.0,6.257101668445117,6.257101668445117,735327,8430690
32,1,20,0.05,forward,13,0xa28deb8,0,0.25,8,1 1 1 1 1 1 1 1 0 0 0 0 0 0 0 0 0 0 0 0 0 0 0 0 0 0 0 0 0 0 0 0,106936510704298579781116417004353048138064,106936510704298579781116417004353048138064,22394346633065863737194724772309683696182,1.0,4.775156536444957,4.775156536444957,760280,8398640
32,1,20,0.05,even_odd,13,0xa28deb8,0,0.25,8,1 0 1 0 1 0 1 0 1 0 1 0 1 0 1 0 0 0 0 0 0 0 0 0 0 0 0 0 0 0 0 0,106936510704298579781116417004353048138064,86194515093551010427020560257819051731974,18234452662948860038427017024712223487996,1.2406417112299466,5.864530879042294,4.727014113710815,752463,8392065
32,1,20,0.05,forward,13,0xa28deb8,0,0.5,16,1 1 1 1 1 1 1 1 1 1 1 1 1 1 1 1 0 0 0 0 0 0 0 0 0 0 0 0 0 0 0 0,73749317727102468814563046209898653888320,73749317727102468814563046209898653888320,18234452662948860038427017024712223487996,1.0,4.044504054511927,4.044504054511927,738642,8402442
32,1,20,0.05,even_odd,13,0xa28deb8,0,0.5,16,1 0 1 0 1 0 1 0 1 0 1 0 1 0 1 0 1 0 1 0 1 0 1 0 1 0 1 0 1 0 1 0,73749317727102468814563046209898653888320,28116927383457816235552161367523861794922,5327048944942454067513630547849414212596,2.622950819672131,13.8443101404429,5.278143241043856,724827,8394646
32,1,20,0.05,forward,13,0xa28deb8,0,0.75,24,1 1 1 1 1 1 1 1 1 1 1 1 1 1 1 1 1 1 1 1 1 1 1 1 0 0 0 0 0 0 0 0,40562124749906357848009675415444259638576,40562124749906357848009675415444259638576,17758800480837549109294526157112425978236,1.0,2.2840576869859257,2.2840576869859257,708823,8422833
32,1,20,0.05,even_odd,13,0xa28deb8,0,0.75,24,1 1 1 1 1 1 1 1 1 1 1 1 1 1 1 1 1 0 1 0 1 0 1 0 1 0 1 0 1 0 1 0,40562124749906357848009675415444259638576,23968528261308302364732990018217062513704,5108107157041559135999540666396916306902,1.6923076923076923,7.9407348951149554,4.692252438022473,743730,8351329
32,1,20,0.05,forward,13,0xa28deb8,0,1.0,32,1 1 1 1 1 1 1 1 1 1 1 1 1 1 1 1 1 1 1 1 1 1 1 1 1 1 1 1 1 1 1 1,7374931772710246881456304620989865388832,7374931772710246881456304620989865388832,1893603893198608630485737559582763380800,1.0,3.8946538920834035,3.8946538920834035,737839,8357559
32,1,20,0.05,even_odd,13,0xa28deb8,0,1.0,32,1 1 1 1 1 1 1 1 1 1 1 1 1 1 1 1 1 1 1 1 1 1 1 1 1 1 1 1 1 1 1 1,7374931772710246881456304620989865388832,7374931772710246881456304620989865388832,1893603893198608630485737559582763380800,1.0,3.8946538920834035,3.8946538920834035,712132,8336485
32,1,20,0.05,forward,13,0xa28deb8,1,0.0,0,1 1 1 1 1 1 1 1 1 1 1 1 1 1 1 1 1 1 1 1 1 1 1 1 1 1 1 1 1 1 1 1,7374931772710246881456304620989865388832,7374931772710246881456304620989865388832,1893603893198608630485737559582763380800,1.0,3.8946538920834035,3.8946538920834035,726434,8405680
32,1,20,0.05,even_odd,13,0xa28deb8,1,0.0,0,1 1 1 1 1 1 1 1 1 1 1 1 1 1 1 1 1 1 1 1 1 1 1 1 1 1 1 1 1 1 1 1,7374931772710246881456304620989865388832,7374931772710246881456304620989865388832,1893603893198608630485737559582763380800,1.0,3.8946538920834035,3.8946538920834035,726767,8310806
32,1,20,0.05,forward,13,0xa28deb8,1,0.25,8,2 2 2 2 2 2 2 2 1 1 1 1 1 1 1 1 1 1 1 1 1 1 1 1 1 1 1 1 1 1 1 1,5628237405489398935848232473913318323056,5628237405489398935848232473913318323056,1893603893198608630485737559582763380800,1.0,2.9722358650110188,2.9722358650110188,725038,8333869
32,1,20,0.05,even_odd,13,0xa28deb8,1,0.25,8,2 1 2 1 2 1 2 1 2 1 2 1 2 1 2 1 1 1 1 1 1 1 1 1 1 1 1 1 1 1 1 1,5628237405489398935848232473913318323056,4536553425976368969843187381990476406946,1421914566646437331298112810831581211506,1.2406417112299466,3.958210667159495,3.1904542877535587,716061,8338096
32,1,20,0.05,forward,13,0xa28deb8,1,0.5,16,2 2 2 2 2 2 2 2 2 2 2 2 2 2 2 2 1 1 1 1 1 1 1 1 1 1 1 1 1 1 1 1,3881543038268550990240160326836771257280,3881543038268550990240160326836771257280,1421914566646437331298112810831581211506,1.0,2.7298004601099968,2.7298004601099968,742541,8380476
32,1,20,0.05,even_odd,13,0xa28deb8,1,0.5,16,2 1 2 1 2 1 2 1 2 1 2 1 2 1 2 1 2 1 2 1 2 1 2 1 2 1 2 1 2 1 2 1,3881543038268550990240160326836771257280,1479838283339885065029061124606519041838,485866944937725972854357444406567309320,2.622950819672131,7.988901238725043,3.0457685972639226,696807,8373450
32,1,20,0.05,forward,13,0xa28deb8,1,0.75,24,2 2 2 2 2 2 2 2 2 2 2 2 2 2 2 2 2 2 2 2 2 2 2 2 1 1 1 1 1 1 1 1,2134848671047703044632088179760224191504,2134848671047703044632088179760224191504,1396880241802809540243117691285351807826,1.0,1.5282975642152927,1.5282975642152927,675238,8299391
32,1,20,0.05,even_odd,13,0xa28deb8,1,0.75,24,2 2 2 2 2 2 2 2 2 2 2 2 2 2 2 2 2 1 2 1 2 1 2 1 2 1 2 1 2 1 2 1,2134848671047703044632088179760224191504,1261501487437279071828052106221950658616,485866944937725972854357444406567309320,1.6923076923076923,4.3938956812987735,2.596392902585639,684760,8326197
32,1,20,0.05,forward,13,0xa28deb8,1,1.0,32,2 2 2 2 2 2 2 2 2 2 2 2 2 2 2 2 2 2 2 2 2 2 2 2 2 2 2 2 2 2 2 2,388154303826855099024016032683677125728,388154303826855099024016032683677125728,136054293540877864543404778897794867338,1.0,2.852936821947726,2.852936821947726,690848,8252229
32,1,20,0.05,even_odd,13,0xa28deb8,1,1.0,32,2 2 2 2 2 2 2 2 2 2 2 2 2 2 2 2 2 2 2 2 2 2 2 2 2 2 2 2 2 2 2 2,388154303826855099024016032683677125728,388154303826855099024016032683677125728,136054293540877864543404778897794867338,1.0,2.852936821947726,2.852936821947726,681218,8364476
32,1,20,0.05,forward,13,0xa28deb8,2,0.0,0,2 2 2 2 2 2 2 2 2 2 2 2 2 2 2 2 2 2 2 2 2 2 2 2 2 2 2 2 2 2 2 2,388154303826855099024016032683677125728,388154303826855099024016032683677125728,136054293540877864543404778897794867338,1.0,2.852936821947726,2.852936821947726,681324,8254571
32,1,20,0.05,even_odd,13,0xa28deb8,2,0.0,0,2 2 2 2 2 2 2 2 2 2 2 2 2 2 2 2 2 2 2 2 2 2 2 2 2 2 2 2 2 2 2 2,388154303826855099024016032683677125728,388154303826855099024016032683677125728,136054293540877864543404778897794867338,1.0,2.852936821947726,2.852936821947726,692321,8347315
32,1,20,0.05,forward,13,0xa28deb8,2,0.25,8,3 3 3 3 3 3 3 3 2 2 2 2 2 2 2 2 2 2 2 2 2 2 2 2 2 2 2 2 2 2 2 2,296223021341547312413064867048069385424,296223021341547312413064867048069385424,123926533924728486944557063225561127378,1.0,2.3903115173177496,2.3903115173177496,709617,8410512
32,1,20,0.05,even_odd,13,0xa28deb8,2,0.25,8,3 2 3 2 3 2 3 2 3 2 3 2 3 2 3 2 2 2 2 2 2 2 2 2 2 2 2 2 2 2 2 2,296223021341547312413064867048069385424,238765969788229945781220388525814547734,123289876000074650896666319959377949712,1.2406417112299466,2.402654872824821,1.936622677664834,687968,8341482
32,1,20,0.05,forward,13,0xa28deb8,2,0.5,16,3 3 3 3 3 3 3 3 3 3 3 3 3 3 3 3 2 2 2 2 2 2 2 2 2 2 2 2 2 2 2 2,204291738856239525802113701412461645120,204291738856239525802113701412461645120,123289876000074650896666319959377949712,1.0,1.6570033605688421,1.6570033605688421,691309,8276793
32,1,20,0.05,even_odd,13,0xa28deb8,2,0.5,16,3 2 3 2 3 2 3 2 3 2 3 2 3 2 3 2 3 2 3 2 3 2 3 2 3 2 3 2 3 2 3 2,204291738856239525802113701412461645120,77886225438941319212055848663501002202,28228260768691513496188587972843107876,2.622950819672131,7.2371351720975765,2.759157784362201,676262,8232210
32,1,20,0.05,forward,13,0xa28deb8,2,0.75,24,3 3 3 3 3 3 3 3 3 3 3 3 3 3 3 3 3 3 3 3 3 3 3 3 2 2 2 2 2 2 2 2,112360456370931739191162535776853904816,112360456370931739191162535776853904816,74797026657437617852051548575900743676,1.0,1.5022048521464713,1.5022048521464713,657170,8144831
32,1,20,0.05,even_odd,13,0xa28deb8,2,0.75,24,3 3 3 3 3 3 3 3 3 3 3 3 3 3 3 3 3 2 3 2 3 2 3 2 3 2 3 2 3 2 3 2,112360456370931739191162535776853904816,66394815128277845885686952959050034664,26852294975351349811305984459553879142,1.6923076923076923,4.184389322181635,2.4725936903800565,696562,8255962
32,1,20,0.05,forward,13,0xa28deb8,2,1.0,32,3 3 3 3 3 3 3 3 3 3 3 3 3 3 3 3 3 3 3 3 3 3 3 3 3 3 3 3 3 3 3 3,20429173885623952580211370141246164512,20429173885623952580211370141246164512,9141234481114537008631493518277703404,1.0,2.234837529638901,2.234837529638901,679195,8250076
32,1,20,0.05,even_odd,13,0xa28deb8,2,1.0,32,3 3 3 3 3 3 3 3 3 3 3 3 3 3 3 3 3 3 3 3 3 3 3 3 3 3 3 3 3 3 3 3,20429173885623952580211370141246164512,20429173885623952580211370141246164512,9141234481114537008631493518277703404,1.0,2.234837529638901,2.234837529638901,665603,8238793
32,1,20,0.05,forward,13,0xa28deb8,3,0.0,0,3 3 3 3 3 3 3 3 3 3 3 3 3 3 3 3 3 3 3 3 3 3 3 3 3 3 3 3 3 3 3 3,20429173885623952580211370141246164512,20429173885623952580211370141246164512,9141234481114537008631493518277703404,1.0,2.234837529638901,2.234837529638901,680049,8364897
32,1,20,0.05,even_odd,13,0xa28deb8,3,0.0,0,3 3 3 3 3 3 3 3 3 3 3 3 3 3 3 3 3 3 3 3 3 3 3 3 3 3 3 3 3 3 3 3,20429173885623952580211370141246164512,20429173885623952580211370141246164512,9141234481114537008631493518277703404,1.0,2.234837529638901,2.234837529638901,663109,8202157
32,1,20,0.05,forward,13,0xa28deb8,3,0.25,8,4 4 4 4 4 4 4 4 3 3 3 3 3 3 3 3 3 3 3 3 3 3 3 3 3 3 3 3 3 3 3 3,15590685333765648021740256160424704496,15590685333765648021740256160424704496,7866288098626766666330658957783607724,1.0,1.981962157791722,1.981962157791722,665855,8092683
32,1,20,0.05,even_odd,13,0xa28deb8,3,0.25,8,4 3 4 3 4 3 4 3 4 3 4 3 4 3 4 3 3 3 3 3 3 3 3 3 3 3 3 3 3 3 3 3,15590685333765648021740256160424704496,12566629988854207672695809922411291986,7769193344012361781491734143647585230,1.2406417112299466,2.0067315412842994,1.6174948199145,658068,8153932
32,1,20,0.05,forward,13,0xa28deb8,3,0.5,16,4 4 4 4 4 4 4 4 4 4 4 4 4 4 4 4 3 3 3 3 3 3 3 3 3 3 3 3 3 3 3 3,10752196781907343463269142179603244480,10752196781907343463269142179603244480,7769193344012361781491734143647585230,1.0,1.3839527870926205,1.3839527870926205,653747,8189711
32,1,20,0.05,even_odd,13,0xa28deb8,3,0.5,16,4 3 4 3 4 3 4 3 4 3 4 3 4 3 4 3 4 3 4 3 4 3 4 3 4 3 4 3 4 3 4 3,10752196781907343463269142179603244480,4099275023102174695371360455973736958,1586503837523794600956849904894547462,2.622950819672131,6.777290119064134,2.583841857893201,675071,8176165
32,1,20,0.05,forward,13,0xa28deb8,3,0.75,24,4 4 4 4 4 4 4 4 4 4 4 4 4 4 4 4 4 4 4 4 4 4 4 4 3 3 3 3 3 3 3 3,5913708230049038904798028198781784464,5913708230049038904798028198781784464,4007507542763024461508874835597166342,1.0,1.4756574172214187,1.4756574172214187,648249,8136141
32,1,20,0.05,even_odd,13,0xa28deb8,3,0.75,24,4 4 4 4 4 4 4 4 4 4 4 4 4 4 4 4 4 3 4 3 4 3 4 3 4 3 4 3 4 3 4 3,5913708230049038904798028198781784464,3494463954119886625562471208371054456,1551145340180849410799679658527741596,1.6923076923076923,3.812478480810544,2.2528281932062306,652671,8145409
32,1,20,0.05,forward,13,0xa28deb8,3,1.0,32,4 4 4 4 4 4 4 4 4 4 4 4 4 4 4 4 4 4 4 4 4 4 4 4 4 4 4 4 4 4 4 4,1075219678190734346326914217960324448,1075219678190734346326914217960324448,548328604614897285548449599329515814,1.0,1.960903861555579,1.960903861555579,660149,8139513
32,1,20,0.05,even_odd,13,0xa28deb8,3,1.0,32,4 4 4 4 4 4 4 4 4 4 4 4 4 4 4 4 4 4 4 4 4 4 4 4 4 4 4 4 4 4 4 4,1075219678190734346326914217960324448,1075219678190734346326914217960324448,548328604614897285548449599329515814,1.0,1.960903861555579,1.960903861555579,683802,8130898
