trial_id	dedup_status	dedup_complete	dedup_decoded	dedup_ties	dedup_score	dedup_bound	dedup_stop_shell	dedup_generated_attempts	dedup_q_disc	dedup_q_membership	dedup_q_score	dedup_global_duplicates	dedup_total_ns	dedup_ml_error	history_status	history_complete	history_decoded	history_ties	history_score	history_bound	history_stop_shell	history_generated_attempts	history_q_disc	history_q_membership	history_q_score	history_global_duplicates	history_total_ns	history_ml_error	bestpath_shell	bestpath_decoded	bestpath_ties	bestpath_selected_disagreement	bestpath_strict_disjoint	exhaustive_status	exhaustive_complete	exhaustive_decoded	exhaustive_ties	exhaustive_score	exhaustive_evaluated	exhaustive_nodes	exhaustive_total_ns	exhaustive_ml_error	branch_status	branch_complete	branch_decoded	branch_ties	branch_score	branch_evaluated	branch_nodes	branch_total_ns	branch_ml_error
0	CERTIFIED	1	0x21db	0x21db	31336241733184945120	12784106972526145936	0	17	17	17	1	0	18656388	0	CERTIFIED	1	0x21db	0x21db	31336241733184945120	12784106972526145936	0	32	17	17	1	15	17601991	0	0	0x21db	0x21db	0	0	COMPLETE	1	0x21db	0x21db	31336241733184945120	2048	0	1382737	0	COMPLETE	1	0x21db	0x21db	31336241733184945120	0	57	40994	0
1	CERTIFIED	1	0x195a	0x195a	17713398748541801542	12784106972526145936	0	17	17	17	1	0	858899	0	CERTIFIED	1	0x195a	0x195a	17713398748541801542	12784106972526145936	0	32	17	17	1	15	1471389	0	0	0x195a	0x195a	0	0	COMPLETE	1	0x195a	0x195a	17713398748541801542	2048	0	480220	0	COMPLETE	1	0x195a	0x195a	17713398748541801542	0	67	34814	0
2	CERTIFIED	1	0xb5da	0xb5da	47272342097011974676	12784106972526145936	0	17	17	17	1	0	1384682	1	CERTIFIED	1	0xb5da	0xb5da	47272342097011974676	12784106972526145936	0	32	17	17	1	15	939440	1	0	0xb5da	0xb5da	0	0	COMPLETE	1	0xb5da	0xb5da	47272342097011974676	2048	0	457762	1	COMPLETE	1	0xb5da	0xb5da	47272342097011974676	0	33	18058	1
3	CERTIFIED	1	0x3a2b	0x3a2b	18552128918313113080	12784106972526145936	0	17	17	17	2	0	855504	0	CERTIFIED	1	0x3a2b	0x3a2b	18552128918313113080	12784106972526145936	0	32	17	17	2	15	846407	0	0	0x3a2b	0x3a2b,0x5c2b	0	0	COMPLETE	1	0x3a2b	0x3a2b	18552128918313113080	2048	0	629453	0	COMPLETE	1	0x3a2b	0x3a2b	18552128918313113080	0	77	32893	0
4	CERTIFIED	1	0xaf4a	0xaf4a	17667152116653080338	12784106972526145936	0	17	17	17	1	0	1211694	0	CERTIFIED	1	0xaf4a	0xaf4a	17667152116653080338	12784106972526145936	0	32	17	17	1	15	1000372	0	0	0xaf4a	0xaf4a	0	0	COMPLETE	1	0xaf4a	0xaf4a	17667152116653080338	2048	0	464948	0	COMPLETE	1	0xaf4a	0xaf4a	17667152116653080338	0	125	48560	0
5	CERTIFIED	1	0xd341	0xd341	4081598294867317222	672847735396112944	1	272	233	233	11	39	1095774	1	CERTIFIED	1	0xd341	0xd341	4081598294867317222	672847735396112944	1	512	233	233	11	279	919661	1	1	0x4da1	0x4da1,0x5aa1,0x69a1,0xcd21,0xcda3,0xd341,0xd9a0,0xda21,0xdaa3,0xdb29,0xdb62	1	0	COMPLETE	1	0xd341	0xd341	4081598294867317222	2048	0	1102909	1	COMPLETE	1	0xd341	0xd341	4081598294867317222	0	115	45605	1
6	CERTIFIED	1	0xea7	0xea7	49582810537374645880	12784106972526145936	0	17	17	17	1	0	846993	0	CERTIFIED	1	0xea7	0xea7	49582810537374645880	12784106972526145936	0	32	17	17	1	15	871327	0	0	0xea7	0xea7	0	0	COMPLETE	1	0xea7	0xea7	49582810537374645880	2048	0	484030	0	COMPLETE	1	0xea7	0xea7	49582810537374645880	0	35	16068	0
7	CERTIFIED	1	0x37c2	0x37c2	4212287761759599040	672847735396112944	1	272	230	230	8	42	948239	1	CERTIFIED	1	0x37c2	0x37c2	4212287761759599040	672847735396112944	1	512	230	230	8	282	977873	1	1	0x31a2	0x31a2,0x3242,0x338d,0x338e,0x37c2,0x51c2,0x7385,0x7386	1	0	COMPLETE	1	0x37c2	0x37c2	4212287761759599040	2048	0	448973	1	COMPLETE	1	0x37c2	0x37c2	4212287761759599040	0	171	59741	1
8	CERTIFIED	1	0xe639	0xe639	2616604195371795178	672847735396112944	1	272	231	231	6	41	953217	1	CERTIFIED	1	0xe639	0xe639	2616604195371795178	672847735396112944	1	512	231	231	6	281	870454	1	1	0xb539	0xb539,0xe639,0xe659,0xe669,0xe93b,0xe9b9	1	0	COMPLETE	1	0xe639	0xe639	2616604195371795178	2048	0	426114	1	COMPLETE	1	0xe639	0xe639	2616604195371795178	0	221	137258	1
9	CERTIFIED	1	0xb7b9	0xb7b9	20068365482756936026	12784106972526145936	0	17	17	17	1	0	862686	0	CERTIFIED	1	0xb7b9	0xb7b9	20068365482756936026	12784106972526145936	0	32	17	17	1	15	1009074	0	0	0xb7b9	0xb7b9	0	0	COMPLETE	1	0xb7b9	0xb7b9	20068365482756936026	2048	0	478627	0	COMPLETE	1	0xb7b9	0xb7b9	20068365482756936026	0	77	30747	0
10	CERTIFIED	1	0xb884	0xb884	18505998775789418356	12784106972526145936	0	17	17	17	1	0	879394	0	CERTIFIED	1	0xb884	0xb884	18505998775789418356	12784106972526145936	0	32	17	17	1	15	849898	0	0	0xb884	0xb884	0	0	COMPLETE	1	0xb884	0xb884	18505998775789418356	2048	0	483509	0	COMPLETE	1	0xb884	0xb884	18505998775789418356	0	67	25188	0
11	CERTIFIED	1	0x6d5f	0x6d5f	76749031419057102814	12784106972526145936	0	17	17	17	1	0	925105	0	CERTIFIED	1	0x6d5f	0x6d5f	76749031419057102814	12784106972526145936	0	32	17	17	1	15	1185887	0	0	0x6d5f	0x6d5f	0	0	COMPLETE	1	0x6d5f	0x6d5f	76749031419057102814	2048	0	485411	0	COMPLETE	1	0x6d5f	0x6d5f	76749031419057102814	0	83	31309	0
12	CERTIFIED	1	0xceb3	0xceb3	18512411225719682644	12784106972526145936	0	17	17	17	1	0	881959	1	CERTIFIED	1	0xceb3	0xceb3	18512411225719682644	12784106972526145936	0	32	17	17	1	15	903122	1	0	0xceb3	0xceb3	0	0	COMPLETE	1	0xceb3	0xceb3	18512411225719682644	2048	0	1130470	1	COMPLETE	1	0xceb3	0xceb3	18512411225719682644	0	67	25615	1
13	CERTIFIED	1	0x66d	0x66d	17624873556612640978	12784106972526145936	0	17	17	17	1	0	888729	0	CERTIFIED	1	0x66d	0x66d	17624873556612640978	12784106972526145936	0	32	17	17	1	15	1610249	0	0	0x66d	0x66d	0	0	COMPLETE	1	0x66d	0x66d	17624873556612640978	2048	0	516848	0	COMPLETE	1	0x66d	0x66d	17624873556612640978	0	109	43522	0
14	CERTIFIED	1	0xfe4a	0xfe4a	107912505154986162556	12784106972526145936	0	17	17	17	1	0	868272	0	CERTIFIED	1	0xfe4a	0xfe4a	107912505154986162556	12784106972526145936	0	32	17	17	1	15	870519	0	0	0xfe4a	0xfe4a	0	0	COMPLETE	1	0xfe4a	0xfe4a	107912505154986162556	2048	0	492940	0	COMPLETE	1	0xfe4a	0xfe4a	107912505154986162556	0	23	11875	0
15	CERTIFIED	1	0x6197	0x6197	3492745825744073680	672847735396112944	1	272	228	228	8	44	873458	1	CERTIFIED	1	0x6197	0x6197	3492745825744073680	672847735396112944	1	512	228	228	8	284	882435	1	1	0x4129	0x4129,0x412a,0x48b7,0x5117,0x512f,0x5497,0x6197,0xc137	1	0	COMPLETE	1	0x6197	0x6197	3492745825744073680	2048	0	453184	1	COMPLETE	1	0x6197	0x6197	3492745825744073680	0	183	64439	1
16	CERTIFIED	1	0x9d88	0x9d88	48115492137163328218	12784106972526145936	0	17	17	17	1	0	876648	0	CERTIFIED	1	0x9d88	0x9d88	48115492137163328218	12784106972526145936	0	32	17	17	1	15	880960	0	0	0x9d88	0x9d88	0	0	COMPLETE	1	0x9d88	0x9d88	48115492137163328218	2048	0	471425	0	COMPLETE	1	0x9d88	0x9d88	48115492137163328218	0	55	23865	0
17	CERTIFIED	1	0xdc13	0xdc13,0xf813	5051017625826775840	672847735396112944	1	272	219	219	8	53	1057145	1	CERTIFIED	1	0xdc13	0xdc13,0xf813	5051017625826775840	672847735396112944	1	512	219	219	8	293	896729	1	1	0xbd13	0xbd13,0xdc13,0xde53,0xee1b,0xef13,0xf813,0xfa53,0xfc2a	1	0	COMPLETE	1	0xdc13	0xdc13,0xf813	5051017625826775840	2048	0	423466	1	COMPLETE	1	0xdc13	0xdc13,0xf813	5051017625826775840	0	103	39084	1
18	CERTIFIED	1	0x46af	0x46af	33646937311719726658	12784106972526145936	0	17	17	17	2	0	846232	0	CERTIFIED	1	0x46af	0x46af	33646937311719726658	12784106972526145936	0	32	17	17	2	15	1063421	0	0	0x22af	0x22af,0x46af	1	0	COMPLETE	1	0x46af	0x46af	33646937311719726658	2048	0	530744	0	COMPLETE	1	0x46af	0x46af	33646937311719726658	0	39	17020	0
19	CERTIFIED	1	0xff53	0xff53	6436443085312073848	672847735396112944	1	272	225	225	8	47	949910	1	CERTIFIED	1	0xff53	0xff53	6436443085312073848	672847735396112944	1	512	225	225	8	287	862966	1	1	0x6f73	0x6f73,0x7353,0x76d3,0x7e57,0x7fa3,0xbf5b,0xfea7,0xff53	1	0	COMPLETE	1	0xff53	0xff53	6436443085312073848	2048	0	412057	1	COMPLETE	1	0xff53	0xff53	6436443085312073848	0	167	1360761	1
20	CERTIFIED	1	0x3b71	0x3b71	48027088615479793378	12784106972526145936	0	17	17	17	1	0	1073749	0	CERTIFIED	1	0x3b71	0x3b71	48027088615479793378	12784106972526145936	0	32	17	17	1	15	888295	0	0	0x3b71	0x3b71	0	0	COMPLETE	1	0x3b71	0x3b71	48027088615479793378	2048	0	433097	0	COMPLETE	1	0x3b71	0x3b71	48027088615479793378	0	37	15271	0
21	CERTIFIED	1	0xda6a	0xda6a	932290580536615618	672847735396112944	1	272	236	236	5	36	1429809	1	CERTIFIED	1	0xda6a	0xda6a	932290580536615618	672847735396112944	1	512	236	236	5	276	918375	1	1	0x553a	0x553a,0xc2ba,0xd538,0xd5ba,0xda6a	1	0	COMPLETE	1	0xda6a	0xda6a	932290580536615618	2048	0	464782	1	COMPLETE	1	0xda6a	0xda6a	932290580536615618	0	303	106438	1
22	CERTIFIED	1	0x4cbe	0x4cbe	4170124741792399342	672847735396112944	1	272	233	233	11	39	984174	0	CERTIFIED	1	0x4cbe	0x4cbe	4170124741792399342	672847735396112944	1	512	233	233	11	279	904572	0	1	0xd5e	0xd5e,0xdb6,0x45be,0x469e,0x46ce,0x4cbe,0x4cdf,0x4f9e,0x565e,0x5dba,0xa4de	1	0	COMPLETE	1	0x4cbe	0x4cbe	4170124741792399342	2048	0	479104	0	COMPLETE	1	0x4cbe	0x4cbe	4170124741792399342	0	161	59093	0
23	CERTIFIED	1	0xcb49	0xcb49	17748701445931654480	12784106972526145936	0	17	17	17	1	0	918247	0	CERTIFIED	1	0xcb49	0xcb49	17748701445931654480	12784106972526145936	0	32	17	17	1	15	935133	0	0	0xcb49	0xcb49	0	0	COMPLETE	1	0xcb49	0xcb49	17748701445931654480	2048	0	457622	0	COMPLETE	1	0xcb49	0xcb49	17748701445931654480	0	77	49215	0
24	CERTIFIED	1	0x638	0x638	36887106441156639226	12784106972526145936	0	17	17	17	1	0	876025	0	CERTIFIED	1	0x638	0x638	36887106441156639226	12784106972526145936	0	32	17	17	1	15	873577	0	0	0x638	0x638	0	0	COMPLETE	1	0x638	0x638	36887106441156639226	2048	0	471194	0	COMPLETE	1	0x638	0x638	36887106441156639226	0	41	16752	0
25	CERTIFIED	1	0x69ea	0x69ea	34448272834617481822	12784106972526145936	0	17	17	17	2	0	1066624	0	CERTIFIED	1	0x69ea	0x69ea	34448272834617481822	12784106972526145936	0	32	17	17	2	15	1141006	0	0	0x69ea	0x69ea,0x6baa	0	0	COMPLETE	1	0x69ea	0x69ea	34448272834617481822	2048	0	426026	0	COMPLETE	1	0x69ea	0x69ea	34448272834617481822	0	31	15834	0
26	CERTIFIED	1	0x60b6	0x60b6	78391316878564401898	12784106972526145936	0	17	17	17	1	0	885518	0	CERTIFIED	1	0x60b6	0x60b6	78391316878564401898	12784106972526145936	0	32	17	17	1	15	914834	0	0	0x60b6	0x60b6	0	0	COMPLETE	1	0x60b6	0x60b6	78391316878564401898	2048	0	472771	0	COMPLETE	1	0x60b6	0x60b6	78391316878564401898	0	23	10284	0
27	CERTIFIED	1	0x801d	0x801d	8160608596855833826	672847735396112944	1	272	204	204	9	68	869404	0	CERTIFIED	1	0x801d	0x801d	8160608596855833826	672847735396112944	1	512	204	204	9	308	1323924	0	1	0x119	0x119,0x801d,0x8025,0x8209,0x8231,0x8232,0x8899,0x9018,0x901b	1	0	COMPLETE	1	0x801d	0x801d	8160608596855833826	2048	0	409095	0	COMPLETE	1	0x801d	0x801d	8160608596855833826	0	195	67068	0
28	CERTIFIED	1	0x5d2e	0x5d2e	47187997681803282538	12784106972526145936	0	17	17	17	1	0	841311	0	CERTIFIED	1	0x5d2e	0x5d2e	47187997681803282538	12784106972526145936	0	32	17	17	1	15	844384	0	0	0x5d2e	0x5d2e	0	0	COMPLETE	1	0x5d2e	0x5d2e	47187997681803282538	2048	0	429428	0	COMPLETE	1	0x5d2e	0x5d2e	47187997681803282538	0	93	112043	0
29	CERTIFIED	1	0xfd7d	0xfd7d	77590666744336729330	12784106972526145936	0	17	17	17	1	0	851295	0	CERTIFIED	1	0xfd7d	0xfd7d	77590666744336729330	12784106972526145936	0	32	17	17	1	15	882911	0	0	0xfd7d	0xfd7d	0	0	COMPLETE	1	0xfd7d	0xfd7d	77590666744336729330	2048	0	467605	0	COMPLETE	1	0xfd7d	0xfd7d	77590666744336729330	0	39	17081	0
30	CERTIFIED	1	0xb10d	0xb10d	16071021305116154782	12784106972526145936	0	17	17	17	1	0	867992	1	CERTIFIED	1	0xb10d	0xb10d	16071021305116154782	12784106972526145936	0	32	17	17	1	15	910800	1	0	0xb10d	0xb10d	0	0	COMPLETE	1	0xb10d	0xb10d	16071021305116154782	2048	0	476693	1	COMPLETE	1	0xb10d	0xb10d	16071021305116154782	0	89	31884	1
31	CERTIFIED	1	0x93c0	0x93c0	94369347315807960796	12784106972526145936	0	17	17	17	1	0	911975	0	CERTIFIED	1	0x93c0	0x93c0	94369347315807960796	12784106972526145936	0	32	17	17	1	15	905249	0	0	0x93c0	0x93c0	0	0	COMPLETE	1	0x93c0	0x93c0	94369347315807960796	2048	0	475907	0	COMPLETE	1	0x93c0	0x93c0	94369347315807960796	0	49	23266	0
32	CERTIFIED	1	0x66b6	0x66b6	18463602487477722262	12784106972526145936	0	17	17	17	2	0	939282	0	CERTIFIED	1	0x66b6	0x66b6	18463602487477722262	12784106972526145936	0	32	17	17	2	15	729112	0	0	0x66b6	0x66b6,0x66bd	0	0	COMPLETE	1	0x66b6	0x66b6	18463602487477722262	2048	0	321726	0	COMPLETE	1	0x66b6	0x66b6	18463602487477722262	0	127	111732	0
33	CERTIFIED	1	0x501f	0x501f	81543070869560659582	12784106972526145936	0	17	17	17	1	0	665253	0	CERTIFIED	1	0x501f	0x501f	81543070869560659582	12784106972526145936	0	32	17	17	1	15	698089	0	0	0x501f	0x501f	0	0	COMPLETE	1	0x501f	0x501f	81543070869560659582	2048	0	368819	0	COMPLETE	1	0x501f	0x501f	81543070869560659582	0	77	23220	0
34	CERTIFIED	1	0x55a7	0x55a7	33604883378121333022	12784106972526145936	0	17	17	17	2	0	1845994	0	CERTIFIED	1	0x55a7	0x55a7	33604883378121333022	12784106972526145936	0	32	17	17	2	15	694267	0	0	0x55a7	0x55a7,0x56d7	0	0	COMPLETE	1	0x55a7	0x55a7	33604883378121333022	2048	0	363355	0	COMPLETE	1	0x55a7	0x55a7	33604883378121333022	0	51	14511	0
35	CERTIFIED	1	0x7727	0x7727	33697836133041199444	12784106972526145936	0	17	17	17	1	0	698258	1	CERTIFIED	1	0x7727	0x7727	33697836133041199444	12784106972526145936	0	32	17	17	1	15	681976	1	0	0x7727	0x7727	0	0	COMPLETE	1	0x7727	0x7727	33697836133041199444	2048	0	372597	1	COMPLETE	1	0x7727	0x7727	33697836133041199444	0	53	36511	1
36	CERTIFIED	1	0xc168	0xc168	34401793272267781564	12784106972526145936	0	17	17	17	1	0	1390931	0	CERTIFIED	1	0xc168	0xc168	34401793272267781564	12784106972526145936	0	32	17	17	1	15	738694	0	0	0xc168	0xc168	0	0	COMPLETE	1	0xc168	0xc168	34401793272267781564	2048	0	386681	0	COMPLETE	1	0xc168	0xc168	34401793272267781564	0	45	13543	0
37	CERTIFIED	1	0xc886	0xc886	20907205706016753244	12784106972526145936	0	17	17	17	1	0	715161	1	CERTIFIED	1	0xc886	0xc886	20907205706016753244	12784106972526145936	0	32	17	17	1	15	881831	1	0	0xc886	0xc886	0	0	COMPLETE	1	0xc886	0xc886	20907205706016753244	2048	0	367889	1	COMPLETE	1	0xc886	0xc886	20907205706016753244	0	55	16622	1
38	CERTIFIED	1	0x8bf6	0x8bf6	4885258118480868004	672847735396112944	1	272	236	236	9	36	697010	1	CERTIFIED	1	0x8bf6	0x8bf6	4885258118480868004	672847735396112944	1	512	236	236	9	276	705535	1	1	0xb6d	0xb6d,0xdb6,0x45be,0x8b4e,0x8ba6,0x8bf6,0x9b36,0x9b66,0xcb6a	1	0	COMPLETE	1	0x8bf6	0x8bf6	4885258118480868004	2048	0	329695	1	COMPLETE	1	0x8bf6	0x8bf6	4885258118480868004	0	151	39462	1
39	CERTIFIED	1	0xb822	0xb822	4172337734023767724	672847735396112944	1	272	233	233	5	39	666793	1	CERTIFIED	1	0xb822	0xb822	4172337734023767724	672847735396112944	1	512	233	233	5	279	688218	1	1	0x3422	0x3422,0x88a2,0xa402,0xa8ca,0xb822	1	0	COMPLETE	1	0xb822	0xb822	4172337734023767724	2048	0	351852	1	COMPLETE	1	0xb822	0xb822	4172337734023767724	0	171	44777	1
40	CERTIFIED	1	0x3d49	0x3d49	32090994671439593320	12784106972526145936	0	17	17	17	2	0	680873	1	CERTIFIED	1	0x3d49	0x3d49	32090994671439593320	12784106972526145936	0	32	17	17	2	15	696749	1	0	0x3d29	0x3d29,0x3d49	1	0	COMPLETE	1	0x3d49	0x3d49	32090994671439593320	2048	0	326278	1	COMPLETE	1	0x3d49	0x3d49	32090994671439593320	0	75	21430	1
41	CERTIFIED	1	0x62de	0x62de	20061848482012591342	12784106972526145936	0	17	17	17	1	0	689161	0	CERTIFIED	1	0x62de	0x62de	20061848482012591342	12784106972526145936	0	32	17	17	1	15	684070	0	0	0x62de	0x62de	0	0	COMPLETE	1	0x62de	0x62de	20061848482012591342	2048	0	334630	0	COMPLETE	1	0x62de	0x62de	20061848482012591342	0	57	18472	0
42	CERTIFIED	1	0x8a5	0x8a5	61652010355212946894	12784106972526145936	0	17	17	17	2	0	906650	0	CERTIFIED	1	0x8a5	0x8a5	61652010355212946894	12784106972526145936	0	32	17	17	2	15	723542	0	0	0x8a5	0x8a5,0x1165	0	0	COMPLETE	1	0x8a5	0x8a5	61652010355212946894	2048	0	334606	0	COMPLETE	1	0x8a5	0x8a5	61652010355212946894	0	23	8833	0
43	CERTIFIED	1	0x8026	0x8026	32821363425090999688	12784106972526145936	0	17	17	17	2	0	664494	0	CERTIFIED	1	0x8026	0x8026	32821363425090999688	12784106972526145936	0	32	17	17	2	15	923021	0	0	0x8025	0x8025,0x8026	1	0	COMPLETE	1	0x8026	0x8026	32821363425090999688	2048	0	342194	0	COMPLETE	1	0x8026	0x8026	32821363425090999688	0	121	32179	0
44	CERTIFIED	1	0x418c	0x418c	20066158298904127666	12784106972526145936	0	17	17	17	1	0	653227	1	CERTIFIED	1	0x418c	0x418c	20066158298904127666	12784106972526145936	0	32	17	17	1	15	970517	1	0	0x418c	0x418c	0	0	COMPLETE	1	0x418c	0x418c	20066158298904127666	2048	0	408860	1	COMPLETE	1	0x418c	0x418c	20066158298904127666	0	67	23377	1
45	CERTIFIED	1	0xae75	0xae75	1855003790203150516	672847735396112944	1	272	237	237	8	35	666104	1	CERTIFIED	1	0xae75	0xae75	1855003790203150516	672847735396112944	1	512	237	237	8	275	707029	1	1	0x86ed	0x86ed,0xa2ed,0xa555,0xa6d4,0xae75,0xd355,0xe6e5,0xeb75	1	0	COMPLETE	1	0xae75	0xae75	1855003790203150516	2048	0	315827	1	COMPLETE	1	0xae75	0xae75	1855003790203150516	0	167	46305	1
46	CERTIFIED	1	0x928e	0x928e	48783803241077364022	12784106972526145936	0	17	17	17	2	0	699931	1	CERTIFIED	1	0x928e	0x928e	48783803241077364022	12784106972526145936	0	32	17	17	2	15	656265	1	0	0x9146	0x9146,0x928e	1	0	COMPLETE	1	0x928e	0x928e	48783803241077364022	2048	0	655090	1	COMPLETE	1	0x928e	0x928e	48783803241077364022	0	41	13527	1
47	CERTIFIED	1	0xea00	0xea00	7235450059815529666	672847735396112944	1	272	228	228	7	44	1477666	0	CERTIFIED	1	0xea00	0xea00	7235450059815529666	672847735396112944	1	512	228	228	7	284	663834	0	1	0x6b04	0x6b04,0xaa08,0xb404,0xe284,0xe704,0xe814,0xea00	1	0	COMPLETE	1	0xea00	0xea00	7235450059815529666	2048	0	324678	0	COMPLETE	1	0xea00	0xea00	7235450059815529666	0	237	59107	0
48	CERTIFIED	1	0xe877	0xe877	3369364248372086356	672847735396112944	1	272	231	231	3	41	708519	1	CERTIFIED	1	0xe877	0xe877	3369364248372086356	672847735396112944	1	512	231	231	3	281	711410	1	1	0xc677	0xc677,0xe877,0xee7f	1	0	COMPLETE	1	0xe877	0xe877	3369364248372086356	2048	0	322425	1	COMPLETE	1	0xe877	0xe877	3369364248372086356	0	181	47316	1
49	CERTIFIED	1	0xdc58	0xdc58	2572001656409386240	672847735396112944	1	272	236	236	9	36	719719	1	CERTIFIED	1	0xdc58	0xdc58	2572001656409386240	672847735396112944	1	512	236	236	9	276	670530	1	1	0x9958	0x9958,0xbd58,0xcb58,0xd8a8,0xdae8,0xdc58,0xdd50,0xed18,0xef58	1	0	COMPLETE	1	0xdc58	0xdc58	2572001656409386240	2048	0	333027	1	COMPLETE	1	0xdc58	0xdc58	2572001656409386240	0	147	42097	1
50	CERTIFIED	1	0xd9c7	0xd9c7	34536565997108376244	12784106972526145936	0	17	17	17	1	0	658170	0	CERTIFIED	1	0xd9c7	0xd9c7	34536565997108376244	12784106972526145936	0	32	17	17	1	15	682582	0	0	0xd9c7	0xd9c7	0	0	COMPLETE	1	0xd9c7	0xd9c7	34536565997108376244	2048	0	389000	0	COMPLETE	1	0xd9c7	0xd9c7	34536565997108376244	0	33	13209	0
51	CERTIFIED	1	0x41c4	0x41c4	6608958348331556746	672847735396112944	1	272	228	228	8	44	815056	1	CERTIFIED	1	0x41c4	0x41c4	6608958348331556746	672847735396112944	1	512	228	228	8	284	696266	1	1	0x21a4	0x21a4,0x41c4,0x42c9,0x42ca,0x43d0,0x43e8,0x47a4,0xd1e4	1	0	COMPLETE	1	0x41c4	0x41c4	6608958348331556746	2048	0	342742	1	COMPLETE	1	0x41c4	0x41c4	6608958348331556746	0	171	46081	1
52	CERTIFIED	1	0x61a9	0x61a9	34488002143968032302	12784106972526145936	0	17	17	17	1	0	728111	0	CERTIFIED	1	0x61a9	0x61a9	34488002143968032302	12784106972526145936	0	32	17	17	1	15	719494	0	0	0x61a9	0x61a9	0	0	COMPLETE	1	0x61a9	0x61a9	34488002143968032302	2048	0	380260	0	COMPLETE	1	0x61a9	0x61a9	34488002143968032302	0	47	17566	0
53	CERTIFIED	1	0xb35d	0xb35d	18421549504062511084	12784106972526145936	0	17	17	17	1	0	655523	0	CERTIFIED	1	0xb35d	0xb35d	18421549504062511084	12784106972526145936	0	32	17	17	1	15	661122	0	0	0xb35d	0xb35d	0	0	COMPLETE	1	0xb35d	0xb35d	18421549504062511084	2048	0	404688	0	COMPLETE	1	0xb35d	0xb35d	18421549504062511084	0	137	45469	0
54	CERTIFIED	1	0xc22	0xc22	47356551969375173632	12784106972526145936	0	17	17	17	1	0	1004030	0	CERTIFIED	1	0xc22	0xc22	47356551969375173632	12784106972526145936	0	32	17	17	1	15	745773	0	0	0xc22	0xc22	0	0	COMPLETE	1	0xc22	0xc22	47356551969375173632	2048	0	346771	0	COMPLETE	1	0xc22	0xc22	47356551969375173632	0	65	20422	0
55	CERTIFIED	1	0xcb9c	0xcb9c	32850143329447639222	12784106972526145936	0	17	17	17	2	0	655290	1	CERTIFIED	1	0xcb9c	0xcb9c	32850143329447639222	12784106972526145936	0	32	17	17	2	15	693294	1	0	0xa5ce	0xa5ce,0xcb9c	1	0	COMPLETE	1	0xcb9c	0xcb9c	32850143329447639222	2048	0	344405	1	COMPLETE	1	0xcb9c	0xcb9c	32850143329447639222	0	91	111072	1
56	CERTIFIED	1	0x14e4	0x14e4	33728829641037476836	12784106972526145936	0	17	17	17	3	0	651571	1	CERTIFIED	1	0x14e4	0x14e4	33728829641037476836	12784106972526145936	0	32	17	17	3	15	659010	1	0	0x14b4	0x14b4,0x14d4,0x14e4	1	0	COMPLETE	1	0x14e4	0x14e4	33728829641037476836	2048	0	403057	1	COMPLETE	1	0x14e4	0x14e4	33728829641037476836	0	77	35989	1
57	CERTIFIED	1	0x195a	0x195a	32929828458822889738	12784106972526145936	0	17	17	17	1	0	710654	0	CERTIFIED	1	0x195a	0x195a	32929828458822889738	12784106972526145936	0	32	17	17	1	15	683486	0	0	0x195a	0x195a	0	0	COMPLETE	1	0x195a	0x195a	32929828458822889738	2048	0	357638	0	COMPLETE	1	0x195a	0x195a	32929828458822889738	0	35	12842	0
58	CERTIFIED	1	0x8560	0x8560	4081475723598978586	672847735396112944	1	272	234	234	5	38	842449	1	CERTIFIED	1	0x8560	0x8560	4081475723598978586	672847735396112944	1	512	234	234	5	278	671777	1	1	0x572	0x572,0x8530,0x8560,0x8a32,0xc2b3	1	0	COMPLETE	1	0x8560	0x8560	4081475723598978586	2048	0	569413	1	COMPLETE	1	0x8560	0x8560	4081475723598978586	0	195	51530	1
59	CERTIFIED	1	0xfd92	0xfd92	32091006288196713364	12784106972526145936	0	17	17	17	2	0	724094	1	CERTIFIED	1	0xfd92	0xfd92	32091006288196713364	12784106972526145936	0	32	17	17	2	15	768050	1	0	0xfd92	0xfd92,0xfdaa	0	0	COMPLETE	1	0xfd92	0xfd92	32091006288196713364	2048	0	366788	1	COMPLETE	1	0xfd92	0xfd92	32091006288196713364	0	79	27038	1
60	CERTIFIED	1	0xc91e	0xc91e	4249809887257341160	672847735396112944	1	272	222	222	5	50	675893	1	CERTIFIED	1	0xc91e	0xc91e	4249809887257341160	672847735396112944	1	512	222	222	5	290	676297	1	1	0xc91e	0xc91e,0xc92e,0xc94e,0xd50e,0xe81c	0	0	COMPLETE	1	0xc91e	0xc91e	4249809887257341160	2048	0	343153	1	COMPLETE	1	0xc91e	0xc91e	4249809887257341160	0	209	54072	1
61	CERTIFIED	1	0xb438	0xb438	2532394323008596222	672847735396112944	1	272	231	231	13	41	721749	0	CERTIFIED	1	0xb438	0xb438	2532394323008596222	672847735396112944	1	512	231	231	13	281	687321	0	1	0x251c	0x251c,0x321c,0x5214,0x531c,0xa45d,0xa494,0xa51e,0xa59c,0xa61d,0xb21e,0xb29c,0xb42c,0xb438	1	0	COMPLETE	1	0xb438	0xb438	2532394323008596222	2048	0	316846	0	COMPLETE	1	0xb438	0xb438	2532394323008596222	0	163	46235	0
62	CERTIFIED	1	0xb9f8	0xb9f8	50428289737328568244	12784106972526145936	0	17	17	17	1	0	697110	0	CERTIFIED	1	0xb9f8	0xb9f8	50428289737328568244	12784106972526145936	0	32	17	17	1	15	654624	0	0	0xb9f8	0xb9f8	0	0	COMPLETE	1	0xb9f8	0xb9f8	50428289737328568244	2048	0	339219	0	COMPLETE	1	0xb9f8	0xb9f8	50428289737328568244	0	73	34753	0
63	CERTIFIED	1	0x29cd	0x29cd	48870238655631146920	12784106972526145936	0	17	17	17	1	0	652459	1	CERTIFIED	1	0x29cd	0x29cd	48870238655631146920	12784106972526145936	0	32	17	17	1	15	651898	1	0	0x29cd	0x29cd	0	0	COMPLETE	1	0x29cd	0x29cd	48870238655631146920	2048	0	319721	1	COMPLETE	1	0x29cd	0x29cd	48870238655631146920	0	35	12158	1
64	CERTIFIED	1	0x4901	0x4901	22460842420008557848	12784106972526145936	0	17	17	17	2	0	817395	1	CERTIFIED	1	0x4901	0x4901	22460842420008557848	12784106972526145936	0	32	17	17	2	15	667033	1	0	0x4901	0x4901,0x5401	0	0	COMPLETE	1	0x4901	0x4901	22460842420008557848	4096	0	704585	1	COMPLETE	1	0x4901	0x4901	22460842420008557848	0	123	35960	1
65	CERTIFIED	1	0x6d97	0x6d97	32890448279683901356	12784106972526145936	0	17	17	17	1	0	678851	1	CERTIFIED	1	0x6d97	0x6d97	32890448279683901356	12784106972526145936	0	32	17	17	1	15	676981	1	0	0x6d97	0x6d97	0	0	COMPLETE	1	0x6d97	0x6d97	32890448279683901356	4096	0	659040	1	COMPLETE	1	0x6d97	0x6d97	32890448279683901356	0	55	18506	1
66	CERTIFIED	1	0xebe2	0xebe2	50423875369622951524	12784106972526145936	0	17	17	17	1	0	672830	0	CERTIFIED	1	0xebe2	0xebe2	50423875369622951524	12784106972526145936	0	32	17	17	1	15	663840	0	0	0xebe2	0xebe2	0	0	COMPLETE	1	0xebe2	0xebe2	50423875369622951524	4096	0	690570	0	COMPLETE	1	0xebe2	0xebe2	50423875369622951524	0	113	34251	0
67	CERTIFIED	1	0x5e37	0x5e37	33854987623361154676	12784106972526145936	0	17	17	17	1	0	685206	1	CERTIFIED	1	0x5e37	0x5e37	33854987623361154676	12784106972526145936	0	32	17	17	1	15	651291	1	0	0x5e37	0x5e37	0	0	COMPLETE	1	0x5e37	0x5e37	33854987623361154676	4096	0	663013	1	COMPLETE	1	0x5e37	0x5e37	33854987623361154676	0	87	26655	1
68	CERTIFIED	1	0x8626	0x8626	48199475482762686316	12784106972526145936	0	17	17	17	3	0	677925	1	CERTIFIED	1	0x8626	0x8626	48199475482762686316	12784106972526145936	0	32	17	17	3	15	684218	1	0	0x8626	0x8626,0x8646,0x864a	0	0	COMPLETE	1	0x8626	0x8626	48199475482762686316	4096	0	692760	1	COMPLETE	1	0x8626	0x8626	48199475482762686316	0	51	17483	1
69	CERTIFIED	1	0x9563	0x9563	17753122249513792000	12784106972526145936	0	17	17	17	1	0	720471	0	CERTIFIED	1	0x9563	0x9563	17753122249513792000	12784106972526145936	0	32	17	17	1	15	714629	0	0	0x9563	0x9563	0	0	COMPLETE	1	0x9563	0x9563	17753122249513792000	4096	0	692353	0	COMPLETE	1	0x9563	0x9563	17753122249513792000	0	101	28829	0
70	CERTIFIED	1	0x588	0x588	33660093289158176488	12784106972526145936	0	17	17	17	2	0	946985	1	CERTIFIED	1	0x588	0x588	33660093289158176488	12784106972526145936	0	32	17	17	2	15	747831	1	0	0x548	0x548,0x588	1	0	COMPLETE	1	0x588	0x588	33660093289158176488	4096	0	705796	1	COMPLETE	1	0x588	0x588	33660093289158176488	0	55	17105	1
71	CERTIFIED	1	0x63c5	0x63c5	3499367377302498760	672847735396112944	1	272	229	229	12	43	694868	1	CERTIFIED	1	0x63c5	0x63c5	3499367377302498760	672847735396112944	1	512	229	229	12	283	691602	1	1	0x2347	0x2347,0x31c3,0x35c7,0x61c5,0x628e,0x62c3,0x639d,0x63c5,0x64c7,0x66c7,0xa1c7,0xb187	1	0	COMPLETE	1	0x63c5	0x63c5	3499367377302498760	4096	0	642446	1	COMPLETE	1	0x63c5	0x63c5	3499367377302498760	0	253	66280	1
72	CERTIFIED	1	0x7e3c	0x7e3c	8242384758602383564	672847735396112944	1	272	222	222	15	50	674613	1	CERTIFIED	1	0x7e3c	0x7e3c	8242384758602383564	672847735396112944	1	512	222	222	15	290	761832	1	1	0x4e1c	0x4e1c,0x5c39,0x5e1d,0x741c,0x742c,0x7c14,0x7c18,0x7c24,0x7c28,0x7c74,0x7c78,0x7d9c,0x7e0c,0x7e3c,0x7e5c	1	0	COMPLETE	1	0x7e3c	0x7e3c	8242384758602383564	4096	0	659708	1	COMPLETE	1	0x7e3c	0x7e3c	8242384758602383564	0	197	51337	1
73	CERTIFIED	1	0xa061	0xa061	93698473783746859774	12784106972526145936	0	17	17	17	1	0	653687	0	CERTIFIED	1	0xa061	0xa061	93698473783746859774	12784106972526145936	0	32	17	17	1	15	663627	0	0	0xa061	0xa061	0	0	COMPLETE	1	0xa061	0xa061	93698473783746859774	4096	0	696436	0	COMPLETE	1	0xa061	0xa061	93698473783746859774	0	25	8194	0
74	CERTIFIED	1	0x7ae5	0x7ae5	18514618409572491004	12784106972526145936	0	17	17	17	1	0	666195	1	CERTIFIED	1	0x7ae5	0x7ae5	18514618409572491004	12784106972526145936	0	32	17	17	1	15	1327714	1	0	0x7ae5	0x7ae5	0	0	COMPLETE	1	0x7ae5	0x7ae5	18514618409572491004	4096	0	720266	1	COMPLETE	1	0x7ae5	0x7ae5	18514618409572491004	0	87	24128	1
75	CERTIFIED	1	0x213e	0x213e	78353690202252579382	12784106972526145936	0	17	17	17	1	0	680909	0	CERTIFIED	1	0x213e	0x213e	78353690202252579382	12784106972526145936	0	32	17	17	1	15	666738	0	0	0x213e	0x213e	0	0	COMPLETE	1	0x213e	0x213e	78353690202252579382	4096	0	757593	0	COMPLETE	1	0x213e	0x213e	78353690202252579382	0	79	22038	0
76	CERTIFIED	1	0x743b	0x743b	47192656951547032858	12784106972526145936	0	17	17	17	2	0	647712	0	CERTIFIED	1	0x743b	0x743b	47192656951547032858	12784106972526145936	0	32	17	17	2	15	916720	0	0	0x693b	0x693b,0x743b	1	0	COMPLETE	1	0x743b	0x743b	47192656951547032858	4096	0	684919	0	COMPLETE	1	0x743b	0x743b	47192656951547032858	0	37	11184	0
77	CERTIFIED	1	0x4b5a	0x4b5a	17669255377189769080	12784106972526145936	0	17	17	17	1	0	659877	1	CERTIFIED	1	0x4b5a	0x4b5a	17669255377189769080	12784106972526145936	0	32	17	17	1	15	703070	1	0	0x4b5a	0x4b5a	0	0	COMPLETE	1	0x4b5a	0x4b5a	17669255377189769080	4096	0	659098	1	COMPLETE	1	0x4b5a	0x4b5a	17669255377189769080	0	115	30805	1
78	CERTIFIED	1	0x4ea3	0x4ea3	48029069272568760880	12784106972526145936	0	17	17	17	2	0	771420	1	CERTIFIED	1	0x4ea3	0x4ea3	48029069272568760880	12784106972526145936	0	32	17	17	2	15	657865	1	0	0x4d4b	0x4d4b,0x4ea3	1	0	COMPLETE	1	0x4ea3	0x4ea3	48029069272568760880	4096	0	1264543	1	COMPLETE	1	0x4ea3	0x4ea3	48029069272568760880	0	39	12683	1
79	CERTIFIED	1	0x7d51	0x7d51	77548037815178497618	12784106972526145936	0	17	17	17	2	0	664289	1	CERTIFIED	1	0x7d51	0x7d51	77548037815178497618	12784106972526145936	0	32	17	17	2	15	729125	1	0	0x7aa3	0x7aa3,0x7d51	1	0	COMPLETE	1	0x7d51	0x7d51	77548037815178497618	4096	0	655065	1	COMPLETE	1	0x7d51	0x7d51	77548037815178497618	0	25	8170	1
80	CERTIFIED	1	0x8d8e	0x8d8e	47987248946936602480	12784106972526145936	0	17	17	17	3	0	652892	1	CERTIFIED	1	0x8d8e	0x8d8e	47987248946936602480	12784106972526145936	0	32	17	17	3	15	656106	1	0	0x8d8e	0x8d8e,0x9b16,0x9b1a	0	0	COMPLETE	1	0x8d8e	0x8d8e	47987248946936602480	4096	0	709616	1	COMPLETE	1	0x8d8e	0x8d8e	47987248946936602480	0	47	15000	1
81	CERTIFIED	1	0xedc5	0xedc5	48870459374016427756	12784106972526145936	0	17	17	17	2	0	683822	0	CERTIFIED	1	0xedc5	0xedc5	48870459374016427756	12784106972526145936	0	32	17	17	2	15	680441	0	0	0xed8a	0xed8a,0xedc5	1	0	COMPLETE	1	0xedc5	0xedc5	48870459374016427756	4096	0	738829	0	COMPLETE	1	0xedc5	0xedc5	48870459374016427756	0	29	8817	0
82	CERTIFIED	1	0xa917	0xa917	19265165470341413800	12784106972526145936	0	17	17	17	1	0	653167	1	CERTIFIED	1	0xa917	0xa917	19265165470341413800	12784106972526145936	0	32	17	17	1	15	713221	1	0	0xa917	0xa917	0	0	COMPLETE	1	0xa917	0xa917	19265165470341413800	4096	0	2481394	1	COMPLETE	1	0xa917	0xa917	19265165470341413800	0	81	23440	1
83	CERTIFIED	1	0xa804	0xa804	16824345398334728872	12784106972526145936	0	17	17	17	1	0	1152459	1	CERTIFIED	1	0xa804	0xa804	16824345398334728872	12784106972526145936	0	32	17	17	1	15	750217	1	0	0xa804	0xa804	0	0	COMPLETE	1	0xa804	0xa804	16824345398334728872	4096	0	1046448	1	COMPLETE	1	0xa804	0xa804	16824345398334728872	0	107	33378	1
84	CERTIFIED	1	0x181e	0x181e	66408300831661094644	12784106972526145936	0	17	17	17	3	0	662551	0	CERTIFIED	1	0x181e	0x181e	66408300831661094644	12784106972526145936	0	32	17	17	3	15	735600	0	0	0x181e	0x181e,0x182e,0x184e	0	0	COMPLETE	1	0x181e	0x181e	66408300831661094644	4096	0	730829	0	COMPLETE	1	0x181e	0x181e	66408300831661094644	0	89	29092	0
85	CERTIFIED	1	0x453d	0x453d	63207982681820358280	12784106972526145936	0	17	17	17	4	0	687094	0	CERTIFIED	1	0x453d	0x453d	63207982681820358280	12784106972526145936	0	32	17	17	4	15	712875	0	0	0x429d	0x429d,0x449d,0x453b,0x453d	1	0	COMPLETE	1	0x453d	0x453d	63207982681820358280	4096	0	2161614	0	COMPLETE	1	0x453d	0x453d	63207982681820358280	0	37	13476	0
86	CERTIFIED	1	0x7fad	0x7fad	123091535343217229872	12784106972526145936	0	17	17	17	4	0	873408	1	CERTIFIED	1	0x7fad	0x7fad	123091535343217229872	12784106972526145936	0	32	17	17	4	15	696164	1	0	0x7f59	0x7f59,0x7f5b,0x7f6d,0x7fad	1	0	COMPLETE	1	0x7fad	0x7fad	123091535343217229872	4096	0	745436	1	COMPLETE	1	0x7fad	0x7fad	123091535343217229872	0	25	10473	1
87	CERTIFIED	1	0xf26f	0xf26f	20061743931198510946	12784106972526145936	0	17	17	17	1	0	756770	1	CERTIFIED	1	0xf26f	0xf26f	20061743931198510946	12784106972526145936	0	32	17	17	1	15	841315	1	0	0xf26f	0xf26f	0	0	COMPLETE	1	0xf26f	0xf26f	20061743931198510946	4096	0	1554482	1	COMPLETE	1	0xf26f	0xf26f	20061743931198510946	0	205	59045	1
88	CERTIFIED	1	0xa09e	0xa09e	4086367922956882102	672847735396112944	1	272	234	234	13	38	799963	1	CERTIFIED	1	0xa09e	0xa09e	4086367922956882102	672847735396112944	1	512	234	234	13	278	778693	1	1	0x729e	0x729e,0x9296,0x929a,0x9a9e,0xa09e,0xa13d,0xa5bc,0xaa8e,0xaabe,0xaade,0xb29c,0xe49e,0xe53d	1	0	COMPLETE	1	0xa09e	0xa09e	4086367922956882102	4096	0	662109	1	COMPLETE	1	0xa09e	0xa09e	4086367922956882102	0	245	66741	1
89	CERTIFIED	1	0xb3e7	0xb3e7,0xe7ce	17673571002459865426	12784106972526145936	0	17	17	17	2	0	2244767	1	CERTIFIED	1	0xb3e7	0xb3e7,0xe7ce	17673571002459865426	12784106972526145936	0	32	17	17	2	15	676428	1	0	0xb3e7	0xb3e7,0xe7ce	0	0	COMPLETE	1	0xb3e7	0xb3e7,0xe7ce	17673571002459865426	4096	0	1545254	1	COMPLETE	1	0xb3e7	0xb3e7,0xe7ce	17673571002459865426	0	127	75305	1
90	CERTIFIED	1	0xab1a	0xab1a	16870248386596621960	12784106972526145936	0	17	17	17	1	0	3372920	1	CERTIFIED	1	0xab1a	0xab1a	16870248386596621960	12784106972526145936	0	32	17	17	1	15	1089298	1	0	0xab1a	0xab1a	0	0	COMPLETE	1	0xab1a	0xab1a	16870248386596621960	4096	0	706728	1	COMPLETE	1	0xab1a	0xab1a	16870248386596621960	0	95	30425	1
91	CERTIFIED	1	0x2cb4	0x2cb4	17666802968658175222	12784106972526145936	0	17	17	17	2	0	748448	1	CERTIFIED	1	0x2cb4	0x2cb4	17666802968658175222	12784106972526145936	0	32	17	17	2	15	758774	1	0	0x14b4	0x14b4,0x2cb4	1	0	COMPLETE	1	0x2cb4	0x2cb4	17666802968658175222	4096	0	877051	1	COMPLETE	1	0x2cb4	0x2cb4	17666802968658175222	0	71	21393	1
92	CERTIFIED	1	0x9e04	0x9e04	5013274781943752884	672847735396112944	1	272	231	231	13	41	1185834	0	CERTIFIED	1	0x9e04	0x9e04	5013274781943752884	672847735396112944	1	512	231	231	13	281	1428383	0	1	0x1f44	0x1f44,0x4fc4,0x9a89,0x9b46,0x9dc4,0x9e04,0x9e08,0x9e54,0x9e64,0x9f8c,0xae44,0xcd44,0xde89	1	0	COMPLETE	1	0x9e04	0x9e04	5013274781943752884	4096	0	1471726	0	COMPLETE	1	0x9e04	0x9e04	5013274781943752884	0	213	130559	0
93	CERTIFIED	1	0x3768	0x3768	32009089454279110240	12784106972526145936	0	17	17	17	2	0	1110906	0	CERTIFIED	1	0x3768	0x3768	32009089454279110240	12784106972526145936	0	32	17	17	2	15	1334665	0	0	0x3768	0x3768,0x6ed1	0	0	COMPLETE	1	0x3768	0x3768	32009089454279110240	4096	0	1223058	0	COMPLETE	1	0x3768	0x3768	32009089454279110240	0	59	34748	0
94	CERTIFIED	1	0xe49e	0xe49e	63168137510602742098	12784106972526145936	0	17	17	17	2	0	1087998	0	CERTIFIED	1	0xe49e	0xe49e	63168137510602742098	12784106972526145936	0	32	17	17	2	15	1111412	0	0	0xe49c	0xe49c,0xe49e	1	0	COMPLETE	1	0xe49e	0xe49e	63168137510602742098	4096	0	2631978	0	COMPLETE	1	0xe49e	0xe49e	63168137510602742098	0	119	43171	0
95	CERTIFIED	1	0x4391	0x4391	4214274227227126564	672847735396112944	1	272	231	231	18	41	1273703	1	CERTIFIED	1	0x4391	0x4391	4214274227227126564	672847735396112944	1	512	231	231	18	281	1281354	1	1	0x21db	0x21db,0x41c9,0x4339,0x4391,0x43a5,0x43b0,0x43c9,0x45d8,0x45f9,0x49dd,0x4bb1,0x4dd9,0x51d1,0x6159,0x6359,0x63a9,0xc3b9,0xe1d9	1	0	COMPLETE	1	0x4391	0x4391	4214274227227126564	4096	0	1153745	1	COMPLETE	1	0x4391	0x4391	4214274227227126564	0	251	126365	1
96	CERTIFIED	1	0xc002	0xc002	25652319911976805990	12784106972526145936	0	17	17	17	1	0	1086620	1	CERTIFIED	1	0xc002	0xc002	25652319911976805990	12784106972526145936	0	32	17	17	1	15	1127641	1	0	0xc002	0xc002	0	0	COMPLETE	1	0xc002	0xc002	25652319911976805990	4096	0	1165768	1	COMPLETE	1	0xc002	0xc002	25652319911976805990	0	129	84276	1
97	CERTIFIED	1	0x8403	0x8403	124016461545115133152	12784106972526145936	0	17	17	17	3	0	1578495	0	CERTIFIED	1	0x8403	0x8403	124016461545115133152	12784106972526145936	0	32	17	17	3	15	1115121	0	0	0x8203	0x8203,0x8403,0x8405	1	0	COMPLETE	1	0x8403	0x8403	124016461545115133152	4096	0	1049960	0	COMPLETE	1	0x8403	0x8403	124016461545115133152	0	25	20016	0
98	CERTIFIED	1	0xfe10	0xfe10	109514822195393646280	12784106972526145936	0	17	17	17	3	0	989600	0	CERTIFIED	1	0xfe10	0xfe10	109514822195393646280	12784106972526145936	0	32	17	17	3	15	855159	0	0	0xfc50	0xfc50,0xfc90,0xfe10	1	0	COMPLETE	1	0xfe10	0xfe10	109514822195393646280	4096	0	877522	0	COMPLETE	1	0xfe10	0xfe10	109514822195393646280	0	25	16378	0
99	CERTIFIED	1	0xa488	0xa488	46470999815597046814	12784106972526145936	0	17	17	17	1	0	900854	1	CERTIFIED	1	0xa488	0xa488	46470999815597046814	12784106972526145936	0	32	17	17	1	15	973161	1	0	0xa488	0xa488	0	0	COMPLETE	1	0xa488	0xa488	46470999815597046814	4096	0	927856	1	COMPLETE	1	0xa488	0xa488	46470999815597046814	0	141	55716	1
100	CERTIFIED	1	0xe23b	0xe23b	48872335480291314862	12784106972526145936	0	17	17	17	1	0	1016416	0	CERTIFIED	1	0xe23b	0xe23b	48872335480291314862	12784106972526145936	0	32	17	17	1	15	853308	0	0	0xe23b	0xe23b	0	0	COMPLETE	1	0xe23b	0xe23b	48872335480291314862	4096	0	1160201	0	COMPLETE	1	0xe23b	0xe23b	48872335480291314862	0	37	23850	0
101	CERTIFIED	1	0x5eda	0x5eda	16031169068785835524	12784106972526145936	0	17	17	17	1	0	847819	1	CERTIFIED	1	0x5eda	0x5eda	16031169068785835524	12784106972526145936	0	32	17	17	1	15	874419	1	0	0x5eda	0x5eda	0	0	COMPLETE	1	0x5eda	0x5eda	16031169068785835524	4096	0	850572	1	COMPLETE	1	0x5eda	0x5eda	16031169068785835524	0	99	48916	1
102	CERTIFIED	1	0x337a	0x337a	62455565628859243138	12784106972526145936	0	17	17	17	3	0	1211344	0	CERTIFIED	1	0x337a	0x337a	62455565628859243138	12784106972526145936	0	32	17	17	3	15	952498	0	0	0x337a	0x337a,0x33ba,0x39ba	0	0	COMPLETE	1	0x337a	0x337a	62455565628859243138	4096	0	917474	0	COMPLETE	1	0x337a	0x337a	62455565628859243138	0	39	24459	0
103	CERTIFIED	1	0x3a15	0x3a15	47991430352001857542	12784106972526145936	0	17	17	17	1	0	869956	0	CERTIFIED	1	0x3a15	0x3a15	47991430352001857542	12784106972526145936	0	32	17	17	1	15	866229	0	0	0x3a15	0x3a15	0	0	COMPLETE	1	0x3a15	0x3a15	47991430352001857542	4096	0	929368	0	COMPLETE	1	0x3a15	0x3a15	47991430352001857542	0	27	16856	0
104	CERTIFIED	1	0x5c12	0x5c12	4170130550170959364	672847735396112944	1	272	232	232	21	40	871884	1	CERTIFIED	1	0x5c12	0x5c12	4170130550170959364	672847735396112944	1	512	232	232	21	280	917699	1	1	0x2f13	0x2f13,0x3f12,0x5625,0x5632,0x5652,0x5c12,0x5c22,0x5e06,0x5e0a,0x5e21,0x5e2d,0x5e36,0x5e3a,0x5e56,0x5e5a,0x5e66,0x5e6a,0x6f92,0x7b12,0xd712,0xde92	1	0	COMPLETE	1	0x5c12	0x5c12	4170130550170959364	4096	0	875041	1	COMPLETE	1	0x5c12	0x5c12	4170130550170959364	0	229	84759	1
105	CERTIFIED	1	0xa770	0xa770	49669123042776572800	12784106972526145936	0	17	17	17	1	0	841815	1	CERTIFIED	1	0xa770	0xa770	49669123042776572800	12784106972526145936	0	32	17	17	1	15	905706	1	0	0xa770	0xa770	0	0	COMPLETE	1	0xa770	0xa770	49669123042776572800	4096	0	1064631	1	COMPLETE	1	0xa770	0xa770	49669123042776572800	0	55	31426	1
106	CERTIFIED	1	0x9e02	0x9e02	5810068152807570844	672847735396112944	1	272	231	231	10	41	854465	1	CERTIFIED	1	0x9e02	0x9e02	5810068152807570844	672847735396112944	1	512	231	231	10	281	870019	1	1	0x8f26	0x8f26,0x9642,0x972a,0x9a22,0x9c42,0x9d2a,0x9e02,0x9e4d,0x9ec2,0xcf2a	1	0	COMPLETE	1	0x9e02	0x9e02	5810068152807570844	4096	0	837218	1	COMPLETE	1	0x9e02	0x9e02	5810068152807570844	0	189	73209	1
107	CERTIFIED	1	0x51a8	0x51a8	18421671785716406284	12784106972526145936	0	17	17	17	1	0	895857	1	CERTIFIED	1	0x51a8	0x51a8	18421671785716406284	12784106972526145936	0	32	17	17	1	15	874172	1	0	0x51a8	0x51a8	0	0	COMPLETE	1	0x51a8	0x51a8	18421671785716406284	4096	0	948417	1	COMPLETE	1	0x51a8	0x51a8	18421671785716406284	0	167	59630	1
108	CERTIFIED	1	0xec9a	0xec9a	46431049787861215498	12784106972526145936	0	17	17	17	1	0	848445	0	CERTIFIED	1	0xec9a	0xec9a	46431049787861215498	12784106972526145936	0	32	17	17	1	15	973851	0	0	0xec9a	0xec9a	0	0	COMPLETE	1	0xec9a	0xec9a	46431049787861215498	4096	0	932423	0	COMPLETE	1	0xec9a	0xec9a	46431049787861215498	0	41	20200	0
109	CERTIFIED	1	0xaca9	0xaca9	32004657031307889760	12784106972526145936	0	17	17	17	1	0	885364	0	CERTIFIED	1	0xaca9	0xaca9	32004657031307889760	12784106972526145936	0	32	17	17	1	15	847406	0	0	0xaca9	0xaca9	0	0	COMPLETE	1	0xaca9	0xaca9	32004657031307889760	4096	0	852442	0	COMPLETE	1	0xaca9	0xaca9	32004657031307889760	0	179	63894	0
110	CERTIFIED	1	0x4eee	0x4eee	17626975562153408164	12784106972526145936	0	17	17	17	1	0	883017	0	CERTIFIED	1	0x4eee	0x4eee	17626975562153408164	12784106972526145936	0	32	17	17	1	15	895796	0	0	0x4eee	0x4eee	0	0	COMPLETE	1	0x4eee	0x4eee	17626975562153408164	4096	0	1357128	0	COMPLETE	1	0x4eee	0x4eee	17626975562153408164	0	263	190381	0
111	CERTIFIED	1	0x8c90	0x8c90	61610080314822626014	12784106972526145936	0	17	17	17	2	0	1102932	0	CERTIFIED	1	0x8c90	0x8c90	61610080314822626014	12784106972526145936	0	32	17	17	2	15	1191881	0	0	0x8c90	0x8c90,0x8cc8	0	0	COMPLETE	1	0x8c90	0x8c90	61610080314822626014	4096	0	882438	0	COMPLETE	1	0x8c90	0x8c90	61610080314822626014	0	81	30738	0
112	CERTIFIED	1	0x7c0f	0x7c0f	98319875334757003942	12784106972526145936	0	17	17	17	1	0	1355072	1	CERTIFIED	1	0x7c0f	0x7c0f	98319875334757003942	12784106972526145936	0	32	17	17	1	15	1211319	1	0	0x7c0f	0x7c0f	0	0	COMPLETE	1	0x7c0f	0x7c0f	98319875334757003942	4096	0	2103672	1	COMPLETE	1	0x7c0f	0x7c0f	98319875334757003942	0	25	13239	1
113	CERTIFIED	1	0xb350	0xb350	32887769394351192262	12784106972526145936	0	17	17	17	4	0	896761	1	CERTIFIED	1	0xb350	0xb350	32887769394351192262	12784106972526145936	0	32	17	17	4	15	925258	1	0	0xa6a2	0xa6a2,0xa6a4,0xa6d0,0xb350	1	0	COMPLETE	1	0xb350	0xb350	32887769394351192262	4096	0	847187	1	COMPLETE	1	0xb350	0xb350	32887769394351192262	0	45	19759	1
114	CERTIFIED	1	0x97de	0x97de	62535128798374424494	12784106972526145936	0	17	17	17	3	0	891727	0	CERTIFIED	1	0x97de	0x97de	62535128798374424494	12784106972526145936	0	32	17	17	3	15	873913	0	0	0x97dc	0x97dc,0x97de,0xabee	1	0	COMPLETE	1	0x97de	0x97de	62535128798374424494	4096	0	881806	0	COMPLETE	1	0x97de	0x97de	62535128798374424494	0	61	25024	0
115	CERTIFIED	1	0xe857	0xe857	18547702016737972102	12784106972526145936	0	17	17	17	2	0	1081727	1	CERTIFIED	1	0xe857	0xe857	18547702016737972102	12784106972526145936	0	32	17	17	2	15	1513258	1	0	0xe857	0xe857,0xf0ab	0	0	COMPLETE	1	0xe857	0xe857	18547702016737972102	4096	0	1078298	1	COMPLETE	1	0xe857	0xe857	18547702016737972102	0	93	35175	1
116	CERTIFIED	1	0x459f	0x459f	4086251755385681662	672847735396112944	1	272	224	224	17	48	1186184	1	CERTIFIED	1	0x459f	0x459f	4086251755385681662	672847735396112944	1	512	224	224	17	288	898657	1	1	0x19f	0x19f,0x1af,0x1cf,0x411e,0x414e,0x459f,0x45af,0x45cf,0x48ce,0x50c7,0x50cb,0x514f,0x58cf,0x62cf,0xa0ce,0xb0cf,0xc19d	1	0	COMPLETE	1	0x459f	0x459f	4086251755385681662	4096	0	869769	1	COMPLETE	1	0x459f	0x459f	4086251755385681662	0	245	84265	1
117	CERTIFIED	1	0x87f4	0x87f4	5807971328147402902	672847735396112944	1	272	225	225	18	47	889705	1	CERTIFIED	1	0x87f4	0x87f4	5807971328147402902	672847735396112944	1	512	225	225	18	287	866892	1	1	0x13f4	0x13f4,0x15f4,0x17ea,0x17ec,0x87f4,0x93d4,0x93e9,0x95d4,0x95e9,0x9734,0x97ca,0x97cc,0x9bfc,0x9fe4,0xbbf4,0xcbf0,0xcbf6,0xd774	1	0	COMPLETE	1	0x87f4	0x87f4	5807971328147402902	4096	0	828585	1	COMPLETE	1	0x87f4	0x87f4	5807971328147402902	0	175	60068	1
118	CERTIFIED	1	0xb451	0xb451	2572123632359146702	672847735396112944	1	272	237	237	17	35	1537279	1	CERTIFIED	1	0xb451	0xb451	2572123632359146702	672847735396112944	1	512	237	237	17	275	1104556	1	1	0x24b1	0x24b1,0x2a51,0x7251,0xa429,0xa450,0xa490,0xa4a4,0xa4a6,0xa4e9,0xa541,0xa6a9,0xaca9,0xb451,0xb491,0xb4a5,0xe4d1,0xe651	1	0	COMPLETE	1	0xb451	0xb451	2572123632359146702	4096	0	1129322	1	COMPLETE	1	0xb451	0xb451	2572123632359146702	0	275	127235	1
119	CERTIFIED	1	0x11b6	0x11b6	32137467508298329342	12784106972526145936	0	17	17	17	1	0	1194843	1	CERTIFIED	1	0x11b6	0x11b6	32137467508298329342	12784106972526145936	0	32	17	17	1	15	1060899	1	0	0x11b6	0x11b6	0	0	COMPLETE	1	0x11b6	0x11b6	32137467508298329342	4096	0	979935	1	COMPLETE	1	0x11b6	0x11b6	32137467508298329342	0	97	41621	1
120	CERTIFIED	1	0x440c	0x440c	93696376959086691832	12784106972526145936	0	17	17	17	1	0	902772	0	CERTIFIED	1	0x440c	0x440c	93696376959086691832	12784106972526145936	0	32	17	17	1	15	873059	0	0	0x440c	0x440c	0	0	COMPLETE	1	0x440c	0x440c	93696376959086691832	4096	0	1096906	0	COMPLETE	1	0x440c	0x440c	93696376959086691832	0	25	30746	0
121	CERTIFIED	1	0xae8a	0xae8a	47234593139046256960	12784106972526145936	0	17	17	17	1	0	861559	0	CERTIFIED	1	0xae8a	0xae8a	47234593139046256960	12784106972526145936	0	32	17	17	1	15	972742	0	0	0xae8a	0xae8a	0	0	COMPLETE	1	0xae8a	0xae8a	47234593139046256960	4096	0	874448	0	COMPLETE	1	0xae8a	0xae8a	47234593139046256960	0	57	24745	0
122	CERTIFIED	1	0x5327	0x5327	16024645920977157400	12784106972526145936	0	17	17	17	1	0	1194441	1	CERTIFIED	1	0x5327	0x5327	16024645920977157400	12784106972526145936	0	32	17	17	1	15	872079	1	0	0x5327	0x5327	0	0	COMPLETE	1	0x5327	0x5327	16024645920977157400	4096	0	1154966	1	COMPLETE	1	0x5327	0x5327	16024645920977157400	0	127	52026	1
123	CERTIFIED	1	0x74df	0x74df,0x74fe	20860628318343936826	12784106972526145936	0	17	17	17	3	0	890188	1	CERTIFIED	1	0x74df	0x74df,0x74fe	20860628318343936826	12784106972526145936	0	32	17	17	3	15	945228	1	0	0x6a7f	0x6a7f,0x74df,0x74fe	1	0	COMPLETE	1	0x74df	0x74df,0x74fe	20860628318343936826	4096	0	935994	1	COMPLETE	1	0x74df	0x74df,0x74fe	20860628318343936826	0	135	48900	1
124	CERTIFIED	1	0x40ed	0x40ed	32141881876003946062	12784106972526145936	0	17	17	17	1	0	841124	0	CERTIFIED	1	0x40ed	0x40ed	32141881876003946062	12784106972526145936	0	32	17	17	1	15	1023179	0	0	0x40ed	0x40ed	0	0	COMPLETE	1	0x40ed	0x40ed	32141881876003946062	4096	0	973501	0	COMPLETE	1	0x40ed	0x40ed	32141881876003946062	0	103	38977	0
125	CERTIFIED	1	0x76c1	0x76c1	78349270026168402640	12784106972526145936	0	17	17	17	2	0	904564	1	CERTIFIED	1	0x76c1	0x76c1	78349270026168402640	12784106972526145936	0	32	17	17	2	15	1084641	1	0	0x76c1	0x76c1,0x7761	0	0	COMPLETE	1	0x76c1	0x76c1	78349270026168402640	4096	0	1865415	1	COMPLETE	1	0x76c1	0x76c1	78349270026168402640	0	45	28081	1
126	CERTIFIED	1	0xc171	0xc171	20192188496899485022	12784106972526145936	0	17	17	17	1	0	870957	0	CERTIFIED	1	0xc171	0xc171	20192188496899485022	12784106972526145936	0	32	17	17	1	15	857184	0	0	0xc171	0xc171	0	0	COMPLETE	1	0xc171	0xc171	20192188496899485022	4096	0	899722	0	COMPLETE	1	0xc171	0xc171	20192188496899485022	0	85	40490	0
127	CERTIFIED	1	0xcbf5	0xcbf5	32814729951071319826	12784106972526145936	0	17	17	17	1	0	952345	1	CERTIFIED	1	0xcbf5	0xcbf5	32814729951071319826	12784106972526145936	0	32	17	17	1	15	869846	1	0	0xcbf5	0xcbf5	0	0	COMPLETE	1	0xcbf5	0xcbf5	32814729951071319826	4096	0	857405	1	COMPLETE	1	0xcbf5	0xcbf5	32814729951071319826	0	45	21605	1
128	CERTIFIED	1	0xea25	0xea25	2441409963939183760	672847735396112944	1	272	238	238	6	34	947202	1	CERTIFIED	1	0xea25	0xea25	2441409963939183760	672847735396112944	1	512	238	238	6	274	924556	1	1	0x1625	0x1625,0x4a21,0x5459,0x54cd,0xd44b,0xea25	1	0	COMPLETE	1	0xea25	0xea25	2441409963939183760	2048	0	419390	1	COMPLETE	1	0xea25	0xea25	2441409963939183760	0	337	147727	1
129	CERTIFIED	1	0xd9f	0xd9f	4083696068819271982	672847735396112944	1	272	230	230	9	42	899623	1	CERTIFIED	1	0xd9f	0xd9f	4083696068819271982	672847735396112944	1	512	230	230	9	282	1237315	1	1	0x98e	0x98e,0xd2e,0xd9f,0xdba,0x16de,0x27ce,0x2cce,0x4d96,0xc6ce	1	0	COMPLETE	1	0xd9f	0xd9f	4083696068819271982	2048	0	411257	1	COMPLETE	1	0xd9f	0xd9f	4083696068819271982	0	315	106798	1
130	CERTIFIED	1	0x332f	0x332f	33646937311719726658	12784106972526145936	0	17	17	17	3	0	839775	1	CERTIFIED	1	0x332f	0x332f	33646937311719726658	12784106972526145936	0	32	17	17	3	15	868250	1	0	0x252f	0x252f,0x2657,0x332f	1	0	COMPLETE	1	0x332f	0x332f	33646937311719726658	2048	0	779866	1	COMPLETE	1	0x332f	0x332f	33646937311719726658	0	53	20389	1
131	CERTIFIED	1	0xc3d2	0xc3d2	17622904516280793520	12784106972526145936	0	17	17	17	1	0	875822	0	CERTIFIED	1	0xc3d2	0xc3d2	17622904516280793520	12784106972526145936	0	32	17	17	1	15	841309	0	0	0xc3d2	0xc3d2	0	0	COMPLETE	1	0xc3d2	0xc3d2	17622904516280793520	2048	0	484194	0	COMPLETE	1	0xc3d2	0xc3d2	17622904516280793520	0	189	64083	0
132	CERTIFIED	1	0x5f36	0x5f36	36046279752429294484	12784106972526145936	0	17	17	17	2	0	925834	1	CERTIFIED	1	0x5f36	0x5f36	36046279752429294484	12784106972526145936	0	32	17	17	2	15	901047	1	0	0x2fb6	0x2fb6,0x5f36	1	0	COMPLETE	1	0x5f36	0x5f36	36046279752429294484	2048	0	502598	1	COMPLETE	1	0x5f36	0x5f36	36046279752429294484	0	59	22534	1
133	CERTIFIED	1	0x16fb	0x16fb	4088464747617050044	672847735396112944	1	272	232	232	6	40	918097	1	CERTIFIED	1	0x16fb	0x16fb	4088464747617050044	672847735396112944	1	512	232	232	6	280	953552	1	1	0x16fb	0x16fb,0x2b79,0x34f7,0x3679,0x7b7b,0x9a7b	0	0	COMPLETE	1	0x16fb	0x16fb	4088464747617050044	2048	0	466849	1	COMPLETE	1	0x16fb	0x16fb	4088464747617050044	0	227	75166	1
134	CERTIFIED	1	0x4236	0x4236	48157538989559327476	12784106972526145936	0	17	17	17	2	0	930164	0	CERTIFIED	1	0x4236	0x4236	48157538989559327476	12784106972526145936	0	32	17	17	2	15	1205091	0	0	0x4236	0x4236,0x4936	0	0	COMPLETE	1	0x4236	0x4236	48157538989559327476	2048	0	488235	0	COMPLETE	1	0x4236	0x4236	48157538989559327476	0	37	16293	0
135	CERTIFIED	1	0x954f	0x954f	32004656692669031902	12784106972526145936	0	17	17	17	2	0	854286	0	CERTIFIED	1	0x954f	0x954f	32004656692669031902	12784106972526145936	0	32	17	17	2	15	895606	0	0	0x954f	0x954f,0xaa9d	0	0	COMPLETE	1	0x954f	0x954f	32004656692669031902	2048	0	513689	0	COMPLETE	1	0x954f	0x954f	32004656692669031902	0	55	20002	0
136	CERTIFIED	1	0x4bd7	0x4bd7	32053349652879686524	12784106972526145936	0	17	17	17	2	0	841466	0	CERTIFIED	1	0x4bd7	0x4bd7	32053349652879686524	12784106972526145936	0	32	17	17	2	15	1203425	0	0	0x4bd7	0x4bd7,0x56d7	0	0	COMPLETE	1	0x4bd7	0x4bd7	32053349652879686524	2048	0	478962	0	COMPLETE	1	0x4bd7	0x4bd7	32053349652879686524	0	67	24380	0
137	CERTIFIED	1	0xf34	0xf34	65604996268431492022	12784106972526145936	0	17	17	17	1	0	922907	0	CERTIFIED	1	0xf34	0xf34	65604996268431492022	12784106972526145936	0	32	17	17	1	15	879632	0	0	0xf34	0xf34	0	0	COMPLETE	1	0xf34	0xf34	65604996268431492022	2048	0	453223	0	COMPLETE	1	0xf34	0xf34	65604996268431492022	0	23	9899	0
138	CERTIFIED	1	0xc08f	0xc08f	49795159049150490178	12784106972526145936	0	17	17	17	1	0	877036	0	CERTIFIED	1	0xc08f	0xc08f	49795159049150490178	12784106972526145936	0	32	17	17	1	15	1670421	0	0	0xc08f	0xc08f	0	0	COMPLETE	1	0xc08f	0xc08f	49795159049150490178	2048	0	830044	0	COMPLETE	1	0xc08f	0xc08f	49795159049150490178	0	63	57381	0
139	CERTIFIED	1	0x6ae9	0x6ae9	2486043462099620662	672847735396112944	1	272	234	234	10	38	1130505	1	CERTIFIED	1	0x6ae9	0x6ae9	2486043462099620662	672847735396112944	1	512	234	234	10	278	1183093	1	1	0x3d79	0x3d79,0x5ad1,0x6ae9,0x7961,0x7a53,0x7aa8,0xbd6b,0xed69,0xfad5,0xfb69	1	0	COMPLETE	1	0x6ae9	0x6ae9	2486043462099620662	2048	0	413975	1	COMPLETE	1	0x6ae9	0x6ae9	2486043462099620662	0	337	123080	1
140	CERTIFIED	1	0xfcfb	0xfcfb	92897486763562705930	12784106972526145936	0	17	17	17	1	0	854532	0	CERTIFIED	1	0xfcfb	0xfcfb	92897486763562705930	12784106972526145936	0	32	17	17	1	15	894372	0	0	0xfcfb	0xfcfb	0	0	COMPLETE	1	0xfcfb	0xfcfb	92897486763562705930	2048	0	511733	0	COMPLETE	1	0xfcfb	0xfcfb	92897486763562705930	0	27	11888	0
141	CERTIFIED	1	0xae8c	0xae8c	18466048748053587040	12784106972526145936	0	17	17	17	1	0	1511907	0	CERTIFIED	1	0xae8c	0xae8c	18466048748053587040	12784106972526145936	0	32	17	17	1	15	837285	0	0	0xae8c	0xae8c	0	0	COMPLETE	1	0xae8c	0xae8c	18466048748053587040	2048	0	664945	0	COMPLETE	1	0xae8c	0xae8c	18466048748053587040	0	77	48861	0
142	CERTIFIED	1	0x330a	0x330a	3329193502250974204	672847735396112944	1	272	234	234	9	38	1129644	1	CERTIFIED	1	0x330a	0x330a	3329193502250974204	672847735396112944	1	512	234	234	9	278	1462588	1	1	0x98e	0x98e,0x131c,0x1356,0x1388,0x330a,0x488a,0x5315,0x558a,0xa98a	1	0	COMPLETE	1	0x330a	0x330a	3329193502250974204	2048	0	520517	1	COMPLETE	1	0x330a	0x330a	3329193502250974204	0	263	111740	1
143	CERTIFIED	1	0xb6b5	0xb6b5	17671351896145802284	12784106972526145936	0	17	17	17	2	0	946546	1	CERTIFIED	1	0xb6b5	0xb6b5	17671351896145802284	12784106972526145936	0	32	17	17	2	15	1866772	1	0	0xabb5	0xabb5,0xb6b5	1	0	COMPLETE	1	0xb6b5	0xb6b5	17671351896145802284	2048	0	453813	1	COMPLETE	1	0xb6b5	0xb6b5	17671351896145802284	0	107	38426	1
144	CERTIFIED	1	0xc224	0xc224	3328954747321743826	672847735396112944	1	272	236	236	9	36	1978633	0	CERTIFIED	1	0xc224	0xc224	3328954747321743826	672847735396112944	1	512	236	236	9	276	900789	0	1	0x45a4	0x45a4,0x62b4,0x8544,0xb2a4,0xc224,0xc54d,0xc568,0xc684,0xe2a6	1	0	COMPLETE	1	0xc224	0xc224	3328954747321743826	2048	0	415287	0	COMPLETE	1	0xc224	0xc224	3328954747321743826	0	251	84853	0
145	CERTIFIED	1	0x466d	0x466d	34488112503160672720	12784106972526145936	0	17	17	17	1	0	846668	0	CERTIFIED	1	0x466d	0x466d	34488112503160672720	12784106972526145936	0	32	17	17	1	15	873799	0	0	0x466d	0x466d	0	0	COMPLETE	1	0x466d	0x466d	34488112503160672720	2048	0	458347	0	COMPLETE	1	0x466d	0x466d	34488112503160672720	0	53	20425	0
146	CERTIFIED	1	0xcf0a	0xcf0a	3455107532675131120	672847735396112944	1	272	230	230	7	42	908082	1	CERTIFIED	1	0xcf0a	0xcf0a	3455107532675131120	672847735396112944	1	512	230	230	7	282	861851	1	1	0xcf0a	0xcf0a,0xe70b,0xea4a,0xee11,0xee34,0xf74a,0xfe1a	0	0	COMPLETE	1	0xcf0a	0xcf0a	3455107532675131120	2048	0	415687	1	COMPLETE	1	0xcf0a	0xcf0a	3455107532675131120	0	237	77706	1
147	CERTIFIED	1	0x3ec	0x3ec	21110597698053043618	12784106972526145936	0	17	17	17	1	0	1961841	0	CERTIFIED	1	0x3ec	0x3ec	21110597698053043618	12784106972526145936	0	32	17	17	1	15	1803897	0	0	0x3ec	0x3ec	0	0	COMPLETE	1	0x3ec	0x3ec	21110597698053043618	2048	0	476761	0	COMPLETE	1	0x3ec	0x3ec	21110597698053043618	0	115	42203	0
148	CERTIFIED	1	0xf1f0	0xf1f0	5971523651640502378	672847735396112944	1	272	217	217	7	55	872040	1	CERTIFIED	1	0xf1f0	0xf1f0	5971523651640502378	672847735396112944	1	512	217	217	7	295	890974	1	1	0x73f8	0x73f8,0x78f8,0x99f8,0xe978,0xf1f0,0xf3ea,0xfbd8	1	0	COMPLETE	1	0xf1f0	0xf1f0	5971523651640502378	2048	0	441547	1	COMPLETE	1	0xf1f0	0xf1f0	5971523651640502378	0	187	61609	1
149	CERTIFIED	1	0xbf71	0xbf71	1186569777137258734	672847735396112944	1	272	227	227	8	45	875761	1	CERTIFIED	1	0xbf71	0xbf71	1186569777137258734	672847735396112944	1	512	227	227	8	285	1480150	1	1	0x2ef1	0x2ef1,0x5e71,0x9de9,0xadd1,0xbaf9,0xbdb5,0xbf71,0xbfe5	1	0	COMPLETE	1	0xbf71	0xbf71	1186569777137258734	2048	0	413423	1	COMPLETE	1	0xbf71	0xbf71	1186569777137258734	0	441	141827	1
150	CERTIFIED	1	0xfe8e	0xfe8e	107115944424968880214	12784106972526145936	0	17	17	17	1	0	875344	0	CERTIFIED	1	0xfe8e	0xfe8e	107115944424968880214	12784106972526145936	0	32	17	17	1	15	878399	0	0	0xfe8e	0xfe8e	0	0	COMPLETE	1	0xfe8e	0xfe8e	107115944424968880214	2048	0	520857	0	COMPLETE	1	0xfe8e	0xfe8e	107115944424968880214	0	23	9468	0
151	CERTIFIED	1	0xce93	0xce93	18505888416596777938	12784106972526145936	0	17	17	17	1	0	849562	1	CERTIFIED	1	0xce93	0xce93	18505888416596777938	12784106972526145936	0	32	17	17	1	15	1996019	1	0	0xce93	0xce93	0	0	COMPLETE	1	0xce93	0xce93	18505888416596777938	2048	0	459118	1	COMPLETE	1	0xce93	0xce93	18505888416596777938	0	135	46973	1
152	CERTIFIED	1	0xd495	0xd495	18465932580482386600	12784106972526145936	0	17	17	17	1	0	955995	1	CERTIFIED	1	0xd495	0xd495	18465932580482386600	12784106972526145936	0	32	17	17	1	15	842994	1	0	0xd495	0xd495	0	0	COMPLETE	1	0xd495	0xd495	18465932580482386600	2048	0	410727	1	COMPLETE	1	0xd495	0xd495	18465932580482386600	0	117	39922	1
153	CERTIFIED	1	0x290c	0x290c	35202896765727270586	12784106972526145936	0	17	17	17	2	0	880792	0	CERTIFIED	1	0x290c	0x290c	35202896765727270586	12784106972526145936	0	32	17	17	2	15	987884	0	0	0x290c	0x290c,0x2c84	0	0	COMPLETE	1	0x290c	0x290c	35202896765727270586	2048	0	493103	0	COMPLETE	1	0x290c	0x290c	35202896765727270586	0	63	21818	0
154	CERTIFIED	1	0x481e	0x481e	5055211275147111724	672847735396112944	1	272	220	220	4	52	888164	1	CERTIFIED	1	0x481e	0x481e	5055211275147111724	672847735396112944	1	512	220	220	4	292	876907	1	1	0x832	0x832,0x91a,0x141a,0x481e	1	0	COMPLETE	1	0x481e	0x481e	5055211275147111724	2048	0	482472	1	COMPLETE	1	0x481e	0x481e	5055211275147111724	0	221	71805	1
155	CERTIFIED	1	0x61e9	0x61e9	3452900348822322760	672847735396112944	1	272	236	236	9	36	893450	1	CERTIFIED	1	0x61e9	0x61e9	3452900348822322760	672847735396112944	1	512	236	236	9	276	906063	1	1	0x1169	0x1169,0x22d2,0x61e9,0x6291,0x62db,0x6549,0x6ae9,0xb16d,0xe2c9	1	0	COMPLETE	1	0x61e9	0x61e9	3452900348822322760	2048	0	412495	1	COMPLETE	1	0x61e9	0x61e9	3452900348822322760	0	245	82050	1
156	CERTIFIED	1	0x84dd	0x84dd	62411189310956540320	12784106972526145936	0	17	17	17	2	0	1670357	1	CERTIFIED	1	0x84dd	0x84dd	62411189310956540320	12784106972526145936	0	32	17	17	2	15	898326	1	0	0x84dd	0x84dd,0x89b9	0	0	COMPLETE	1	0x84dd	0x84dd	62411189310956540320	2048	0	643554	1	COMPLETE	1	0x84dd	0x84dd	62411189310956540320	0	33	12804	1
157	CERTIFIED	1	0xb7d7	0xb7d7	17631389640244581448	12784106972526145936	0	17	17	17	2	0	958050	1	CERTIFIED	1	0xb7d7	0xb7d7	17631389640244581448	12784106972526145936	0	32	17	17	2	15	878999	1	0	0xb7d7	0xb7d7,0xefad	0	0	COMPLETE	1	0xb7d7	0xb7d7	17631389640244581448	2048	0	1040353	1	COMPLETE	1	0xb7d7	0xb7d7	17631389640244581448	0	103	34330	1
158	CERTIFIED	1	0x7508	0x7508	62493081945978425236	12784106972526145936	0	17	17	17	1	0	872084	0	CERTIFIED	1	0x7508	0x7508	62493081945978425236	12784106972526145936	0	32	17	17	1	15	875430	0	0	0x7508	0x7508	0	0	COMPLETE	1	0x7508	0x7508	62493081945978425236	2048	0	463540	0	COMPLETE	1	0x7508	0x7508	62493081945978425236	0	39	14607	0
159	CERTIFIED	1	0x1afd	0x1afd	47185814375899192204	12784106972526145936	0	17	17	17	2	0	845549	1	CERTIFIED	1	0x1afd	0x1afd	47185814375899192204	12784106972526145936	0	32	17	17	2	15	882433	1	0	0x1afd	0x1afd,0x35fa	0	0	COMPLETE	1	0x1afd	0x1afd	47185814375899192204	2048	0	416401	1	COMPLETE	1	0x1afd	0x1afd	47185814375899192204	0	27	10782	1
160	CERTIFIED	1	0x127e	0x127e	93530396733355503160	12784106972526145936	0	17	17	17	1	0	898279	0	CERTIFIED	1	0x127e	0x127e	93530396733355503160	12784106972526145936	0	32	17	17	1	15	891093	0	0	0x127e	0x127e	0	0	COMPLETE	1	0x127e	0x127e	93530396733355503160	2048	0	456546	0	COMPLETE	1	0x127e	0x127e	93530396733355503160	0	53	18978	0
161	CERTIFIED	1	0x84b2	0x84b2	3284695208398510924	672847735396112944	1	272	235	235	7	37	1244095	1	CERTIFIED	1	0x84b2	0x84b2	3284695208398510924	672847735396112944	1	512	235	235	7	277	909625	1	1	0x975	0x975,0x813a,0x84b2,0x886a,0x8a3a,0x8d76,0xc4bb	1	0	COMPLETE	1	0x84b2	0x84b2	3284695208398510924	2048	0	479340	1	COMPLETE	1	0x84b2	0x84b2	3284695208398510924	0	305	98942	1
162	CERTIFIED	1	0x7944	0x7944	63165929715341664262	12784106972526145936	0	17	17	17	2	0	848161	1	CERTIFIED	1	0x7944	0x7944	63165929715341664262	12784106972526145936	0	32	17	17	2	15	844447	1	0	0x7244	0x7244,0x7944	1	0	COMPLETE	1	0x7944	0x7944	63165929715341664262	2048	0	484604	1	COMPLETE	1	0x7944	0x7944	63165929715341664262	0	25	18350	1
163	CERTIFIED	1	0x12a0	0x12a0	76749031419903928672	12784106972526145936	0	17	17	17	2	0	800618	1	CERTIFIED	1	0x12a0	0x12a0	76749031419903928672	12784106972526145936	0	32	17	17	2	15	774153	1	0	0x950	0x950,0x12a0	1	0	COMPLETE	1	0x12a0	0x12a0	76749031419903928672	2048	0	447866	1	COMPLETE	1	0x12a0	0x12a0	76749031419903928672	0	35	12691	1
164	CERTIFIED	1	0x7ccc	0x7ccc	33647401982004528418	12784106972526145936	0	17	17	17	1	0	1082656	0	CERTIFIED	1	0x7ccc	0x7ccc	33647401982004528418	12784106972526145936	0	32	17	17	1	15	774875	0	0	0x7ccc	0x7ccc	0	0	COMPLETE	1	0x7ccc	0x7ccc	33647401982004528418	2048	0	450740	0	COMPLETE	1	0x7ccc	0x7ccc	33647401982004528418	0	137	41509	0
165	CERTIFIED	1	0x52e3	0x52e3	2609750002966834480	672847735396112944	1	272	231	231	5	41	1461090	1	CERTIFIED	1	0x52e3	0x52e3	2609750002966834480	672847735396112944	1	512	231	231	5	281	714935	1	1	0x573	0x573,0x4371,0x43e5,0x46b3,0x52e3	1	0	COMPLETE	1	0x52e3	0x52e3	2609750002966834480	2048	0	354027	1	COMPLETE	1	0x52e3	0x52e3	2609750002966834480	0	333	90536	1
166	CERTIFIED	1	0xa98a	0xa98a	34446065650764673462	12784106972526145936	0	17	17	17	2	0	935082	1	CERTIFIED	1	0xa98a	0xa98a	34446065650764673462	12784106972526145936	0	32	17	17	2	15	783597	1	0	0xa98a	0xa98a,0xb48a	0	0	COMPLETE	1	0xa98a	0xa98a	34446065650764673462	2048	0	402196	1	COMPLETE	1	0xa98a	0xa98a	34446065650764673462	0	45	13182	1
167	CERTIFIED	1	0x8544	0x8544	47269890655555510654	12784106972526145936	0	17	17	17	1	0	699258	0	CERTIFIED	1	0x8544	0x8544	47269890655555510654	12784106972526145936	0	32	17	17	1	15	651301	0	0	0x8544	0x8544	0	0	COMPLETE	1	0x8544	0x8544	47269890655555510654	2048	0	450231	0	COMPLETE	1	0x8544	0x8544	47269890655555510654	0	81	23037	0
168	CERTIFIED	1	0x236e	0x236e	33691435299868055200	12784106972526145936	0	17	17	17	1	0	687515	0	CERTIFIED	1	0x236e	0x236e	33691435299868055200	12784106972526145936	0	32	17	17	1	15	664200	0	0	0x236e	0x236e	0	0	COMPLETE	1	0x236e	0x236e	33691435299868055200	2048	0	368319	0	COMPLETE	1	0x236e	0x236e	33691435299868055200	0	61	16762	0
169	CERTIFIED	1	0x3e6e	0x3e6e	47230521771379816276	12784106972526145936	0	17	17	17	2	0	654649	0	CERTIFIED	1	0x3e6e	0x3e6e	47230521771379816276	12784106972526145936	0	32	17	17	2	15	663954	0	0	0x3e6e	0x3e6e,0x5f36	0	0	COMPLETE	1	0x3e6e	0x3e6e	47230521771379816276	2048	0	364773	0	COMPLETE	1	0x3e6e	0x3e6e	47230521771379816276	0	75	24230	0
170	CERTIFIED	1	0x3bac	0x3bac	18472792275561772582	12784106972526145936	0	17	17	17	1	0	710709	0	CERTIFIED	1	0x3bac	0x3bac	18472792275561772582	12784106972526145936	0	32	17	17	1	15	690205	0	0	0x3bac	0x3bac	0	0	COMPLETE	1	0x3bac	0x3bac	18472792275561772582	2048	0	377617	0	COMPLETE	1	0x3bac	0x3bac	18472792275561772582	0	93	29578	0
171	CERTIFIED	1	0x6614	0x6614	32852356321679007604	12784106972526145936	0	17	17	17	2	0	669739	0	CERTIFIED	1	0x6614	0x6614	32852356321679007604	12784106972526145936	0	32	17	17	2	15	699673	0	0	0x4c2a	0x4c2a,0x6614	1	0	COMPLETE	1	0x6614	0x6614	32852356321679007604	2048	0	369547	0	COMPLETE	1	0x6614	0x6614	32852356321679007604	0	57	18446	0
172	CERTIFIED	1	0xc863	0xc863	63340646353835395498	12784106972526145936	0	17	17	17	1	0	653244	1	CERTIFIED	1	0xc863	0xc863	63340646353835395498	12784106972526145936	0	32	17	17	1	15	652445	1	0	0xc863	0xc863	0	0	COMPLETE	1	0xc863	0xc863	63340646353835395498	2048	0	368810	1	COMPLETE	1	0xc863	0xc863	63340646353835395498	0	33	9670	1
173	CERTIFIED	1	0x72bf	0x72bf	91930164900851067334	12784106972526145936	0	17	17	17	2	0	806315	0	CERTIFIED	1	0x72bf	0x72bf	91930164900851067334	12784106972526145936	0	32	17	17	2	15	670269	0	0	0x72bf	0x72bf,0xb95f	0	0	COMPLETE	1	0x72bf	0x72bf	91930164900851067334	2048	0	317468	0	COMPLETE	1	0x72bf	0x72bf	91930164900851067334	0	53	14643	0
174	CERTIFIED	1	0x57da	0x57da	1695638680153866124	672847735396112944	1	272	229	229	5	43	776328	1	CERTIFIED	1	0x57da	0x57da	1695638680153866124	672847735396112944	1	512	229	229	5	283	672802	1	1	0x1762	0x1762,0x4bf2,0x56f2,0x57da,0x5fa2	1	0	COMPLETE	1	0x57da	0x57da	1695638680153866124	2048	0	324656	1	COMPLETE	1	0x57da	0x57da	1695638680153866124	0	347	85257	1
175	CERTIFIED	1	0x1583	0x1583	79146051780275100556	12784106972526145936	0	17	17	17	1	0	787011	1	CERTIFIED	1	0x1583	0x1583	79146051780275100556	12784106972526145936	0	32	17	17	1	15	651144	1	0	0x1583	0x1583	0	0	COMPLETE	1	0x1583	0x1583	79146051780275100556	2048	0	333996	1	COMPLETE	1	0x1583	0x1583	79146051780275100556	0	53	14868	1
176	CERTIFIED	1	0x5e8a	0x5e8a	16949707005297722920	12784106972526145936	0	17	17	17	1	0	656303	1	CERTIFIED	1	0x5e8a	0x5e8a	16949707005297722920	12784106972526145936	0	32	17	17	1	15	676222	1	0	0x5e8a	0x5e8a	0	0	COMPLETE	1	0x5e8a	0x5e8a	16949707005297722920	2048	0	374828	1	COMPLETE	1	0x5e8a	0x5e8a	16949707005297722920	0	227	78112	1
177	CERTIFIED	1	0xe56	0xe56	2651674251915112498	672847735396112944	1	272	233	233	1	39	839578	1	CERTIFIED	1	0xe56	0xe56	2651674251915112498	672847735396112944	1	512	233	233	1	279	666348	1	1	0xe56	0xe56	0	0	COMPLETE	1	0xe56	0xe56	2651674251915112498	2048	0	314492	1	COMPLETE	1	0xe56	0xe56	2651674251915112498	0	623	152522	1
178	CERTIFIED	1	0xe0bc	0xe0bc	4165936900850623480	672847735396112944	1	272	226	226	5	46	731512	1	CERTIFIED	1	0xe0bc	0xe0bc	4165936900850623480	672847735396112944	1	512	226	226	5	286	674770	1	1	0x713c	0x713c,0xd8fc,0xe0bc,0xf164,0xf6bc	1	0	COMPLETE	1	0xe0bc	0xe0bc	4165936900850623480	2048	0	355347	1	COMPLETE	1	0xe0bc	0xe0bc	4165936900850623480	0	237	59291	1
179	CERTIFIED	1	0xce68	0xce68	34445943674814913000	12784106972526145936	0	17	17	17	2	0	651601	0	CERTIFIED	1	0xce68	0xce68	34445943674814913000	12784106972526145936	0	32	17	17	2	15	649356	0	0	0xce68	0xce68,0xdcc8	0	0	COMPLETE	1	0xce68	0xce68	34445943674814913000	2048	0	375542	0	COMPLETE	1	0xce68	0xce68	34445943674814913000	0	51	14150	0
180	CERTIFIED	1	0xcbc5	0xcbc5	16029299094421555978	12784106972526145936	0	17	17	17	1	0	984726	1	CERTIFIED	1	0xcbc5	0xcbc5	16029299094421555978	12784106972526145936	0	32	17	17	1	15	657317	1	0	0xcbc5	0xcbc5	0	0	COMPLETE	1	0xcbc5	0xcbc5	16029299094421555978	2048	0	367808	1	COMPLETE	1	0xcbc5	0xcbc5	16029299094421555978	0	257	64763	1
181	CERTIFIED	1	0x98f5	0x98f5	50468129405871759142	12784106972526145936	0	17	17	17	1	0	781620	0	CERTIFIED	1	0x98f5	0x98f5	50468129405871759142	12784106972526145936	0	32	17	17	1	15	650895	0	0	0x98f5	0x98f5	0	0	COMPLETE	1	0x98f5	0x98f5	50468129405871759142	2048	0	362458	0	COMPLETE	1	0x98f5	0x98f5	50468129405871759142	0	27	8055	0
182	CERTIFIED	1	0x7a19	0x7a19	18421898956914725080	12784106972526145936	0	17	17	17	2	0	965856	1	CERTIFIED	1	0x7a19	0x7a19	18421898956914725080	12784106972526145936	0	32	17	17	2	15	707329	1	0	0x7a19	0x7a19,0xf432	0	0	COMPLETE	1	0x7a19	0x7a19	18421898956914725080	2048	0	368586	1	COMPLETE	1	0x7a19	0x7a19	18421898956914725080	0	91	24105	1
183	CERTIFIED	1	0x4236	0x4236	48157538989559327476	12784106972526145936	0	17	17	17	2	0	682658	1	CERTIFIED	1	0x4236	0x4236	48157538989559327476	12784106972526145936	0	32	17	17	2	15	664066	1	0	0x4236	0x4236,0x4936	0	0	COMPLETE	1	0x4236	0x4236	48157538989559327476	2048	0	366965	1	COMPLETE	1	0x4236	0x4236	48157538989559327476	0	37	10876	1
184	CERTIFIED	1	0x30ac	0x30ac	19309204596583500604	12784106972526145936	0	17	17	17	1	0	678449	0	CERTIFIED	1	0x30ac	0x30ac	19309204596583500604	12784106972526145936	0	32	17	17	1	15	685261	0	0	0x30ac	0x30ac	0	0	COMPLETE	1	0x30ac	0x30ac	19309204596583500604	2048	0	437571	0	COMPLETE	1	0x30ac	0x30ac	19309204596583500604	0	91	24503	0
185	CERTIFIED	1	0xced9	0xced9	48111071961079151476	12784106972526145936	0	17	17	17	1	0	691911	0	CERTIFIED	1	0xced9	0xced9	48111071961079151476	12784106972526145936	0	32	17	17	1	15	663385	0	0	0xced9	0xced9	0	0	COMPLETE	1	0xced9	0xced9	48111071961079151476	2048	0	371792	0	COMPLETE	1	0xced9	0xced9	48111071961079151476	0	37	12459	0
186	CERTIFIED	1	0xa2e5	0xa2e5	2530413665919628720	672847735396112944	1	272	230	230	4	42	681206	1	CERTIFIED	1	0xa2e5	0xa2e5	2530413665919628720	672847735396112944	1	512	230	230	4	282	697360	1	1	0x8267	0x8267,0x8561,0x8967,0xa2e5	1	0	COMPLETE	1	0xa2e5	0xa2e5	2530413665919628720	2048	0	313199	1	COMPLETE	1	0xa2e5	0xa2e5	2530413665919628720	0	317	77847	1
187	CERTIFIED	1	0x76c1	0x76c1	78349270026168402640	12784106972526145936	0	17	17	17	1	0	656487	0	CERTIFIED	1	0x76c1	0x76c1	78349270026168402640	12784106972526145936	0	32	17	17	1	15	703842	0	0	0x76c1	0x76c1	0	0	COMPLETE	1	0x76c1	0x76c1	78349270026168402640	2048	0	388884	0	COMPLETE	1	0x76c1	0x76c1	78349270026168402640	0	63	17580	0
188	CERTIFIED	1	0xea25	0xea25	4125859088786471680	672847735396112944	1	272	237	237	8	35	670646	1	CERTIFIED	1	0xea25	0xea25	4125859088786471680	672847735396112944	1	512	237	237	8	275	731056	1	1	0xcd35	0xcd35,0xe534,0xe875,0xea25,0xea4a,0xea6f,0xeab1,0xf575	1	0	COMPLETE	1	0xea25	0xea25	4125859088786471680	2048	0	311500	1	COMPLETE	1	0xea25	0xea25	4125859088786471680	0	247	62967	1
189	CERTIFIED	1	0x535f	0x535f	4044082299541961164	672847735396112944	1	272	234	234	8	38	693075	1	CERTIFIED	1	0x535f	0x535f	4044082299541961164	672847735396112944	1	512	234	234	8	278	736340	1	1	0x125b	0x125b,0x510f,0x5277,0x535f,0x55af,0xa9af,0xd22f,0xd92f	1	0	COMPLETE	1	0x535f	0x535f	4044082299541961164	2048	0	318351	1	COMPLETE	1	0x535f	0x535f	4044082299541961164	0	245	61571	1
190	CERTIFIED	1	0xc2df	0xc2df	76791102776899780876	12784106972526145936	0	17	17	17	2	0	669765	0	CERTIFIED	1	0xc2df	0xc2df	76791102776899780876	12784106972526145936	0	32	17	17	2	15	662195	0	0	0xc2df	0xc2df,0xe16f	0	0	COMPLETE	1	0xc2df	0xc2df	76791102776899780876	2048	0	409964	0	COMPLETE	1	0xc2df	0xc2df	76791102776899780876	0	37	10655	0
191	CERTIFIED	1	0x75d6	0x75d6	47230521771379816276	12784106972526145936	0	17	17	17	1	0	691203	0	CERTIFIED	1	0x75d6	0x75d6	47230521771379816276	12784106972526145936	0	32	17	17	1	15	679292	0	0	0x75d6	0x75d6	0	0	COMPLETE	1	0x75d6	0x75d6	47230521771379816276	2048	0	355584	0	COMPLETE	1	0x75d6	0x75d6	47230521771379816276	0	33	11564	0
192	CERTIFIED	1	0x41e9	0x41e9	20145721468419309022	12784106972526145936	0	17	17	17	1	0	676676	1	CERTIFIED	1	0x41e9	0x41e9	20145721468419309022	12784106972526145936	0	32	17	17	1	15	655549	1	0	0x41e9	0x41e9	0	0	COMPLETE	1	0x41e9	0x41e9	20145721468419309022	4096	0	638978	1	COMPLETE	1	0x41e9	0x41e9	20145721468419309022	0	81	25954	1
193	CERTIFIED	1	0xf91d	0xf91d	77552697373689865516	12784106972526145936	0	17	17	17	2	0	675036	0	CERTIFIED	1	0xf91d	0xf91d	77552697373689865516	12784106972526145936	0	32	17	17	2	15	662127	0	0	0xf23a	0xf23a,0xf91d	1	0	COMPLETE	1	0xf91d	0xf91d	77552697373689865516	4096	0	743699	0	COMPLETE	1	0xf91d	0xf91d	77552697373689865516	0	25	8122	0
194	CERTIFIED	1	0xc347	0xc347	63965169024987520960	12784106972526145936	0	17	17	17	1	0	647062	1	CERTIFIED	1	0xc347	0xc347	63965169024987520960	12784106972526145936	0	32	17	17	1	15	926477	1	0	0xc347	0xc347	0	0	COMPLETE	1	0xc347	0xc347	63965169024987520960	4096	0	692507	1	COMPLETE	1	0xc347	0xc347	63965169024987520960	0	35	11440	1
195	CERTIFIED	1	0x33da	0x33da	32177417536034160658	12784106972526145936	0	17	17	17	2	0	683336	1	CERTIFIED	1	0x33da	0x33da	32177417536034160658	12784106972526145936	0	32	17	17	2	15	662915	1	0	0x32ea	0x32ea,0x33da	1	0	COMPLETE	1	0x33da	0x33da	32177417536034160658	4096	0	682814	1	COMPLETE	1	0x33da	0x33da	32177417536034160658	0	79	48718	1
196	CERTIFIED	1	0x1e67	0x1e67	35373199036515385102	12784106972526145936	0	17	17	17	1	0	680944	1	CERTIFIED	1	0x1e67	0x1e67	35373199036515385102	12784106972526145936	0	32	17	17	1	15	682579	1	0	0x1e67	0x1e67	0	0	COMPLETE	1	0x1e67	0x1e67	35373199036515385102	4096	0	734711	1	COMPLETE	1	0x1e67	0x1e67	35373199036515385102	0	45	13007	1
197	CERTIFIED	1	0x727f	0x727f	5679617778728036746	672847735396112944	1	272	222	222	15	50	695817	1	CERTIFIED	1	0x727f	0x727f	5679617778728036746	672847735396112944	1	512	222	222	15	290	697425	1	1	0x3377	0x3377,0x393f,0x55bf,0x69b7,0x71b7,0x727f,0x734f,0x737a,0x73bd,0x76bf,0x777d,0x799f,0xb9bd,0xd9bf,0xf33f	1	0	COMPLETE	1	0x727f	0x727f	5679617778728036746	4096	0	652452	1	COMPLETE	1	0x727f	0x727f	5679617778728036746	0	175	45783	1
198	CERTIFIED	1	0x440a	0x440a	47438101604357882512	12784106972526145936	0	17	17	17	1	0	675575	0	CERTIFIED	1	0x440a	0x440a	47438101604357882512	12784106972526145936	0	32	17	17	1	15	655808	0	0	0x440a	0x440a	0	0	COMPLETE	1	0x440a	0x440a	47438101604357882512	4096	0	695132	0	COMPLETE	1	0x440a	0x440a	47438101604357882512	0	25	7649	0
199	CERTIFIED	1	0x4eef	0x4eef	17706876245123031574	12784106972526145936	0	17	17	17	2	0	671523	0	CERTIFIED	1	0x4eef	0x4eef	17706876245123031574	12784106972526145936	0	32	17	17	2	15	1046180	0	0	0x1daf	0x1daf,0x4eef	1	0	COMPLETE	1	0x4eef	0x4eef	17706876245123031574	4096	0	649590	0	COMPLETE	1	0x4eef	0x4eef	17706876245123031574	0	115	32012	0
200	CERTIFIED	1	0x5003	0x5003	8118561744459834568	672847735396112944	1	272	225	225	17	47	669559	1	CERTIFIED	1	0x5003	0x5003	8118561744459834568	672847735396112944	1	512	225	225	17	287	683689	1	1	0x2d03	0x2d03,0x4207,0x4803,0x5003,0x5209,0x5245,0x5263,0x5282,0x5501,0x5983,0x5a07,0x6b03,0x7206,0x7303,0xa103,0xb903,0xd213	1	0	COMPLETE	1	0x5003	0x5003	8118561744459834568	4096	0	1131263	1	COMPLETE	1	0x5003	0x5003	8118561744459834568	0	137	111111	1
201	CERTIFIED	1	0x42b9	0x42b9	18508211768020786738	12784106972526145936	0	17	17	17	2	0	1926247	1	CERTIFIED	1	0x42b9	0x42b9	18508211768020786738	12784106972526145936	0	32	17	17	2	15	1306834	1	0	0x42b9	0x42b9,0x42f5	0	0	COMPLETE	1	0x42b9	0x42b9	18508211768020786738	4096	0	2001806	1	COMPLETE	1	0x42b9	0x42b9	18508211768020786738	0	95	76667	1
202	CERTIFIED	1	0xff25	0xff25	123093632167877397814	12784106972526145936	0	17	17	17	2	0	1979392	0	CERTIFIED	1	0xff25	0xff25	123093632167877397814	12784106972526145936	0	32	17	17	2	15	915974	0	0	0xfe4a	0xfe4a,0xff25	1	0	COMPLETE	1	0xff25	0xff25	123093632167877397814	4096	0	892569	0	COMPLETE	1	0xff25	0xff25	123093632167877397814	0	25	11089	0
203	CERTIFIED	1	0xad19	0xad19	34443846222656784280	12784106972526145936	0	17	17	17	2	0	1135876	0	CERTIFIED	1	0xad19	0xad19	34443846222656784280	12784106972526145936	0	32	17	17	2	15	864770	0	0	0xaa89	0xaa89,0xad19	1	0	COMPLETE	1	0xad19	0xad19	34443846222656784280	4096	0	837607	0	COMPLETE	1	0xad19	0xad19	34443846222656784280	0	67	25625	0
204	CERTIFIED	1	0x8b57	0x8b57	16874436549332223862	12784106972526145936	0	17	17	17	1	0	1337907	1	CERTIFIED	1	0x8b57	0x8b57	16874436549332223862	12784106972526145936	0	32	17	17	1	15	1485580	1	0	0x8b57	0x8b57	0	0	COMPLETE	1	0x8b57	0x8b57	16874436549332223862	4096	0	1660596	1	COMPLETE	1	0x8b57	0x8b57	16874436549332223862	0	135	59930	1
205	CERTIFIED	1	0x9400	0x9400	152654782394496244570	12784106972526145936	0	17	17	17	2	0	1086938	0	CERTIFIED	1	0x9400	0x9400	152654782394496244570	12784106972526145936	0	32	17	17	2	15	979043	0	0	0x9400	0x9400,0xca00	0	0	COMPLETE	1	0x9400	0x9400	152654782394496244570	4096	0	1287653	0	COMPLETE	1	0x9400	0x9400	152654782394496244570	0	25	23357	0
206	CERTIFIED	1	0x521a	0x521a	32177411727655600636	12784106972526145936	0	17	17	17	2	0	1089361	1	CERTIFIED	1	0x521a	0x521a	32177411727655600636	12784106972526145936	0	32	17	17	2	15	1131422	1	0	0x4a1a	0x4a1a,0x521a	1	0	COMPLETE	1	0x521a	0x521a	32177411727655600636	4096	0	1174270	1	COMPLETE	1	0x521a	0x521a	32177411727655600636	0	51	43497	1
207	CERTIFIED	1	0xe439	0xe439	50426303271861040720	12784106972526145936	0	17	17	17	1	0	1112696	1	CERTIFIED	1	0xe439	0xe439	50426303271861040720	12784106972526145936	0	32	17	17	1	15	1158676	1	0	0xe439	0xe439	0	0	COMPLETE	1	0xe439	0xe439	50426303271861040720	4096	0	1177829	1	COMPLETE	1	0xe439	0xe439	50426303271861040720	0	65	35047	1
208	CERTIFIED	1	0xe00b	0xe00b	23381458805014924804	12784106972526145936	0	17	17	17	1	0	1076737	1	CERTIFIED	1	0xe00b	0xe00b	23381458805014924804	12784106972526145936	0	32	17	17	1	15	1108239	1	0	0xe00b	0xe00b	0	0	COMPLETE	1	0xe00b	0xe00b	23381458805014924804	4096	0	1005064	1	COMPLETE	1	0xe00b	0xe00b	23381458805014924804	0	113	47412	1
209	CERTIFIED	1	0xbaed	0xbaed	17626963011347366746	12784106972526145936	0	17	17	17	1	0	923918	0	CERTIFIED	1	0xbaed	0xbaed	17626963011347366746	12784106972526145936	0	32	17	17	1	15	989996	0	0	0xbaed	0xbaed	0	0	COMPLETE	1	0xbaed	0xbaed	17626963011347366746	4096	0	927676	0	COMPLETE	1	0xbaed	0xbaed	17626963011347366746	0	143	49248	0
210	CERTIFIED	1	0xafc7	0xafc7	48195055306678509574	12784106972526145936	0	17	17	17	2	0	837521	0	CERTIFIED	1	0xafc7	0xafc7	48195055306678509574	12784106972526145936	0	32	17	17	2	15	861041	0	0	0xafc7	0xafc7,0xd7e3	0	0	COMPLETE	1	0xafc7	0xafc7	48195055306678509574	4096	0	917147	0	COMPLETE	1	0xafc7	0xafc7	48195055306678509574	0	51	19708	0
211	CERTIFIED	1	0x27d3	0x27d3	4130511600013049302	672847735396112944	1	272	231	231	15	41	892854	1	CERTIFIED	1	0x27d3	0x27d3	4130511600013049302	672847735396112944	1	512	231	231	15	281	961851	1	1	0x7a5	0x7a5,0x13d5,0x22d1,0x25d9,0x2721,0x27aa,0x27b9,0x27d3,0x2b51,0x2f91,0x3351,0x3791,0xa751,0xa7a3,0xd3d1	1	0	COMPLETE	1	0x27d3	0x27d3	4130511600013049302	4096	0	1656642	1	COMPLETE	1	0x27d3	0x27d3	4130511600013049302	0	201	105061	1
212	CERTIFIED	1	0xc520	0xc520	76791084740355831334	12784106972526145936	0	17	17	17	2	0	1499737	0	CERTIFIED	1	0xc520	0xc520	76791084740355831334	12784106972526145936	0	32	17	17	2	15	2165108	0	0	0x6290	0x6290,0xc520	1	0	COMPLETE	1	0xc520	0xc520	76791084740355831334	4096	0	860612	0	COMPLETE	1	0xc520	0xc520	76791084740355831334	0	59	23638	0
213	CERTIFIED	1	0x3829	0x3829	51180823263565018564	12784106972526145936	0	17	17	17	1	0	920860	0	CERTIFIED	1	0x3829	0x3829	51180823263565018564	12784106972526145936	0	32	17	17	1	15	1396906	0	0	0x3829	0x3829	0	0	COMPLETE	1	0x3829	0x3829	51180823263565018564	4096	0	966517	0	COMPLETE	1	0x3829	0x3829	51180823263565018564	0	27	11937	0
214	CERTIFIED	1	0xfb48	0xfb48	32217146845384711138	12784106972526145936	0	17	17	17	2	0	837267	1	CERTIFIED	1	0xfb48	0xfb48	32217146845384711138	12784106972526145936	0	32	17	17	2	15	848983	1	0	0xbd48	0xbd48,0xfb48	1	0	COMPLETE	1	0xfb48	0xfb48	32217146845384711138	4096	0	1302711	1	COMPLETE	1	0xfb48	0xfb48	32217146845384711138	0	59	51005	1
215	CERTIFIED	1	0x6bf1	0x6bf1	4966807753463576884	672847735396112944	1	272	235	235	16	37	1099977	1	CERTIFIED	1	0x6bf1	0x6bf1	4966807753463576884	672847735396112944	1	512	235	235	16	277	1266245	1	1	0x35f1	0x35f1,0x6271,0x62e9,0x6579,0x6970,0x6ac1,0x6ae7,0x6be2,0x6bf1,0x6d51,0x7551,0x7a71,0x7ae9,0xb573,0xd571,0xeab1	1	0	COMPLETE	1	0x6bf1	0x6bf1	4966807753463576884	4096	0	1102722	1	COMPLETE	1	0x6bf1	0x6bf1	4966807753463576884	0	183	115297	1
216	CERTIFIED	1	0xb623	0xb623	32808206820154589080	12784106972526145936	0	17	17	17	2	0	1336028	1	CERTIFIED	1	0xb623	0xb623	32808206820154589080	12784106972526145936	0	32	17	17	2	15	852740	1	0	0x5b11	0x5b11,0xb623	1	0	COMPLETE	1	0xb623	0xb623	32808206820154589080	4096	0	932034	1	COMPLETE	1	0xb623	0xb623	32808206820154589080	0	95	34937	1
217	CERTIFIED	1	0x88aa	0x88aa	16868146075351720036	12784106972526145936	0	17	17	17	1	0	1202686	1	CERTIFIED	1	0x88aa	0x88aa	16868146075351720036	12784106972526145936	0	32	17	17	1	15	863600	1	0	0x88aa	0x88aa	0	0	COMPLETE	1	0x88aa	0x88aa	16868146075351720036	4096	0	1395256	1	COMPLETE	1	0x88aa	0x88aa	16868146075351720036	0	125	72614	1
218	CERTIFIED	1	0xf468	0xf468	18631819872156614920	12784106972526145936	0	17	17	17	4	0	1098552	1	CERTIFIED	1	0xf468	0xf468	18631819872156614920	12784106972526145936	0	32	17	17	4	15	1104518	1	0	0x7868	0x7868,0xf0a8,0xf0d1,0xf468	1	0	COMPLETE	1	0xf468	0xf468	18631819872156614920	4096	0	1381355	1	COMPLETE	1	0xf468	0xf468	18631819872156614920	0	73	28528	1
219	CERTIFIED	1	0x9362	0x9362	32896738753664405182	12784106972526145936	0	17	17	17	2	0	853961	0	CERTIFIED	1	0x9362	0x9362	32896738753664405182	12784106972526145936	0	32	17	17	2	15	877928	0	0	0x92ca	0x92ca,0x9362	1	0	COMPLETE	1	0x9362	0x9362	32896738753664405182	4096	0	900594	0	COMPLETE	1	0x9362	0x9362	32896738753664405182	0	55	20922	0
220	CERTIFIED	1	0x9b5	0x9b5	61612176495048316018	12784106972526145936	0	17	17	17	3	0	1253373	1	CERTIFIED	1	0x9b5	0x9b5	61612176495048316018	12784106972526145936	0	32	17	17	3	15	1083186	1	0	0x9b5	0x9b5,0x11b5,0x136b	0	0	COMPLETE	1	0x9b5	0x9b5	61612176495048316018	4096	0	934338	1	COMPLETE	1	0x9b5	0x9b5	61612176495048316018	0	25	11102	1
221	CERTIFIED	1	0xfc39	0xfc39	94413490992864127996	12784106972526145936	0	17	17	17	2	0	858558	0	CERTIFIED	1	0xfc39	0xfc39	94413490992864127996	12784106972526145936	0	32	17	17	2	15	855905	0	0	0xf872	0xf872,0xfc39	1	0	COMPLETE	1	0xfc39	0xfc39	94413490992864127996	4096	0	920413	0	COMPLETE	1	0xfc39	0xfc39	94413490992864127996	0	25	10751	0
222	CERTIFIED	1	0x630d	0x630d	33651479463753663862	12784106972526145936	0	17	17	17	1	0	1484065	0	CERTIFIED	1	0x630d	0x630d	33651479463753663862	12784106972526145936	0	32	17	17	1	15	1192146	0	0	0x630d	0x630d	0	0	COMPLETE	1	0x630d	0x630d	33651479463753663862	4096	0	1124880	0	COMPLETE	1	0x630d	0x630d	33651479463753663862	0	55	41945	0
223	CERTIFIED	1	0x655f	0x655f	17708856902211999076	12784106972526145936	0	17	17	17	1	0	1109284	0	CERTIFIED	1	0x655f	0x655f	17708856902211999076	12784106972526145936	0	32	17	17	1	15	1093920	0	0	0x655f	0x655f	0	0	COMPLETE	1	0x655f	0x655f	17708856902211999076	4096	0	978178	0	COMPLETE	1	0x655f	0x655f	17708856902211999076	0	107	43353	0
224	CERTIFIED	1	0xd26a	0xd26a	31207869774526766560	12784106972526145936	0	17	17	17	2	0	866517	1	CERTIFIED	1	0xd26a	0xd26a	31207869774526766560	12784106972526145936	0	32	17	17	2	15	847610	1	0	0xa4d5	0xa4d5,0xd26a	1	0	COMPLETE	1	0xd26a	0xd26a	31207869774526766560	4096	0	865309	1	COMPLETE	1	0xd26a	0xd26a	31207869774526766560	0	77	29344	1
225	CERTIFIED	1	0xa56e	0xa56e	17671462255338442702	12784106972526145936	0	17	17	17	1	0	943995	1	CERTIFIED	1	0xa56e	0xa56e	17671462255338442702	12784106972526145936	0	32	17	17	1	15	1031074	1	0	0xa56e	0xa56e	0	0	COMPLETE	1	0xa56e	0xa56e	17671462255338442702	4096	0	918552	1	COMPLETE	1	0xa56e	0xa56e	17671462255338442702	0	107	41049	1
226	CERTIFIED	1	0xb27b	0xb27b	20061732008737256164	12784106972526145936	0	17	17	17	2	0	883448	1	CERTIFIED	1	0xb27b	0xb27b	20061732008737256164	12784106972526145936	0	32	17	17	2	15	866092	1	0	0xb27b	0xb27b,0xb53f	0	0	COMPLETE	1	0xb27b	0xb27b	20061732008737256164	4096	0	1319834	1	COMPLETE	1	0xb27b	0xb27b	20061732008737256164	0	111	39452	1
227	CERTIFIED	1	0x5780	0x5780	109508305194649301596	12784106972526145936	0	17	17	17	2	0	1008624	0	CERTIFIED	1	0x5780	0x5780	109508305194649301596	12784106972526145936	0	32	17	17	2	15	892086	0	0	0x5780	0x5780,0xabc0	0	0	COMPLETE	1	0x5780	0x5780	109508305194649301596	4096	0	863635	0	COMPLETE	1	0x5780	0x5780	109508305194649301596	0	45	18211	0
228	CERTIFIED	1	0xbcac	0xbcac	3326735303124163342	672847735396112944	1	272	236	236	19	36	863622	1	CERTIFIED	1	0xbcac	0xbcac	3326735303124163342	672847735396112944	1	512	236	236	19	276	1397388	1	1	0x3b4c	0x3b4c,0x4dac,0x55ac,0x9b59,0x9b6c,0x9fac,0xab58,0xad2c,0xb358,0xb52c,0xb95c,0xb9ae,0xbb1a,0xbb3c,0xbb56,0xbba4,0xbcac,0xd9ac,0xfaac	1	0	COMPLETE	1	0xbcac	0xbcac	3326735303124163342	4096	0	1353623	1	COMPLETE	1	0xbcac	0xbcac	3326735303124163342	0	213	110140	1
229	CERTIFIED	1	0x318f	0x318f	48958526009743481320	12784106972526145936	0	17	17	17	3	0	1075480	1	CERTIFIED	1	0x318f	0x318f	48958526009743481320	12784106972526145936	0	32	17	17	3	15	1133901	1	0	0x298f	0x298f,0x318f,0x331d	1	0	COMPLETE	1	0x318f	0x318f	48958526009743481320	4096	0	1331051	1	COMPLETE	1	0x318f	0x318f	48958526009743481320	0	35	17540	1
230	CERTIFIED	1	0x1cf5	0x1cf5	36125848730323035862	12784106972526145936	0	17	17	17	1	0	925837	1	CERTIFIED	1	0x1cf5	0x1cf5	36125848730323035862	12784106972526145936	0	32	17	17	1	15	912163	1	0	0x1cf5	0x1cf5	0	0	COMPLETE	1	0x1cf5	0x1cf5	36125848730323035862	4096	0	875726	1	COMPLETE	1	0x1cf5	0x1cf5	36125848730323035862	0	39	16435	1
231	CERTIFIED	1	0x4920	0x4920	76791200891837340472	12784106972526145936	0	17	17	17	2	0	1232324	0	CERTIFIED	1	0x4920	0x4920	76791200891837340472	12784106972526145936	0	32	17	17	2	15	899425	0	0	0x2490	0x2490,0x4920	1	0	COMPLETE	1	0x4920	0x4920	76791200891837340472	4096	0	968580	0	COMPLETE	1	0x4920	0x4920	76791200891837340472	0	55	23789	0
232	CERTIFIED	1	0xe79b	0xe79b	5015371606603920826	672847735396112944	1	272	231	231	16	41	895643	1	CERTIFIED	1	0xe79b	0xe79b	5015371606603920826	672847735396112944	1	512	231	231	16	281	894539	1	1	0x658b	0x658b,0x739b,0xb78b,0xd28b,0xe317,0xe38f,0xe615,0xe6ab,0xe703,0xe736,0xe74f,0xe79b,0xe98b,0xef2b,0xf18b,0xf72b	1	0	COMPLETE	1	0xe79b	0xe79b	5015371606603920826	4096	0	863662	1	COMPLETE	1	0xe79b	0xe79b	5015371606603920826	0	187	66590	1
233	CERTIFIED	1	0xaba	0xaba,0x12ba	19220550364483272142	12784106972526145936	0	17	17	17	2	0	905300	0	CERTIFIED	1	0xaba	0xaba,0x12ba	19220550364483272142	12784106972526145936	0	32	17	17	2	15	1243008	0	0	0xaba	0xaba,0x12ba	0	0	COMPLETE	1	0xaba	0xaba,0x12ba	19220550364483272142	4096	0	943771	0	COMPLETE	1	0xaba	0xaba,0x12ba	19220550364483272142	0	83	33084	0
234	CERTIFIED	1	0x64e4	0x64e4	18507868767981610702	12784106972526145936	0	17	17	17	2	0	881611	1	CERTIFIED	1	0x64e4	0x64e4	18507868767981610702	12784106972526145936	0	32	17	17	2	15	861294	1	0	0x5270	0x5270,0x64e4	1	0	COMPLETE	1	0x64e4	0x64e4	18507868767981610702	4096	0	934143	1	COMPLETE	1	0x64e4	0x64e4	18507868767981610702	0	113	40987	1
235	CERTIFIED	1	0x28d5	0x28d5	17751031538936318818	12784106972526145936	0	17	17	17	1	0	883748	0	CERTIFIED	1	0x28d5	0x28d5	17751031538936318818	12784106972526145936	0	32	17	17	1	15	871782	0	0	0x28d5	0x28d5	0	0	COMPLETE	1	0x28d5	0x28d5	17751031538936318818	4096	0	933806	0	COMPLETE	1	0x28d5	0x28d5	17751031538936318818	0	113	39552	0
236	CERTIFIED	1	0x5685	0x5685	32055685538173219582	12784106972526145936	0	17	17	17	1	0	838119	1	CERTIFIED	1	0x5685	0x5685	32055685538173219582	12784106972526145936	0	32	17	17	1	15	1208860	1	0	0x5685	0x5685	0	0	COMPLETE	1	0x5685	0x5685	32055685538173219582	4096	0	916494	1	COMPLETE	1	0x5685	0x5685	32055685538173219582	0	53	20339	1
237	CERTIFIED	1	0x897b	0x897b	19309314955776141022	12784106972526145936	0	17	17	17	1	0	894629	1	CERTIFIED	1	0x897b	0x897b	19309314955776141022	12784106972526145936	0	32	17	17	1	15	878928	1	0	0x897b	0x897b	0	0	COMPLETE	1	0x897b	0x897b	19309314955776141022	4096	0	897757	1	COMPLETE	1	0x897b	0x897b	19309314955776141022	0	93	33024	1
238	CERTIFIED	1	0x5e35	0x5e35	19348921983472796302	12784106972526145936	0	17	17	17	2	0	836999	0	CERTIFIED	1	0x5e35	0x5e35	19348921983472796302	12784106972526145936	0	32	17	17	2	15	845464	0	0	0x5e35	0x5e35,0x7d35	0	0	COMPLETE	1	0x5e35	0x5e35	19348921983472796302	4096	0	895372	0	COMPLETE	1	0x5e35	0x5e35	19348921983472796302	0	91	31977	0
239	CERTIFIED	1	0xdece	0xdece	20112509159813103226	12784106972526145936	0	17	17	17	1	0	882792	0	CERTIFIED	1	0xdece	0xdece	20112509159813103226	12784106972526145936	0	32	17	17	1	15	900394	0	0	0xdece	0xdece	0	0	COMPLETE	1	0xdece	0xdece	20112509159813103226	4096	0	1671001	0	COMPLETE	1	0xdece	0xdece	20112509159813103226	0	85	61470	0
240	CERTIFIED	1	0xe37d	0xe37d	33897034475757153934	12784106972526145936	0	17	17	17	1	0	1254369	0	CERTIFIED	1	0xe37d	0xe37d	33897034475757153934	12784106972526145936	0	32	17	17	1	15	1164307	0	0	0xe37d	0xe37d	0	0	COMPLETE	1	0xe37d	0xe37d	33897034475757153934	4096	0	1110865	0	COMPLETE	1	0xe37d	0xe37d	33897034475757153934	0	49	33661	0
241	CERTIFIED	1	0xe1c9	0xe1c9	48870122488059946480	12784106972526145936	0	17	17	17	3	0	1008424	0	CERTIFIED	1	0xe1c9	0xe1c9	48870122488059946480	12784106972526145936	0	32	17	17	3	15	1140537	0	0	0xc2c9	0xc2c9,0xc393,0xe1c9	1	0	COMPLETE	1	0xe1c9	0xe1c9	48870122488059946480	4096	0	895345	0	COMPLETE	1	0xe1c9	0xe1c9	48870122488059946480	0	35	15343	0
242	CERTIFIED	1	0xbe	0xbe	122301258973097756596	12784106972526145936	0	17	17	17	2	0	865935	1	CERTIFIED	1	0xbe	0xbe	122301258973097756596	12784106972526145936	0	32	17	17	2	15	846033	1	0	0xbe	0xbe,0x17c	0	0	COMPLETE	1	0xbe	0xbe	122301258973097756596	4096	0	1815447	1	COMPLETE	1	0xbe	0xbe	122301258973097756596	0	25	12901	1
243	CERTIFIED	1	0xf61b	0xf61b	34528178698467704476	12784106972526145936	0	17	17	17	2	0	1009352	1	CERTIFIED	1	0xf61b	0xf61b	34528178698467704476	12784106972526145936	0	32	17	17	2	15	912600	1	0	0xdb0b	0xdb0b,0xf61b	1	0	COMPLETE	1	0xf61b	0xf61b	34528178698467704476	4096	0	890593	1	COMPLETE	1	0xf61b	0xf61b	34528178698467704476	0	77	30480	1
244	CERTIFIED	1	0x2f70	0x2f70	62504013314428386640	12784106972526145936	0	17	17	17	2	0	862036	0	CERTIFIED	1	0x2f70	0x2f70	62504013314428386640	12784106972526145936	0	32	17	17	2	15	874591	0	0	0x2f70	0x2f70,0x3770	0	0	COMPLETE	1	0x2f70	0x2f70	62504013314428386640	4096	0	829658	0	COMPLETE	1	0x2f70	0x2f70	62504013314428386640	0	43	17236	0
245	CERTIFIED	1	0x47bb	0x47bb	64093406406835686676	12784106972526145936	0	17	17	17	1	0	1097314	0	CERTIFIED	1	0x47bb	0x47bb	64093406406835686676	12784106972526145936	0	32	17	17	1	15	852916	0	0	0x47bb	0x47bb	0	0	COMPLETE	1	0x47bb	0x47bb	64093406406835686676	4096	0	848829	0	COMPLETE	1	0x47bb	0x47bb	64093406406835686676	0	27	15990	0
246	CERTIFIED	1	0xafc7	0xafc7	17080500701210259094	12784106972526145936	0	17	17	17	1	0	1388201	1	CERTIFIED	1	0xafc7	0xafc7	17080500701210259094	12784106972526145936	0	32	17	17	1	15	895302	1	0	0xafc7	0xafc7	0	0	COMPLETE	1	0xafc7	0xafc7	17080500701210259094	4096	0	953319	1	COMPLETE	1	0xafc7	0xafc7	17080500701210259094	0	125	45743	1
247	CERTIFIED	1	0x4cc3	0x4cc3	33817355138670772138	12784106972526145936	0	17	17	17	1	0	843133	1	CERTIFIED	1	0x4cc3	0x4cc3	33817355138670772138	12784106972526145936	0	32	17	17	1	15	832251	1	0	0x4cc3	0x4cc3	0	0	COMPLETE	1	0x4cc3	0x4cc3	33817355138670772138	4096	0	933910	1	COMPLETE	1	0x4cc3	0x4cc3	33817355138670772138	0	47	19449	1
248	CERTIFIED	1	0xd03f	0xd03f	96726288593029368022	12784106972526145936	0	17	17	17	2	0	866050	0	CERTIFIED	1	0xd03f	0xd03f	96726288593029368022	12784106972526145936	0	32	17	17	2	15	850585	0	0	0xc83f	0xc83f,0xd03f	1	0	COMPLETE	1	0xd03f	0xd03f	96726288593029368022	4096	0	904306	0	COMPLETE	1	0xd03f	0xd03f	96726288593029368022	0	29	13016	0
249	CERTIFIED	1	0x6290	0x6290	61609957711374904774	12784106972526145936	0	17	17	17	2	0	1415645	1	CERTIFIED	1	0x6290	0x6290	61609957711374904774	12784106972526145936	0	32	17	17	2	15	859741	1	0	0x3148	0x3148,0x6290	1	0	COMPLETE	1	0x6290	0x6290	61609957711374904774	4096	0	1147390	1	COMPLETE	1	0x6290	0x6290	61609957711374904774	0	65	37199	1
250	CERTIFIED	1	0x8cbe	0x8cbe	77550379830644416738	12784106972526145936	0	17	17	17	1	0	1093625	0	CERTIFIED	1	0x8cbe	0x8cbe	77550379830644416738	12784106972526145936	0	32	17	17	1	15	955873	0	0	0x8cbe	0x8cbe	0	0	COMPLETE	1	0x8cbe	0x8cbe	77550379830644416738	4096	0	1370792	0	COMPLETE	1	0x8cbe	0x8cbe	77550379830644416738	0	63	49160	0
251	CERTIFIED	1	0x3e89	0x3e89	4123761958422169000	672847735396112944	1	272	236	236	15	36	912167	1	CERTIFIED	1	0x3e89	0x3e89	4123761958422169000	672847735396112944	1	512	236	236	15	276	1018508	1	1	0x1a81	0x1a81,0x2689,0x3415,0x348d,0x3503,0x3510,0x3569,0x3588,0x3709,0x3e89,0x5b89,0x9a88,0xaa89,0xb289,0xb519	1	0	COMPLETE	1	0x3e89	0x3e89	4123761958422169000	4096	0	872454	1	COMPLETE	1	0x3e89	0x3e89	4123761958422169000	0	161	94868	1
252	CERTIFIED	1	0x532a	0x532a	16825865598006052822	12784106972526145936	0	17	17	17	1	0	875643	1	CERTIFIED	1	0x532a	0x532a	16825865598006052822	12784106972526145936	0	32	17	17	1	15	885281	1	0	0x532a	0x532a	0	0	COMPLETE	1	0x532a	0x532a	16825865598006052822	4096	0	1161337	1	COMPLETE	1	0x532a	0x532a	16825865598006052822	0	99	47176	1
253	CERTIFIED	1	0x957c	0x957c	32004656760415100542	12784106972526145936	0	17	17	17	2	0	920548	1	CERTIFIED	1	0x957c	0x957c	32004656760415100542	12784106972526145936	0	32	17	17	2	15	1070501	1	0	0x957c	0x957c,0xaabc	0	0	COMPLETE	1	0x957c	0x957c	32004656760415100542	4096	0	1264569	1	COMPLETE	1	0x957c	0x957c	32004656760415100542	0	43	17525	1
254	CERTIFIED	1	0x9b4a	0x9b4a	17666919475806544720	12784106972526145936	0	17	17	17	1	0	1190853	0	CERTIFIED	1	0x9b4a	0x9b4a	17666919475806544720	12784106972526145936	0	32	17	17	1	15	879282	0	0	0x9b4a	0x9b4a	0	0	COMPLETE	1	0x9b4a	0x9b4a	17666919475806544720	4096	0	924423	0	COMPLETE	1	0x9b4a	0x9b4a	17666919475806544720	0	143	50456	0
255	CERTIFIED	1	0x3bd4	0x3bd4	19269585646425590542	12784106972526145936	0	17	17	17	1	0	844585	1	CERTIFIED	1	0x3bd4	0x3bd4	19269585646425590542	12784106972526145936	0	32	17	17	1	15	867587	1	0	0x3bd4	0x3bd4	0	0	COMPLETE	1	0x3bd4	0x3bd4	19269585646425590542	4096	0	1407543	1	COMPLETE	1	0x3bd4	0x3bd4	19269585646425590542	0	105	38610	1
256	CERTIFIED	1	0x5a96	0x5a96	17708855952073386400	12784106972526145936	0	17	17	17	1	0	877879	1	CERTIFIED	1	0x5a96	0x5a96	17708855952073386400	12784106972526145936	0	32	17	17	1	15	847355	1	0	0x5a96	0x5a96	0	0	COMPLETE	1	0x5a96	0x5a96	17708855952073386400	2048	0	483691	1	COMPLETE	1	0x5a96	0x5a96	17708855952073386400	0	273	108772	1
257	CERTIFIED	1	0xf330	0xf330	62411311592610435520	12784106972526145936	0	17	17	17	1	0	1192764	1	CERTIFIED	1	0xf330	0xf330	62411311592610435520	12784106972526145936	0	32	17	17	1	15	836375	1	0	0xf330	0xf330	0	0	COMPLETE	1	0xf330	0xf330	62411311592610435520	2048	0	491838	1	COMPLETE	1	0xf330	0xf330	62411311592610435520	0	49	20726	1
258	CERTIFIED	1	0xca60	0xca60	4083689005444790404	672847735396112944	1	272	231	231	6	41	1300814	0	CERTIFIED	1	0xca60	0xca60	4083689005444790404	672847735396112944	1	512	231	231	6	281	1115982	0	1	0x6530	0x6530,0x6a30,0x9530,0xa930,0xca60,0xfa50	1	0	COMPLETE	1	0xca60	0xca60	4083689005444790404	2048	0	462061	0	COMPLETE	1	0xca60	0xca60	4083689005444790404	0	319	174838	0
259	CERTIFIED	1	0xa3ac	0xa3ac	2569910640127778320	672847735396112944	1	272	235	235	10	37	6044053	1	CERTIFIED	1	0xa3ac	0xa3ac	2569910640127778320	672847735396112944	1	512	235	235	10	277	973412	1	1	0x274e	0x274e,0x53ac,0x93af,0xa35c,0xa3ac,0xa55a,0xa5aa,0xa656,0xa6a6,0xb72e	1	0	COMPLETE	1	0xa3ac	0xa3ac	2569910640127778320	2048	0	448317	1	COMPLETE	1	0xa3ac	0xa3ac	2569910640127778320	0	361	132178	1
260	CERTIFIED	1	0xd2e1	0xd2e1,0xd741	2698159638733064080	672847735396112944	1	272	233	233	8	39	1013527	1	CERTIFIED	1	0xd2e1	0xd2e1,0xd741	2698159638733064080	672847735396112944	1	512	233	233	8	279	885101	1	1	0x96c3	0x96c3,0xc6c9,0xd2e1,0xd741,0xdb71,0xded1,0xeb41,0xf6c5	1	0	COMPLETE	1	0xd2e1	0xd2e1,0xd741	2698159638733064080	2048	0	415296	1	COMPLETE	1	0xd2e1	0xd2e1,0xd741	2698159638733064080	0	397	142807	1
261	CERTIFIED	1	0x41eb	0x41eb	4212287761759599040	672847735396112944	1	272	224	224	10	48	874355	0	CERTIFIED	1	0x41eb	0x41eb	4212287761759599040	672847735396112944	1	512	224	224	10	288	872948	0	1	0x3cf	0x3cf,0x21ed,0x41d7,0x41eb,0x42db,0x42e7,0x47de,0x4bdd,0x536f,0x63af	1	0	COMPLETE	1	0x41eb	0x41eb	4212287761759599040	2048	0	435805	0	COMPLETE	1	0x41eb	0x41eb	4212287761759599040	0	291	105148	0
262	CERTIFIED	1	0xf99	0xf99	64808313256760314480	12784106972526145936	0	17	17	17	1	0	949062	1	CERTIFIED	1	0xf99	0xf99	64808313256760314480	12784106972526145936	0	32	17	17	1	15	907995	1	0	0xf99	0xf99	0	0	COMPLETE	1	0xf99	0xf99	64808313256760314480	2048	0	850644	1	COMPLETE	1	0xf99	0xf99	64808313256760314480	0	39	16712	1
263	CERTIFIED	1	0x1881	0x1881	20024111446508128408	12784106972526145936	0	17	17	17	1	0	907483	1	CERTIFIED	1	0x1881	0x1881	20024111446508128408	12784106972526145936	0	32	17	17	1	15	1219834	1	0	0x1881	0x1881	0	0	COMPLETE	1	0x1881	0x1881	20024111446508128408	2048	0	434475	1	COMPLETE	1	0x1881	0x1881	20024111446508128408	0	207	78825	1
264	CERTIFIED	1	0xb444	0xb444	17622769974282126196	12784106972526145936	0	17	17	17	1	0	875161	0	CERTIFIED	1	0xb444	0xb444	17622769974282126196	12784106972526145936	0	32	17	17	1	15	886304	0	0	0xb444	0xb444	0	0	COMPLETE	1	0xb444	0xb444	17622769974282126196	2048	0	458309	0	COMPLETE	1	0xb444	0xb444	17622769974282126196	0	133	49286	0
265	CERTIFIED	1	0x6305	0x6305	78477623575587768796	12784106972526145936	0	17	17	17	2	0	878497	0	CERTIFIED	1	0x6305	0x6305	78477623575587768796	12784106972526145936	0	32	17	17	2	15	877018	0	0	0x6305	0x6305,0x630a	0	0	COMPLETE	1	0x6305	0x6305	78477623575587768796	2048	0	497463	0	COMPLETE	1	0x6305	0x6305	78477623575587768796	0	129	47588	0
266	CERTIFIED	1	0xfa63	0xfa63	2569782855799457836	672847735396112944	1	272	235	235	8	37	855352	1	CERTIFIED	1	0xfa63	0xfa63	2569782855799457836	672847735396112944	1	512	235	235	8	277	894336	1	1	0x5533	0x5533,0x6933,0x6a65,0xa533,0xaa33,0xaa66,0xca53,0xfa63	1	0	COMPLETE	1	0xfa63	0xfa63	2569782855799457836	2048	0	411733	1	COMPLETE	1	0xfa63	0xfa63	2569782855799457836	0	343	123635	1
267	CERTIFIED	1	0xb812	0xb812	94413490992864127996	12784106972526145936	0	17	17	17	1	0	1076893	0	CERTIFIED	1	0xb812	0xb812	94413490992864127996	12784106972526145936	0	32	17	17	1	15	893459	0	0	0xb812	0xb812	0	0	COMPLETE	1	0xb812	0xb812	94413490992864127996	2048	0	488076	0	COMPLETE	1	0xb812	0xb812	94413490992864127996	0	47	19788	0
268	CERTIFIED	1	0x3f30	0x3f30	4967144639420058160	672847735396112944	1	272	222	222	8	50	859492	1	CERTIFIED	1	0x3f30	0x3f30	4967144639420058160	672847735396112944	1	512	222	222	8	290	1351323	1	1	0x1ee1	0x1ee1,0x2ee2,0x3cf0,0x3f30,0x5f50,0x7ee8,0x9f60,0xbee4	1	0	COMPLETE	1	0x3f30	0x3f30	4967144639420058160	2048	0	506898	1	COMPLETE	1	0x3f30	0x3f30	4967144639420058160	0	297	107119	1
269	CERTIFIED	1	0x8788	0x8788	3495173727982162876	672847735396112944	1	272	225	225	10	47	856541	0	CERTIFIED	1	0x8788	0x8788	3495173727982162876	672847735396112944	1	512	225	225	10	287	888436	0	1	0x1188	0x1188,0x8118,0x8214,0x8228,0x8711,0x8788,0x8888,0x8b12,0x8b48,0xe188	1	0	COMPLETE	1	0x8788	0x8788	3495173727982162876	2048	0	451886	0	COMPLETE	1	0x8788	0x8788	3495173727982162876	0	337	119783	0
270	CERTIFIED	1	0xb28e	0xb28e	3413171039471772280	672847735396112944	1	272	233	233	8	39	882532	1	CERTIFIED	1	0xb28e	0xb28e	3413171039471772280	672847735396112944	1	512	233	233	8	279	842142	1	1	0x3396	0x3396,0x59cf,0x939c,0x99cc,0xa9cf,0xb14e,0xb28e,0xf39a	1	0	COMPLETE	1	0xb28e	0xb28e	3413171039471772280	2048	0	410646	1	COMPLETE	1	0xb28e	0xb28e	3413171039471772280	0	331	119882	1
271	CERTIFIED	1	0x1284	0x1284	62451133836017946352	12784106972526145936	0	17	17	17	2	0	1260670	1	CERTIFIED	1	0x1284	0x1284	62451133836017946352	12784106972526145936	0	32	17	17	2	15	852053	1	0	0x1144	0x1144,0x1284	1	0	COMPLETE	1	0x1284	0x1284	62451133836017946352	2048	0	470397	1	COMPLETE	1	0x1284	0x1284	62451133836017946352	0	99	38142	1
272	CERTIFIED	1	0xb8b7	0xb8b7	2570363693655460036	672847735396112944	1	272	235	235	10	37	1120357	1	CERTIFIED	1	0xb8b7	0xb8b7	2570363693655460036	672847735396112944	1	512	235	235	10	277	912308	1	1	0x3963	0x3963,0x5ca3,0x9933,0x9966,0x9c93,0xa965,0xaca3,0xb4bb,0xb8b7,0xf953	1	0	COMPLETE	1	0xb8b7	0xb8b7	2570363693655460036	2048	0	443970	1	COMPLETE	1	0xb8b7	0xb8b7	2570363693655460036	0	357	126883	1
273	CERTIFIED	1	0xc003	0xc003	185369551101629116072	12784106972526145936	0	17	17	17	1	0	863268	0	CERTIFIED	1	0xc003	0xc003	185369551101629116072	12784106972526145936	0	32	17	17	1	15	871143	0	0	0xc003	0xc003	0	0	COMPLETE	1	0xc003	0xc003	185369551101629116072	2048	0	438312	0	COMPLETE	1	0xc003	0xc003	185369551101629116072	0	23	9911	0
274	CERTIFIED	1	0x5ca3	0x5ca3	33647291622811888000	12784106972526145936	0	17	17	17	1	0	1290879	0	CERTIFIED	1	0x5ca3	0x5ca3	33647291622811888000	12784106972526145936	0	32	17	17	1	15	1007831	0	0	0x5ca3	0x5ca3	0	0	COMPLETE	1	0x5ca3	0x5ca3	33647291622811888000	2048	0	508758	0	COMPLETE	1	0x5ca3	0x5ca3	33647291622811888000	0	135	53142	0
275	CERTIFIED	1	0xb182	0xb182	17709321572496800836	12784106972526145936	0	17	17	17	1	0	971535	0	CERTIFIED	1	0xb182	0xb182	17709321572496800836	12784106972526145936	0	32	17	17	1	15	853277	0	0	0xb182	0xb182	0	0	COMPLETE	1	0xb182	0xb182	17709321572496800836	2048	0	506197	0	COMPLETE	1	0xb182	0xb182	17709321572496800836	0	141	51416	0
276	CERTIFIED	1	0x5cf9	0x5cf9	35247163030141467724	12784106972526145936	0	17	17	17	2	0	867877	1	CERTIFIED	1	0x5cf9	0x5cf9	35247163030141467724	12784106972526145936	0	32	17	17	2	15	872587	1	0	0x4e7d	0x4e7d,0x5cf9	1	0	COMPLETE	1	0x5cf9	0x5cf9	35247163030141467724	2048	0	434318	1	COMPLETE	1	0x5cf9	0x5cf9	35247163030141467724	0	69	27062	1
277	CERTIFIED	1	0xa533	0xa533	1772988534797027200	672847735396112944	1	272	239	239	10	33	970196	1	CERTIFIED	1	0xa533	0xa533	1772988534797027200	672847735396112944	1	512	239	239	10	273	920572	1	1	0xa533	0xa533,0xa55a,0xa566,0xa596,0xa5a5,0xa5aa,0xa69a,0xaa96,0xb2b2,0xd2d2	0	0	COMPLETE	1	0xa533	0xa533	1772988534797027200	2048	0	412205	1	COMPLETE	1	0xa533	0xa533	1772988534797027200	0	483	170759	1
278	CERTIFIED	1	0xb444	0xb444	3373337179307141404	672847735396112944	1	272	231	231	6	41	966743	1	CERTIFIED	1	0xb444	0xb444	3373337179307141404	672847735396112944	1	512	231	231	6	281	887497	1	1	0x1e44	0x1e44,0xb444,0xb488,0xb884,0xbb44,0xee44	1	0	COMPLETE	1	0xb444	0xb444	3373337179307141404	2048	0	416174	1	COMPLETE	1	0xb444	0xb444	3373337179307141404	0	309	126149	1
279	CERTIFIED	1	0x2dd2	0x2dd2	3371118378697213000	672847735396112944	1	272	233	233	8	39	1019782	1	CERTIFIED	1	0x2dd2	0x2dd2	3371118378697213000	672847735396112944	1	512	233	233	8	279	859468	1	1	0x2d22	0x2d22,0x2d87,0x2d88,0x2dd2,0x2ee2,0x36c6,0x56c0,0x96c3	1	0	COMPLETE	1	0x2dd2	0x2dd2	3371118378697213000	2048	0	441749	1	COMPLETE	1	0x2dd2	0x2dd2	3371118378697213000	0	317	114371	1
280	CERTIFIED	1	0xd4b2	0xd4b2	16909849283274065320	12784106972526145936	0	17	17	17	1	0	836144	1	CERTIFIED	1	0xd4b2	0xd4b2	16909849283274065320	12784106972526145936	0	32	17	17	1	15	843140	1	0	0xd4b2	0xd4b2	0	0	COMPLETE	1	0xd4b2	0xd4b2	16909849283274065320	2048	0	467982	1	COMPLETE	1	0xd4b2	0xd4b2	16909849283274065320	0	135	50020	1
281	CERTIFIED	1	0xa0af	0xa0af	4083806428011912400	672847735396112944	1	272	235	235	8	37	871797	1	CERTIFIED	1	0xa0af	0xa0af	4083806428011912400	672847735396112944	1	512	235	235	8	277	908142	1	1	0x50af	0x50af,0x812b,0x90a3,0xa0af,0xa353,0xa555,0xa956,0xe14b	1	0	COMPLETE	1	0xa0af	0xa0af	4083806428011912400	2048	0	469700	1	COMPLETE	1	0xa0af	0xa0af	4083806428011912400	0	225	88596	1
282	CERTIFIED	1	0x7ee8	0x7ee8	46391234302970877364	12784106972526145936	0	17	17	17	3	0	873816	1	CERTIFIED	1	0x7ee8	0x7ee8	46391234302970877364	12784106972526145936	0	32	17	17	3	15	876271	1	0	0x7b74	0x7b74,0x7ed4,0x7ee8	1	0	COMPLETE	1	0x7ee8	0x7ee8	46391234302970877364	2048	0	432139	1	COMPLETE	1	0x7ee8	0x7ee8	46391234302970877364	0	125	46975	1
283	CERTIFIED	1	0x3ccc	0x3ccc	35329165718651858320	12784106972526145936	0	17	17	17	1	0	933513	0	CERTIFIED	1	0x3ccc	0x3ccc	35329165718651858320	12784106972526145936	0	32	17	17	1	15	935805	0	0	0x3ccc	0x3ccc	0	0	COMPLETE	1	0x3ccc	0x3ccc	35329165718651858320	2048	0	511199	0	COMPLETE	1	0x3ccc	0x3ccc	35329165718651858320	0	127	47284	0
284	CERTIFIED	1	0x7d4e	0x7d4e	77548044556759153156	12784106972526145936	0	17	17	17	1	0	840397	0	CERTIFIED	1	0x7d4e	0x7d4e	77548044556759153156	12784106972526145936	0	32	17	17	1	15	1208539	0	0	0x7d4e	0x7d4e	0	0	COMPLETE	1	0x7d4e	0x7d4e	77548044556759153156	2048	0	475995	0	COMPLETE	1	0x7d4e	0x7d4e	77548044556759153156	0	39	15454	0
285	CERTIFIED	1	0x59a6	0x59a6	33647175455240687560	12784106972526145936	0	17	17	17	1	0	877660	1	CERTIFIED	1	0x59a6	0x59a6	33647175455240687560	12784106972526145936	0	32	17	17	1	15	848762	1	0	0x59a6	0x59a6	0	0	COMPLETE	1	0x59a6	0x59a6	33647175455240687560	2048	0	438904	1	COMPLETE	1	0x59a6	0x59a6	33647175455240687560	0	135	50902	1
286	CERTIFIED	1	0xf096	0xf096	3410841573965068720	672847735396112944	1	272	236	236	7	36	854023	1	CERTIFIED	1	0xf096	0xf096	3410841573965068720	672847735396112944	1	512	236	236	7	276	1214253	1	1	0x5a96	0x5a96,0x9996,0xaa96,0xb114,0xb127,0xb128,0xf096	1	0	COMPLETE	1	0xf096	0xf096	3410841573965068720	2048	0	420943	1	COMPLETE	1	0xf096	0xf096	3410841573965068720	0	277	99356	1
287	CERTIFIED	1	0x9c5	0x9c5	61614616658478003196	12784106972526145936	0	17	17	17	1	0	1397847	0	CERTIFIED	1	0x9c5	0x9c5	61614616658478003196	12784106972526145936	0	32	17	17	1	15	881193	0	0	0x9c5	0x9c5	0	0	COMPLETE	1	0x9c5	0x9c5	61614616658478003196	2048	0	528199	0	COMPLETE	1	0x9c5	0x9c5	61614616658478003196	0	71	70732	0
288	CERTIFIED	1	0xaa3c	0xaa3c	49666909744841069680	12784106972526145936	0	17	17	17	3	0	1451940	0	CERTIFIED	1	0xaa3c	0xaa3c	49666909744841069680	12784106972526145936	0	32	17	17	3	15	1078033	0	0	0x553c	0x553c,0xa53c,0xaa3c	1	0	COMPLETE	1	0xaa3c	0xaa3c	49666909744841069680	2048	0	584467	0	COMPLETE	1	0xaa3c	0xaa3c	49666909744841069680	0	81	41173	0
289	CERTIFIED	1	0x50f5	0x50f5	3410963855618963920	672847735396112944	1	272	231	231	7	41	2259410	0	CERTIFIED	1	0x50f5	0x50f5	3410963855618963920	672847735396112944	1	512	231	231	7	281	1122572	0	1	0x39f5	0x39f5,0x50f5,0x5335,0x53c5,0x53ca,0x53f9,0xc9f5	1	0	COMPLETE	1	0x50f5	0x50f5	3410963855618963920	2048	0	431871	0	COMPLETE	1	0x50f5	0x50f5	3410963855618963920	0	355	163648	0
290	CERTIFIED	1	0x278d	0x278d	4296160748166316720	672847735396112944	1	272	229	229	8	43	891973	1	CERTIFIED	1	0x278d	0x278d	4296160748166316720	672847735396112944	1	512	229	229	8	283	1059057	1	1	0xf99	0xf99,0x174d,0x278d,0x2b4d,0x2ddd,0x2eed,0x3f95,0x3f9a	1	0	COMPLETE	1	0x278d	0x278d	4296160748166316720	2048	0	443334	1	COMPLETE	1	0x278d	0x278d	4296160748166316720	0	331	119596	1
291	CERTIFIED	1	0xc333	0xc333	33735578976924222400	12784106972526145936	0	17	17	17	2	0	854146	1	CERTIFIED	1	0xc333	0xc333	33735578976924222400	12784106972526145936	0	32	17	17	2	15	1428307	1	0	0xc333	0xc333,0xc993	0	0	COMPLETE	1	0xc333	0xc333	33735578976924222400	2048	0	567926	1	COMPLETE	1	0xc333	0xc333	33735578976924222400	0	109	42236	1
292	CERTIFIED	1	0xf330	0xf330	4967144639420058160	672847735396112944	1	272	228	228	8	44	878534	1	CERTIFIED	1	0xf330	0xf330	4967144639420058160	672847735396112944	1	512	228	228	8	284	906317	1	1	0x7bb8	0x7bb8,0xb8b8,0xd1b8,0xe2b8,0xedb8,0xf330,0xf359,0xf36a	1	0	COMPLETE	1	0xf330	0xf330	4967144639420058160	2048	0	774901	1	COMPLETE	1	0xf330	0xf330	4967144639420058160	0	289	104278	1
293	CERTIFIED	1	0x2d88	0x2d88	3411300741575445196	672847735396112944	1	272	234	234	10	38	896606	1	CERTIFIED	1	0x2d88	0x2d88	3411300741575445196	672847735396112944	1	512	234	234	10	278	879415	1	1	0x2112	0x2112,0x2148,0x2288,0x2814,0x2828,0x2b18,0x2d11,0x2d88,0x4488,0xb488	1	0	COMPLETE	1	0x2d88	0x2d88	3411300741575445196	2048	0	450740	1	COMPLETE	1	0x2d88	0x2d88	3411300741575445196	0	317	1088187	1
294	CERTIFIED	1	0x2782	0x2782	18556554902775849844	12784106972526145936	0	17	17	17	1	0	911894	1	CERTIFIED	1	0x2782	0x2782	18556554902775849844	12784106972526145936	0	32	17	17	1	15	1592062	1	0	0x2782	0x2782	0	0	COMPLETE	1	0x2782	0x2782	18556554902775849844	2048	0	503241	1	COMPLETE	1	0x2782	0x2782	18556554902775849844	0	145	54698	1
295	CERTIFIED	1	0xcf56	0xcf56	3328948938943183804	672847735396112944	1	272	234	234	6	38	862496	1	CERTIFIED	1	0xcf56	0xcf56	3328948938943183804	672847735396112944	1	512	234	234	6	278	887580	1	1	0x4ed7	0x4ed7,0xc6af,0xcf56,0xd7d7,0xdeb7,0xe717	1	0	COMPLETE	1	0xcf56	0xcf56	3328948938943183804	2048	0	415663	1	COMPLETE	1	0xcf56	0xcf56	3328948938943183804	0	277	99436	1
296	CERTIFIED	1	0x7811	0x7811	3492966544129354516	672847735396112944	1	272	224	224	10	48	1242870	1	CERTIFIED	1	0x7811	0x7811	3492966544129354516	672847735396112944	1	512	224	224	10	288	990935	1	1	0x3095	0x3095,0x6035,0x7117,0x712b,0x7214,0x741d,0x7811,0x782d,0xb81d,0xf055	1	0	COMPLETE	1	0x7811	0x7811	3492966544129354516	2048	0	457764	1	COMPLETE	1	0x7811	0x7811	3492966544129354516	0	269	95944	1
297	CERTIFIED	1	0x33f0	0x33f0	65607313811476940800	12784106972526145936	0	17	17	17	1	0	865935	0	CERTIFIED	1	0x33f0	0x33f0	65607313811476940800	12784106972526145936	0	32	17	17	1	15	1563925	0	0	0x33f0	0x33f0	0	0	COMPLETE	1	0x33f0	0x33f0	65607313811476940800	2048	0	744076	0	COMPLETE	1	0x33f0	0x33f0	65607313811476940800	0	299	107716	0
298	CERTIFIED	1	0xe122	0xe122	2570247526084259596	672847735396112944	1	272	220	220	12	52	878855	1	CERTIFIED	1	0xe122	0xe122	2570247526084259596	672847735396112944	1	512	220	220	12	292	931943	1	1	0x4242	0x4242,0x8282,0xc300,0xc506,0xc605,0xc60a,0xc90a,0xca06,0xd112,0xd222,0xe122,0xe212	1	0	COMPLETE	1	0xe122	0xe122	2570247526084259596	2048	0	411541	1	COMPLETE	1	0xe122	0xe122	2570247526084259596	0	243	127871	1
299	CERTIFIED	1	0xdb18	0xdb18	4964705120424848920	672847735396112944	1	272	234	234	7	38	1288513	1	CERTIFIED	1	0xdb18	0xdb18	4964705120424848920	672847735396112944	1	512	234	234	7	278	886191	1	1	0x6c9c	0x6c9c,0xaf9c,0xc99c,0xdb18,0xdb24,0xf59c,0xfa9c	1	0	COMPLETE	1	0xdb18	0xdb18	4964705120424848920	2048	0	703679	1	COMPLETE	1	0xdb18	0xdb18	4964705120424848920	0	245	163449	1
300	CERTIFIED	1	0xdd4b	0xdd4b	16914410116286430004	12784106972526145936	0	17	17	17	1	0	2756821	1	CERTIFIED	1	0xdd4b	0xdd4b	16914410116286430004	12784106972526145936	0	32	17	17	1	15	994589	1	0	0xdd4b	0xdd4b	0	0	COMPLETE	1	0xdd4b	0xdd4b	16914410116286430004	2048	0	422355	1	COMPLETE	1	0xdd4b	0xdd4b	16914410116286430004	0	277	101318	1
301	CERTIFIED	1	0xa599	0xa599	32051259248006348080	12784106972526145936	0	17	17	17	3	0	1207936	1	CERTIFIED	1	0xa599	0xa599	32051259248006348080	12784106972526145936	0	32	17	17	3	15	847444	1	0	0x5599	0x5599,0xa599,0xaa99	1	0	COMPLETE	1	0xa599	0xa599	32051259248006348080	2048	0	529351	1	COMPLETE	1	0xa599	0xa599	32051259248006348080	0	117	43912	1
302	CERTIFIED	1	0xf536	0xf536	32048922992649915076	12784106972526145936	0	17	17	17	1	0	942729	0	CERTIFIED	1	0xf536	0xf536	32048922992649915076	12784106972526145936	0	32	17	17	1	15	891127	0	0	0xf536	0xf536	0	0	COMPLETE	1	0xf536	0xf536	32048922992649915076	2048	0	451259	0	COMPLETE	1	0xf536	0xf536	32048922992649915076	0	289	104193	0
303	CERTIFIED	1	0x2471	0x2471	2654004344919776836	672847735396112944	1	272	234	234	10	38	1038932	1	CERTIFIED	1	0x2471	0x2471	2654004344919776836	672847735396112944	1	512	234	234	10	278	914594	1	1	0x242b	0x242b,0x2471,0x24b2,0x24e7,0x3333,0x5a33,0x6633,0x9633,0xa533,0xaa33	1	0	COMPLETE	1	0x2471	0x2471	2654004344919776836	2048	0	412037	1	COMPLETE	1	0x2471	0x2471	2654004344919776836	0	359	127502	1
304	CERTIFIED	1	0x95cf	0x95cf	18514618409572491004	12784106972526145936	0	17	17	17	1	0	890707	0	CERTIFIED	1	0x95cf	0x95cf	18514618409572491004	12784106972526145936	0	32	17	17	1	15	841964	0	0	0x95cf	0x95cf	0	0	COMPLETE	1	0x95cf	0x95cf	18514618409572491004	2048	0	461529	0	COMPLETE	1	0x95cf	0x95cf	18514618409572491004	0	181	150385	0
305	CERTIFIED	1	0x5353	0x5353	1728845196471203200	672847735396112944	1	272	240	240	10	32	1008944	1	CERTIFIED	1	0x5353	0x5353	1728845196471203200	672847735396112944	1	512	240	240	10	272	1902569	1	1	0x42b2	0x42b2,0x5353,0x555a,0x56a6,0x5956,0x5aa5,0x5aaa,0x695a,0xa956,0xd2d2	1	0	COMPLETE	1	0x5353	0x5353	1728845196471203200	2048	0	449569	1	COMPLETE	1	0x5353	0x5353	1728845196471203200	0	535	189120	1
306	CERTIFIED	1	0x7edb	0x7edb	32131397752703106352	12784106972526145936	0	17	17	17	1	0	867826	1	CERTIFIED	1	0x7edb	0x7edb	32131397752703106352	12784106972526145936	0	32	17	17	1	15	3775157	1	0	0x7edb	0x7edb	0	0	COMPLETE	1	0x7edb	0x7edb	32131397752703106352	2048	0	1559049	1	COMPLETE	1	0x7edb	0x7edb	32131397752703106352	0	259	442510	1
307	CERTIFIED	1	0x33f	0x33f	92782161407253469120	12784106972526145936	0	17	17	17	2	0	1209934	0	CERTIFIED	1	0x33f	0x33f	92782161407253469120	12784106972526145936	0	32	17	17	2	15	1657999	0	0	0x33f	0x33f,0x99f	0	0	COMPLETE	1	0x33f	0x33f	92782161407253469120	2048	0	620059	0	COMPLETE	1	0x33f	0x33f	92782161407253469120	0	109	324706	0
308	CERTIFIED	1	0xa35c	0xa35c	17755567882591696000	12784106972526145936	0	17	17	17	2	0	4866901	0	CERTIFIED	1	0xa35c	0xa35c	17755567882591696000	12784106972526145936	0	32	17	17	2	15	1460225	0	0	0xa35c	0xa35c,0xa3ac	0	0	COMPLETE	1	0xa35c	0xa35c	17755567882591696000	2048	0	853719	0	COMPLETE	1	0xa35c	0xa35c	17755567882591696000	0	195	153561	0
309	CERTIFIED	1	0x7b1d	0x7b1d	33857194807213963036	12784106972526145936	0	17	17	17	1	0	1065342	1	CERTIFIED	1	0x7b1d	0x7b1d	33857194807213963036	12784106972526145936	0	32	17	17	1	15	1305212	1	0	0x7b1d	0x7b1d	0	0	COMPLETE	1	0x7b1d	0x7b1d	33857194807213963036	2048	0	595558	1	COMPLETE	1	0x7b1d	0x7b1d	33857194807213963036	0	109	53401	1
310	CERTIFIED	1	0xb7b8	0xb7b8	2574214342936619884	672847735396112944	1	272	236	236	8	36	1928377	1	CERTIFIED	1	0xb7b8	0xb7b8	2574214342936619884	672847735396112944	1	512	236	236	8	276	1558213	1	1	0xb2b2	0xb2b2,0xb4b4,0xb748,0xb7b8,0xbb78,0xbeb1,0xbed8,0xdb18	1	0	COMPLETE	1	0xb7b8	0xb7b8	2574214342936619884	2048	0	490847	1	COMPLETE	1	0xb7b8	0xb7b8	2574214342936619884	0	423	190648	1
311	CERTIFIED	1	0xf330	0xf330	33819451963330940080	12784106972526145936	0	17	17	17	1	0	918132	1	CERTIFIED	1	0xf330	0xf330	33819451963330940080	12784106972526145936	0	32	17	17	1	15	1186503	1	0	0xf330	0xf330	0	0	COMPLETE	1	0xf330	0xf330	33819451963330940080	2048	0	479109	1	COMPLETE	1	0xf330	0xf330	33819451963330940080	0	199	74873	1
312	CERTIFIED	1	0x17e8	0x17e8	46397844237772182400	12784106972526145936	0	17	17	17	2	0	1060654	1	CERTIFIED	1	0x17e8	0x17e8	46397844237772182400	12784106972526145936	0	32	17	17	2	15	1154637	1	0	0x17d4	0x17d4,0x17e8	1	0	COMPLETE	1	0x17e8	0x17e8	46397844237772182400	2048	0	469599	1	COMPLETE	1	0x17e8	0x17e8	46397844237772182400	0	267	133679	1
313	CERTIFIED	1	0xb411	0xb411	21659739232253203564	12784106972526145936	0	17	17	17	1	0	1136234	1	CERTIFIED	1	0xb411	0xb411	21659739232253203564	12784106972526145936	0	32	17	17	1	15	872313	1	0	0xb411	0xb411	0	0	COMPLETE	1	0xb411	0xb411	21659739232253203564	2048	0	446519	1	COMPLETE	1	0xb411	0xb411	21659739232253203564	0	127	48618	1
314	CERTIFIED	1	0x1db7	0x1db7	32173113527521184356	12784106972526145936	0	17	17	17	2	0	970519	0	CERTIFIED	1	0x1db7	0x1db7	32173113527521184356	12784106972526145936	0	32	17	17	2	15	954761	0	0	0x1db7	0x1db7,0x4ed7	0	0	COMPLETE	1	0x1db7	0x1db7	32173113527521184356	2048	0	462560	0	COMPLETE	1	0x1db7	0x1db7	32173113527521184356	0	141	52742	0
315	CERTIFIED	1	0x663c	0x663c	3410963855618963920	672847735396112944	1	272	231	231	8	41	1160946	1	CERTIFIED	1	0x663c	0x663c	3410963855618963920	672847735396112944	1	512	231	231	8	281	894500	1	1	0x3639	0x3639,0x369c,0x663c,0x771e,0x7b1d,0xbb1e,0xf63a,0xf65c	1	0	COMPLETE	1	0x663c	0x663c	3410963855618963920	2048	0	453047	1	COMPLETE	1	0x663c	0x663c	3410963855618963920	0	291	104092	1
316	CERTIFIED	1	0xf505	0xf505	3240417294200985280	672847735396112944	1	272	232	232	7	40	975260	1	CERTIFIED	1	0xf505	0xf505	3240417294200985280	672847735396112944	1	512	232	232	7	280	972823	1	1	0xe21d	0xe21d,0xe84d,0xeb1b,0xeb8d,0xed1d,0xee2d,0xf505	1	0	COMPLETE	1	0xf505	0xf505	3240417294200985280	2048	0	418950	1	COMPLETE	1	0xf505	0xf505	3240417294200985280	0	269	97106	1
317	CERTIFIED	1	0xa53c	0xa53c	34485899205225169600	12784106972526145936	0	17	17	17	1	0	1070994	1	CERTIFIED	1	0xa53c	0xa53c	34485899205225169600	12784106972526145936	0	32	17	17	1	15	932664	1	0	0xa53c	0xa53c	0	0	COMPLETE	1	0xa53c	0xa53c	34485899205225169600	2048	0	492133	1	COMPLETE	1	0xa53c	0xa53c	34485899205225169600	0	175	64094	1
318	CERTIFIED	1	0xaf05	0xaf05	3453016516393523200	672847735396112944	1	272	237	237	8	35	1108821	1	CERTIFIED	1	0xaf05	0xaf05	3453016516393523200	672847735396112944	1	512	237	237	8	275	957022	1	1	0x8e4d	0x8e4d,0xa665,0xaa55,0xaaa5,0xaf05,0xb721,0xd727,0xee4b	1	0	COMPLETE	1	0xaf05	0xaf05	3453016516393523200	2048	0	557107	1	COMPLETE	1	0xaf05	0xaf05	3453016516393523200	0	431	154029	1
319	CERTIFIED	1	0x693c	0x693c	63967137759615233680	12784106972526145936	0	17	17	17	2	0	1815893	0	CERTIFIED	1	0x693c	0x693c	63967137759615233680	12784106972526145936	0	32	17	17	2	15	1004671	0	0	0x693c	0x693c,0x6c9c	0	0	COMPLETE	1	0x693c	0x693c	63967137759615233680	2048	0	819940	0	COMPLETE	1	0x693c	0x693c	63967137759615233680	0	95	83498	0
320	CERTIFIED	1	0x4cf533	0x4cf533	31544351067268028274555156378	17141027896640956936170154056	1	600	537	537	6	63	1736921	1	CERTIFIED	1	0x4cf533	0x4cf533	31544351067268028274555156378	17141027896640956936170154056	1	1152	537	537	6	615	1473299	1	1	0x45d433	0x45d433,0x4cf533,0x4db431,0x4de825,0x567433,0x6db433	1	0	COMPLETE	1	0x4cf533	0x4cf533	31544351067268028274555156378	65536	0	23602772	1	COMPLETE	1	0x4cf533	0x4cf533	31544351067268028274555156378	0	753	574716	1
321	CERTIFIED	1	0x5bc013	0x5bc013	125821664737207532591182578924	17141027896640956936170154056	1	600	536	536	2	64	1055727	0	CERTIFIED	1	0x5bc013	0x5bc013	125821664737207532591182578924	17141027896640956936170154056	1	1152	536	536	2	616	1839453	0	1	0x5bc013	0x5bc013,0x5bd253	0	0	COMPLETE	1	0x5bc013	0x5bc013	125821664737207532591182578924	65536	0	18705203	0	COMPLETE	1	0x5bc013	0x5bc013	125821664737207532591182578924	0	413	296931	0
322	CERTIFIED	1	0xa84042	0xa84042	408719951978295977670818949252	325679530036178181787232927064	0	25	25	25	1	0	1622904	0	CERTIFIED	1	0xa84042	0xa84042	408719951978295977670818949252	325679530036178181787232927064	0	48	25	25	1	23	990178	0	0	0xa84042	0xa84042	0	0	COMPLETE	1	0xa84042	0xa84042	408719951978295977670818949252	65536	0	20784045	0	COMPLETE	1	0xa84042	0xa84042	408719951978295977670818949252	0	157	155744	0
323	CERTIFIED	1	0x582963	0x582963	43606561673200441354745995644	17141027896640956936170154056	1	600	539	539	2	61	1575840	0	CERTIFIED	1	0x582963	0x582963	43606561673200441354745995644	17141027896640956936170154056	1	1152	539	539	2	613	1902486	0	1	0x582963	0x582963,0x582d52	0	0	COMPLETE	1	0x582963	0x582963	43606561673200441354745995644	65536	0	20842970	0	COMPLETE	1	0x582963	0x582963	43606561673200441354745995644	0	1335	986317	0
324	CERTIFIED	1	0x94e5e2	0x94e5e2	42933899034179126847715056360	17141027896640956936170154056	1	600	537	537	4	63	1970985	1	CERTIFIED	1	0x94e5e2	0x94e5e2	42933899034179126847715056360	17141027896640956936170154056	1	1152	537	537	4	615	1191739	1	1	0x94e5e2	0x94e5e2,0xb4e5e0,0xb9cb63,0xb9dbc6	0	0	COMPLETE	1	0x94e5e2	0x94e5e2	42933899034179126847715056360	65536	0	20942471	1	COMPLETE	1	0x94e5e2	0x94e5e2	42933899034179126847715056360	0	583	581456	1
325	CERTIFIED	1	0x299b1a	0x299b1a	301473785372737143576062417298	17141027896640956936170154056	1	600	542	542	1	58	1241424	1	CERTIFIED	1	0x299b1a	0x299b1a	301473785372737143576062417298	17141027896640956936170154056	1	1152	542	542	1	610	1952472	1	0	0x299b1a	0x299b1a	0	0	COMPLETE	1	0x299b1a	0x299b1a	301473785372737143576062417298	65536	0	20126986	1	COMPLETE	1	0x299b1a	0x299b1a	301473785372737143576062417298	0	1391	960245	1
326	CERTIFIED	1	0x51c06c	0x51c06c	29371947335608082899006855734	17141027896640956936170154056	1	600	526	526	3	74	2536531	1	CERTIFIED	1	0x51c06c	0x51c06c	29371947335608082899006855734	17141027896640956936170154056	1	1152	526	526	3	626	1094499	1	1	0x51c06c	0x51c06c,0x598834,0x59e06a	0	0	COMPLETE	1	0x51c06c	0x51c06c	29371947335608082899006855734	65536	0	19427164	1	COMPLETE	1	0x51c06c	0x51c06c	29371947335608082899006855734	0	1079	754639	1
327	CERTIFIED	1	0xafd6bd	0xafd6bd	18648699066970218394234373490	17141027896640956936170154056	1	600	531	531	1	69	1028501	1	CERTIFIED	1	0xafd6bd	0xafd6bd	18648699066970218394234373490	17141027896640956936170154056	1	1152	531	531	1	621	1783607	1	1	0xafd6bd	0xafd6bd	0	0	COMPLETE	1	0xafd6bd	0xafd6bd	18648699066970218394234373490	65536	0	19025810	1	COMPLETE	1	0xafd6bd	0xafd6bd	18648699066970218394234373490	0	1791	1263474	1
328	CERTIFIED	1	0xc83f12	0xc83f12	1387825886499645252821910755658	325679530036178181787232927064	0	25	25	25	1	0	1875184	0	CERTIFIED	1	0xc83f12	0xc83f12	1387825886499645252821910755658	325679530036178181787232927064	0	48	25	25	1	23	1112427	0	0	0xc83f12	0xc83f12	0	0	NOT_RUN	0			0	0	0	0	0	NOT_RUN	0			0	0	0	0	0
329	CERTIFIED	1	0x891961	0x891961	1072784434359807637262702854134	325679530036178181787232927064	0	25	25	25	1	0	892222	0	CERTIFIED	1	0x891961	0x891961	1072784434359807637262702854134	325679530036178181787232927064	0	48	25	25	1	23	945405	0	0	0x891961	0x891961	0	0	NOT_RUN	0			0	0	0	0	0	NOT_RUN	0			0	0	0	0	0
330	CERTIFIED	1	0xffa070	0xffa070	47892541750721892253097955222	17141027896640956936170154056	1	600	501	501	5	99	999873	1	CERTIFIED	1	0xffa070	0xffa070	47892541750721892253097955222	17141027896640956936170154056	1	1152	501	501	5	651	952621	1	1	0xbfd134	0xbfd134,0xf7d834,0xff2434,0xffa070,0xffa868	1	0	NOT_RUN	0			0	0	0	0	0	NOT_RUN	0			0	0	0	0	0
331	CERTIFIED	1	0x78a40d	0x78a40d	44358362611638213770168269884	17141027896640956936170154056	1	600	529	529	3	71	911992	0	CERTIFIED	1	0x78a40d	0x78a40d	44358362611638213770168269884	17141027896640956936170154056	1	1152	529	529	3	623	890763	0	1	0x784a0c	0x784a0c,0x78a40d,0x794809	1	0	NOT_RUN	0			0	0	0	0	0	NOT_RUN	0			0	0	0	0	0
332	CERTIFIED	1	0x6bb78e	0x6bb78e	20193948929240545763897058894	17141027896640956936170154056	1	600	530	530	3	70	1368502	1	CERTIFIED	1	0x6bb78e	0x6bb78e	20193948929240545763897058894	17141027896640956936170154056	1	1152	530	530	3	622	1008405	1	1	0x559d8e	0x559d8e,0x6b3eae,0x6bb78e	1	0	NOT_RUN	0			0	0	0	0	0	NOT_RUN	0			0	0	0	0	0
333	CERTIFIED	1	0x6f0162	0x6f0162	815679105574731372627632504916	325679530036178181787232927064	0	25	25	25	1	0	1403940	0	CERTIFIED	1	0x6f0162	0x6f0162	815679105574731372627632504916	325679530036178181787232927064	0	48	25	25	1	23	945059	0	0	0x6f0162	0x6f0162	0	0	NOT_RUN	0			0	0	0	0	0	NOT_RUN	0			0	0	0	0	0
334	CERTIFIED	1	0xbed2dd	0xbed2dd	15830076686909757961018410888	902159362981102996640534424	2	6925	5466	5466	19	1459	1567587	1	CERTIFIED	1	0xbed2dd	0xbed2dd	15830076686909757961018410888	902159362981102996640534424	2	13296	5466	5466	19	7830	1376473	1	1	0xbed2dd	0xbed2dd,0xbfc53a	0	0	NOT_RUN	0			0	0	0	0	0	NOT_RUN	0			0	0	0	0	0
335	CERTIFIED	1	0xc64368	0xc64368	43644365393692792232018583924	17141027896640956936170154056	1	600	539	539	3	61	1319433	1	CERTIFIED	1	0xc64368	0xc64368	43644365393692792232018583924	17141027896640956936170154056	1	1152	539	539	3	613	1422303	1	1	0xc64368	0xc64368,0xcc86aa,0xcca548	0	0	NOT_RUN	0			0	0	0	0	0	NOT_RUN	0			0	0	0	0	0
336	CERTIFIED	1	0x3a28c1	0x3a28c1	70107389407150988038987127586	17141027896640956936170154056	1	600	539	539	5	61	1197428	1	CERTIFIED	1	0x3a28c1	0x3a28c1	70107389407150988038987127586	17141027896640956936170154056	1	1152	539	539	5	613	1204677	1	1	0x1a28c3	0x1a28c3,0x2d5463,0x3828c6,0x3a28c1,0x3aa863	1	0	NOT_RUN	0			0	0	0	0	0	NOT_RUN	0			0	0	0	0	0
337	CERTIFIED	1	0x6949c1	0x6949c1	45788654437988723819442024756	17141027896640956936170154056	1	600	546	546	2	54	929690	0	CERTIFIED	1	0x6949c1	0x6949c1	45788654437988723819442024756	17141027896640956936170154056	1	1152	546	546	2	606	1093512	0	1	0x6949c1	0x6949c1,0x6969a2	0	0	NOT_RUN	0			0	0	0	0	0	NOT_RUN	0			0	0	0	0	0
338	CERTIFIED	1	0x66caec	0x66caec	327861842598246137780587027182	325679530036178181787232927064	0	25	25	25	1	0	853734	0	CERTIFIED	1	0x66caec	0x66caec	327861842598246137780587027182	325679530036178181787232927064	0	48	25	25	1	23	888061	0	0	0x66caec	0x66caec	0	0	NOT_RUN	0			0	0	0	0	0	NOT_RUN	0			0	0	0	0	0
339	CERTIFIED	1	0x71bfba	0x71bfba	44370138490426271412210417792	17141027896640956936170154056	1	600	525	525	2	75	939280	1	CERTIFIED	1	0x71bfba	0x71bfba	44370138490426271412210417792	17141027896640956936170154056	1	1152	525	525	2	627	1004255	1	1	0x71bfba	0x71bfba,0x767eba	0	0	NOT_RUN	0			0	0	0	0	0	NOT_RUN	0			0	0	0	0	0
340	CERTIFIED	1	0x938829	0x938829	15797802415530296005042627014	902159362981102996640534424	2	6925	5391	5391	28	1534	1251352	1	CERTIFIED	1	0x938829	0x938829	15797802415530296005042627014	902159362981102996640534424	2	13296	5391	5391	28	7905	1948282	1	1	0x938829	0x938829	0	0	NOT_RUN	0			0	0	0	0	0	NOT_RUN	0			0	0	0	0	0
341	CERTIFIED	1	0xb761f8	0xb761f8	29516684048058579257996397564	17141027896640956936170154056	1	600	515	515	4	85	1106326	1	CERTIFIED	1	0xb761f8	0xb761f8	29516684048058579257996397564	17141027896640956936170154056	1	1152	515	515	4	637	1013706	1	1	0xaf43b8	0xaf43b8,0xaf51f8,0xafa3f8,0xb761f8	1	0	NOT_RUN	0			0	0	0	0	0	NOT_RUN	0			0	0	0	0	0
342	CERTIFIED	1	0xc82b5b	0xc82b5b	530697339085888307807332650960	325679530036178181787232927064	0	25	25	25	1	0	942436	0	CERTIFIED	1	0xc82b5b	0xc82b5b	530697339085888307807332650960	325679530036178181787232927064	0	48	25	25	1	23	940755	0	0	0xc82b5b	0xc82b5b	0	0	NOT_RUN	0			0	0	0	0	0	NOT_RUN	0			0	0	0	0	0
343	CERTIFIED	1	0x9efa4d	0x9efa4d	28695234934396027208265320454	17141027896640956936170154056	1	600	538	538	4	62	895041	1	CERTIFIED	1	0x9efa4d	0x9efa4d	28695234934396027208265320454	17141027896640956936170154056	1	1152	538	538	4	614	999556	1	1	0x9e5d6d	0x9e5d6d,0x9efa4d,0x9f754d,0xdebd4d	1	0	NOT_RUN	0			0	0	0	0	0	NOT_RUN	0			0	0	0	0	0
344	CERTIFIED	1	0x19dc99	0x19dc99	30826080318155955616249800000	17141027896640956936170154056	1	600	543	543	2	57	926280	0	CERTIFIED	1	0x19dc99	0x19dc99	30826080318155955616249800000	17141027896640956936170154056	1	1152	543	543	2	609	908639	0	1	0x3a935	0x3a935,0x19dc99	1	0	NOT_RUN	0			0	0	0	0	0	NOT_RUN	0			0	0	0	0	0
345	CERTIFIED	1	0x26d4e1	0x26d4e1	15794164287914514601753403862	902159362981102996640534424	2	6925	5466	5466	21	1459	1277163	1	CERTIFIED	1	0x26d4e1	0x26d4e1	15794164287914514601753403862	902159362981102996640534424	2	13296	5466	5466	21	7830	1319389	1	1	0x26d4e1	0x26d4e1	0	0	NOT_RUN	0			0	0	0	0	0	NOT_RUN	0			0	0	0	0	0
346	CERTIFIED	1	0x4c99e2	0x4c99e2	1101426010507547053580089044222	325679530036178181787232927064	0	25	25	25	1	0	1043383	0	CERTIFIED	1	0x4c99e2	0x4c99e2	1101426010507547053580089044222	325679530036178181787232927064	0	48	25	25	1	23	1100753	0	0	0x4c99e2	0x4c99e2	0	0	NOT_RUN	0			0	0	0	0	0	NOT_RUN	0			0	0	0	0	0
347	CERTIFIED	1	0x3c3cb6	0x3c3cb6	60899829217101199948881393978	17141027896640956936170154056	1	600	530	530	4	70	978513	1	CERTIFIED	1	0x3c3cb6	0x3c3cb6	60899829217101199948881393978	17141027896640956936170154056	1	1152	530	530	4	622	1127021	1	1	0x345c36	0x345c36,0x3c3cb6,0x3c6c3e,0xbc786c	1	0	NOT_RUN	0			0	0	0	0	0	NOT_RUN	0			0	0	0	0	0
348	CERTIFIED	1	0x9e61ee	0x9e61ee	99354684446221608914408772324	17141027896640956936170154056	1	600	534	534	2	66	1587028	0	CERTIFIED	1	0x9e61ee	0x9e61ee	99354684446221608914408772324	17141027896640956936170154056	1	1152	534	534	2	618	1340089	0	1	0x9e2166	0x9e2166,0x9e61ee	1	0	NOT_RUN	0			0	0	0	0	0	NOT_RUN	0			0	0	0	0	0
349	CERTIFIED	1	0xacca70	0xacca70	56499818743013927966660445342	17141027896640956936170154056	1	600	542	542	4	58	1604864	1	CERTIFIED	1	0xacca70	0xacca70	56499818743013927966660445342	17141027896640956936170154056	1	1152	542	542	4	610	990653	1	1	0x56657c	0x56657c,0xa6653e,0xacca70,0xbccb3c	1	0	NOT_RUN	0			0	0	0	0	0	NOT_RUN	0			0	0	0	0	0
350	CERTIFIED	1	0x397dc8	0x397dc8	30119582000744459568937332978	17141027896640956936170154056	1	600	526	526	2	74	1061691	1	CERTIFIED	1	0x397dc8	0x397dc8	30119582000744459568937332978	17141027896640956936170154056	1	1152	526	526	2	626	979904	1	1	0x397dc8	0x397dc8,0x3eefc8	0	0	NOT_RUN	0			0	0	0	0	0	NOT_RUN	0			0	0	0	0	0
351	CERTIFIED	1	0x57c119	0x57c119	72218581802221307599544929458	17141027896640956936170154056	1	600	533	533	3	67	952002	0	CERTIFIED	1	0x57c119	0x57c119	72218581802221307599544929458	17141027896640956936170154056	1	1152	533	533	3	619	1003279	0	1	0x574131	0x574131,0x5782bb,0x57c119	1	0	NOT_RUN	0			0	0	0	0	0	NOT_RUN	0			0	0	0	0	0
352	CERTIFIED	1	0x641ec6	0x641ec6	30074401432610715466061996658	17141027896640956936170154056	1	600	530	530	2	70	979607	1	CERTIFIED	1	0x641ec6	0x641ec6	30074401432610715466061996658	17141027896640956936170154056	1	1152	530	530	2	622	983516	1	1	0x641ec6	0x641ec6,0x6a0f62	0	0	NOT_RUN	0			0	0	0	0	0	NOT_RUN	0			0	0	0	0	0
353	CERTIFIED	1	0x19d14	0x19d14	31014030730279925829299968248	17141027896640956936170154056	1	600	520	520	3	80	965785	1	CERTIFIED	1	0x19d14	0x19d14	31014030730279925829299968248	17141027896640956936170154056	1	1152	520	520	3	632	927095	1	1	0x19d14	0x19d14,0x35d10,0x40fd10	0	0	NOT_RUN	0			0	0	0	0	0	NOT_RUN	0			0	0	0	0	0
354	CERTIFIED	1	0xc072e2	0xc072e2	303206765294882977639615182444	17141027896640956936170154056	1	600	520	520	4	80	1351449	0	CERTIFIED	1	0xc072e2	0xc072e2	303206765294882977639615182444	17141027896640956936170154056	1	1152	520	520	4	632	992313	0	0	0xc072e2	0xc072e2	0	0	NOT_RUN	0			0	0	0	0	0	NOT_RUN	0			0	0	0	0	0
355	CERTIFIED	1	0xf307b6	0xf307b6	547314200557428498884127607956	325679530036178181787232927064	0	25	25	25	1	0	931682	1	CERTIFIED	1	0xf307b6	0xf307b6	547314200557428498884127607956	325679530036178181787232927064	0	48	25	25	1	23	906318	1	0	0xf307b6	0xf307b6	0	0	NOT_RUN	0			0	0	0	0	0	NOT_RUN	0			0	0	0	0	0
356	CERTIFIED	1	0xcc214f	0xcc214f	30149669367740059165213880622	17141027896640956936170154056	1	600	530	530	2	70	939619	1	CERTIFIED	1	0xcc214f	0xcc214f	30149669367740059165213880622	17141027896640956936170154056	1	1152	530	530	2	622	971486	1	1	0xcc214f	0xcc214f,0xd805cf	0	0	NOT_RUN	0			0	0	0	0	0	NOT_RUN	0			0	0	0	0	0
357	CERTIFIED	1	0xb3a042	0xb3a042	559266234935258859552727491786	325679530036178181787232927064	0	25	25	25	1	0	1076306	0	CERTIFIED	1	0xb3a042	0xb3a042	559266234935258859552727491786	325679530036178181787232927064	0	48	25	25	1	23	1224374	0	0	0xb3a042	0xb3a042	0	0	NOT_RUN	0			0	0	0	0	0	NOT_RUN	0			0	0	0	0	0
358	CERTIFIED	1	0xf150f5	0xf150f5	272159743805514134176553262978	17141027896640956936170154056	1	600	533	533	4	67	1795413	1	CERTIFIED	1	0xf150f5	0xf150f5	272159743805514134176553262978	17141027896640956936170154056	1	1152	533	533	4	619	945581	1	0	0xf150f5	0xf150f5	0	0	NOT_RUN	0			0	0	0	0	0	NOT_RUN	0			0	0	0	0	0
359	CERTIFIED	1	0x127568	0x127568	42936102132073542952589029956	17141027896640956936170154056	1	600	539	539	3	61	892304	0	CERTIFIED	1	0x127568	0x127568	42936102132073542952589029956	17141027896640956936170154056	1	1152	539	539	3	613	900075	0	1	0x1135e9	0x1135e9,0x127568,0x2935c8	1	0	NOT_RUN	0			0	0	0	0	0	NOT_RUN	0			0	0	0	0	0
360	CERTIFIED	1	0x836e42	0x836e42	30190904618238891630099993804	17141027896640956936170154056	1	600	534	534	2	66	930180	1	CERTIFIED	1	0x836e42	0x836e42	30190904618238891630099993804	17141027896640956936170154056	1	1152	534	534	2	618	914015	1	1	0x835346	0x835346,0x836e42	1	0	NOT_RUN	0			0	0	0	0	0	NOT_RUN	0			0	0	0	0	0
361	CERTIFIED	1	0xb98827	0xb98827	586451183962901049526195758858	325679530036178181787232927064	0	25	25	25	1	0	897872	1	CERTIFIED	1	0xb98827	0xb98827	586451183962901049526195758858	325679530036178181787232927064	0	48	25	25	1	23	914384	1	0	0xb98827	0xb98827	0	0	NOT_RUN	0			0	0	0	0	0	NOT_RUN	0			0	0	0	0	0
362	CERTIFIED	1	0xd916fe	0xd916fe	97251312275424355804507118346	17141027896640956936170154056	1	600	527	527	3	73	1194535	0	CERTIFIED	1	0xd916fe	0xd916fe	97251312275424355804507118346	17141027896640956936170154056	1	1152	527	527	3	625	982657	0	1	0xd916fe	0xd916fe,0xd91ee6,0xdd0f7e	0	0	NOT_RUN	0			0	0	0	0	0	NOT_RUN	0			0	0	0	0	0
363	CERTIFIED	1	0xa53ac5	0xa53ac5	15075668007229095309893942760	902159362981102996640534424	2	6925	5630	5630	20	1295	1352719	1	CERTIFIED	1	0xa53ac5	0xa53ac5	15075668007229095309893942760	902159362981102996640534424	2	13296	5630	5630	20	7666	1317093	1	1	0xa53ac5	0xa53ac5	0	0	NOT_RUN	0			0	0	0	0	0	NOT_RUN	0			0	0	0	0	0
364	CERTIFIED	1	0xd74077	0xd74077	299368670408512361560416918462	17141027896640956936170154056	1	600	521	521	4	79	920206	0	CERTIFIED	1	0xd74077	0xd74077	299368670408512361560416918462	17141027896640956936170154056	1	1152	521	521	4	631	1030696	0	0	0xd74077	0xd74077	0	0	NOT_RUN	0			0	0	0	0	0	NOT_RUN	0			0	0	0	0	0
365	CERTIFIED	1	0x547b53	0x547b53	57253815558766963042726517142	17141027896640956936170154056	1	600	542	542	4	58	1168231	0	CERTIFIED	1	0x547b53	0x547b53	57253815558766963042726517142	17141027896640956936170154056	1	1152	542	542	4	610	1113020	0	1	0x1477a3	0x1477a3,0x3a3b53,0x5476a6,0x547b53	1	0	NOT_RUN	0			0	0	0	0	0	NOT_RUN	0			0	0	0	0	0
366	CERTIFIED	1	0x287869	0x287869	285725784690859039238491788804	17141027896640956936170154056	1	600	533	533	1	67	1083514	1	CERTIFIED	1	0x287869	0x287869	285725784690859039238491788804	17141027896640956936170154056	1	1152	533	533	1	619	1012848	1	0	0x287869	0x287869	0	0	NOT_RUN	0			0	0	0	0	0	NOT_RUN	0			0	0	0	0	0
367	CERTIFIED	1	0x8d04cf	0x8d04cf	18688793561071096552342028178	17141027896640956936170154056	1	600	524	524	2	76	1030252	0	CERTIFIED	1	0x8d04cf	0x8d04cf	18688793561071096552342028178	17141027896640956936170154056	1	1152	524	524	2	628	1124807	0	1	0xd40ce	0xd40ce,0x8d04cf	1	0	NOT_RUN	0			0	0	0	0	0	NOT_RUN	0			0	0	0	0	0
368	CERTIFIED	1	0x3e0e23	0x3e0e23	100818610575618529491497816262	17141027896640956936170154056	1	600	523	523	4	77	4484345	0	CERTIFIED	1	0x3e0e23	0x3e0e23	100818610575618529491497816262	17141027896640956936170154056	1	1152	523	523	4	629	1660758	0	1	0x3e0e23	0x3e0e23,0x3e1c53,0x761ca3,0x770e22	0	0	NOT_RUN	0			0	0	0	0	0	NOT_RUN	0			0	0	0	0	0
369	CERTIFIED	1	0x189515	0x189515	597870616175725230972192472026	325679530036178181787232927064	0	25	25	25	1	0	856355	0	CERTIFIED	1	0x189515	0x189515	597870616175725230972192472026	325679530036178181787232927064	0	48	25	25	1	23	892984	0	0	0x189515	0x189515	0	0	NOT_RUN	0			0	0	0	0	0	NOT_RUN	0			0	0	0	0	0
370	CERTIFIED	1	0xf006a9	0xf006a9	2402640421832960500167496440276	325679530036178181787232927064	0	25	25	25	1	0	1961448	0	CERTIFIED	1	0xf006a9	0xf006a9	2402640421832960500167496440276	325679530036178181787232927064	0	48	25	25	1	23	957149	0	0	0xf006a9	0xf006a9	0	0	NOT_RUN	0			0	0	0	0	0	NOT_RUN	0			0	0	0	0	0
371	CERTIFIED	1	0x7357e8	0x7357e8	788000701923240153987948651564	325679530036178181787232927064	0	25	25	25	1	0	912375	0	CERTIFIED	1	0x7357e8	0x7357e8	788000701923240153987948651564	325679530036178181787232927064	0	48	25	25	1	23	1050443	0	0	0x7357e8	0x7357e8	0	0	NOT_RUN	0			0	0	0	0	0	NOT_RUN	0			0	0	0	0	0
372	CERTIFIED	1	0xe17e7b	0xe17e7b	828532705990756121010348119232	325679530036178181787232927064	0	25	25	25	1	0	979730	0	CERTIFIED	1	0xe17e7b	0xe17e7b	828532705990756121010348119232	325679530036178181787232927064	0	48	25	25	1	23	945057	0	0	0xe17e7b	0xe17e7b	0	0	NOT_RUN	0			0	0	0	0	0	NOT_RUN	0			0	0	0	0	0
373	CERTIFIED	1	0x40f158	0x40f158	801382744375282290422363874054	325679530036178181787232927064	0	25	25	25	1	0	917386	0	CERTIFIED	1	0x40f158	0x40f158	801382744375282290422363874054	325679530036178181787232927064	0	48	25	25	1	23	954347	0	0	0x40f158	0x40f158	0	0	NOT_RUN	0			0	0	0	0	0	NOT_RUN	0			0	0	0	0	0
374	CERTIFIED	1	0x5bd225	0x5bd225	302267235765982594241985863640	17141027896640956936170154056	1	600	540	540	2	60	4105417	0	CERTIFIED	1	0x5bd225	0x5bd225	302267235765982594241985863640	17141027896640956936170154056	1	1152	540	540	2	612	1388273	0	0	0x5bd225	0x5bd225	0	0	NOT_RUN	0			0	0	0	0	0	NOT_RUN	0			0	0	0	0	0
375	CERTIFIED	1	0x98c3cd	0x98c3cd	560094885291634661176622806920	325679530036178181787232927064	0	25	25	25	1	0	940403	0	CERTIFIED	1	0x98c3cd	0x98c3cd	560094885291634661176622806920	325679530036178181787232927064	0	48	25	25	1	23	1290204	0	0	0x98c3cd	0x98c3cd	0	0	NOT_RUN	0			0	0	0	0	0	NOT_RUN	0			0	0	0	0	0
376	CERTIFIED	1	0xcf4bfe	0xcf4bfe	544722448886966056943166451710	325679530036178181787232927064	0	25	25	25	1	0	930793	0	CERTIFIED	1	0xcf4bfe	0xcf4bfe	544722448886966056943166451710	325679530036178181787232927064	0	48	25	25	1	23	1978183	0	0	0xcf4bfe	0xcf4bfe	0	0	NOT_RUN	0			0	0	0	0	0	NOT_RUN	0			0	0	0	0	0
377	CERTIFIED	1	0xb00a09	0xb00a09	110782135327901560929124187910	17141027896640956936170154056	1	600	526	526	4	74	1143761	0	CERTIFIED	1	0xb00a09	0xb00a09	110782135327901560929124187910	17141027896640956936170154056	1	1152	526	526	4	626	1401527	0	1	0x921a09	0x921a09,0xa83a09,0xb00a09,0xd81a19	1	0	NOT_RUN	0			0	0	0	0	0	NOT_RUN	0			0	0	0	0	0
378	CERTIFIED	1	0x32f762	0x32f762	97255482256161162502287716022	17141027896640956936170154056	1	600	542	542	2	58	960938	0	CERTIFIED	1	0x32f762	0x32f762	97255482256161162502287716022	17141027896640956936170154056	1	1152	542	542	2	610	970608	0	1	0x32e652	0x32e652,0x32f762	1	0	NOT_RUN	0			0	0	0	0	0	NOT_RUN	0			0	0	0	0	0
379	CERTIFIED	1	0xf8a79f	0xf8a79f	288883423497303498899323705848	17141027896640956936170154056	1	600	522	522	3	78	992222	0	CERTIFIED	1	0xf8a79f	0xf8a79f	288883423497303498899323705848	17141027896640956936170154056	1	1152	522	522	3	630	1080755	0	0	0xf8a79f	0xf8a79f	0	0	NOT_RUN	0			0	0	0	0	0	NOT_RUN	0			0	0	0	0	0
380	CERTIFIED	1	0x73a45b	0x73a45b	530697542148721151638878157098	325679530036178181787232927064	0	25	25	25	1	0	965662	0	CERTIFIED	1	0x73a45b	0x73a45b	530697542148721151638878157098	325679530036178181787232927064	0	48	25	25	1	23	1027714	0	0	0x73a45b	0x73a45b	0	0	NOT_RUN	0			0	0	0	0	0	NOT_RUN	0			0	0	0	0	0
381	CERTIFIED	1	0x53616f	0x53616f	272155579045484474122706782302	17141027896640956936170154056	1	600	538	538	1	62	1041555	0	CERTIFIED	1	0x53616f	0x53616f	272155579045484474122706782302	17141027896640956936170154056	1	1152	538	538	1	614	1163650	0	0	0x53616f	0x53616f	0	0	NOT_RUN	0			0	0	0	0	0	NOT_RUN	0			0	0	0	0	0
382	CERTIFIED	1	0x2ffeb6	0x2ffeb6	22221933203642665103990670210	17141027896640956936170154056	1	600	520	520	2	80	976822	0	CERTIFIED	1	0x2ffeb6	0x2ffeb6	22221933203642665103990670210	17141027896640956936170154056	1	1152	520	520	2	632	1061868	0	1	0x2ebf6d	0x2ebf6d,0x2ffeb6	1	0	NOT_RUN	0			0	0	0	0	0	NOT_RUN	0			0	0	0	0	0
383	CERTIFIED	1	0xebfa0c	0xebfa0c	611414877166296582563341999476	325679530036178181787232927064	0	25	25	25	2	0	997231	1	CERTIFIED	1	0xebfa0c	0xebfa0c	611414877166296582563341999476	325679530036178181787232927064	0	48	25	25	2	23	1014740	1	0	0xebdd04	0xebdd04,0xebfa0c	1	0	NOT_RUN	0			0	0	0	0	0	NOT_RUN	0			0	0	0	0	0
384	CERTIFIED	1	0x4b3c4e	0x4b3c4e	272867816163654986679077429760	17141027896640956936170154056	1	600	538	538	6	62	1135264	1	CERTIFIED	1	0x4b3c4e	0x4b3c4e	272867816163654986679077429760	17141027896640956936170154056	1	1152	538	538	6	614	1069068	1	0	0x4b3c4e	0x4b3c4e	0	0	COMPLETE	1	0x4b3c4e	0x4b3c4e	272867816163654986679077429760	262144	0	82628449	1	COMPLETE	1	0x4b3c4e	0x4b3c4e	272867816163654986679077429760	0	255	228432	1
385	CERTIFIED	1	0x82f319	0x82f319	69324044847138260672632786662	17141027896640956936170154056	1	600	540	540	8	60	946273	1	CERTIFIED	1	0x82f319	0x82f319	69324044847138260672632786662	17141027896640956936170154056	1	1152	540	540	8	612	1842143	1	1	0x815319	0x815319,0x82f319,0x853319,0x85a615,0x869319,0x92d309,0x93d319,0xa2d31d	1	0	COMPLETE	1	0x82f319	0x82f319	69324044847138260672632786662	262144	0	67157024	1	COMPLETE	1	0x82f319	0x82f319	69324044847138260672632786662	0	595	336027	1
386	CERTIFIED	1	0x9c8ee	0x9c8ee	802886446790500931450609699382	325679530036178181787232927064	0	25	25	25	1	0	1549150	1	CERTIFIED	1	0x9c8ee	0x9c8ee	802886446790500931450609699382	325679530036178181787232927064	0	48	25	25	1	23	685211	1	0	0x9c8ee	0x9c8ee	0	0	COMPLETE	1	0x9c8ee	0x9c8ee	802886446790500931450609699382	262144	0	60639928	1	COMPLETE	1	0x9c8ee	0x9c8ee	802886446790500931450609699382	0	271	174413	1
387	CERTIFIED	1	0x46b172	0x46b172	815667037476912572755049030418	325679530036178181787232927064	0	25	25	25	1	0	734541	0	CERTIFIED	1	0x46b172	0x46b172	815667037476912572755049030418	325679530036178181787232927064	0	48	25	25	1	23	1605670	0	0	0x46b172	0x46b172	0	0	COMPLETE	1	0x46b172	0x46b172	815667037476912572755049030418	262144	0	82660359	0	COMPLETE	1	0x46b172	0x46b172	815667037476912572755049030418	0	87	91817	0
388	CERTIFIED	1	0x3c1e4f	0x3c1e4f	1129242601234041817361876543058	325679530036178181787232927064	0	25	25	25	2	0	1844063	0	CERTIFIED	1	0x3c1e4f	0x3c1e4f	1129242601234041817361876543058	325679530036178181787232927064	0	48	25	25	2	23	915484	0	0	0x3a1e4f	0x3a1e4f,0x3c1e4f	1	0	COMPLETE	1	0x3c1e4f	0x3c1e4f	1129242601234041817361876543058	262144	0	84624825	0	COMPLETE	1	0x3c1e4f	0x3c1e4f	1129242601234041817361876543058	0	55	65167	0
389	CERTIFIED	1	0x8415d4	0x8415d4	55898378893591852236953805186	17141027896640956936170154056	1	600	540	540	9	60	964788	1	CERTIFIED	1	0x8415d4	0x8415d4	55898378893591852236953805186	17141027896640956936170154056	1	1152	540	540	9	612	2245562	1	1	0x8075d4	0x8075d4,0x8415d4,0x886aa9,0x886be4,0x886fa9,0x8c65d4,0x9435c4,0x9535d4,0xa435d0	1	0	COMPLETE	1	0x8415d4	0x8415d4	55898378893591852236953805186	262144	0	95828755	1	COMPLETE	1	0x8415d4	0x8415d4	55898378893591852236953805186	0	661	491278	1
390	CERTIFIED	1	0xc5bca	0xc5bca	84360153901340954097981992778	17141027896640956936170154056	1	600	539	539	15	61	1925173	1	CERTIFIED	1	0xc5bca	0xc5bca	84360153901340954097981992778	17141027896640956936170154056	1	1152	539	539	15	613	1286549	1	1	0x45394	0x45394,0xc49c8,0xc4dca,0xc51ce,0xc529a,0xc534e,0xc538e,0xc594a,0xc598a,0xc5bca,0x46294a,0x46298a,0x462bca,0x4c5392,0x8c69ca	1	0	COMPLETE	1	0xc5bca	0xc5bca	84360153901340954097981992778	262144	0	74277970	1	COMPLETE	1	0xc5bca	0xc5bca	84360153901340954097981992778	0	445	278412	1
391	CERTIFIED	1	0x6b4167	0x6b4167	302904396776102657451473873040	17141027896640956936170154056	1	600	535	535	13	65	791766	1	CERTIFIED	1	0x6b4167	0x6b4167	302904396776102657451473873040	17141027896640956936170154056	1	1152	535	535	13	617	2266251	1	0	0x6b4167	0x6b4167	0	0	COMPLETE	1	0x6b4167	0x6b4167	302904396776102657451473873040	262144	0	64921886	1	COMPLETE	1	0x6b4167	0x6b4167	302904396776102657451473873040	0	203	136851	1
392	CERTIFIED	1	0xe89e0e	0xe89e0e	803044812934270357971128108520	325679530036178181787232927064	0	25	25	25	1	0	1974285	0	CERTIFIED	1	0xe89e0e	0xe89e0e	803044812934270357971128108520	325679530036178181787232927064	0	48	25	25	1	23	754211	0	0	0xe89e0e	0xe89e0e	0	0	NOT_RUN	0			0	0	0	0	0	NOT_RUN	0			0	0	0	0	0
393	CERTIFIED	1	0xe310e6	0xe310e6	558664488199395922079056934382	325679530036178181787232927064	0	25	25	25	1	0	665345	0	CERTIFIED	1	0xe310e6	0xe310e6	558664488199395922079056934382	325679530036178181787232927064	0	48	25	25	1	23	1081815	0	0	0xe310e6	0xe310e6	0	0	NOT_RUN	0			0	0	0	0	0	NOT_RUN	0			0	0	0	0	0
394	CERTIFIED	1	0x54e0ef	0x54e0ef	574379277387751909162661681382	325679530036178181787232927064	0	25	25	25	1	0	702198	1	CERTIFIED	1	0x54e0ef	0x54e0ef	574379277387751909162661681382	325679530036178181787232927064	0	48	25	25	1	23	668867	1	0	0x54e0ef	0x54e0ef	0	0	NOT_RUN	0			0	0	0	0	0	NOT_RUN	0			0	0	0	0	0
395	CERTIFIED	1	0xa40e1e	0xa40e1e	912874593443896410735273613044	325679530036178181787232927064	0	25	25	25	1	0	666280	0	CERTIFIED	1	0xa40e1e	0xa40e1e	912874593443896410735273613044	325679530036178181787232927064	0	48	25	25	1	23	702999	0	0	0xa40e1e	0xa40e1e	0	0	NOT_RUN	0			0	0	0	0	0	NOT_RUN	0			0	0	0	0	0
396	CERTIFIED	1	0x36fd2a	0x36fd2a	57364393308460736069414747364	17141027896640956936170154056	1	600	536	536	9	64	1068017	0	CERTIFIED	1	0x36fd2a	0x36fd2a	57364393308460736069414747364	17141027896640956936170154056	1	1152	536	536	9	616	1763915	0	1	0x22dd2a	0x22dd2a,0x22ed2a,0x24dd2a,0x24ed2a,0x257d22,0x25f96a,0x25fa14,0x30fd2a,0x36fd2a	1	0	NOT_RUN	0			0	0	0	0	0	NOT_RUN	0			0	0	0	0	0
397	CERTIFIED	1	0xde83fb	0xde83fb	534418757433287944626346744272	325679530036178181787232927064	0	25	25	25	2	0	990451	1	CERTIFIED	1	0xde83fb	0xde83fb	534418757433287944626346744272	325679530036178181787232927064	0	48	25	25	2	23	1146342	1	0	0xde82fd	0xde82fd,0xde83fb	1	0	NOT_RUN	0			0	0	0	0	0	NOT_RUN	0			0	0	0	0	0
398	CERTIFIED	1	0xc509ab	0xc509ab	814958653919250384268824585138	325679530036178181787232927064	0	25	25	25	1	0	1524825	0	CERTIFIED	1	0xc509ab	0xc509ab	814958653919250384268824585138	325679530036178181787232927064	0	48	25	25	1	23	1174501	0	0	0xc509ab	0xc509ab	0	0	NOT_RUN	0			0	0	0	0	0	NOT_RUN	0			0	0	0	0	0
399	CERTIFIED	1	0x5cfdae	0x5cfdae	33651269034779154493162082832	17141027896640956936170154056	1	600	529	529	6	71	2957535	1	CERTIFIED	1	0x5cfdae	0x5cfdae	33651269034779154493162082832	17141027896640956936170154056	1	1152	529	529	6	623	1244827	1	1	0x4df98e	0x4df98e,0x5cfdae,0x5dbd8a,0x5dfb19,0x5dff1a,0xaffd8e	1	0	NOT_RUN	0			0	0	0	0	0	NOT_RUN	0			0	0	0	0	0
400	CERTIFIED	1	0x794b44	0x794b44	30788380736124749674997130582	17141027896640956936170154056	1	600	544	544	9	56	1140108	1	CERTIFIED	1	0x794b44	0x794b44	30788380736124749674997130582	17141027896640956936170154056	1	1152	544	544	9	608	1101644	1	1	0x2a9689	0x2a9689,0x38968c,0x3a1544,0x3a168a,0x3a4b45,0x3e968c,0x794b44,0x9d4b45,0xba96c4	1	0	NOT_RUN	0			0	0	0	0	0	NOT_RUN	0			0	0	0	0	0
401	CERTIFIED	1	0xac3915	0xac3915	272153704740434826345865160502	17141027896640956936170154056	1	600	540	540	12	60	1044608	1	CERTIFIED	1	0xac3915	0xac3915	272153704740434826345865160502	17141027896640956936170154056	1	1152	540	540	12	612	1322415	1	0	0xac3915	0xac3915	0	0	NOT_RUN	0			0	0	0	0	0	NOT_RUN	0			0	0	0	0	0
402	CERTIFIED	1	0xd2b295	0xd2b295	530020714099236902926270740960	325679530036178181787232927064	0	25	25	25	2	0	1000138	1	CERTIFIED	1	0xd2b295	0xd2b295	530020714099236902926270740960	325679530036178181787232927064	0	48	25	25	2	23	928379	1	0	0xa55295	0xa55295,0xd2b295	1	0	NOT_RUN	0			0	0	0	0	0	NOT_RUN	0			0	0	0	0	0
403	CERTIFIED	1	0x5377e6	0x5377e6	300763450510507724946635000094	17141027896640956936170154056	1	600	530	530	8	70	949866	1	CERTIFIED	1	0x5377e6	0x5377e6	300763450510507724946635000094	17141027896640956936170154056	1	1152	530	530	8	622	1089315	1	0	0x5377e6	0x5377e6	0	0	NOT_RUN	0			0	0	0	0	0	NOT_RUN	0			0	0	0	0	0
404	CERTIFIED	1	0x8c2b1d	0x8c2b1d	1074962674962262970364390054738	325679530036178181787232927064	0	25	25	25	2	0	979743	1	CERTIFIED	1	0x8c2b1d	0x8c2b1d	1074962674962262970364390054738	325679530036178181787232927064	0	48	25	25	2	23	938919	1	0	0x8a2b1d	0x8a2b1d,0x8c2b1d	1	0	NOT_RUN	0			0	0	0	0	0	NOT_RUN	0			0	0	0	0	0
405	CERTIFIED	1	0x2645d0	0x2645d0	16617065160811886275164809586	902159362981102996640534424	2	6925	5447	5447	91	1478	2012742	1	CERTIFIED	1	0x2645d0	0x2645d0	16617065160811886275164809586	902159362981102996640534424	2	13296	5447	5447	91	7849	1367556	1	1	0x2645d0	0x2645d0,0x4522f0,0x664a70,0x66a2f4,0xe64af0	0	0	NOT_RUN	0			0	0	0	0	0	NOT_RUN	0			0	0	0	0	0
406	CERTIFIED	1	0x14f704	0x14f704	1075115308335334760471549456364	325679530036178181787232927064	0	25	25	25	1	0	1039142	0	CERTIFIED	1	0x14f704	0x14f704	1075115308335334760471549456364	325679530036178181787232927064	0	48	25	25	1	23	864587	0	0	0x14f704	0x14f704	0	0	NOT_RUN	0			0	0	0	0	0	NOT_RUN	0			0	0	0	0	0
407	CERTIFIED	1	0x8f422a	0x8f422a	44473213606491754270104881724	17141027896640956936170154056	1	600	540	540	8	60	1395161	1	CERTIFIED	1	0x8f422a	0x8f422a	44473213606491754270104881724	17141027896640956936170154056	1	1152	540	540	8	612	1399321	1	1	0x8f422a	0x8f422a,0x8f626a,0x9b622e,0x9ea22e,0x9ec052,0x9ec451,0x9ed52a,0x9eda2a	0	0	NOT_RUN	0			0	0	0	0	0	NOT_RUN	0			0	0	0	0	0
408	CERTIFIED	1	0xdb532f	0xdb532f	1045682052520920345579311488374	325679530036178181787232927064	0	25	25	25	1	0	1131258	0	CERTIFIED	1	0xdb532f	0xdb532f	1045682052520920345579311488374	325679530036178181787232927064	0	48	25	25	1	23	1131900	0	0	0xdb532f	0xdb532f	0	0	NOT_RUN	0			0	0	0	0	0	NOT_RUN	0			0	0	0	0	0
409	CERTIFIED	1	0x1d75d7	0x1d75d7	32218806094774190033043682374	17141027896640956936170154056	1	600	517	517	3	83	987060	1	CERTIFIED	1	0x1d75d7	0x1d75d7	32218806094774190033043682374	17141027896640956936170154056	1	1152	517	517	3	635	1578592	1	1	0x157fab	0x157fab,0x1cbfd3,0x1d75d7	1	0	NOT_RUN	0			0	0	0	0	0	NOT_RUN	0			0	0	0	0	0
410	CERTIFIED	1	0x4ea9fc	0x4ea9fc	97886379216948487572077924604	17141027896640956936170154056	1	600	533	533	8	67	990698	1	CERTIFIED	1	0x4ea9fc	0x4ea9fc	97886379216948487572077924604	17141027896640956936170154056	1	1152	533	533	8	619	934521	1	1	0x2ea9ec	0x2ea9ec,0x2eb4fc,0x4ea9fc,0x575cfc,0x66acfc,0x6e8afc,0x6e9cfc,0x6ea9f0	1	0	NOT_RUN	0			0	0	0	0	0	NOT_RUN	0			0	0	0	0	0
411	CERTIFIED	1	0x46b35f	0x46b35f	68603899788061141797281590764	17141027896640956936170154056	1	600	546	546	8	54	1259826	0	CERTIFIED	1	0x46b35f	0x46b35f	68603899788061141797281590764	17141027896640956936170154056	1	1152	546	546	8	606	1959363	0	1	0x559ad	0x559ad,0x2359ed,0x2379ad,0x4349ad,0x4689ad,0x46a9ed,0x46b35f,0x56b5ad	1	0	NOT_RUN	0			0	0	0	0	0	NOT_RUN	0			0	0	0	0	0
412	CERTIFIED	1	0x5ffec2	0x5ffec2	3123428157081414716427134255112	325679530036178181787232927064	0	25	25	25	1	0	1599160	0	CERTIFIED	1	0x5ffec2	0x5ffec2	3123428157081414716427134255112	325679530036178181787232927064	0	48	25	25	1	23	1235298	0	0	0x5ffec2	0x5ffec2	0	0	NOT_RUN	0			0	0	0	0	0	NOT_RUN	0			0	0	0	0	0
413	CERTIFIED	1	0xa602de	0xa602de	55785642144736386273818168778	17141027896640956936170154056	1	600	524	524	6	76	1032831	0	CERTIFIED	1	0xa602de	0xa602de	55785642144736386273818168778	17141027896640956936170154056	1	1152	524	524	6	628	1287081	0	1	0x6602d6	0x6602d6,0x66116e,0xa602de,0xe202ae,0xe60256,0xe611ee	1	0	NOT_RUN	0			0	0	0	0	0	NOT_RUN	0			0	0	0	0	0
414	CERTIFIED	1	0x213e70	0x213e70	70873042412843427184034204436	17141027896640956936170154056	1	600	531	531	14	69	1299917	1	CERTIFIED	1	0x213e70	0x213e70	70873042412843427184034204436	17141027896640956936170154056	1	1152	531	531	14	621	970674	1	1	0x11d70	0x11d70,0x88e70,0x10ce70,0x211c68,0x211ca8,0x211ee8,0x213cf0,0x213e70,0x290e70,0x314e70,0x518e70,0x528e70,0x611670,0xa11a70	1	0	NOT_RUN	0			0	0	0	0	0	NOT_RUN	0			0	0	0	0	0
415	CERTIFIED	1	0x30a82d	0x30a82d	1074210781750495914707807653734	325679530036178181787232927064	0	25	25	25	1	0	1096506	0	CERTIFIED	1	0x30a82d	0x30a82d	1074210781750495914707807653734	325679530036178181787232927064	0	48	25	25	1	23	958877	0	0	0x30a82d	0x30a82d	0	0	NOT_RUN	0			0	0	0	0	0	NOT_RUN	0			0	0	0	0	0
416	CERTIFIED	1	0xd7e0bc	0xd7e0bc	72934763948742069766384456236	17141027896640956936170154056	1	600	536	536	6	64	1028717	1	CERTIFIED	1	0xd7e0bc	0xd7e0bc	72934763948742069766384456236	17141027896640956936170154056	1	1152	536	536	6	616	946350	1	1	0x56e2bc	0x56e2bc,0xd6613c,0xd670b4,0xd6e574,0xd7d0bc,0xd7e0bc	1	0	NOT_RUN	0			0	0	0	0	0	NOT_RUN	0			0	0	0	0	0
417	CERTIFIED	1	0x33e237	0x33e237	858636421358282651727120608502	325679530036178181787232927064	0	25	25	25	1	0	895647	1	CERTIFIED	1	0x33e237	0x33e237	858636421358282651727120608502	325679530036178181787232927064	0	48	25	25	1	23	881683	1	0	0x33e237	0x33e237	0	0	NOT_RUN	0			0	0	0	0	0	NOT_RUN	0			0	0	0	0	0
418	CERTIFIED	1	0x32a01d	0x32a01d	111495928330972882891272379506	17141027896640956936170154056	1	600	530	530	15	70	1028105	1	CERTIFIED	1	0x32a01d	0x32a01d	111495928330972882891272379506	17141027896640956936170154056	1	1152	530	530	15	622	920619	1	1	0x22a07b	0x22a07b,0x30a07d,0x30a0bd,0x30a23d,0x32a01d,0x32a0dd,0x32a25d,0x32a43c,0x32a87a,0x33a07d,0x33a0bd,0x33a23d,0x35513d,0x59501d,0x89503d	1	0	NOT_RUN	0			0	0	0	0	0	NOT_RUN	0			0	0	0	0	0
419	CERTIFIED	1	0x918836	0x918836	1332873307912852653922826468574	325679530036178181787232927064	0	25	25	25	1	0	1853026	0	CERTIFIED	1	0x918836	0x918836	1332873307912852653922826468574	325679530036178181787232927064	0	48	25	25	1	23	902064	0	0	0x918836	0x918836	0	0	NOT_RUN	0			0	0	0	0	0	NOT_RUN	0			0	0	0	0	0
420	CERTIFIED	1	0x864e73	0x864e73	30161637895030125918446442840	17141027896640956936170154056	1	600	536	536	5	64	1485537	0	CERTIFIED	1	0x864e73	0x864e73	30161637895030125918446442840	17141027896640956936170154056	1	1152	536	536	5	616	938363	0	1	0x65ce2	0x65ce2,0x864e73,0x875cb1,0x8b2e75,0x932671	1	0	NOT_RUN	0			0	0	0	0	0	NOT_RUN	0			0	0	0	0	0
421	CERTIFIED	1	0xf6d4a6	0xf6d4a6	55071503574555932540824310844	17141027896640956936170154056	1	600	546	546	13	54	1095671	1	CERTIFIED	1	0xf6d4a6	0xf6d4a6	55071503574555932540824310844	17141027896640956936170154056	1	1152	546	546	13	606	901057	1	1	0x6994a6	0x6994a6,0x69aaa6,0x7cd4a6,0xe1a966,0xe454a6,0xe98956,0xe99426,0xe9aa26,0xe9b4a4,0xecd6a6,0xf6d4a6,0xf9a8a6,0xf9a946	1	0	NOT_RUN	0			0	0	0	0	0	NOT_RUN	0			0	0	0	0	0
422	CERTIFIED	1	0x425cc4	0x425cc4	43008975097440960016639891626	17141027896640956936170154056	1	600	545	545	3	55	935732	1	CERTIFIED	1	0x425cc4	0x425cc4	43008975097440960016639891626	17141027896640956936170154056	1	1152	545	545	3	607	4045253	1	1	0x425cc4	0x425cc4,0x4a5dca,0x4a6e44	0	0	NOT_RUN	0			0	0	0	0	0	NOT_RUN	0			0	0	0	0	0
423	CERTIFIED	1	0xcf4cbc	0xcf4cbc	570695153394155469248180568804	325679530036178181787232927064	0	25	25	25	1	0	886325	1	CERTIFIED	1	0xcf4cbc	0xcf4cbc	570695153394155469248180568804	325679530036178181787232927064	0	48	25	25	1	23	930967	1	0	0xcf4cbc	0xcf4cbc	0	0	NOT_RUN	0			0	0	0	0	0	NOT_RUN	0			0	0	0	0	0
424	CERTIFIED	1	0x4e6e40	0x4e6e40	43098003386641426921520477316	17141027896640956936170154056	1	600	531	531	3	69	970110	1	CERTIFIED	1	0x4e6e40	0x4e6e40	43098003386641426921520477316	17141027896640956936170154056	1	1152	531	531	3	621	1257948	1	1	0x486e40	0x486e40,0x4c6c8c,0x4e6e40	1	0	NOT_RUN	0			0	0	0	0	0	NOT_RUN	0			0	0	0	0	0
425	CERTIFIED	1	0xc27854	0xc27854	58650579803702877005332681476	17141027896640956936170154056	1	600	536	536	7	64	956883	1	CERTIFIED	1	0xc27854	0xc27854	58650579803702877005332681476	17141027896640956936170154056	1	1152	536	536	7	616	947218	1	1	0x425856	0x425856,0x8270ad,0xa93856,0xc258d6,0xc27854,0xc67096,0xe13056	1	0	NOT_RUN	0			0	0	0	0	0	NOT_RUN	0			0	0	0	0	0
426	CERTIFIED	1	0x7dc845	0x7dc845	287157836893482683519360815680	17141027896640956936170154056	1	600	530	530	8	70	932578	1	CERTIFIED	1	0x7dc845	0x7dc845	287157836893482683519360815680	17141027896640956936170154056	1	1152	530	530	8	622	1189321	1	0	0x7dc845	0x7dc845	0	0	NOT_RUN	0			0	0	0	0	0	NOT_RUN	0			0	0	0	0	0
427	CERTIFIED	1	0x241e28	0x241e28	1360650325070268900931308151992	325679530036178181787232927064	0	25	25	25	1	0	888616	0	CERTIFIED	1	0x241e28	0x241e28	1360650325070268900931308151992	325679530036178181787232927064	0	48	25	25	1	23	898497	0	0	0x241e28	0x241e28	0	0	NOT_RUN	0			0	0	0	0	0	NOT_RUN	0			0	0	0	0	0
428	CERTIFIED	1	0x6cafdb	0x6cafdb	83752554964896089169376466688	17141027896640956936170154056	1	600	531	531	8	69	917610	1	CERTIFIED	1	0x6cafdb	0x6cafdb	83752554964896089169376466688	17141027896640956936170154056	1	1152	531	531	8	621	885228	1	1	0x6957df	0x6957df,0x6c2edf,0x6c93df,0x6ca3df,0x6ca7be,0x6cafdb,0x6daf5f,0x6f57df	1	0	NOT_RUN	0			0	0	0	0	0	NOT_RUN	0			0	0	0	0	0
429	CERTIFIED	1	0x46f1b0	0x46f1b0	1059254219932209854195215041258	325679530036178181787232927064	0	25	25	25	1	0	846801	0	CERTIFIED	1	0x46f1b0	0x46f1b0	1059254219932209854195215041258	325679530036178181787232927064	0	48	25	25	1	23	890627	0	0	0x46f1b0	0x46f1b0	0	0	NOT_RUN	0			0	0	0	0	0	NOT_RUN	0			0	0	0	0	0
430	CERTIFIED	1	0x1b0f6e	0x1b0f6e	42215963723124287293813590582	17141027896640956936170154056	1	600	527	527	5	73	967872	1	CERTIFIED	1	0x1b0f6e	0x1b0f6e	42215963723124287293813590582	17141027896640956936170154056	1	1152	527	527	5	625	896890	1	1	0xf0db6	0xf0db6,0xf0f36,0x1786b6,0x1b0f6e,0x1f1796	1	0	NOT_RUN	0			0	0	0	0	0	NOT_RUN	0			0	0	0	0	0
431	CERTIFIED	1	0xd2fe0	0xd2fe0	99316776959492233124808993138	17141027896640956936170154056	1	600	521	521	12	79	946153	0	CERTIFIED	1	0xd2fe0	0xd2fe0	99316776959492233124808993138	17141027896640956936170154056	1	1152	521	521	12	631	896820	0	1	0x52dc0	0x52dc0,0xc17c0,0xc97d0,0xd0fa0,0xd2740,0xd2ec2,0xd2f86,0xd2fe0,0xe93c0,0xf37c0,0x1d2f90,0x5697c0	1	0	NOT_RUN	0			0	0	0	0	0	NOT_RUN	0			0	0	0	0	0
432	CERTIFIED	1	0xcf4d78	0xcf4d78	557889155038210053182115502356	325679530036178181787232927064	0	25	25	25	1	0	853220	0	CERTIFIED	1	0xcf4d78	0xcf4d78	557889155038210053182115502356	325679530036178181787232927064	0	48	25	25	1	23	1069701	0	0	0xcf4d78	0xcf4d78	0	0	NOT_RUN	0			0	0	0	0	0	NOT_RUN	0			0	0	0	0	0
433	CERTIFIED	1	0xa74354	0xa74354	56583021672579834010094971182	17141027896640956936170154056	1	600	543	543	11	57	899379	1	CERTIFIED	1	0xa74354	0xa74354	56583021672579834010094971182	17141027896640956936170154056	1	1152	543	543	11	609	1053112	1	1	0xa74354	0xa74354,0xa74654,0xab5354,0xaba154,0xad46d4,0xaf2355,0xaf3354,0xaf4514,0xaf46ad,0xaf56ac,0xef4b54	0	0	NOT_RUN	0			0	0	0	0	0	NOT_RUN	0			0	0	0	0	0
434	CERTIFIED	1	0x5bb852	0x5bb852,0x5bb892,0x5bba12	32294062494686064068159768520	17141027896640956936170154056	1	600	519	519	9	81	1352109	1	CERTIFIED	1	0x5bb852	0x5bb852,0x5bb892,0x5bba12	32294062494686064068159768520	17141027896640956936170154056	1	1152	519	519	9	633	947401	1	1	0x535c02	0x535c02,0x5b980a,0x5bac12,0x5bb102,0x5bb852,0x5bb892,0x5bba12,0x6dcc02,0xaddc06	1	0	NOT_RUN	0			0	0	0	0	0	NOT_RUN	0			0	0	0	0	0
435	CERTIFIED	1	0x233cfb	0x233cfb	70222252272672007336626898404	17141027896640956936170154056	1	600	539	539	4	61	890247	1	CERTIFIED	1	0x233cfb	0x233cfb	70222252272672007336626898404	17141027896640956936170154056	1	1152	539	539	4	613	930077	1	1	0x11867b	0x11867b,0x212c7b,0x233cfb,0x2b367b	1	0	NOT_RUN	0			0	0	0	0	0	NOT_RUN	0			0	0	0	0	0
436	CERTIFIED	1	0x2a2610	0x2a2610	1047824587841381823094791686250	325679530036178181787232927064	0	25	25	25	1	0	847887	0	CERTIFIED	1	0x2a2610	0x2a2610	1047824587841381823094791686250	325679530036178181787232927064	0	48	25	25	1	23	893706	0	0	0x2a2610	0x2a2610	0	0	NOT_RUN	0			0	0	0	0	0	NOT_RUN	0			0	0	0	0	0
437	CERTIFIED	1	0x75d838	0x75d838	112174525998805077228812650800	17141027896640956936170154056	1	600	534	534	7	66	937778	1	CERTIFIED	1	0x75d838	0x75d838	112174525998805077228812650800	17141027896640956936170154056	1	1152	534	534	7	618	1188609	1	1	0x72ec2c	0x72ec2c,0x73ec3c,0x75d838,0x75d93e,0x75dc3e,0x75f85c,0x7dd86c	1	0	NOT_RUN	0			0	0	0	0	0	NOT_RUN	0			0	0	0	0	0
438	CERTIFIED	1	0x3f09fd	0x3f09fd	59443706581706937794862791814	17141027896640956936170154056	1	600	524	524	11	76	1653912	1	CERTIFIED	1	0x3f09fd	0x3f09fd	59443706581706937794862791814	17141027896640956936170154056	1	1152	524	524	11	628	959519	1	1	0x2749fd	0x2749fd,0x3733f9,0x3739fd,0x3753dd,0x3f09fd,0x5b99fd,0x7711fd,0x77137d,0x7713bd,0x9b89f9,0xb713fb	1	0	NOT_RUN	0			0	0	0	0	0	NOT_RUN	0			0	0	0	0	0
439	CERTIFIED	1	0xe6e93e	0xe6e93e	599261653751933178602931483906	325679530036178181787232927064	0	25	25	25	1	0	848421	0	CERTIFIED	1	0xe6e93e	0xe6e93e	599261653751933178602931483906	325679530036178181787232927064	0	48	25	25	1	23	1022161	0	0	0xe6e93e	0xe6e93e	0	0	NOT_RUN	0			0	0	0	0	0	NOT_RUN	0			0	0	0	0	0
440	CERTIFIED	1	0x4704ff	0x4704ff	2090685397171637248824967140498	325679530036178181787232927064	0	25	25	25	2	0	1575756	1	CERTIFIED	1	0x4704ff	0x4704ff	2090685397171637248824967140498	325679530036178181787232927064	0	48	25	25	2	23	1119194	1	0	0x4704ef	0x4704ef,0x4704ff	1	0	NOT_RUN	0			0	0	0	0	0	NOT_RUN	0			0	0	0	0	0
441	CERTIFIED	1	0x69b45	0x69b45	314333507368852438017177344004	17141027896640956936170154056	1	600	534	534	12	66	926092	0	CERTIFIED	1	0x69b45	0x69b45	314333507368852438017177344004	17141027896640956936170154056	1	1152	534	534	12	618	1054608	0	0	0x69b45	0x69b45	0	0	NOT_RUN	0			0	0	0	0	0	NOT_RUN	0			0	0	0	0	0
442	CERTIFIED	1	0xf0a52d	0xf0a52d	57890757641141557514067851040	17141027896640956936170154056	1	600	537	537	7	63	1214748	0	CERTIFIED	1	0xf0a52d	0xf0a52d	57890757641141557514067851040	17141027896640956936170154056	1	1152	537	537	7	615	933853	0	1	0xd1485b	0xd1485b,0xd8a02d,0xd8a42f,0xf0a52d,0xf14857,0xf14c55,0xf9484d	1	0	NOT_RUN	0			0	0	0	0	0	NOT_RUN	0			0	0	0	0	0
443	CERTIFIED	1	0x745534	0x745534	287905997094164646247286017098	17141027896640956936170154056	1	600	544	544	10	56	922355	0	CERTIFIED	1	0x745534	0x745534	287905997094164646247286017098	17141027896640956936170154056	1	1152	544	544	10	608	954712	0	0	0x745534	0x745534	0	0	NOT_RUN	0			0	0	0	0	0	NOT_RUN	0			0	0	0	0	0
444	CERTIFIED	1	0x3a2950	0x3a2950	42896319974354367958971502374	17141027896640956936170154056	1	600	537	537	3	63	1348643	1	CERTIFIED	1	0x3a2950	0x3a2950	42896319974354367958971502374	17141027896640956936170154056	1	1152	537	537	3	615	945736	1	1	0x362151	0x362151,0x3a2950,0x752150	1	0	NOT_RUN	0			0	0	0	0	0	NOT_RUN	0			0	0	0	0	0
445	CERTIFIED	1	0x7dccc6	0x7dccc6	585923043696478945221475500324	325679530036178181787232927064	0	25	25	25	2	0	846080	1	CERTIFIED	1	0x7dccc6	0x7dccc6	585923043696478945221475500324	325679530036178181787232927064	0	48	25	25	2	23	953288	1	0	0x7dccc6	0x7dccc6,0x7dd98c	0	0	NOT_RUN	0			0	0	0	0	0	NOT_RUN	0			0	0	0	0	0
446	CERTIFIED	1	0xbda5b5	0xbda5b5,0xbea5b5	340757176433408943802379870946	325679530036178181787232927064	0	25	25	25	2	0	1131046	0	CERTIFIED	1	0xbda5b5	0xbda5b5,0xbea5b5	340757176433408943802379870946	325679530036178181787232927064	0	48	25	25	2	23	992959	0	0	0xbda5b5	0xbda5b5,0xbea5b5	0	0	NOT_RUN	0			0	0	0	0	0	NOT_RUN	0			0	0	0	0	0
447	CERTIFIED	1	0x840e79	0x840e79	1062860884110039609326499537156	325679530036178181787232927064	0	25	25	25	1	0	722824	0	CERTIFIED	1	0x840e79	0x840e79	1062860884110039609326499537156	325679530036178181787232927064	0	48	25	25	1	23	780195	0	0	0x840e79	0x840e79	0	0	NOT_RUN	0			0	0	0	0	0	NOT_RUN	0			0	0	0	0	0
448	CERTIFIED	1	0x62e987	0x62e987	829274503741193795219543326920	325679530036178181787232927064	0	25	25	25	2	0	696586	0	CERTIFIED	1	0x62e987	0x62e987	829274503741193795219543326920	325679530036178181787232927064	0	48	25	25	2	23	961742	0	0	0x62e987	0x62e987,0xb174c3	0	0	COMPLETE	1	0x62e987	0x62e987	829274503741193795219543326920	65536	0	14335706	0	COMPLETE	1	0x62e987	0x62e987	829274503741193795219543326920	0	199	128896	0
449	CERTIFIED	1	0x48e0b6	0x48e0b6	46505056360839894694394354436	17141027896640956936170154056	1	600	538	538	4	62	712770	1	CERTIFIED	1	0x48e0b6	0x48e0b6	46505056360839894694394354436	17141027896640956936170154056	1	1152	538	538	4	614	864857	1	1	0x48e0b6	0x48e0b6,0x4ec8b6,0x5668b6,0xccc2b6	0	0	COMPLETE	1	0x48e0b6	0x48e0b6	46505056360839894694394354436	65536	0	16054015	1	COMPLETE	1	0x48e0b6	0x48e0b6	46505056360839894694394354436	0	577	307767	1
450	CERTIFIED	1	0xb666bc	0xb666bc	30228488838049293265744794084	17141027896640956936170154056	1	600	542	542	1	58	1091636	1	CERTIFIED	1	0xb666bc	0xb666bc	30228488838049293265744794084	17141027896640956936170154056	1	1152	542	542	1	610	806007	1	1	0xb666bc	0xb666bc	0	0	COMPLETE	1	0xb666bc	0xb666bc	30228488838049293265744794084	65536	0	15149320	1	COMPLETE	1	0xb666bc	0xb666bc	30228488838049293265744794084	0	931	502282	1
451	CERTIFIED	1	0x53ac50	0x53ac50	42932244198648094943885907324	17141027896640956936170154056	1	600	547	547	1	53	783020	0	CERTIFIED	1	0x53ac50	0x53ac50	42932244198648094943885907324	17141027896640956936170154056	1	1152	547	547	1	605	1254248	0	1	0x53ac50	0x53ac50	0	0	COMPLETE	1	0x53ac50	0x53ac50	42932244198648094943885907324	65536	0	16886202	0	COMPLETE	1	0x53ac50	0x53ac50	42932244198648094943885907324	0	2079	1099466	0
452	CERTIFIED	1	0x8963ae	0x8963ae	28725004154507495147308336560	17141027896640956936170154056	1	600	542	542	1	58	864837	1	CERTIFIED	1	0x8963ae	0x8963ae	28725004154507495147308336560	17141027896640956936170154056	1	1152	542	542	1	610	724915	1	1	0x8963ae	0x8963ae	0	0	COMPLETE	1	0x8963ae	0x8963ae	28725004154507495147308336560	65536	0	16186978	1	COMPLETE	1	0x8963ae	0x8963ae	28725004154507495147308336560	0	1665	1269827	1
453	CERTIFIED	1	0x72287d	0x72287d	42297078033319865388354574080	17141027896640956936170154056	1	600	530	530	1	70	709636	1	CERTIFIED	1	0x72287d	0x72287d	42297078033319865388354574080	17141027896640956936170154056	1	1152	530	530	1	622	1066551	1	1	0x72287d	0x72287d	0	0	COMPLETE	1	0x72287d	0x72287d	42297078033319865388354574080	65536	0	15081339	1	COMPLETE	1	0x72287d	0x72287d	42297078033319865388354574080	0	647	339664	1
454	CERTIFIED	1	0x3ebbf8	0x3ebbf8	1861269646276211194228086505392	325679530036178181787232927064	0	25	25	25	1	0	934529	0	CERTIFIED	1	0x3ebbf8	0x3ebbf8	1861269646276211194228086505392	325679530036178181787232927064	0	48	25	25	1	23	716649	0	0	0x3ebbf8	0x3ebbf8	0	0	COMPLETE	1	0x3ebbf8	0x3ebbf8	1861269646276211194228086505392	65536	0	15391295	0	COMPLETE	1	0x3ebbf8	0x3ebbf8	1861269646276211194228086505392	0	129	74382	0
455	CERTIFIED	1	0xef2312	0xef2312	43044811085784562288749315960	17141027896640956936170154056	1	600	538	538	4	62	743603	0	CERTIFIED	1	0xef2312	0xef2312	43044811085784562288749315960	17141027896640956936170154056	1	1152	538	538	4	614	837503	0	1	0x6f2296	0x6f2296,0xb79996,0xef2312,0xef2b2a	1	0	COMPLETE	1	0xef2312	0xef2312	43044811085784562288749315960	65536	0	15242857	0	COMPLETE	1	0xef2312	0xef2312	43044811085784562288749315960	0	1231	648859	0
456	CERTIFIED	1	0x2cdec2	0x2cdec2	558632625489082927432802340240	325679530036178181787232927064	0	25	25	25	1	0	830721	0	CERTIFIED	1	0x2cdec2	0x2cdec2	558632625489082927432802340240	325679530036178181787232927064	0	48	25	25	1	23	703740	0	0	0x2cdec2	0x2cdec2	0	0	NOT_RUN	0			0	0	0	0	0	NOT_RUN	0			0	0	0	0	0
457	CERTIFIED	1	0x8fdc42	0x8fdc42	1061430700434084656208848151960	325679530036178181787232927064	0	25	25	25	1	0	653410	0	CERTIFIED	1	0x8fdc42	0x8fdc42	1061430700434084656208848151960	325679530036178181787232927064	0	48	25	25	1	23	742833	0	0	0x8fdc42	0x8fdc42	0	0	NOT_RUN	0			0	0	0	0	0	NOT_RUN	0			0	0	0	0	0
458	CERTIFIED	1	0xb448c3	0xb448c3	59321055829094534189384534436	17141027896640956936170154056	1	600	536	536	4	64	782796	1	CERTIFIED	1	0xb448c3	0xb448c3	59321055829094534189384534436	17141027896640956936170154056	1	1152	536	536	4	616	707479	1	1	0x3a2441	0x3a2441,0xb448c3,0xb4a449,0xda2461	1	0	NOT_RUN	0			0	0	0	0	0	NOT_RUN	0			0	0	0	0	0
459	CERTIFIED	1	0xdb0a72	0xdb0a72	14365519161742116957344995680	902159362981102996640534424	2	6925	5611	5611	19	1314	965857	0	CERTIFIED	1	0xdb0a72	0xdb0a72	14365519161742116957344995680	902159362981102996640534424	2	13296	5611	5611	19	7685	997523	0	1	0xdb0a72	0xdb0a72	0	0	NOT_RUN	0			0	0	0	0	0	NOT_RUN	0			0	0	0	0	0
460	CERTIFIED	1	0xc8985a	0xc8985a	803644066428139851000511883316	325679530036178181787232927064	0	25	25	25	1	0	681087	0	CERTIFIED	1	0xc8985a	0xc8985a	803644066428139851000511883316	325679530036178181787232927064	0	48	25	25	1	23	815349	0	0	0xc8985a	0xc8985a	0	0	NOT_RUN	0			0	0	0	0	0	NOT_RUN	0			0	0	0	0	0
461	CERTIFIED	1	0x45a60d	0x45a60d	42217607251199137770369137724	17141027896640956936170154056	1	600	535	535	1	65	818304	0	CERTIFIED	1	0x45a60d	0x45a60d	42217607251199137770369137724	17141027896640956936170154056	1	1152	535	535	1	617	701722	0	1	0x45a60d	0x45a60d	0	0	NOT_RUN	0			0	0	0	0	0	NOT_RUN	0			0	0	0	0	0
462	CERTIFIED	1	0x98ada0	0x98ada0	1303509702046616678166954359316	325679530036178181787232927064	0	25	25	25	2	0	669496	0	CERTIFIED	1	0x98ada0	0x98ada0	1303509702046616678166954359316	325679530036178181787232927064	0	48	25	25	2	23	690386	0	0	0x4c56d0	0x4c56d0,0x98ada0	1	0	NOT_RUN	0			0	0	0	0	0	NOT_RUN	0			0	0	0	0	0
463	CERTIFIED	1	0xeccef3	0xeccef3	31468962866577506171855034792	17141027896640956936170154056	1	600	542	542	3	58	738075	1	CERTIFIED	1	0xeccef3	0xeccef3	31468962866577506171855034792	17141027896640956936170154056	1	1152	542	542	3	610	764119	1	1	0xb6475b	0xb6475b,0xeccef3,0xfccb5b	1	0	NOT_RUN	0			0	0	0	0	0	NOT_RUN	0			0	0	0	0	0
464	CERTIFIED	1	0x7342b5	0x7342b5	70752353638726233159063669240	17141027896640956936170154056	1	600	543	543	2	57	708422	0	CERTIFIED	1	0x7342b5	0x7342b5	70752353638726233159063669240	17141027896640956936170154056	1	1152	543	543	2	609	688286	0	1	0x628eb5	0x628eb5,0x7342b5	1	0	NOT_RUN	0			0	0	0	0	0	NOT_RUN	0			0	0	0	0	0
465	CERTIFIED	1	0x831198	0x831198	70936456834499095832991207648	17141027896640956936170154056	1	600	520	520	1	80	704465	1	CERTIFIED	1	0x831198	0x831198	70936456834499095832991207648	17141027896640956936170154056	1	1152	520	520	1	632	685181	1	1	0x831198	0x831198	0	0	NOT_RUN	0			0	0	0	0	0	NOT_RUN	0			0	0	0	0	0
466	CERTIFIED	1	0x447bf	0x447bf	82290508090393003408666032360	17141027896640956936170154056	1	600	529	529	5	71	695685	0	CERTIFIED	1	0x447bf	0x447bf	82290508090393003408666032360	17141027896640956936170154056	1	1152	529	529	5	623	695687	0	1	0x447bf	0x447bf,0x44a3cf,0x45239f,0x6223ff,0x8223df	0	0	NOT_RUN	0			0	0	0	0	0	NOT_RUN	0			0	0	0	0	0
467	CERTIFIED	1	0x1644b0	0x1644b0	29549890034029591744943302728	17141027896640956936170154056	1	600	540	540	1	60	693635	0	CERTIFIED	1	0x1644b0	0x1644b0	29549890034029591744943302728	17141027896640956936170154056	1	1152	540	540	1	612	777730	0	1	0x1644b0	0x1644b0	0	0	NOT_RUN	0			0	0	0	0	0	NOT_RUN	0			0	0	0	0	0
468	CERTIFIED	1	0xa8e191	0xa8e191	29553950983155116179601889924	17141027896640956936170154056	1	600	541	541	2	59	728012	0	CERTIFIED	1	0xa8e191	0xa8e191	29553950983155116179601889924	17141027896640956936170154056	1	1152	541	541	2	611	690045	0	1	0x9570d3	0x9570d3,0xa8e191	1	0	NOT_RUN	0			0	0	0	0	0	NOT_RUN	0			0	0	0	0	0
469	CERTIFIED	1	0x8859d1	0x8859d1	585026830841679952302827877396	325679530036178181787232927064	0	25	25	25	1	0	663103	0	CERTIFIED	1	0x8859d1	0x8859d1	585026830841679952302827877396	325679530036178181787232927064	0	48	25	25	1	23	679863	0	0	0x8859d1	0x8859d1	0	0	NOT_RUN	0			0	0	0	0	0	NOT_RUN	0			0	0	0	0	0
470	CERTIFIED	1	0xf45340	0xf45340	1045717560250963247744343777084	325679530036178181787232927064	0	25	25	25	2	0	1357245	1	CERTIFIED	1	0xf45340	0xf45340	1045717560250963247744343777084	325679530036178181787232927064	0	48	25	25	2	23	730130	1	0	0xe8a681	0xe8a681,0xf45340	1	0	NOT_RUN	0			0	0	0	0	0	NOT_RUN	0			0	0	0	0	0
471	CERTIFIED	1	0x524f2e	0x524f2e	42180334848542025641275018440	17141027896640956936170154056	1	600	542	542	3	58	697085	1	CERTIFIED	1	0x524f2e	0x524f2e	42180334848542025641275018440	17141027896640956936170154056	1	1152	542	542	3	610	707957	1	1	0x524f2e	0x524f2e,0xd24fad,0xe927d6	0	0	NOT_RUN	0			0	0	0	0	0	NOT_RUN	0			0	0	0	0	0
472	CERTIFIED	1	0x237254	0x237254	43016888485265007314569758396	17141027896640956936170154056	1	600	534	534	4	66	685329	0	CERTIFIED	1	0x237254	0x237254	43016888485265007314569758396	17141027896640956936170154056	1	1152	534	534	4	618	859586	0	1	0x36550	0x36550,0x9b214,0x237254,0x8364d4	1	0	NOT_RUN	0			0	0	0	0	0	NOT_RUN	0			0	0	0	0	0
473	CERTIFIED	1	0xb3ca45	0xb3ca45	1087820413343667685793964679440	325679530036178181787232927064	0	25	25	25	1	0	664831	0	CERTIFIED	1	0xb3ca45	0xb3ca45	1087820413343667685793964679440	325679530036178181787232927064	0	48	25	25	1	23	718398	0	0	0xb3ca45	0xb3ca45	0	0	NOT_RUN	0			0	0	0	0	0	NOT_RUN	0			0	0	0	0	0
474	CERTIFIED	1	0x7bcbd9	0x7bcbd9	341471698886393635585748313768	325679530036178181787232927064	0	25	25	25	1	0	817553	0	CERTIFIED	1	0x7bcbd9	0x7bcbd9	341471698886393635585748313768	325679530036178181787232927064	0	48	25	25	1	23	711269	0	0	0x7bcbd9	0x7bcbd9	0	0	NOT_RUN	0			0	0	0	0	0	NOT_RUN	0			0	0	0	0	0
475	CERTIFIED	1	0xcc5c65	0xcc5c65	830105647945165842812770265160	325679530036178181787232927064	0	25	25	25	1	0	684610	0	CERTIFIED	1	0xcc5c65	0xcc5c65	830105647945165842812770265160	325679530036178181787232927064	0	48	25	25	1	23	665501	0	0	0xcc5c65	0xcc5c65	0	0	NOT_RUN	0			0	0	0	0	0	NOT_RUN	0			0	0	0	0	0
476	CERTIFIED	1	0xc1f55d	0xc1f55d	1372750329058339517599276739436	325679530036178181787232927064	0	25	25	25	1	0	682354	0	CERTIFIED	1	0xc1f55d	0xc1f55d	1372750329058339517599276739436	325679530036178181787232927064	0	48	25	25	1	23	723409	0	0	0xc1f55d	0xc1f55d	0	0	NOT_RUN	0			0	0	0	0	0	NOT_RUN	0			0	0	0	0	0
477	CERTIFIED	1	0x1ec5e4	0x1ec5e4	573668712926201789985683909760	325679530036178181787232927064	0	25	25	25	1	0	666103	0	CERTIFIED	1	0x1ec5e4	0x1ec5e4	573668712926201789985683909760	325679530036178181787232927064	0	48	25	25	1	23	676358	0	0	0x1ec5e4	0x1ec5e4	0	0	NOT_RUN	0			0	0	0	0	0	NOT_RUN	0			0	0	0	0	0
478	CERTIFIED	1	0x3dc6e0	0x3dc6e0	44370746508945938241974206920	17141027896640956936170154056	1	600	526	526	3	74	789394	0	CERTIFIED	1	0x3dc6e0	0x3dc6e0	44370746508945938241974206920	17141027896640956936170154056	1	1152	526	526	3	626	1899449	0	1	0x3da7c0	0x3da7c0,0x3dc6e0,0x3dcac4	1	0	NOT_RUN	0			0	0	0	0	0	NOT_RUN	0			0	0	0	0	0
479	CERTIFIED	1	0x703080	0x703080	45792643839971920738720452348	17141027896640956936170154056	1	600	524	524	3	76	745761	1	CERTIFIED	1	0x703080	0x703080	45792643839971920738720452348	17141027896640956936170154056	1	1152	524	524	3	628	993268	1	1	0x606498	0x606498,0x703080,0x706130	1	0	NOT_RUN	0			0	0	0	0	0	NOT_RUN	0			0	0	0	0	0
480	CERTIFIED	1	0x4df46e	0x4df46e	342263071060097837505840622284	325679530036178181787232927064	0	25	25	25	1	0	1932259	0	CERTIFIED	1	0x4df46e	0x4df46e	342263071060097837505840622284	325679530036178181787232927064	0	48	25	25	1	23	734656	0	0	0x4df46e	0x4df46e	0	0	NOT_RUN	0			0	0	0	0	0	NOT_RUN	0			0	0	0	0	0
481	CERTIFIED	1	0xc9dc58	0xc9dc58	315724440512533923010007265840	17141027896640956936170154056	1	600	534	534	3	66	703436	0	CERTIFIED	1	0xc9dc58	0xc9dc58	315724440512533923010007265840	17141027896640956936170154056	1	1152	534	534	3	618	767604	0	0	0xc9dc58	0xc9dc58	0	0	NOT_RUN	0			0	0	0	0	0	NOT_RUN	0			0	0	0	0	0
482	CERTIFIED	1	0xe725da	0xe725da	84318377794471824443862870804	17141027896640956936170154056	1	600	543	543	4	57	694016	0	CERTIFIED	1	0xe725da	0xe725da	84318377794471824443862870804	17141027896640956936170154056	1	1152	543	543	4	609	782951	0	1	0xc44bda	0xc44bda,0xc74bb6,0xce4bb5,0xe725da	1	0	NOT_RUN	0			0	0	0	0	0	NOT_RUN	0			0	0	0	0	0
483	CERTIFIED	1	0xf90eba	0xf90eba	69324142918816887035395566444	17141027896640956936170154056	1	600	528	528	4	72	1279605	0	CERTIFIED	1	0xf90eba	0xf90eba	69324142918816887035395566444	17141027896640956936170154056	1	1152	528	528	4	624	748503	0	1	0xb21ebe	0xb21ebe,0xe50ebe,0xf21d75,0xf90eba	1	0	NOT_RUN	0			0	0	0	0	0	NOT_RUN	0			0	0	0	0	0
484	CERTIFIED	1	0x5dd633	0x5dd633	28649709074772831218466519204	17141027896640956936170154056	1	600	545	545	2	55	1010125	1	CERTIFIED	1	0x5dd633	0x5dd633	28649709074772831218466519204	17141027896640956936170154056	1	1152	545	545	2	607	905180	1	1	0x55c699	0x55c699,0x5dd633	1	0	NOT_RUN	0			0	0	0	0	0	NOT_RUN	0			0	0	0	0	0
485	CERTIFIED	1	0x8b197a	0x8b197a	55789681158817685192802562440	17141027896640956936170154056	1	600	545	545	2	55	928473	1	CERTIFIED	1	0x8b197a	0x8b197a	55789681158817685192802562440	17141027896640956936170154056	1	1152	545	545	2	607	1672814	1	1	0x8b197a	0x8b197a,0xaf1976	0	0	NOT_RUN	0			0	0	0	0	0	NOT_RUN	0			0	0	0	0	0
486	CERTIFIED	1	0x1e6096	0x1e6096,0x5e6054	18688798753016540769523046436	17141027896640956936170154056	1	600	521	521	2	79	712795	1	CERTIFIED	1	0x1e6096	0x1e6096,0x5e6054	18688798753016540769523046436	17141027896640956936170154056	1	1152	521	521	2	631	711417	1	1	0x1e6096	0x1e6096,0x5e6054	0	0	NOT_RUN	0			0	0	0	0	0	NOT_RUN	0			0	0	0	0	0
487	CERTIFIED	1	0x508ed2	0x508ed2	55866833757275066789213414004	17141027896640956936170154056	1	600	546	546	3	54	709474	1	CERTIFIED	1	0x508ed2	0x508ed2	55866833757275066789213414004	17141027896640956936170154056	1	1152	546	546	3	606	685327	1	1	0x508ed2	0x508ed2,0x5112d6,0x7115a2	0	0	NOT_RUN	0			0	0	0	0	0	NOT_RUN	0			0	0	0	0	0
488	CERTIFIED	1	0xf0486c	0xf0486c	72364771410094130765476019964	17141027896640956936170154056	1	600	518	518	4	82	767826	1	CERTIFIED	1	0xf0486c	0xf0486c	72364771410094130765476019964	17141027896640956936170154056	1	1152	518	518	4	634	718729	1	1	0x58406c	0x58406c,0xb080d8,0xb8404c,0xf0486c	1	0	NOT_RUN	0			0	0	0	0	0	NOT_RUN	0			0	0	0	0	0
489	CERTIFIED	1	0xb4f5c	0xb4f5c	585054753124278952302344068920	325679530036178181787232927064	0	25	25	25	1	0	653230	1	CERTIFIED	1	0xb4f5c	0xb4f5c	585054753124278952302344068920	325679530036178181787232927064	0	48	25	25	1	23	685607	1	0	0xb4f5c	0xb4f5c	0	0	NOT_RUN	0			0	0	0	0	0	NOT_RUN	0			0	0	0	0	0
490	CERTIFIED	1	0xc5817b	0xc5817b	1060830708288139457260523482200	325679530036178181787232927064	0	25	25	25	2	0	679804	1	CERTIFIED	1	0xc5817b	0xc5817b	1060830708288139457260523482200	325679530036178181787232927064	0	48	25	25	2	23	762932	1	0	0xc5817b	0xc5817b,0xc5c0bb	0	0	NOT_RUN	0			0	0	0	0	0	NOT_RUN	0			0	0	0	0	0
491	CERTIFIED	1	0xb5fe11	0xb5fe11	112216379378454178420078220244	17141027896640956936170154056	1	600	518	518	1	82	729443	0	CERTIFIED	1	0xb5fe11	0xb5fe11	112216379378454178420078220244	17141027896640956936170154056	1	1152	518	518	1	634	745940	0	1	0xb5fe11	0xb5fe11	0	0	NOT_RUN	0			0	0	0	0	0	NOT_RUN	0			0	0	0	0	0
492	CERTIFIED	1	0xb200e4	0xb200e4	152995258419260526170179262808	17141027896640956936170154056	1	600	517	517	2	83	732488	1	CERTIFIED	1	0xb200e4	0xb200e4	152995258419260526170179262808	17141027896640956936170154056	1	1152	517	517	2	635	686742	1	1	0x9940f4	0x9940f4,0xb200e4	1	0	NOT_RUN	0			0	0	0	0	0	NOT_RUN	0			0	0	0	0	0
493	CERTIFIED	1	0x99d516	0x99d516	3763064098867138207367522640	902159362981102996640534424	2	6925	5654	5654	25	1271	952094	1	CERTIFIED	1	0x99d516	0x99d516	3763064098867138207367522640	902159362981102996640534424	2	13296	5654	5654	25	7642	1005245	1	2	0x50aa2e	0x50aa2e,0x59aa2d,0x71aa96,0x918a56,0x91aab6,0x93ad16,0x99d516,0xc29516,0xd0aaad,0xd18a94,0xd1aa74,0xd1bc16,0xd1d112,0xd1d50e,0xd1dd36,0xd2c512,0xd5ab1e,0xd8d016,0xd9a296,0xd9aaae,0xe85556,0xe89716,0xe9d506,0xf1a22d,0xf1ab12	1	0	NOT_RUN	0			0	0	0	0	0	NOT_RUN	0			0	0	0	0	0
494	CERTIFIED	1	0x9eb813	0x9eb813	1073501028111298181473859940240	325679530036178181787232927064	0	25	25	25	1	0	695593	0	CERTIFIED	1	0x9eb813	0x9eb813	1073501028111298181473859940240	325679530036178181787232927064	0	48	25	25	1	23	653691	0	0	0x9eb813	0x9eb813	0	0	NOT_RUN	0			0	0	0	0	0	NOT_RUN	0			0	0	0	0	0
495	CERTIFIED	1	0xa71ba2	0xa71ba2	42263433939198931173517978680	17141027896640956936170154056	1	600	542	542	5	58	722900	1	CERTIFIED	1	0xa71ba2	0xa71ba2	42263433939198931173517978680	17141027896640956936170154056	1	1152	542	542	5	610	1851837	1	1	0xa71ba2	0xa71ba2,0xa72d20,0xa73a45,0xa75a62,0xb18d22	0	0	NOT_RUN	0			0	0	0	0	0	NOT_RUN	0			0	0	0	0	0
496	CERTIFIED	1	0xef7894	0xef7894	789961524344298144670451642556	325679530036178181787232927064	0	25	25	25	2	0	723989	0	CERTIFIED	1	0xef7894	0xef7894	789961524344298144670451642556	325679530036178181787232927064	0	48	25	25	2	23	687291	0	0	0xdef129	0xdef129,0xef7894	1	0	NOT_RUN	0			0	0	0	0	0	NOT_RUN	0			0	0	0	0	0
497	CERTIFIED	1	0x609862	0x609862	32268342446257466157138881952	17141027896640956936170154056	1	600	535	535	1	65	695555	1	CERTIFIED	1	0x609862	0x609862	32268342446257466157138881952	17141027896640956936170154056	1	1152	535	535	1	617	728593	1	1	0x609862	0x609862	0	0	NOT_RUN	0			0	0	0	0	0	NOT_RUN	0			0	0	0	0	0
498	CERTIFIED	1	0xb3a54f	0xb3a54f	300082851923835129138435792444	17141027896640956936170154056	1	600	539	539	3	61	733233	0	CERTIFIED	1	0xb3a54f	0xb3a54f	300082851923835129138435792444	17141027896640956936170154056	1	1152	539	539	3	613	859700	0	0	0xb3a54f	0xb3a54f	0	0	NOT_RUN	0			0	0	0	0	0	NOT_RUN	0			0	0	0	0	0
499	CERTIFIED	1	0x64ff3d	0x64ff3d	36618673533967042132337260152	17141027896640956936170154056	1	600	509	509	1	91	687176	1	CERTIFIED	1	0x64ff3d	0x64ff3d	36618673533967042132337260152	17141027896640956936170154056	1	1152	509	509	1	643	688192	1	1	0x64ff3d	0x64ff3d	0	0	NOT_RUN	0			0	0	0	0	0	NOT_RUN	0			0	0	0	0	0
500	CERTIFIED	1	0x326b71	0x326b71	828560283586753679965632258960	325679530036178181787232927064	0	25	25	25	1	0	955204	1	CERTIFIED	1	0x326b71	0x326b71	828560283586753679965632258960	325679530036178181787232927064	0	48	25	25	1	23	672783	1	0	0x326b71	0x326b71	0	0	NOT_RUN	0			0	0	0	0	0	NOT_RUN	0			0	0	0	0	0
501	CERTIFIED	1	0x76d6e4	0x76d6e4	300122946448424279292155885484	17141027896640956936170154056	1	600	541	541	3	59	710952	1	CERTIFIED	1	0x76d6e4	0x76d6e4	300122946448424279292155885484	17141027896640956936170154056	1	1152	541	541	3	611	696573	1	0	0x76d6e4	0x76d6e4	0	0	NOT_RUN	0			0	0	0	0	0	NOT_RUN	0			0	0	0	0	0
502	CERTIFIED	1	0x78d5ef	0x78d5ef	30188816305600688795977519848	17141027896640956936170154056	1	600	535	535	4	65	681400	1	CERTIFIED	1	0x78d5ef	0x78d5ef	30188816305600688795977519848	17141027896640956936170154056	1	1152	535	535	4	617	739723	1	1	0x78b4cf	0x78b4cf,0x78d5ef,0x7945cf,0x7a51cf	1	0	NOT_RUN	0			0	0	0	0	0	NOT_RUN	0			0	0	0	0	0
503	CERTIFIED	1	0x3765ef	0x3765ef	558065338514914119002789069328	325679530036178181787232927064	0	25	25	25	1	0	663617	0	CERTIFIED	1	0x3765ef	0x3765ef	558065338514914119002789069328	325679530036178181787232927064	0	48	25	25	1	23	683678	0	0	0x3765ef	0x3765ef	0	0	NOT_RUN	0			0	0	0	0	0	NOT_RUN	0			0	0	0	0	0
504	CERTIFIED	1	0xdd8607	0xdd8607	1090825626438882416949058375080	325679530036178181787232927064	0	25	25	25	1	0	711630	0	CERTIFIED	1	0xdd8607	0xdd8607	1090825626438882416949058375080	325679530036178181787232927064	0	48	25	25	1	23	713337	0	0	0xdd8607	0xdd8607	0	0	NOT_RUN	0			0	0	0	0	0	NOT_RUN	0			0	0	0	0	0
505	CERTIFIED	1	0x34c3f8	0x34c3f8	6768289307020773404481372240	902159362981102996640534424	2	6925	5249	5249	16	1676	942236	1	CERTIFIED	1	0x34c3f8	0x34c3f8	6768289307020773404481372240	902159362981102996640534424	2	13296	5249	5249	16	8047	1432264	1	2	0x1591f9	0x1591f9,0x1685f9,0x264179,0x349979,0x34a1d1,0x34a9e9,0x34c0f1,0x34c3f8,0x3a417d,0x3c83e5,0x3c87f9,0x5a21f9,0x5a40d9,0x7481f3,0x7483fd,0xba40f9	1	0	NOT_RUN	0			0	0	0	0	0	NOT_RUN	0			0	0	0	0	0
506	CERTIFIED	1	0x7fac86	0x7fac86	2090532955627286608215759045036	325679530036178181787232927064	0	25	25	25	1	0	821568	0	CERTIFIED	1	0x7fac86	0x7fac86	2090532955627286608215759045036	325679530036178181787232927064	0	48	25	25	1	23	692662	0	0	0x7fac86	0x7fac86	0	0	NOT_RUN	0			0	0	0	0	0	NOT_RUN	0			0	0	0	0	0
507	CERTIFIED	1	0x1d262f	0x1d262f	16547941584657139914092506200	902159362981102996640534424	2	6925	5341	5341	18	1584	952982	1	CERTIFIED	1	0x1d262f	0x1d262f	16547941584657139914092506200	902159362981102996640534424	2	13296	5341	5341	18	7955	980879	1	1	0x1d262f	0x1d262f,0x2f842f	0	0	NOT_RUN	0			0	0	0	0	0	NOT_RUN	0			0	0	0	0	0
508	CERTIFIED	1	0x541b5d	0x541b5d	273581920654642247841340017720	17141027896640956936170154056	1	600	539	539	5	61	707098	1	CERTIFIED	1	0x541b5d	0x541b5d	273581920654642247841340017720	17141027896640956936170154056	1	1152	539	539	5	613	735511	1	0	0x541b5d	0x541b5d,0xaa0dae	0	0	NOT_RUN	0			0	0	0	0	0	NOT_RUN	0			0	0	0	0	0
509	CERTIFIED	1	0x12a261	0x12a261	286590447246113692319492855088	17141027896640956936170154056	1	600	538	538	2	62	1490544	0	CERTIFIED	1	0x12a261	0x12a261	286590447246113692319492855088	17141027896640956936170154056	1	1152	538	538	2	614	683296	0	0	0x12a261	0x12a261	0	0	NOT_RUN	0			0	0	0	0	0	NOT_RUN	0			0	0	0	0	0
510	CERTIFIED	1	0xad5235	0xad5235	28724894819276002091868324480	17141027896640956936170154056	1	600	552	552	2	48	749720	1	CERTIFIED	1	0xad5235	0xad5235	28724894819276002091868324480	17141027896640956936170154056	1	1152	552	552	2	600	719221	1	1	0x96aab7	0x96aab7,0xad5235	1	0	NOT_RUN	0			0	0	0	0	0	NOT_RUN	0			0	0	0	0	0
511	CERTIFIED	1	0x35a61d	0x35a61d	31579852711392336964109985600	17141027896640956936170154056	1	600	542	542	1	58	709754	1	CERTIFIED	1	0x35a61d	0x35a61d	31579852711392336964109985600	17141027896640956936170154056	1	1152	542	542	1	610	690460	1	1	0x35a61d	0x35a61d	0	0	NOT_RUN	0			0	0	0	0	0	NOT_RUN	0			0	0	0	0	0
512	CERTIFIED	1	0x9581e	0x9581e	614297539551724816987176277866	325679530036178181787232927064	0	25	25	25	3	0	1074913	1	CERTIFIED	1	0x9581e	0x9581e	614297539551724816987176277866	325679530036178181787232927064	0	48	25	25	3	23	673908	1	0	0x9503d	0x9503d,0x9581e,0x84a81e	1	0	COMPLETE	1	0x9581e	0x9581e	614297539551724816987176277866	262144	0	61723705	1	COMPLETE	1	0x9581e	0x9581e	614297539551724816987176277866	0	95	78431	1
513	CERTIFIED	1	0xd4234e	0xd4234e	97926177768645137946226284462	17141027896640956936170154056	1	600	543	543	8	57	721980	1	CERTIFIED	1	0xd4234e	0xd4234e	97926177768645137946226284462	17141027896640956936170154056	1	1152	543	543	8	609	1342245	1	1	0xc4669e	0xc4669e,0xd0669d,0xd4234e,0xd4e64e,0xd63b4e,0xdc669c,0xe8334e,0xf4669a	1	0	COMPLETE	1	0xd4234e	0xd4234e	97926177768645137946226284462	262144	0	61430284	1	COMPLETE	1	0xd4234e	0xd4234e	97926177768645137946226284462	0	509	296409	1
514	CERTIFIED	1	0xdedfe	0xdedfe	1059325236484558197338672707128	325679530036178181787232927064	0	25	25	25	2	0	1603816	1	CERTIFIED	1	0xdedfe	0xdedfe	1059325236484558197338672707128	325679530036178181787232927064	0	48	25	25	2	23	738205	1	0	0xdedfe	0xdedfe,0x1bdbfc	0	0	COMPLETE	1	0xdedfe	0xdedfe	1059325236484558197338672707128	262144	0	59440929	1	COMPLETE	1	0xdedfe	0xdedfe	1059325236484558197338672707128	0	49	43402	1
515	CERTIFIED	1	0x15a17d	0x15a17d	55797589070081696200995635640	17141027896640956936170154056	1	600	544	544	9	56	750016	1	CERTIFIED	1	0x15a17d	0x15a17d	55797589070081696200995635640	17141027896640956936170154056	1	1152	544	544	9	608	1514278	1	1	0x12d55d	0x12d55d,0x14515d,0x15a17d,0x15a2ac,0x15a54d,0x15a91d,0x4ad11d,0x55a29d,0x8bd15d	1	0	COMPLETE	1	0x15a17d	0x15a17d	55797589070081696200995635640	262144	0	75735656	1	COMPLETE	1	0x15a17d	0x15a17d	55797589070081696200995635640	0	847	648736	1
516	CERTIFIED	1	0x4a359d	0x4a359d	314369124703509748284410448120	17141027896640956936170154056	1	600	541	541	6	59	1746041	0	CERTIFIED	1	0x4a359d	0x4a359d	314369124703509748284410448120	17141027896640956936170154056	1	1152	541	541	6	611	759585	0	0	0x4a359d	0x4a359d	0	0	COMPLETE	1	0x4a359d	0x4a359d	314369124703509748284410448120	262144	0	67245457	0	COMPLETE	1	0x4a359d	0x4a359d	314369124703509748284410448120	0	195	133928	0
517	CERTIFIED	1	0x8795bd	0x8795bd	58642447216468757997897573684	17141027896640956936170154056	1	600	537	537	12	63	753529	1	CERTIFIED	1	0x8795bd	0x8795bd	58642447216468757997897573684	17141027896640956936170154056	1	1152	537	537	12	615	1720784	1	1	0x7253d	0x7253d,0x72a79,0x43153d,0x852a3d,0x85951d,0x87227b,0x872a9d,0x872d3f,0x873a5d,0x8795bd,0x93853d,0xa3953c	1	0	COMPLETE	1	0x8795bd	0x8795bd	58642447216468757997897573684	262144	0	60844495	1	COMPLETE	1	0x8795bd	0x8795bd	58642447216468757997897573684	0	821	448795	1
518	CERTIFIED	1	0x833240	0x833240	1331365752226326257147162786370	325679530036178181787232927064	0	25	25	25	1	0	1524402	0	CERTIFIED	1	0x833240	0x833240	1331365752226326257147162786370	325679530036178181787232927064	0	48	25	25	1	23	749540	0	0	0x833240	0x833240	0	0	COMPLETE	1	0x833240	0x833240	1331365752226326257147162786370	262144	0	70480438	0	COMPLETE	1	0x833240	0x833240	1331365752226326257147162786370	0	55	184587	0
519	CERTIFIED	1	0xce633d	0xce633d	1074288033585623510206969524396	325679530036178181787232927064	0	25	25	25	1	0	865681	1	CERTIFIED	1	0xce633d	0xce633d	1074288033585623510206969524396	325679530036178181787232927064	0	48	25	25	1	23	2086097	1	0	0xce633d	0xce633d	0	0	COMPLETE	1	0xce633d	0xce633d	1074288033585623510206969524396	262144	0	90223800	1	COMPLETE	1	0xce633d	0xce633d	1074288033585623510206969524396	0	337	321700	1
520	CERTIFIED	1	0x80e770	0x80e770	56466302122333201327300080204	17141027896640956936170154056	1	600	535	535	9	65	2004428	1	CERTIFIED	1	0x80e770	0x80e770	56466302122333201327300080204	17141027896640956936170154056	1	1152	535	535	9	617	1031517	1	1	0x8ebb8	0x8ebb8,0x4073b8,0x80e770,0x88e3ba,0x89b3b8,0x8ce6b8,0x8ce771,0x9573b8,0x98e772	1	0	NOT_RUN	0			0	0	0	0	0	NOT_RUN	0			0	0	0	0	0
521	CERTIFIED	1	0x787735	0x787735	57966041426923364300353772124	17141027896640956936170154056	1	600	538	538	7	62	1261224	1	CERTIFIED	1	0x787735	0x787735	57966041426923364300353772124	17141027896640956936170154056	1	1152	538	538	7	614	1197182	1	1	0x30ceb5	0x30ceb5,0x704e69,0x708e55,0x70a7b5,0x70c535,0x746731,0x787735	1	0	NOT_RUN	0			0	0	0	0	0	NOT_RUN	0			0	0	0	0	0
522	CERTIFIED	1	0xca438f	0xca438f	28764796892717935537294310520	17141027896640956936170154056	1	600	532	532	6	68	1048542	1	CERTIFIED	1	0xca438f	0xca438f	28764796892717935537294310520	17141027896640956936170154056	1	1152	532	532	6	620	966007	1	1	0xc8a39f	0xc8a39f,0xca438f,0xca859b,0xca868f,0xcb43df,0xce873b	1	0	NOT_RUN	0			0	0	0	0	0	NOT_RUN	0			0	0	0	0	0
523	CERTIFIED	1	0x939b70	0x939b70	560061558467088517629412978200	325679530036178181787232927064	0	25	25	25	1	0	1220286	1	CERTIFIED	1	0x939b70	0x939b70	560061558467088517629412978200	325679530036178181787232927064	0	48	25	25	1	23	947027	1	0	0x939b70	0x939b70	0	0	NOT_RUN	0			0	0	0	0	0	NOT_RUN	0			0	0	0	0	0
524	CERTIFIED	1	0x3f0792	0x3f0792	75933828931248793775408970840	17141027896640956936170154056	1	600	516	516	11	84	938402	1	CERTIFIED	1	0x3f0792	0x3f0792	75933828931248793775408970840	17141027896640956936170154056	1	1152	516	516	11	636	920967	1	1	0x1f8783	0x1f8783,0x2f0f0a,0x2f9782,0x370e82,0x3b8702,0x3f0792,0x3f0bc2,0x3f4786,0x5f8382,0x7f0f06,0x9f87a2	1	0	NOT_RUN	0			0	0	0	0	0	NOT_RUN	0			0	0	0	0	0
525	CERTIFIED	1	0x5b4c87	0x5b4c87	828562365845315900948730041520	325679530036178181787232927064	0	25	25	25	2	0	1308993	0	CERTIFIED	1	0x5b4c87	0x5b4c87	828562365845315900948730041520	325679530036178181787232927064	0	48	25	25	2	23	927673	0	0	0x5b4c87	0x5b4c87,0xada643	0	0	NOT_RUN	0			0	0	0	0	0	NOT_RUN	0			0	0	0	0	0
526	CERTIFIED	1	0x344b19	0x344b19	45118074589665986202249524676	17141027896640956936170154056	1	600	538	538	10	62	959889	1	CERTIFIED	1	0x344b19	0x344b19	45118074589665986202249524676	17141027896640956936170154056	1	1152	538	538	10	614	964482	1	1	0x222119	0x222119,0x305119,0x344236,0x344275,0x344b19,0x345233,0x362159,0x3a211b,0x5a0119,0x746119	1	0	NOT_RUN	0			0	0	0	0	0	NOT_RUN	0			0	0	0	0	0
527	CERTIFIED	1	0xf9c92b	0xf9c92b	69395163249716656664590594284	17141027896640956936170154056	1	600	540	540	12	60	915458	1	CERTIFIED	1	0xf9c92b	0xf9c92b	69395163249716656664590594284	17141027896640956936170154056	1	1152	540	540	12	612	927744	1	1	0x79c129	0x79c129,0xb39329,0xe1c929,0xe39229,0xf2c921,0xf38252,0xf39257,0xf392d1,0xf3b929,0xf5c969,0xf79269,0xf9c92b	1	0	NOT_RUN	0			0	0	0	0	0	NOT_RUN	0			0	0	0	0	0
528	CERTIFIED	1	0xe75754	0xe75754	286554412839687282511287168084	17141027896640956936170154056	1	600	542	542	12	58	1020486	0	CERTIFIED	1	0xe75754	0xe75754	286554412839687282511287168084	17141027896640956936170154056	1	1152	542	542	12	610	943112	0	0	0xe75754	0xe75754	0	0	NOT_RUN	0			0	0	0	0	0	NOT_RUN	0			0	0	0	0	0
529	CERTIFIED	1	0xf87ca5	0xf87ca5	1374893061641566621398544803756	325679530036178181787232927064	0	25	25	25	1	0	950497	0	CERTIFIED	1	0xf87ca5	0xf87ca5	1374893061641566621398544803756	325679530036178181787232927064	0	48	25	25	1	23	927498	0	0	0xf87ca5	0xf87ca5	0	0	NOT_RUN	0			0	0	0	0	0	NOT_RUN	0			0	0	0	0	0
530	CERTIFIED	1	0xfea735	0xfea735	96497742640563631762132387128	17141027896640956936170154056	1	600	530	530	7	70	1035187	1	CERTIFIED	1	0xfea735	0xfea735	96497742640563631762132387128	17141027896640956936170154056	1	1152	530	530	7	622	923196	1	1	0x7de735	0x7de735,0xfdcc6a,0xfdcd25,0xfdce31,0xfdceb7,0xfdcf3d,0xfea735	1	0	NOT_RUN	0			0	0	0	0	0	NOT_RUN	0			0	0	0	0	0
531	CERTIFIED	1	0x8865f9	0x8865f9	1589195687574275212330179610080	325679530036178181787232927064	0	25	25	25	1	0	861160	1	CERTIFIED	1	0x8865f9	0x8865f9	1589195687574275212330179610080	325679530036178181787232927064	0	48	25	25	1	23	989851	1	0	0x8865f9	0x8865f9	0	0	NOT_RUN	0			0	0	0	0	0	NOT_RUN	0			0	0	0	0	0
532	CERTIFIED	1	0x90576a	0x90576a	69395283803041857780266856102	17141027896640956936170154056	1	600	532	532	10	68	964956	0	CERTIFIED	1	0x90576a	0x90576a	69395283803041857780266856102	17141027896640956936170154056	1	1152	532	532	10	620	908108	0	1	0x4817ea	0x4817ea,0x8857ee,0x902fd4,0x90576a,0x90af7a,0x90b3ea,0x9257ca,0x92abea,0x92afda,0xb857ea	1	0	NOT_RUN	0			0	0	0	0	0	NOT_RUN	0			0	0	0	0	0
533	CERTIFIED	1	0x1e4b7a	0x1e4b7a	545175721026822262959857060502	325679530036178181787232927064	0	25	25	25	1	0	861439	1	CERTIFIED	1	0x1e4b7a	0x1e4b7a	545175721026822262959857060502	325679530036178181787232927064	0	48	25	25	1	23	854487	1	0	0x1e4b7a	0x1e4b7a	0	0	NOT_RUN	0			0	0	0	0	0	NOT_RUN	0			0	0	0	0	0
534	CERTIFIED	1	0x784675	0x784675	314371010502268339662610008720	17141027896640956936170154056	1	600	531	531	9	69	1280894	1	CERTIFIED	1	0x784675	0x784675	314371010502268339662610008720	17141027896640956936170154056	1	1152	531	531	9	621	1170240	1	0	0x784675	0x784675	0	0	NOT_RUN	0			0	0	0	0	0	NOT_RUN	0			0	0	0	0	0
535	CERTIFIED	1	0x1d3a9d	0x1d3a9d	828564240123281189859381717738	325679530036178181787232927064	0	25	25	25	1	0	1110783	1	CERTIFIED	1	0x1d3a9d	0x1d3a9d	828564240123281189859381717738	325679530036178181787232927064	0	48	25	25	1	23	1183923	1	0	0x1d3a9d	0x1d3a9d	0	0	NOT_RUN	0			0	0	0	0	0	NOT_RUN	0			0	0	0	0	0
536	CERTIFIED	1	0x358822	0x358822	43084577015722681291407262128	17141027896640956936170154056	1	600	530	530	10	70	975865	0	CERTIFIED	1	0x358822	0x358822	43084577015722681291407262128	17141027896640956936170154056	1	1152	530	530	10	622	897839	0	1	0x314820	0x314820,0x34d820,0x351120,0x358042,0x358822,0x359004,0x3590c1,0x35a828,0x35d420,0x36c020	1	0	NOT_RUN	0			0	0	0	0	0	NOT_RUN	0			0	0	0	0	0
537	CERTIFIED	1	0x320e29	0x320e29	883596273341830323663552446346	325679530036178181787232927064	0	25	25	25	1	0	1511245	1	CERTIFIED	1	0x320e29	0x320e29	883596273341830323663552446346	325679530036178181787232927064	0	48	25	25	1	23	906316	1	0	0x320e29	0x320e29	0	0	NOT_RUN	0			0	0	0	0	0	NOT_RUN	0			0	0	0	0	0
538	CERTIFIED	1	0xd6eecd	0xd6eecd	529985113520635229835009802272	325679530036178181787232927064	0	25	25	25	2	0	1130114	1	CERTIFIED	1	0xd6eecd	0xd6eecd	529985113520635229835009802272	325679530036178181787232927064	0	48	25	25	2	23	1171303	1	0	0xaddacd	0xaddacd,0xd6eecd	1	0	NOT_RUN	0			0	0	0	0	0	NOT_RUN	0			0	0	0	0	0
539	CERTIFIED	1	0xca868f	0xca868f	842136198960271978236187240440	325679530036178181787232927064	0	25	25	25	1	0	1029617	0	CERTIFIED	1	0xca868f	0xca868f	842136198960271978236187240440	325679530036178181787232927064	0	48	25	25	1	23	1170336	0	0	0xca868f	0xca868f	0	0	NOT_RUN	0			0	0	0	0	0	NOT_RUN	0			0	0	0	0	0
540	CERTIFIED	1	0x148640	0x148640	367970442636680059330476972132	325679530036178181787232927064	0	25	25	25	1	0	896431	0	CERTIFIED	1	0x148640	0x148640	367970442636680059330476972132	325679530036178181787232927064	0	48	25	25	1	23	852860	0	0	0x148640	0x148640	0	0	NOT_RUN	0			0	0	0	0	0	NOT_RUN	0			0	0	0	0	0
541	CERTIFIED	1	0xd48260	0xd48260	32187024787262342947023335712	17141027896640956936170154056	1	600	526	526	8	74	1307376	1	CERTIFIED	1	0xd48260	0xd48260	32187024787262342947023335712	17141027896640956936170154056	1	1152	526	526	8	626	1735012	1	1	0x7a0120	0x7a0120,0xba4124,0xd48260,0xda4020,0xea4128,0xf26120,0xf48041,0xf54121	1	0	NOT_RUN	0			0	0	0	0	0	NOT_RUN	0			0	0	0	0	0
542	CERTIFIED	1	0xc93ebe	0xc93ebe	70263689735782877733826354266	17141027896640956936170154056	1	600	537	537	10	63	1145264	1	CERTIFIED	1	0xc93ebe	0xc93ebe	70263689735782877733826354266	17141027896640956936170154056	1	1152	537	537	10	615	1050246	1	1	0x649e96	0x649e96,0x893d5e,0xa49c9e,0xc49e8e,0xc936de,0xc93a8e,0xc93d2c,0xc93ebe,0xc99e9c,0xcd5e9e	1	0	NOT_RUN	0			0	0	0	0	0	NOT_RUN	0			0	0	0	0	0
543	CERTIFIED	1	0x147e50	0x147e50	46651246241973004398071814324	17141027896640956936170154056	1	600	521	521	11	79	957288	1	CERTIFIED	1	0x147e50	0x147e50	46651246241973004398071814324	17141027896640956936170154056	1	1152	521	521	11	631	1961873	1	1	0x47cb0	0x47cb0,0x4be51,0x4ee40,0x4f8a8,0x4fc98,0x4fd51,0x127c50,0x147e50,0x24fca1,0x423e50,0x827e54	1	0	NOT_RUN	0			0	0	0	0	0	NOT_RUN	0			0	0	0	0	0
544	CERTIFIED	1	0x532896	0x532896	300797056516823459987133809004	17141027896640956936170154056	1	600	544	544	12	56	929503	0	CERTIFIED	1	0x532896	0x532896	300797056516823459987133809004	17141027896640956936170154056	1	1152	544	544	12	608	1251536	0	0	0x532896	0x532896	0	0	NOT_RUN	0			0	0	0	0	0	NOT_RUN	0			0	0	0	0	0
545	CERTIFIED	1	0xe47257	0xe47257	58005631148676774562063654458	17141027896640956936170154056	1	600	540	540	6	60	925108	1	CERTIFIED	1	0xe47257	0xe47257	58005631148676774562063654458	17141027896640956936170154056	1	1152	540	540	6	612	1058136	1	1	0x7a3b57	0x7a3b57,0xe23357,0xe466a7,0xe47257,0xe477ae,0xe5bb57	1	0	NOT_RUN	0			0	0	0	0	0	NOT_RUN	0			0	0	0	0	0
546	CERTIFIED	1	0xa5d143	0xa5d143	1072786298252999053838676509418	325679530036178181787232927064	0	25	25	25	1	0	896393	1	CERTIFIED	1	0xa5d143	0xa5d143	1072786298252999053838676509418	325679530036178181787232927064	0	48	25	25	1	23	1396735	1	0	0xa5d143	0xa5d143	0	0	NOT_RUN	0			0	0	0	0	0	NOT_RUN	0			0	0	0	0	0
547	CERTIFIED	1	0x889a4b	0x889a4b	802813234026896925717347712636	325679530036178181787232927064	0	25	25	25	1	0	879950	0	CERTIFIED	1	0x889a4b	0x889a4b	802813234026896925717347712636	325679530036178181787232927064	0	48	25	25	1	23	980123	0	0	0x889a4b	0x889a4b	0	0	NOT_RUN	0			0	0	0	0	0	NOT_RUN	0			0	0	0	0	0
548	CERTIFIED	1	0x2b60ab	0x2b60ab	299295442054647844362366843462	17141027896640956936170154056	1	600	538	538	14	62	931697	1	CERTIFIED	1	0x2b60ab	0x2b60ab	299295442054647844362366843462	17141027896640956936170154056	1	1152	538	538	14	614	937744	1	0	0x16c156	0x16c156,0x2b60ab	1	0	NOT_RUN	0			0	0	0	0	0	NOT_RUN	0			0	0	0	0	0
549	CERTIFIED	1	0xde7639	0xde7639	1075641376742264335583297060574	325679530036178181787232927064	0	25	25	25	1	0	902222	0	CERTIFIED	1	0xde7639	0xde7639	1075641376742264335583297060574	325679530036178181787232927064	0	48	25	25	1	23	887933	0	0	0xde7639	0xde7639	0	0	NOT_RUN	0			0	0	0	0	0	NOT_RUN	0			0	0	0	0	0
550	CERTIFIED	1	0x761600	0x761600	56508663478472855844974416608	17141027896640956936170154056	1	600	513	513	6	87	1013719	1	CERTIFIED	1	0x761600	0x761600	56508663478472855844974416608	17141027896640956936170154056	1	1152	513	513	6	639	1094548	1	1	0x535600	0x535600,0x551700,0x562d01,0x563c08,0x761600,0xa31600	1	0	NOT_RUN	0			0	0	0	0	0	NOT_RUN	0			0	0	0	0	0
551	CERTIFIED	1	0xe29d7e	0xe29d7e	354364746567716038926579432306	325679530036178181787232927064	0	25	25	25	1	0	921215	0	CERTIFIED	1	0xe29d7e	0xe29d7e	354364746567716038926579432306	325679530036178181787232927064	0	48	25	25	1	23	993690	0	0	0xe29d7e	0xe29d7e	0	0	NOT_RUN	0			0	0	0	0	0	NOT_RUN	0			0	0	0	0	0
552	CERTIFIED	1	0x48aea1	0x48aea1	55748029930177556883544551204	17141027896640956936170154056	1	600	545	545	7	55	1426934	1	CERTIFIED	1	0x48aea1	0x48aea1	55748029930177556883544551204	17141027896640956936170154056	1	1152	545	545	7	607	938297	1	1	0xe5751	0xe5751,0x2657d1,0x44d751,0x48aea1,0x4d5755,0x5caea2,0xccb751	1	0	NOT_RUN	0			0	0	0	0	0	NOT_RUN	0			0	0	0	0	0
553	CERTIFIED	1	0xfdec60	0xfdec60	82286655666873394260350484924	17141027896640956936170154056	1	600	531	531	8	69	912399	1	CERTIFIED	1	0xfdec60	0xfdec60	82286655666873394260350484924	17141027896640956936170154056	1	1152	531	531	8	621	892516	1	1	0xcdec64	0xcdec64,0xf9d8a4,0xfadc64,0xfbac6c,0xfbc8c4,0xfbd064,0xfbd8c1,0xfdec60	1	0	NOT_RUN	0			0	0	0	0	0	NOT_RUN	0			0	0	0	0	0
554	CERTIFIED	1	0x3624a0	0x3624a0	315722259301995649174607980872	17141027896640956936170154056	1	600	532	532	12	68	1137428	1	CERTIFIED	1	0x3624a0	0x3624a0	315722259301995649174607980872	17141027896640956936170154056	1	1152	532	532	12	620	899105	1	0	0x3624a0	0x3624a0	0	0	NOT_RUN	0			0	0	0	0	0	NOT_RUN	0			0	0	0	0	0
555	CERTIFIED	1	0x6a879b	0x6a879b	1101428087573367147334334630982	325679530036178181787232927064	0	25	25	25	1	0	873414	0	CERTIFIED	1	0x6a879b	0x6a879b	1101428087573367147334334630982	325679530036178181787232927064	0	48	25	25	1	23	841516	0	0	0x6a879b	0x6a879b	0	0	NOT_RUN	0			0	0	0	0	0	NOT_RUN	0			0	0	0	0	0
556	CERTIFIED	1	0xcc7dc	0xcc7dc	1059968533827672752180631558720	325679530036178181787232927064	0	25	25	25	2	0	971542	0	CERTIFIED	1	0xcc7dc	0xcc7dc	1059968533827672752180631558720	325679530036178181787232927064	0	48	25	25	2	23	857461	0	0	0xcc7dc	0xcc7dc,0x198fb8	0	0	NOT_RUN	0			0	0	0	0	0	NOT_RUN	0			0	0	0	0	0
557	CERTIFIED	1	0xbf90f9	0xbf90f9	367863925820134006827967611066	325679530036178181787232927064	0	25	25	25	1	0	862288	1	CERTIFIED	1	0xbf90f9	0xbf90f9	367863925820134006827967611066	325679530036178181787232927064	0	48	25	25	1	23	1036728	1	0	0xbf90f9	0xbf90f9	0	0	NOT_RUN	0			0	0	0	0	0	NOT_RUN	0			0	0	0	0	0
558	CERTIFIED	1	0xe8bff3	0xe8bff3	679256866109883841893610303830	325679530036178181787232927064	0	25	25	25	2	0	956184	0	CERTIFIED	1	0xe8bff3	0xe8bff3	679256866109883841893610303830	325679530036178181787232927064	0	48	25	25	2	23	895543	0	0	0xe8bff3	0xe8bff3,0xec5ffb	0	0	NOT_RUN	0			0	0	0	0	0	NOT_RUN	0			0	0	0	0	0
559	CERTIFIED	1	0x5ee6f0	0x5ee6f0	57930846093237983748930296844	17141027896640956936170154056	1	600	536	536	9	64	880827	1	CERTIFIED	1	0x5ee6f0	0x5ee6f0	57930846093237983748930296844	17141027896640956936170154056	1	1152	536	536	9	616	887597	1	1	0x1c7370	0x1c7370,0x54eb70,0x56f370,0x58e6e8,0x5ce650,0x5dd370,0x5ee6f0,0x6f7370,0xae7330	1	0	NOT_RUN	0			0	0	0	0	0	NOT_RUN	0			0	0	0	0	0
560	CERTIFIED	1	0x44827c	0x44827c	32480033637854533278796315386	17141027896640956936170154056	1	600	512	512	7	88	974326	1	CERTIFIED	1	0x44827c	0x44827c	32480033637854533278796315386	17141027896640956936170154056	1	1152	512	512	7	640	954975	1	1	0x4002ec	0x4002ec,0x44047c,0x44827c,0x4482fa,0x44c17c,0x4602f4,0x64117c	1	0	NOT_RUN	0			0	0	0	0	0	NOT_RUN	0			0	0	0	0	0
561	CERTIFIED	1	0x77f43d	0x77f43d	96578956188943331164065643848	17141027896640956936170154056	1	600	525	525	7	75	1201591	1	CERTIFIED	1	0x77f43d	0x77f43d	96578956188943331164065643848	17141027896640956936170154056	1	1152	525	525	7	627	894340	1	1	0x37e07a	0x37e07a,0x37e859,0x3bf03d,0x3fea3d,0x77f43d,0x9b743d,0xb7e8bd	1	0	NOT_RUN	0			0	0	0	0	0	NOT_RUN	0			0	0	0	0	0
562	CERTIFIED	1	0x58bb60	0x58bb60	69319988769642941359387421502	17141027896640956936170154056	1	600	544	544	8	56	832346	1	CERTIFIED	1	0x58bb60	0x58bb60	69319988769642941359387421502	17141027896640956936170154056	1	1152	544	544	8	608	796923	1	1	0x1c5db4	0x1c5db4,0x2c5db0,0x4c5cb4,0x589b6a,0x58ba6c,0x58bb60,0x58fb74,0x78bdb4	1	0	NOT_RUN	0			0	0	0	0	0	NOT_RUN	0			0	0	0	0	0
563	CERTIFIED	1	0x8d8670	0x8d8670	72331439120342256463338803604	17141027896640956936170154056	1	600	527	527	8	73	737185	1	CERTIFIED	1	0x8d8670	0x8d8670	72331439120342256463338803604	17141027896640956936170154056	1	1152	527	527	8	625	787085	1	1	0xec670	0xec670,0x8bc770,0x8d8670,0x8f8ca8,0x8f8eb0,0x8f9e70,0x8face1,0x97c270	1	0	NOT_RUN	0			0	0	0	0	0	NOT_RUN	0			0	0	0	0	0
564	CERTIFIED	1	0x4032a0	0x4032a0	381465138982186773782215868292	325679530036178181787232927064	0	25	25	25	1	0	728948	0	CERTIFIED	1	0x4032a0	0x4032a0	381465138982186773782215868292	325679530036178181787232927064	0	48	25	25	1	23	1128932	0	0	0x4032a0	0x4032a0	0	0	NOT_RUN	0			0	0	0	0	0	NOT_RUN	0			0	0	0	0	0
565	CERTIFIED	1	0x835c16	0x835c16	85782414395287745259653146884	17141027896640956936170154056	1	600	528	528	8	72	822411	1	CERTIFIED	1	0x835c16	0x835c16	85782414395287745259653146884	17141027896640956936170154056	1	1152	528	528	8	624	785719	1	1	0x81be1e	0x81be1e,0x82aa1e,0x835a3e,0x835c16,0x835d1a,0x835e0e,0x83a61e,0x83dc3e	1	0	NOT_RUN	0			0	0	0	0	0	NOT_RUN	0			0	0	0	0	0
566	CERTIFIED	1	0x9fe931	0x9fe931	290723047485087708824089435116	17141027896640956936170154056	1	600	519	519	12	81	953083	0	CERTIFIED	1	0x9fe931	0x9fe931	290723047485087708824089435116	17141027896640956936170154056	1	1152	519	519	12	633	886939	0	0	0x9fe931	0x9fe931	0	0	NOT_RUN	0			0	0	0	0	0	NOT_RUN	0			0	0	0	0	0
567	CERTIFIED	1	0xe9f361	0xe9f361	70824009680068240126497775884	17141027896640956936170154056	1	600	535	535	12	65	753218	1	CERTIFIED	1	0xe9f361	0xe9f361	70824009680068240126497775884	17141027896640956936170154056	1	1152	535	535	12	617	748989	1	1	0x69e461	0x69e461,0x6cf261,0x74f263,0xc9e661,0xcaf261,0xe9b061,0xe9d2e1,0xe9e485,0xe9e4c6,0xe9f361,0xe9f4c3,0xf4fa61	1	0	NOT_RUN	0			0	0	0	0	0	NOT_RUN	0			0	0	0	0	0
568	CERTIFIED	1	0xa65fe	0xa65fe	1045644468033398198151059734542	325679530036178181787232927064	0	25	25	25	1	0	692699	0	CERTIFIED	1	0xa65fe	0xa65fe	1045644468033398198151059734542	325679530036178181787232927064	0	48	25	25	1	23	917144	0	0	0xa65fe	0xa65fe	0	0	NOT_RUN	0			0	0	0	0	0	NOT_RUN	0			0	0	0	0	0
569	CERTIFIED	1	0xa8e15e	0xa8e15e	315158404265078718189218570520	17141027896640956936170154056	1	600	533	533	10	67	707349	0	CERTIFIED	1	0xa8e15e	0xa8e15e	315158404265078718189218570520	17141027896640956936170154056	1	1152	533	533	10	619	792053	0	0	0xa8e15e	0xa8e15e	0	0	NOT_RUN	0			0	0	0	0	0	NOT_RUN	0			0	0	0	0	0
570	CERTIFIED	1	0xc2bd0e	0xc2bd0e	1072782653265952805351464208520	325679530036178181787232927064	0	25	25	25	2	0	702643	0	CERTIFIED	1	0xc2bd0e	0xc2bd0e	1072782653265952805351464208520	325679530036178181787232927064	0	48	25	25	2	23	663322	0	0	0xc2bd0e	0xc2bd0e,0xc57a1d	0	0	NOT_RUN	0			0	0	0	0	0	NOT_RUN	0			0	0	0	0	0
571	CERTIFIED	1	0x60aee4	0x60aee4	1331326387124568220581511726938	325679530036178181787232927064	0	25	25	25	1	0	682332	1	CERTIFIED	1	0x60aee4	0x60aee4	1331326387124568220581511726938	325679530036178181787232927064	0	48	25	25	1	23	676377	1	0	0x60aee4	0x60aee4	0	0	NOT_RUN	0			0	0	0	0	0	NOT_RUN	0			0	0	0	0	0
572	CERTIFIED	1	0x3737e1	0x3737e1	316436578421196046874671853196	17141027896640956936170154056	1	600	526	526	11	74	712723	1	CERTIFIED	1	0x3737e1	0x3737e1	316436578421196046874671853196	17141027896640956936170154056	1	1152	526	526	11	626	715762	1	0	0x3737e1	0x3737e1	0	0	NOT_RUN	0			0	0	0	0	0	NOT_RUN	0			0	0	0	0	0
573	CERTIFIED	1	0x3f5eef	0x3f5eef	1588447542991818989583752578908	325679530036178181787232927064	0	25	25	25	2	0	677160	0	CERTIFIED	1	0x3f5eef	0x3f5eef	1588447542991818989583752578908	325679530036178181787232927064	0	48	25	25	2	23	657310	0	0	0x3ebdde	0x3ebdde,0x3f5eef	1	0	NOT_RUN	0			0	0	0	0	0	NOT_RUN	0			0	0	0	0	0
574	CERTIFIED	1	0xc3dc89	0xc3dc89	74355264373183271303690420880	17141027896640956936170154056	1	600	517	517	7	83	844208	1	CERTIFIED	1	0xc3dc89	0xc3dc89	74355264373183271303690420880	17141027896640956936170154056	1	1152	517	517	7	635	751288	1	1	0x87ec89	0x87ec89,0xa3fc8b,0xc3dc89,0xc7b913,0xc7bca9,0xc7f88d,0xc7f981	1	0	NOT_RUN	0			0	0	0	0	0	NOT_RUN	0			0	0	0	0	0
575	CERTIFIED	1	0x60da49	0x60da49	300801648487303810704717346524	17141027896640956936170154056	1	600	536	536	10	64	1786612	0	CERTIFIED	1	0x60da49	0x60da49	300801648487303810704717346524	17141027896640956936170154056	1	1152	536	536	10	616	773345	0	0	0x60da49	0x60da49	0	0	NOT_RUN	0			0	0	0	0	0	NOT_RUN	0			0	0	0	0	0
576	CERTIFIED	1	0x131e9b24	0x131e9b24	5314208022906126288830052958155317044604	388154303826855099024016032683677125728	1	1056	970	970	1	86	785657	0	CERTIFIED	1	0x131e9b24	0x131e9b24	5314208022906126288830052958155317044604	388154303826855099024016032683677125728	1	2048	970	970	1	1078	746696	0	0	0x131e9b24	0x131e9b24	0	0	COMPLETE	1	0x131e9b24	0x131e9b24	5314208022906126288830052958155317044604	2097152	0	661578807	0	COMPLETE	1	0x131e9b24	0x131e9b24	5314208022906126288830052958155317044604	0	5525	4969422	0
577	CERTIFIED	1	0xf831c1df	0xf831c1df	1227910180143387449114289697871718569516	388154303826855099024016032683677125728	1	1056	955	955	1	101	858943	0	CERTIFIED	1	0xf831c1df	0xf831c1df	1227910180143387449114289697871718569516	388154303826855099024016032683677125728	1	2048	955	955	1	1093	2559507	0	1	0xf831c1df	0xf831c1df	0	0	COMPLETE	1	0xf831c1df	0xf831c1df	1227910180143387449114289697871718569516	2097152	0	626439860	0	COMPLETE	1	0xf831c1df	0xf831c1df	1227910180143387449114289697871718569516	0	3413	3590299	0
578	CERTIFIED	1	0x1904a347	0x1904a347	729142583667087469787601845185819615208	388154303826855099024016032683677125728	1	1056	970	970	1	86	1771740	1	CERTIFIED	1	0x1904a347	0x1904a347	729142583667087469787601845185819615208	388154303826855099024016032683677125728	1	2048	970	970	1	1078	744812	1	1	0x1904a347	0x1904a347	0	0	COMPLETE	1	0x1904a347	0x1904a347	729142583667087469787601845185819615208	2097152	0	750236128	1	COMPLETE	1	0x1904a347	0x1904a347	729142583667087469787601845185819615208	0	1571	2064841	1
579	CERTIFIED	1	0xef82c53f	0xef82c53f	1407733421426810842995118848731248232186	388154303826855099024016032683677125728	1	1056	963	963	3	93	1325045	1	CERTIFIED	1	0xef82c53f	0xef82c53f	1407733421426810842995118848731248232186	388154303826855099024016032683677125728	1	2048	963	963	3	1085	2009792	1	1	0xebc06297	0xebc06297,0xedc1e297,0xef82c53f	1	0	COMPLETE	1	0xef82c53f	0xef82c53f	1407733421426810842995118848731248232186	2097152	0	672775203	1	COMPLETE	1	0xef82c53f	0xef82c53f	1407733421426810842995118848731248232186	0	2097	2814939	1
580	CERTIFIED	1	0xd99918ec	0xd99918ec	9730174245197953179523744000145919149240	7374931772710246881456304620989865388832	0	33	33	33	1	0	1858265	0	CERTIFIED	1	0xd99918ec	0xd99918ec	9730174245197953179523744000145919149240	7374931772710246881456304620989865388832	0	64	33	33	1	31	792631	0	0	0xd99918ec	0xd99918ec	0	0	COMPLETE	1	0xd99918ec	0xd99918ec	9730174245197953179523744000145919149240	2097152	0	624990246	0	COMPLETE	1	0xd99918ec	0xd99918ec	9730174245197953179523744000145919149240	0	179	241719	0
581	CERTIFIED	1	0x182ad312	0x182ad312	243912365458218576005085782372863045688	20429173885623952580211370141246164512	2	16401	13532	13532	10	2869	1884408	1	CERTIFIED	1	0x182ad312	0x182ad312	243912365458218576005085782372863045688	20429173885623952580211370141246164512	2	31808	13532	13532	10	18276	3202688	1	1	0x182ad312	0x182ad312	0	0	COMPLETE	1	0x182ad312	0x182ad312	243912365458218576005085782372863045688	2097152	0	777530735	1	COMPLETE	1	0x182ad312	0x182ad312	243912365458218576005085782372863045688	0	5853	5817056	1
582	CERTIFIED	1	0x8436883a	0x8436883a	719668978637171379144039908272285212848	388154303826855099024016032683677125728	1	1056	967	967	1	89	1808204	0	CERTIFIED	1	0x8436883a	0x8436883a	719668978637171379144039908272285212848	388154303826855099024016032683677125728	1	2048	967	967	1	1081	743975	0	1	0x8436883a	0x8436883a	0	0	COMPLETE	1	0x8436883a	0x8436883a	719668978637171379144039908272285212848	2097152	0	755040048	0	COMPLETE	1	0x8436883a	0x8436883a	719668978637171379144039908272285212848	0	1247	2178659	0
583	CERTIFIED	1	0xaeb4ff63	0xaeb4ff63	9474301829789737546556210518850922766130	7374931772710246881456304620989865388832	0	33	33	33	1	0	1132468	0	CERTIFIED	1	0xaeb4ff63	0xaeb4ff63	9474301829789737546556210518850922766130	7374931772710246881456304620989865388832	0	64	33	33	1	31	1934122	0	0	0xaeb4ff63	0xaeb4ff63	0	0	COMPLETE	1	0xaeb4ff63	0xaeb4ff63	9474301829789737546556210518850922766130	2097152	0	651906715	0	COMPLETE	1	0xaeb4ff63	0xaeb4ff63	9474301829789737546556210518850922766130	0	595	929670	0
584	CERTIFIED	1	0xd870367f	0xd870367f	76158735476493148111950009729285496604	20429173885623952580211370141246164512	2	16401	13207	13207	8	3194	2978270	1	CERTIFIED	1	0xd870367f	0xd870367f	76158735476493148111950009729285496604	20429173885623952580211370141246164512	2	31808	13207	13207	8	18601	1331058	1	2	0x48306cbf	0x48306cbf,0xd030767f,0xd8316477,0xd8343677,0xd834ecbf,0xd839363b,0xd870367f,0xd9306caf	1	0	NOT_RUN	0			0	0	0	0	0	NOT_RUN	0			0	0	0	0	0
585	CERTIFIED	1	0xcef9a0e4	0xcef9a0e4	76754709719947199541063375092261688062	20429173885623952580211370141246164512	2	16401	13468	13468	7	2933	1342542	1	CERTIFIED	1	0xcef9a0e4	0xcef9a0e4	76754709719947199541063375092261688062	20429173885623952580211370141246164512	2	31808	13468	13468	7	18340	1424582	1	2	0x567cf0e4	0x567cf0e4,0xc67de1e4,0xc6bef0e6,0xc6f9e354,0xc6fde1e5,0xcef9a0e4,0xcef9e14a	1	0	NOT_RUN	0			0	0	0	0	0	NOT_RUN	0			0	0	0	0	0
586	CERTIFIED	1	0x169de2be	0x169de2be	973043966030211034742913504604535306444	388154303826855099024016032683677125728	1	1056	978	978	1	78	780863	0	CERTIFIED	1	0x169de2be	0x169de2be	973043966030211034742913504604535306444	388154303826855099024016032683677125728	1	2048	978	978	1	1070	724225	0	1	0x169de2be	0x169de2be	0	0	NOT_RUN	0			0	0	0	0	0	NOT_RUN	0			0	0	0	0	0
587	CERTIFIED	1	0x78c7057	0x78c7057	4916513016777542801546057601862539007196	388154303826855099024016032683677125728	1	1056	954	954	2	102	746854	0	CERTIFIED	1	0x78c7057	0x78c7057	4916513016777542801546057601862539007196	388154303826855099024016032683677125728	1	2048	954	954	2	1094	722893	0	0	0x78c7057	0x78c7057	0	0	NOT_RUN	0			0	0	0	0	0	NOT_RUN	0			0	0	0	0	0
588	CERTIFIED	1	0xe5575225	0xe5575225	269445197959579493694172689568681616600	20429173885623952580211370141246164512	2	16401	13953	13953	3	2448	1286380	0	CERTIFIED	1	0xe5575225	0xe5575225	269445197959579493694172689568681616600	20429173885623952580211370141246164512	2	31808	13953	13953	3	17855	1370530	0	1	0xe5575225	0xe5575225	0	0	NOT_RUN	0			0	0	0	0	0	NOT_RUN	0			0	0	0	0	0
589	CERTIFIED	1	0x382fb9d8	0x382fb9d8	28170073032578577711997054691621667782	20429173885623952580211370141246164512	2	16401	13687	13687	6	2714	1370508	1	CERTIFIED	1	0x382fb9d8	0x382fb9d8	28170073032578577711997054691621667782	20429173885623952580211370141246164512	2	31808	13687	13687	6	18121	1411350	1	2	0x282bad9c	0x282bad9c,0x382bbb69,0x382fb9d8,0x3869dc98,0x38abbb68,0x392badb8	1	0	NOT_RUN	0			0	0	0	0	0	NOT_RUN	0			0	0	0	0	0
590	CERTIFIED	1	0x7c596954	0x7c596954	5108004679294185767188095725798306108720	388154303826855099024016032683677125728	1	1056	974	974	1	82	844782	0	CERTIFIED	1	0x7c596954	0x7c596954	5108004679294185767188095725798306108720	388154303826855099024016032683677125728	1	2048	974	974	1	1074	718030	0	0	0x7c596954	0x7c596954	0	0	NOT_RUN	0			0	0	0	0	0	NOT_RUN	0			0	0	0	0	0
591	CERTIFIED	1	0x27665fcd	0x27665fcd	6273777833446857436060163465843131235546	388154303826855099024016032683677125728	1	1056	955	955	2	101	748250	1	CERTIFIED	1	0x27665fcd	0x27665fcd	6273777833446857436060163465843131235546	388154303826855099024016032683677125728	1	2048	955	955	2	1093	742716	1	0	0x27665fcd	0x27665fcd	0	0	NOT_RUN	0			0	0	0	0	0	NOT_RUN	0			0	0	0	0	0
592	CERTIFIED	1	0x9cd58715	0x9cd58715	741869844053285176455813367913007341360	388154303826855099024016032683677125728	1	1056	976	976	1	80	770590	1	CERTIFIED	1	0x9cd58715	0x9cd58715	741869844053285176455813367913007341360	388154303826855099024016032683677125728	1	2048	976	976	1	1072	722002	1	1	0x9cd58715	0x9cd58715	0	0	NOT_RUN	0			0	0	0	0	0	NOT_RUN	0			0	0	0	0	0
593	CERTIFIED	1	0x2277f55e	0x2277f55e	31163502416089216054029756680575011951734	7374931772710246881456304620989865388832	0	33	33	33	1	0	678037	0	CERTIFIED	1	0x2277f55e	0x2277f55e	31163502416089216054029756680575011951734	7374931772710246881456304620989865388832	0	64	33	33	1	31	657977	0	0	0x2277f55e	0x2277f55e	0	0	NOT_RUN	0			0	0	0	0	0	NOT_RUN	0			0	0	0	0	0
594	CERTIFIED	1	0x4055f61e	0x4055f61e	996092096699940716829939395934693050222	388154303826855099024016032683677125728	1	1056	955	955	1	101	889298	1	CERTIFIED	1	0x4055f61e	0x4055f61e	996092096699940716829939395934693050222	388154303826855099024016032683677125728	1	2048	955	955	1	1093	740477	1	1	0x4055f61e	0x4055f61e	0	0	NOT_RUN	0			0	0	0	0	0	NOT_RUN	0			0	0	0	0	0
595	CERTIFIED	1	0x6f4c4fd7	0x6f4c4fd7	704212490559404099253339764894774198048	388154303826855099024016032683677125728	1	1056	965	965	1	91	764001	0	CERTIFIED	1	0x6f4c4fd7	0x6f4c4fd7	704212490559404099253339764894774198048	388154303826855099024016032683677125728	1	2048	965	965	1	1083	727726	0	1	0x6f4c4fd7	0x6f4c4fd7	0	0	NOT_RUN	0			0	0	0	0	0	NOT_RUN	0			0	0	0	0	0
596	CERTIFIED	1	0xd694015e	0xd694015e	9001035404498909121075284012301073465364	7374931772710246881456304620989865388832	0	33	33	33	1	0	686513	0	CERTIFIED	1	0xd694015e	0xd694015e	9001035404498909121075284012301073465364	7374931772710246881456304620989865388832	0	64	33	33	1	31	664504	0	0	0xd694015e	0xd694015e	0	0	NOT_RUN	0			0	0	0	0	0	NOT_RUN	0			0	0	0	0	0
597	CERTIFIED	1	0xbcff5de2	0xbcff5de2	5560601244148707357877133628499078410932	388154303826855099024016032683677125728	1	1056	943	943	2	113	1434911	0	CERTIFIED	1	0xbcff5de2	0xbcff5de2	5560601244148707357877133628499078410932	388154303826855099024016032683677125728	1	2048	943	943	2	1105	720821	0	0	0xbcff5de2	0xbcff5de2	0	0	NOT_RUN	0			0	0	0	0	0	NOT_RUN	0			0	0	0	0	0
598	CERTIFIED	1	0x23b36d5e	0x23b36d5e	293068296679976488994522466869424589244	20429173885623952580211370141246164512	2	16401	13867	13867	9	2534	2194178	0	CERTIFIED	1	0x23b36d5e	0x23b36d5e	293068296679976488994522466869424589244	20429173885623952580211370141246164512	2	31808	13867	13867	9	17941	1456166	0	1	0x23b36d5e	0x23b36d5e	0	0	NOT_RUN	0			0	0	0	0	0	NOT_RUN	0			0	0	0	0	0
599	CERTIFIED	1	0x5e003911	0x5e003911	852417914612229951215591317677285525170	388154303826855099024016032683677125728	1	1056	944	944	2	112	780811	0	CERTIFIED	1	0x5e003911	0x5e003911	852417914612229951215591317677285525170	388154303826855099024016032683677125728	1	2048	944	944	2	1104	854957	0	1	0x5e003911	0x5e003911,0xaf409911	0	0	NOT_RUN	0			0	0	0	0	0	NOT_RUN	0			0	0	0	0	0
600	CERTIFIED	1	0x2984d5e	0x2984d5e	49831578933496505135588201040215590586	20429173885623952580211370141246164512	2	16401	13388	13388	4	3013	1495486	0	CERTIFIED	1	0x2984d5e	0x2984d5e	49831578933496505135588201040215590586	20429173885623952580211370141246164512	2	31808	13388	13388	4	18420	1629119	0	2	0xda4daa	0xda4daa,0x1984d4b,0x2984d5e,0x844c26a8	1	0	NOT_RUN	0			0	0	0	0	0	NOT_RUN	0			0	0	0	0	0
601	CERTIFIED	1	0xb4d4eef7	0xb4d4eef7	949995682982122992712400008456684055870	388154303826855099024016032683677125728	1	1056	977	977	1	79	737126	0	CERTIFIED	1	0xb4d4eef7	0xb4d4eef7	949995682982122992712400008456684055870	388154303826855099024016032683677125728	1	2048	977	977	1	1071	852868	0	1	0xb4d4eef7	0xb4d4eef7	0	0	NOT_RUN	0			0	0	0	0	0	NOT_RUN	0			0	0	0	0	0
602	CERTIFIED	1	0x3be81bbe	0x3be81bbe	65963597925235206528423385499847468974	20429173885623952580211370141246164512	2	16401	13632	13632	7	2769	1340070	1	CERTIFIED	1	0x3be81bbe	0x3be81bbe	65963597925235206528423385499847468974	20429173885623952580211370141246164512	2	31808	13632	13632	7	18176	1494911	1	2	0x3bda33a6	0x3bda33a6,0x3be81bbe,0x3ed85bae,0x3fd9375c,0x3fdc9bae,0x5dfc1baf,0x7ded1bae	1	0	NOT_RUN	0			0	0	0	0	0	NOT_RUN	0			0	0	0	0	0
603	CERTIFIED	1	0xb02daf34	0xb02daf34	9511731239460016068522114089970563200040	7374931772710246881456304620989865388832	0	33	33	33	1	0	716172	1	CERTIFIED	1	0xb02daf34	0xb02daf34	9511731239460016068522114089970563200040	7374931772710246881456304620989865388832	0	64	33	33	1	31	766911	1	0	0xb02daf34	0xb02daf34	0	0	NOT_RUN	0			0	0	0	0	0	NOT_RUN	0			0	0	0	0	0
604	CERTIFIED	1	0x7448828a	0x7448828a	255467343148708901014521097183703813090	20429173885623952580211370141246164512	2	16401	13659	13659	7	2742	1252263	1	CERTIFIED	1	0x7448828a	0x7448828a	255467343148708901014521097183703813090	20429173885623952580211370141246164512	2	31808	13659	13659	7	18149	1372313	1	1	0x7448828a	0x7448828a	0	0	NOT_RUN	0			0	0	0	0	0	NOT_RUN	0			0	0	0	0	0
605	CERTIFIED	1	0x2f600552	0x2f600552	25605537893296069254757698010454177072	20429173885623952580211370141246164512	2	16401	13271	13271	3	3130	1433539	1	CERTIFIED	1	0x2f600552	0x2f600552	25605537893296069254757698010454177072	20429173885623952580211370141246164512	2	31808	13271	13271	3	18537	1377588	1	2	0x276046e2	0x276046e2,0x2f600552,0x374016aa	1	0	NOT_RUN	0			0	0	0	0	0	NOT_RUN	0			0	0	0	0	0
606	CERTIFIED	1	0xbe8af2ca	0xbe8af2ca	13625696804862419920954922597324395315844	7374931772710246881456304620989865388832	0	33	33	33	1	0	715082	0	CERTIFIED	1	0xbe8af2ca	0xbe8af2ca	13625696804862419920954922597324395315844	7374931772710246881456304620989865388832	0	64	33	33	1	31	681157	0	0	0xbe8af2ca	0xbe8af2ca	0	0	NOT_RUN	0			0	0	0	0	0	NOT_RUN	0			0	0	0	0	0
607	CERTIFIED	1	0x9ad8ce3f	0x9ad8ce3f	4890339802845319581328646864870456371934	388154303826855099024016032683677125728	1	1056	963	963	1	93	768173	0	CERTIFIED	1	0x9ad8ce3f	0x9ad8ce3f	4890339802845319581328646864870456371934	388154303826855099024016032683677125728	1	2048	963	963	1	1085	776379	0	0	0x9ad8ce3f	0x9ad8ce3f	0	0	NOT_RUN	0			0	0	0	0	0	NOT_RUN	0			0	0	0	0	0
608	CERTIFIED	1	0x6a09f80d	0x6a09f80d	1712296376265581305596779124070857954164	388154303826855099024016032683677125728	1	1056	948	948	1	108	727051	0	CERTIFIED	1	0x6a09f80d	0x6a09f80d	1712296376265581305596779124070857954164	388154303826855099024016032683677125728	1	2048	948	948	1	1100	750500	0	1	0x6a09f80d	0x6a09f80d	0	0	NOT_RUN	0			0	0	0	0	0	NOT_RUN	0			0	0	0	0	0
609	CERTIFIED	1	0x4d39a3e	0x4d39a3e	63238322528912695200953671474915423622	20429173885623952580211370141246164512	2	16401	13811	13811	8	2590	1292541	0	CERTIFIED	1	0x4d39a3e	0x4d39a3e	63238322528912695200953671474915423622	20429173885623952580211370141246164512	2	31808	13811	13811	8	17997	1478696	0	2	0x46d4d9c	0x46d4d9c,0x4ab4d5c,0x4d2591c,0x4d39a3e,0x4d95d18,0xe294d1c,0x14d54d9c,0x22284d1c	1	0	NOT_RUN	0			0	0	0	0	0	NOT_RUN	0			0	0	0	0	0
610	CERTIFIED	1	0x77acf4e	0x77acf4e	1189497236602141491111946083613041717116	388154303826855099024016032683677125728	1	1056	958	958	2	98	812462	0	CERTIFIED	1	0x77acf4e	0x77acf4e	1189497236602141491111946083613041717116	388154303826855099024016032683677125728	1	2048	958	958	2	1090	719860	0	1	0x77acf4e	0x77acf4e,0x1edacfce	0	0	NOT_RUN	0			0	0	0	0	0	NOT_RUN	0			0	0	0	0	0
611	CERTIFIED	1	0xffefc3af	0xffefc3af	1452422062670986828162902815105917490078	388154303826855099024016032683677125728	1	1056	919	919	1	137	759235	0	CERTIFIED	1	0xffefc3af	0xffefc3af	1452422062670986828162902815105917490078	388154303826855099024016032683677125728	1	2048	919	919	1	1129	708339	0	1	0xffefc3af	0xffefc3af	0	0	NOT_RUN	0			0	0	0	0	0	NOT_RUN	0			0	0	0	0	0
612	CERTIFIED	1	0x25924b7d	0x25924b7d	1178543529177747036674044626383414722160	388154303826855099024016032683677125728	1	1056	980	980	1	76	745437	0	CERTIFIED	1	0x25924b7d	0x25924b7d	1178543529177747036674044626383414722160	388154303826855099024016032683677125728	1	2048	980	980	1	1068	764723	0	1	0x25924b7d	0x25924b7d	0	0	NOT_RUN	0			0	0	0	0	0	NOT_RUN	0			0	0	0	0	0
613	CERTIFIED	1	0xfeb1fde	0xfeb1fde	87670073954759770163173375322927046770	20429173885623952580211370141246164512	2	16401	12677	12677	10	3724	1275955	1	CERTIFIED	1	0xfeb1fde	0xfeb1fde	87670073954759770163173375322927046770	20429173885623952580211370141246164512	2	31808	12677	12677	10	19131	1306961	1	2	0x3fdabde	0x3fdabde,0xfddef5e,0xfeb1fde,0xffb2ed6,0xfffd7de,0x17fb5fbc,0x2dfb6fde,0x2ffb55de,0x4efbafde,0x8ffb57da	1	0	NOT_RUN	0			0	0	0	0	0	NOT_RUN	0			0	0	0	0	0
614	CERTIFIED	1	0x497ffead	0x497ffead	487615764628128803718231806910551962628	388154303826855099024016032683677125728	1	1056	896	896	1	160	884473	0	CERTIFIED	1	0x497ffead	0x497ffead	487615764628128803718231806910551962628	388154303826855099024016032683677125728	1	2048	896	896	1	1152	751355	0	1	0x497ffead	0x497ffead	0	0	NOT_RUN	0			0	0	0	0	0	NOT_RUN	0			0	0	0	0	0
615	CERTIFIED	1	0x63591683	0x63591683	486744009653934670233985993268652009236	388154303826855099024016032683677125728	1	1056	976	976	1	80	747841	1	CERTIFIED	1	0x63591683	0x63591683	486744009653934670233985993268652009236	388154303826855099024016032683677125728	1	2048	976	976	1	1072	711964	1	1	0x63591683	0x63591683	0	0	NOT_RUN	0			0	0	0	0	0	NOT_RUN	0			0	0	0	0	0
616	CERTIFIED	1	0xc5002f99	0xc5002f99	6941050765060525132375654845038791056986	388154303826855099024016032683677125728	1	1056	922	922	1	134	895015	0	CERTIFIED	1	0xc5002f99	0xc5002f99	6941050765060525132375654845038791056986	388154303826855099024016032683677125728	1	2048	922	922	1	1126	715732	0	0	0xc5002f99	0xc5002f99	0	0	NOT_RUN	0			0	0	0	0	0	NOT_RUN	0			0	0	0	0	0
617	CERTIFIED	1	0xf2400a6	0xf2400a6	498650913457132158602161182166551853172	388154303826855099024016032683677125728	1	1056	929	929	1	127	728104	1	CERTIFIED	1	0xf2400a6	0xf2400a6	498650913457132158602161182166551853172	388154303826855099024016032683677125728	1	2048	929	929	1	1119	711615	1	1	0xf2400a6	0xf2400a6	0	0	NOT_RUN	0			0	0	0	0	0	NOT_RUN	0			0	0	0	0	0
618	CERTIFIED	1	0x2377ea2c	0x2377ea2c	316793980923310909454992763483825363138	20429173885623952580211370141246164512	2	16401	13474	13474	6	2927	1325016	0	CERTIFIED	1	0x2377ea2c	0x2377ea2c	316793980923310909454992763483825363138	20429173885623952580211370141246164512	2	31808	13474	13474	6	18334	1743119	0	1	0x2377ea2c	0x2377ea2c	0	0	NOT_RUN	0			0	0	0	0	0	NOT_RUN	0			0	0	0	0	0
619	CERTIFIED	1	0xb3928d9f	0xb3928d9f	5096509633787929341354791832813955611404	388154303826855099024016032683677125728	1	1056	969	969	1	87	738432	0	CERTIFIED	1	0xb3928d9f	0xb3928d9f	5096509633787929341354791832813955611404	388154303826855099024016032683677125728	1	2048	969	969	1	1079	765492	0	0	0xb3928d9f	0xb3928d9f	0	0	NOT_RUN	0			0	0	0	0	0	NOT_RUN	0			0	0	0	0	0
620	CERTIFIED	1	0x2743a705	0x2743a705	5376273757384733523919567152236433390476	388154303826855099024016032683677125728	1	1056	963	963	2	93	703734	0	CERTIFIED	1	0x2743a705	0x2743a705	5376273757384733523919567152236433390476	388154303826855099024016032683677125728	1	2048	963	963	2	1085	738938	0	0	0x2743a705	0x2743a705	0	0	NOT_RUN	0			0	0	0	0	0	NOT_RUN	0			0	0	0	0	0
621	CERTIFIED	1	0xcefbfd3a	0xcefbfd3a	7401888406395080792501872968064604293394	7374931772710246881456304620989865388832	0	33	33	33	1	0	705418	0	CERTIFIED	1	0xcefbfd3a	0xcefbfd3a	7401888406395080792501872968064604293394	7374931772710246881456304620989865388832	0	64	33	33	1	31	864597	0	0	0xcefbfd3a	0xcefbfd3a	0	0	NOT_RUN	0			0	0	0	0	0	NOT_RUN	0			0	0	0	0	0
622	CERTIFIED	1	0x457d13e7	0x457d13e7	559287640644358802616915429369660188036	388154303826855099024016032683677125728	1	1056	961	961	1	95	757542	1	CERTIFIED	1	0x457d13e7	0x457d13e7	559287640644358802616915429369660188036	388154303826855099024016032683677125728	1	2048	961	961	1	1087	708484	1	1	0x457d13e7	0x457d13e7	0	0	NOT_RUN	0			0	0	0	0	0	NOT_RUN	0			0	0	0	0	0
623	CERTIFIED	1	0x52c2fc24	0x52c2fc24	53093077575386276100602578804971099116	20429173885623952580211370141246164512	2	16401	13672	13672	13	2729	1345303	1	CERTIFIED	1	0x52c2fc24	0x52c2fc24	53093077575386276100602578804971099116	20429173885623952580211370141246164512	2	31808	13672	13672	13	18136	1387482	1	2	0x4b513e24	0x4b513e24,0x52c2fc24,0x52e97e20,0x55f17c24,0x56e23e2c,0x56e2df25,0x56e67e34,0x56eabc54,0x56eefc4c,0x56f2fda4,0x57e2fc69,0x6b617624,0xd2e2fca4	1	0	NOT_RUN	0			0	0	0	0	0	NOT_RUN	0			0	0	0	0	0
624	CERTIFIED	1	0xfba217c8	0xfba217c8	62644033478472169174567461792463165898	20429173885623952580211370141246164512	2	16401	13624	13624	6	2777	1431109	0	CERTIFIED	1	0xfba217c8	0xfba217c8	62644033478472169174567461792463165898	20429173885623952580211370141246164512	2	31808	13624	13624	6	18184	1313120	0	2	0xe3d10ba8	0xe3d10ba8,0xf3224b98,0xf3231714,0xf3a30be8,0xf3b2158c,0xfba217c8	1	0	NOT_RUN	0			0	0	0	0	0	NOT_RUN	0			0	0	0	0	0
625	CERTIFIED	1	0x8c52646d	0x8c52646d	243910685455398878103157733381777571716	20429173885623952580211370141246164512	2	16401	13970	13970	9	2431	1358883	1	CERTIFIED	1	0x8c52646d	0x8c52646d	243910685455398878103157733381777571716	20429173885623952580211370141246164512	2	31808	13970	13970	9	17838	1386348	1	1	0x8c52646d	0x8c52646d	0	0	NOT_RUN	0			0	0	0	0	0	NOT_RUN	0			0	0	0	0	0
626	CERTIFIED	1	0x7886f30d	0x7886f30d	28295553815202636986846240971802213600	20429173885623952580211370141246164512	2	16401	13620	13620	6	2781	1290394	1	CERTIFIED	1	0x7886f30d	0x7886f30d	28295553815202636986846240971802213600	20429173885623952580211370141246164512	2	31808	13620	13620	6	18188	1587268	1	2	0x588b1b0d	0x588b1b0d,0x5c433d0d,0x7886f30d,0x7943188d,0x79431919,0x7982330d	1	0	NOT_RUN	0			0	0	0	0	0	NOT_RUN	0			0	0	0	0	0
627	CERTIFIED	1	0x8ee84630	0x8ee84630	38982117717039435937005800811326110934	20429173885623952580211370141246164512	2	16401	13653	13653	1	2748	1335948	1	CERTIFIED	1	0x8ee84630	0x8ee84630	38982117717039435937005800811326110934	20429173885623952580211370141246164512	2	31808	13653	13653	1	18155	1395743	1	2	0x8ee84630	0x8ee84630	0	0	NOT_RUN	0			0	0	0	0	0	NOT_RUN	0			0	0	0	0	0
628	CERTIFIED	1	0xc017c931	0xc017c931	538319836402003052536136002519972426214	388154303826855099024016032683677125728	1	1056	922	922	1	134	796236	0	CERTIFIED	1	0xc017c931	0xc017c931	538319836402003052536136002519972426214	388154303826855099024016032683677125728	1	2048	922	922	1	1126	763140	0	1	0xc017c931	0xc017c931	0	0	NOT_RUN	0			0	0	0	0	0	NOT_RUN	0			0	0	0	0	0
629	CERTIFIED	1	0x1f22f4e7	0x1f22f4e7	282289857495656118861470735196261891284	20429173885623952580211370141246164512	2	16401	13661	13661	7	2740	1340515	0	CERTIFIED	1	0x1f22f4e7	0x1f22f4e7	282289857495656118861470735196261891284	20429173885623952580211370141246164512	2	31808	13661	13661	7	18147	1470826	0	1	0x1f22f4e7	0x1f22f4e7	0	0	NOT_RUN	0			0	0	0	0	0	NOT_RUN	0			0	0	0	0	0
630	CERTIFIED	1	0xc91bb7e0	0xc91bb7e0	76786536726308443208917097025803786378	20429173885623952580211370141246164512	2	16401	13585	13585	10	2816	1317674	1	CERTIFIED	1	0xc91bb7e0	0xc91bb7e0	76786536726308443208917097025803786378	20429173885623952580211370141246164512	2	31808	13585	13585	10	18223	2068585	1	2	0x899d9bf0	0x899d9bf0,0xc83b3be2,0xc85d9ba0,0xc91bb7e0,0xc92bb7c2,0xc939fbe0,0xc97336e0,0xc97b17a0,0xd49d9be3,0xe41d9be4	1	0	NOT_RUN	0			0	0	0	0	0	NOT_RUN	0			0	0	0	0	0
631	CERTIFIED	1	0x35ca430f	0x35ca430f	51147312903835818325563072395307323462	20429173885623952580211370141246164512	2	16401	13772	13772	3	2629	1317808	1	CERTIFIED	1	0x35ca430f	0x35ca430f	51147312903835818325563072395307323462	20429173885623952580211370141246164512	2	31808	13772	13772	3	18036	1551376	1	2	0x1dcd2397	0x1dcd2397,0x35ca430f,0x35cea197	1	0	NOT_RUN	0			0	0	0	0	0	NOT_RUN	0			0	0	0	0	0
632	CERTIFIED	1	0xb9cf903a	0xb9cf903a	1203687399603094113742899738199181171942	388154303826855099024016032683677125728	1	1056	960	960	3	96	795936	1	CERTIFIED	1	0xb9cf903a	0xb9cf903a	1203687399603094113742899738199181171942	388154303826855099024016032683677125728	1	2048	960	960	3	1088	1483727	1	1	0x39ce20ba	0x39ce20ba,0x3ae7803a,0xb9cf903a	1	0	NOT_RUN	0			0	0	0	0	0	NOT_RUN	0			0	0	0	0	0
633	CERTIFIED	1	0x66228434	0x66228434	280507442820345701437630115684212286810	20429173885623952580211370141246164512	2	16401	13584	13584	4	2817	1271937	0	CERTIFIED	1	0x66228434	0x66228434	280507442820345701437630115684212286810	20429173885623952580211370141246164512	2	31808	13584	13584	4	18224	1355595	0	1	0x66228434	0x66228434	0	0	NOT_RUN	0			0	0	0	0	0	NOT_RUN	0			0	0	0	0	0
634	CERTIFIED	1	0xad2b591c	0xad2b591c	5096545297309829847133238979159339771200	388154303826855099024016032683677125728	1	1056	980	980	1	76	727637	0	CERTIFIED	1	0xad2b591c	0xad2b591c	5096545297309829847133238979159339771200	388154303826855099024016032683677125728	1	2048	980	980	1	1068	725278	0	0	0xad2b591c	0xad2b591c	0	0	NOT_RUN	0			0	0	0	0	0	NOT_RUN	0			0	0	0	0	0
635	CERTIFIED	1	0xa15384e8	0xa15384e8	18488473482876786135373098684350901215534	7374931772710246881456304620989865388832	0	33	33	33	1	0	657278	0	CERTIFIED	1	0xa15384e8	0xa15384e8	18488473482876786135373098684350901215534	7374931772710246881456304620989865388832	0	64	33	33	1	31	720955	0	0	0xa15384e8	0xa15384e8	0	0	NOT_RUN	0			0	0	0	0	0	NOT_RUN	0			0	0	0	0	0
636	CERTIFIED	1	0xd883d568	0xd883d568	13904641943218613978231580883220807990498	7374931772710246881456304620989865388832	0	33	33	33	1	0	653752	0	CERTIFIED	1	0xd883d568	0xd883d568	13904641943218613978231580883220807990498	7374931772710246881456304620989865388832	0	64	33	33	1	31	703998	0	0	0xd883d568	0xd883d568	0	0	NOT_RUN	0			0	0	0	0	0	NOT_RUN	0			0	0	0	0	0
637	CERTIFIED	1	0x4f83d3b6	0x4f83d3b6	52594280362839525464487490269994229756	20429173885623952580211370141246164512	2	16401	13430	13430	3	2971	1407008	1	CERTIFIED	1	0x4f83d3b6	0x4f83d3b6	52594280362839525464487490269994229756	20429173885623952580211370141246164512	2	31808	13430	13430	3	18378	1836231	1	2	0xf93a536	0xf93a536,0x4e83a72a,0x4f83d3b6	1	0	NOT_RUN	0			0	0	0	0	0	NOT_RUN	0			0	0	0	0	0
638	CERTIFIED	1	0x2dec8af2	0x2dec8af2	500048178866607333228411098952988381058	388154303826855099024016032683677125728	1	1056	975	975	2	81	881958	0	CERTIFIED	1	0x2dec8af2	0x2dec8af2	500048178866607333228411098952988381058	388154303826855099024016032683677125728	1	2048	975	975	2	1073	1566527	0	1	0x2dea8af0	0x2dea8af0,0x2dec8af2	1	0	NOT_RUN	0			0	0	0	0	0	NOT_RUN	0			0	0	0	0	0
639	CERTIFIED	1	0xb6030969	0xb6030969	28231811341208200985282575872510840026	20429173885623952580211370141246164512	2	16401	13527	13527	2	2874	1328109	0	CERTIFIED	1	0xb6030969	0xb6030969	28231811341208200985282575872510840026	20429173885623952580211370141246164512	2	31808	13527	13527	2	18281	1505642	0	2	0xa6031b5a	0xa6031b5a,0xb6030969	1	0	NOT_RUN	0			0	0	0	0	0	NOT_RUN	0			0	0	0	0	0
640	CERTIFIED	1	0x6c9f6682	0x6c9f6682	1190779469205509262551972916623067310640	388154303826855099024016032683677125728	1	1056	974	974	2	82	747303	1	CERTIFIED	1	0x6c9f6682	0x6c9f6682	1190779469205509262551972916623067310640	388154303826855099024016032683677125728	1	2048	974	974	2	1074	1035552	1	1	0x6c9d66a6	0x6c9d66a6,0x6c9f6682	1	0	NOT_RUN	0			0	0	0	0	0	COMPLETE	1	0x6c9f6682	0x6c9f6682	1190779469205509262551972916623067310640	0	4389	4137451	1
641	CERTIFIED	1	0x24ec3cb8	0x24ec3cb8	996700743512888505804078494811441814382	388154303826855099024016032683677125728	1	1056	974	974	4	82	748377	1	CERTIFIED	1	0x24ec3cb8	0x24ec3cb8	996700743512888505804078494811441814382	388154303826855099024016032683677125728	1	2048	974	974	4	1074	776405	1	1	0x12763eba	0x12763eba,0x24e87975,0x24ec3cb8,0x24ec7aaa	1	0	NOT_RUN	0			0	0	0	0	0	COMPLETE	1	0x24ec3cb8	0x24ec3cb8	996700743512888505804078494811441814382	0	2543	2403817	1
642	CERTIFIED	1	0xe51b28cd	0xe51b28cd	500012715664722148405209220791610542560	388154303826855099024016032683677125728	1	1056	972	972	1	84	767894	1	CERTIFIED	1	0xe51b28cd	0xe51b28cd	500012715664722148405209220791610542560	388154303826855099024016032683677125728	1	2048	972	972	1	1076	748119	1	1	0xe51b28cd	0xe51b28cd	0	0	NOT_RUN	0			0	0	0	0	0	COMPLETE	1	0xe51b28cd	0xe51b28cd	500012715664722148405209220791610542560	0	7751	7200238	1
643	CERTIFIED	1	0x43edd5b7	0x43edd5b7	5326987151715395525554794428963520709808	388154303826855099024016032683677125728	1	1056	966	966	6	90	754508	0	CERTIFIED	1	0x43edd5b7	0x43edd5b7	5326987151715395525554794428963520709808	388154303826855099024016032683677125728	1	2048	966	966	6	1082	850856	0	0	0x43edd5b7	0x43edd5b7	0	0	NOT_RUN	0			0	0	0	0	0	COMPLETE	1	0x43edd5b7	0x43edd5b7	5326987151715395525554794428963520709808	0	649	699853	0
644	CERTIFIED	1	0x7b2b0b44	0x7b2b0b44	947472006892240627114083241422958816298	388154303826855099024016032683677125728	1	1056	977	977	4	79	787254	1	CERTIFIED	1	0x7b2b0b44	0x7b2b0b44	947472006892240627114083241422958816298	388154303826855099024016032683677125728	1	2048	977	977	4	1071	744317	1	1	0x75eb0b44	0x75eb0b44,0x76cb0344,0x76eb0b45,0x7b2b0b44	1	0	NOT_RUN	0			0	0	0	0	0	COMPLETE	1	0x7b2b0b44	0x7b2b0b44	947472006892240627114083241422958816298	0	1431	1411525	1
645	CERTIFIED	1	0x993c3f51	0x993c3f51	4865372974182245391569699430132421815818	388154303826855099024016032683677125728	1	1056	960	960	7	96	1264761	0	CERTIFIED	1	0x993c3f51	0x993c3f51	4865372974182245391569699430132421815818	388154303826855099024016032683677125728	1	2048	960	960	7	1088	784059	0	0	0x993c3f51	0x993c3f51	0	0	NOT_RUN	0			0	0	0	0	0	COMPLETE	1	0x993c3f51	0x993c3f51	4865372974182245391569699430132421815818	0	607	626042	0
646	CERTIFIED	1	0x5a3fdcc9	0x5a3fdcc9	735019046533294092291787575441248993666	388154303826855099024016032683677125728	1	1056	950	950	3	106	922442	1	CERTIFIED	1	0x5a3fdcc9	0x5a3fdcc9	735019046533294092291787575441248993666	388154303826855099024016032683677125728	1	2048	950	950	3	1098	755949	1	1	0x583fa4c9	0x583fa4c9,0x583ff993,0x5a3fdcc9	1	0	NOT_RUN	0			0	0	0	0	0	COMPLETE	1	0x5a3fdcc9	0x5a3fdcc9	735019046533294092291787575441248993666	0	2695	2762440	1
647	CERTIFIED	1	0x71d643cd	0x71d643cd	9512371419340847887970922074687400788978	7374931772710246881456304620989865388832	0	33	33	33	1	0	679259	0	CERTIFIED	1	0x71d643cd	0x71d643cd	9512371419340847887970922074687400788978	7374931772710246881456304620989865388832	0	64	33	33	1	31	652727	0	0	0x71d643cd	0x71d643cd	0	0	NOT_RUN	0			0	0	0	0	0	COMPLETE	1	0x71d643cd	0x71d643cd	9512371419340847887970922074687400788978	0	961	924347	0
648	CERTIFIED	1	0xfbe3ec00	0xfbe3ec00	2329738014650417387468778105518796002858	388154303826855099024016032683677125728	1	1056	931	931	3	125	712705	0	CERTIFIED	1	0xfbe3ec00	0xfbe3ec00	2329738014650417387468778105518796002858	388154303826855099024016032683677125728	1	2048	931	931	3	1117	715871	0	1	0x6be3e600	0x6be3e600,0xe5f5f600,0xfbe3ec00	1	0	NOT_RUN	0			0	0	0	0	0	NOT_RUN	0			0	0	0	0	0
649	CERTIFIED	1	0x5684f611	0x5684f611	960981237234220197343628005388464709804	388154303826855099024016032683677125728	1	1056	972	972	6	84	734673	1	CERTIFIED	1	0x5684f611	0x5684f611	960981237234220197343628005388464709804	388154303826855099024016032683677125728	1	2048	972	972	6	1076	740471	1	1	0x5684f611	0x5684f611,0x568a7b11,0xd680eb11,0xd684bb31,0xd6a27a11,0xdb427b19	0	0	NOT_RUN	0			0	0	0	0	0	NOT_RUN	0			0	0	0	0	0
650	CERTIFIED	1	0x5e91be1b	0x5e91be1b	5133573174706798189796620138406970749156	388154303826855099024016032683677125728	1	1056	963	963	4	93	837825	0	CERTIFIED	1	0x5e91be1b	0x5e91be1b	5133573174706798189796620138406970749156	388154303826855099024016032683677125728	1	2048	963	963	4	1085	762675	0	0	0x5e91be1b	0x5e91be1b	0	0	NOT_RUN	0			0	0	0	0	0	NOT_RUN	0			0	0	0	0	0
651	CERTIFIED	1	0x52533f71	0x52533f71	974287159132039304848900555296291728702	388154303826855099024016032683677125728	1	1056	967	967	8	89	708049	1	CERTIFIED	1	0x52533f71	0x52533f71	974287159132039304848900555296291728702	388154303826855099024016032683677125728	1	2048	967	967	8	1081	742014	1	1	0x29299fb8	0x29299fb8,0x49299ff0,0x52133f30,0x52291fb0,0x52513f50,0x52533f71,0x52733f70,0x552b9fb0	1	0	NOT_RUN	0			0	0	0	0	0	NOT_RUN	0			0	0	0	0	0
652	CERTIFIED	1	0xdd937a0f	0xdd937a0f	75412723253276127838951285050419105774	20429173885623952580211370141246164512	2	16401	13805	13805	36	2596	1294418	1	CERTIFIED	1	0xdd937a0f	0xdd937a0f	75412723253276127838951285050419105774	20429173885623952580211370141246164512	2	31808	13805	13805	36	18003	1360387	1	2	0x5d951a0d	0x5d951a0d,0x66d93a0d,0x99927419,0x9a493a0d,0xced93b0d,0xd5123a0d,0xd5927a8d,0xd892748d,0xd992641a,0xdac90a0d,0xdc927515,0xdc92ba05,0xdc92ea0d,0xdcc9220d,0xdccd3a1d,0xdd52750d,0xdd867419,0xdd90548d,0xdd90730d,0xdd91760d,0xdd92345a,0xdd92380c,0xdd925509,0xdd927289,0xdd927b0c,0xdd937a0f,0xdd967417,0xddb2548d,0xddb2730d,0xddb3760d,0xddd2342d,0xddd2768d,0xdec83a1d,0xfd82744d,0xfd9a720d,0xff92760d	1	0	NOT_RUN	0			0	0	0	0	0	NOT_RUN	0			0	0	0	0	0
653	CERTIFIED	1	0xb09e898a	0xb09e898a	18235697741058092549336687807583188592884	7374931772710246881456304620989865388832	0	33	33	33	1	0	674566	1	CERTIFIED	1	0xb09e898a	0xb09e898a	18235697741058092549336687807583188592884	7374931772710246881456304620989865388832	0	64	33	33	1	31	667238	1	0	0xb09e898a	0xb09e898a	0	0	NOT_RUN	0			0	0	0	0	0	NOT_RUN	0			0	0	0	0	0
654	CERTIFIED	1	0x9f1e3d10	0x9f1e3d10	791202728088796661339067606069620813120	388154303826855099024016032683677125728	1	1056	958	958	4	98	901570	1	CERTIFIED	1	0x9f1e3d10	0x9f1e3d10	791202728088796661339067606069620813120	388154303826855099024016032683677125728	1	2048	958	958	4	1090	764697	1	1	0x8fc73d10	0x8fc73d10,0x9f1e3d10,0x9f273510,0x9f8e7a30	1	0	NOT_RUN	0			0	0	0	0	0	NOT_RUN	0			0	0	0	0	0
655	CERTIFIED	1	0x3ce757ba	0x3ce757ba	535800810271003951975019006011796646032	388154303826855099024016032683677125728	1	1056	974	974	6	82	741824	1	CERTIFIED	1	0x3ce757ba	0x3ce757ba	535800810271003951975019006011796646032	388154303826855099024016032683677125728	1	2048	974	974	6	1074	744469	1	1	0x3ca957ba	0x3ca957ba,0x3caeab74,0x3caeab76,0x3caeaebe,0x3ce757ba,0x5e5657ba	1	0	NOT_RUN	0			0	0	0	0	0	NOT_RUN	0			0	0	0	0	0
656	CERTIFIED	1	0x7ab0858f	0x7ab0858f	949495490665525597472516165175617976680	388154303826855099024016032683677125728	1	1056	965	965	4	91	711401	1	CERTIFIED	1	0x7ab0858f	0x7ab0858f	949495490665525597472516165175617976680	388154303826855099024016032683677125728	1	2048	965	965	4	1083	907101	1	1	0x7a30a18f	0x7a30a18f,0x7a30c50f,0x7a58558f,0x7ab0858f	1	0	NOT_RUN	0			0	0	0	0	0	NOT_RUN	0			0	0	0	0	0
657	CERTIFIED	1	0x2ebdb42c	0x2ebdb42c	13623841697470515502843451017111270217258	7374931772710246881456304620989865388832	0	33	33	33	1	0	658464	1	CERTIFIED	1	0x2ebdb42c	0x2ebdb42c	13623841697470515502843451017111270217258	7374931772710246881456304620989865388832	0	64	33	33	1	31	725430	1	0	0x2ebdb42c	0x2ebdb42c	0	0	NOT_RUN	0			0	0	0	0	0	NOT_RUN	0			0	0	0	0	0
658	CERTIFIED	1	0x6e08c8ba	0x6e08c8ba	22867370961262177971984392197325253106436	7374931772710246881456304620989865388832	0	33	33	33	2	0	654255	0	CERTIFIED	1	0x6e08c8ba	0x6e08c8ba	22867370961262177971984392197325253106436	7374931772710246881456304620989865388832	0	64	33	33	2	31	702215	0	0	0x6e08c8ba	0x6e08c8ba,0x6e119176	0	0	NOT_RUN	0			0	0	0	0	0	NOT_RUN	0			0	0	0	0	0
659	CERTIFIED	1	0xe454c611	0xe454c611	743824078168145453357201745643720876586	388154303826855099024016032683677125728	1	1056	977	977	4	79	729024	1	CERTIFIED	1	0xe454c611	0xe454c611	743824078168145453357201745643720876586	388154303826855099024016032683677125728	1	2048	977	977	4	1071	1130941	1	1	0xc554cc22	0xc554cc22,0xe454c611,0xe56a2611,0xe6ea6611	1	0	NOT_RUN	0			0	0	0	0	0	NOT_RUN	0			0	0	0	0	0
660	CERTIFIED	1	0xe7a2fe08	0xe7a2fe08	13629055185794642960442842710123238480462	7374931772710246881456304620989865388832	0	33	33	33	2	0	669466	0	CERTIFIED	1	0xe7a2fe08	0xe7a2fe08	13629055185794642960442842710123238480462	7374931772710246881456304620989865388832	0	64	33	33	2	31	653459	0	0	0xe7a2fe08	0xe7a2fe08,0xe7a5fc12	0	0	NOT_RUN	0			0	0	0	0	0	NOT_RUN	0			0	0	0	0	0
661	CERTIFIED	1	0xd944ccf3	0xd944ccf3	973079398524024203728216294166839586222	388154303826855099024016032683677125728	1	1056	977	977	7	79	714840	1	CERTIFIED	1	0xd944ccf3	0xd944ccf3	973079398524024203728216294166839586222	388154303826855099024016032683677125728	1	2048	977	977	7	1071	804292	1	1	0x6ca2e633	0x6ca2e633,0xada2e673,0xd145cc73,0xd941cce3,0xd944ccf3,0xd947ce73,0xd94ee673	1	0	NOT_RUN	0			0	0	0	0	0	NOT_RUN	0			0	0	0	0	0
662	CERTIFIED	1	0x79c31028	0x79c31028	548673475504099236299085746376737497832	388154303826855099024016032683677125728	1	1056	960	960	6	96	706034	1	CERTIFIED	1	0x79c31028	0x79c31028	548673475504099236299085746376737497832	388154303826855099024016032683677125728	1	2048	960	960	6	1088	764717	1	1	0x79291028	0x79291028,0x79429020,0x79622828,0x79c31028,0x7b4220a8,0xbca91028	1	0	NOT_RUN	0			0	0	0	0	0	NOT_RUN	0			0	0	0	0	0
663	CERTIFIED	1	0xeef74c70	0xeef74c70	777654508790589993821048549487895201586	388154303826855099024016032683677125728	1	1056	968	968	4	88	706733	0	CERTIFIED	1	0xeef74c70	0xeef74c70	777654508790589993821048549487895201586	388154303826855099024016032683677125728	1	2048	968	968	4	1080	747637	0	1	0x66f74c61	0x66f74c61,0xe6775630,0xe6f54a30,0xeef74c70	1	0	NOT_RUN	0			0	0	0	0	0	NOT_RUN	0			0	0	0	0	0
664	CERTIFIED	1	0x1f61d4b8	0x1f61d4b8	1202304376225894839546990066177071871680	388154303826855099024016032683677125728	1	1056	961	961	3	95	701250	1	CERTIFIED	1	0x1f61d4b8	0x1f61d4b8	1202304376225894839546990066177071871680	388154303826855099024016032683677125728	1	2048	961	961	3	1087	738727	1	1	0xd61f4b8	0xd61f4b8,0x1ec9fcb8,0x1f61d4b8	1	0	NOT_RUN	0			0	0	0	0	0	NOT_RUN	0			0	0	0	0	0
665	CERTIFIED	1	0x2c86bc06	0x2c86bc06	32059795458653319354733311752276710103174	7374931772710246881456304620989865388832	0	33	33	33	1	0	655664	0	CERTIFIED	1	0x2c86bc06	0x2c86bc06	32059795458653319354733311752276710103174	7374931772710246881456304620989865388832	0	64	33	33	1	31	693962	0	0	0x2c86bc06	0x2c86bc06	0	0	NOT_RUN	0			0	0	0	0	0	NOT_RUN	0			0	0	0	0	0
666	CERTIFIED	1	0x70cfc55d	0x70cfc55d	778436155878688360453297351413594505676	388154303826855099024016032683677125728	1	1056	962	962	7	94	755604	0	CERTIFIED	1	0x70cfc55d	0x70cfc55d	778436155878688360453297351413594505676	388154303826855099024016032683677125728	1	2048	962	962	7	1086	717241	0	1	0x60cfc2ad	0x60cfc2ad,0x60cfcadf,0x6167ed5d,0x6267e45d,0x70cfc55d,0xe0cfcb5d,0xe0d7e55d	1	0	NOT_RUN	0			0	0	0	0	0	NOT_RUN	0			0	0	0	0	0
667	CERTIFIED	1	0xb003a448	0xb003a448	827586874789510187228848250981721923228	388154303826855099024016032683677125728	1	1056	928	928	5	128	792384	1	CERTIFIED	1	0xb003a448	0xb003a448	827586874789510187228848250981721923228	388154303826855099024016032683677125728	1	2048	928	928	5	1120	713784	1	1	0x9101a048	0x9101a048,0xb003a448,0xb0c1a048,0xd801a049,0xd821a048	1	0	NOT_RUN	0			0	0	0	0	0	NOT_RUN	0			0	0	0	0	0
668	CERTIFIED	1	0xd12a270c	0xd12a270c	293843159008668408078102669129937903694	20429173885623952580211370141246164512	2	16401	13683	13683	49	2718	1347457	1	CERTIFIED	1	0xd12a270c	0xd12a270c	293843159008668408078102669129937903694	20429173885623952580211370141246164512	2	31808	13683	13683	49	18125	1500728	1	1	0x68b5170c	0x68b5170c,0xd12a270c,0xd16a0d0d,0xf16a0e14	1	0	NOT_RUN	0			0	0	0	0	0	NOT_RUN	0			0	0	0	0	0
669	CERTIFIED	1	0xe3795479	0xe3795479	524977874606776306225927661851930343636	388154303826855099024016032683677125728	1	1056	971	971	3	85	802457	1	CERTIFIED	1	0xe3795479	0xe3795479	524977874606776306225927661851930343636	388154303826855099024016032683677125728	1	2048	971	971	3	1077	755419	1	1	0xe3795479	0xe3795479,0xe67a5479,0xe778a8d9	0	0	NOT_RUN	0			0	0	0	0	0	NOT_RUN	0			0	0	0	0	0
670	CERTIFIED	1	0xfa92f9a2	0xfa92f9a2	1165136883814742473656623456110248980324	388154303826855099024016032683677125728	1	1056	972	972	8	84	739114	1	CERTIFIED	1	0xfa92f9a2	0xfa92f9a2	1165136883814742473656623456110248980324	388154303826855099024016032683677125728	1	2048	972	972	8	1076	720969	1	1	0xd525f1b2	0xd525f1b2,0xda93f9b2,0xf5257364,0xf525f732,0xf52df2b2,0xf692d9b2,0xfa92f9a2,0xfd12f9b2	1	0	NOT_RUN	0			0	0	0	0	0	NOT_RUN	0			0	0	0	0	0
671	CERTIFIED	1	0x29fdc26e	0x29fdc26e	9500945912086422582565630345081773919436	7374931772710246881456304620989865388832	0	33	33	33	1	0	750303	0	CERTIFIED	1	0x29fdc26e	0x29fdc26e	9500945912086422582565630345081773919436	7374931772710246881456304620989865388832	0	64	33	33	1	31	654568	0	0	0x29fdc26e	0x29fdc26e	0	0	NOT_RUN	0			0	0	0	0	0	NOT_RUN	0			0	0	0	0	0
672	CERTIFIED	1	0xf3936999	0xf3936999	512209733989760816864567368724987262116	388154303826855099024016032683677125728	1	1056	975	975	2	81	806406	1	CERTIFIED	1	0xf3936999	0xf3936999	512209733989760816864567368724987262116	388154303826855099024016032683677125728	1	2048	975	975	2	1073	724857	1	1	0xd3b76999	0xd3b76999,0xf3936999	1	0	NOT_RUN	0			0	0	0	0	0	NOT_RUN	0			0	0	0	0	0
673	CERTIFIED	1	0x5e2123ef	0x5e2123ef	1204113783600534970341185344428989996222	388154303826855099024016032683677125728	1	1056	968	968	4	88	755914	1	CERTIFIED	1	0x5e2123ef	0x5e2123ef	1204113783600534970341185344428989996222	388154303826855099024016032683677125728	1	2048	968	968	4	1080	715931	1	1	0x5d10912f	0x5d10912f,0x5e2122ad,0x5e2123ef,0x5ea1235d	1	0	NOT_RUN	0			0	0	0	0	0	NOT_RUN	0			0	0	0	0	0
674	CERTIFIED	1	0x573ff11a	0x573ff11a	4852672494032534357549818623046992800774	388154303826855099024016032683677125728	1	1056	937	937	3	119	742560	1	CERTIFIED	1	0x573ff11a	0x573ff11a	4852672494032534357549818623046992800774	388154303826855099024016032683677125728	1	2048	937	937	3	1111	720133	1	0	0x573ff11a	0x573ff11a	0	0	NOT_RUN	0			0	0	0	0	0	NOT_RUN	0			0	0	0	0	0
675	CERTIFIED	1	0x7a47bd3d	0x7a47bd3d	14328588176622415443146038841718167194688	7374931772710246881456304620989865388832	0	33	33	33	1	0	668527	0	CERTIFIED	1	0x7a47bd3d	0x7a47bd3d	14328588176622415443146038841718167194688	7374931772710246881456304620989865388832	0	64	33	33	1	31	696756	0	0	0x7a47bd3d	0x7a47bd3d	0	0	NOT_RUN	0			0	0	0	0	0	NOT_RUN	0			0	0	0	0	0
676	CERTIFIED	1	0x4331112b	0x4331112b	5801358580621960892589814109719688604968	388154303826855099024016032683677125728	1	1056	965	965	3	91	724056	1	CERTIFIED	1	0x4331112b	0x4331112b	5801358580621960892589814109719688604968	388154303826855099024016032683677125728	1	2048	965	965	3	1083	2032110	1	0	0x4331112b	0x4331112b	0	0	NOT_RUN	0			0	0	0	0	0	NOT_RUN	0			0	0	0	0	0
677	CERTIFIED	1	0x23bd43ab	0x23bd43ab	18027547227046087397492183030142305712338	7374931772710246881456304620989865388832	0	33	33	33	1	0	669584	0	CERTIFIED	1	0x23bd43ab	0x23bd43ab	18027547227046087397492183030142305712338	7374931772710246881456304620989865388832	0	64	33	33	1	31	751342	0	0	0x23bd43ab	0x23bd43ab	0	0	NOT_RUN	0			0	0	0	0	0	NOT_RUN	0			0	0	0	0	0
678	CERTIFIED	1	0x954d970b	0x954d970b	971767113553362800324752866458360384000	388154303826855099024016032683677125728	1	1056	977	977	7	79	760458	1	CERTIFIED	1	0x954d970b	0x954d970b	971767113553362800324752866458360384000	388154303826855099024016032683677125728	1	2048	977	977	7	1071	756399	1	1	0x9482cb8b	0x9482cb8b,0x950d939b,0x950d958a,0x950dc38b,0x954d970b,0xa286cb8b,0xd526cb8b	1	0	NOT_RUN	0			0	0	0	0	0	NOT_RUN	0			0	0	0	0	0
679	CERTIFIED	1	0x6d16b7c0	0x6d16b7c0	1444156297228665074545212113498557668920	388154303826855099024016032683677125728	1	1056	974	974	6	82	809390	1	CERTIFIED	1	0x6d16b7c0	0x6d16b7c0	1444156297228665074545212113498557668920	388154303826855099024016032683677125728	1	2048	974	974	6	1074	853959	1	1	0x368f5ba0	0x368f5ba0,0x6d155ba4,0x6d16b7c0,0x6d16b7c2,0x6d1e9ba0,0x6d96b3a0	1	0	NOT_RUN	0			0	0	0	0	0	NOT_RUN	0			0	0	0	0	0
680	CERTIFIED	1	0x9ed16b8e	0x9ed16b8e	960208692521846841296663847439678747844	388154303826855099024016032683677125728	1	1056	969	969	3	87	758654	1	CERTIFIED	1	0x9ed16b8e	0x9ed16b8e	960208692521846841296663847439678747844	388154303826855099024016032683677125728	1	2048	969	969	3	1079	1778407	1	1	0x9cd46b8e	0x9cd46b8e,0x9da0d79a,0x9ed16b8e	1	0	NOT_RUN	0			0	0	0	0	0	NOT_RUN	0			0	0	0	0	0
681	CERTIFIED	1	0x7047c4e4	0x7047c4e4	14533615396680076332397375207364788761164	7374931772710246881456304620989865388832	0	33	33	33	1	0	887575	0	CERTIFIED	1	0x7047c4e4	0x7047c4e4	14533615396680076332397375207364788761164	7374931772710246881456304620989865388832	0	64	33	33	1	31	1494488	0	0	0x7047c4e4	0x7047c4e4	0	0	NOT_RUN	0			0	0	0	0	0	NOT_RUN	0			0	0	0	0	0
682	CERTIFIED	1	0x12bc7d16	0x12bc7d16	704841968473222166941005543158354936480	388154303826855099024016032683677125728	1	1056	970	970	9	86	1246345	1	CERTIFIED	1	0x12bc7d16	0x12bc7d16	704841968473222166941005543158354936480	388154303826855099024016032683677125728	1	2048	970	970	9	1078	1348291	1	1	0x12bc7d16	0x12bc7d16,0x255c3d96,0x25686d16,0x25687a56,0x25787b14,0x25787e2c,0x257a7916,0x25f87a26,0xa5787a96	0	0	NOT_RUN	0			0	0	0	0	0	NOT_RUN	0			0	0	0	0	0
683	CERTIFIED	1	0xfa3ec5f9	0xfa3ec5f9	13859450903895938379152359421587614423230	7374931772710246881456304620989865388832	0	33	33	33	2	0	749325	0	CERTIFIED	1	0xfa3ec5f9	0xfa3ec5f9	13859450903895938379152359421587614423230	7374931772710246881456304620989865388832	0	64	33	33	2	31	925134	0	0	0xfa3ec5f9	0xfa3ec5f9,0xfa3ecbe9	0	0	NOT_RUN	0			0	0	0	0	0	NOT_RUN	0			0	0	0	0	0
684	CERTIFIED	1	0x1fea2a3	0x1fea2a3	4889734929078742504320377742346472691098	388154303826855099024016032683677125728	1	1056	937	937	11	119	812029	0	CERTIFIED	1	0x1fea2a3	0x1fea2a3	4889734929078742504320377742346472691098	388154303826855099024016032683677125728	1	2048	937	937	11	1111	1008334	0	0	0x1fea2a3	0x1fea2a3	0	0	NOT_RUN	0			0	0	0	0	0	NOT_RUN	0			0	0	0	0	0
685	CERTIFIED	1	0x75eec37c	0x75eec37c	718924166623920121907591292206034554168	388154303826855099024016032683677125728	1	1056	967	967	4	89	745943	1	CERTIFIED	1	0x75eec37c	0x75eec37c	718924166623920121907591292206034554168	388154303826855099024016032683677125728	1	2048	967	967	4	1081	801489	1	1	0x68dd437c	0x68dd437c,0x699cc37c,0x75eec37c,0xb4eec33c	1	0	NOT_RUN	0			0	0	0	0	0	NOT_RUN	0			0	0	0	0	0
686	CERTIFIED	1	0xf7298f51	0xf7298f51	13610339653598646664282238685933767460524	7374931772710246881456304620989865388832	0	33	33	33	2	0	903046	0	CERTIFIED	1	0xf7298f51	0xf7298f51	13610339653598646664282238685933767460524	7374931772710246881456304620989865388832	0	64	33	33	2	31	695690	0	0	0xf394c7a9	0xf394c7a9,0xf7298f51	1	0	NOT_RUN	0			0	0	0	0	0	NOT_RUN	0			0	0	0	0	0
687	CERTIFIED	1	0x93b8d86f	0x93b8d86f	971870065425850958579770130582724333236	388154303826855099024016032683677125728	1	1056	972	972	5	84	738692	0	CERTIFIED	1	0x93b8d86f	0x93b8d86f	971870065425850958579770130582724333236	388154303826855099024016032683677125728	1	2048	972	972	5	1076	775267	0	1	0x1338d46f	0x1338d46f,0x499c6c7f,0x889c6c6f,0x935c6d6f,0x93b8d86f	1	0	NOT_RUN	0			0	0	0	0	0	NOT_RUN	0			0	0	0	0	0
688	CERTIFIED	1	0x930bab0e	0x930bab0e	960311071769092577768370765851273879222	388154303826855099024016032683677125728	1	1056	976	976	4	80	865755	1	CERTIFIED	1	0x930bab0e	0x930bab0e	960311071769092577768370765851273879222	388154303826855099024016032683677125728	1	2048	976	976	4	1072	726359	1	1	0x930bab0e	0x930bab0e,0x9316d50e,0x958b2b1e,0x971b2b0e	0	0	NOT_RUN	0			0	0	0	0	0	NOT_RUN	0			0	0	0	0	0
689	CERTIFIED	1	0x8fbeb1a	0x8fbeb1a	354400210912167255733982729997387161018	20429173885623952580211370141246164512	2	16401	12842	12842	55	3559	1357749	0	CERTIFIED	1	0x8fbeb1a	0x8fbeb1a	354400210912167255733982729997387161018	20429173885623952580211370141246164512	2	31808	12842	12842	55	18966	1876510	0	1	0x8fbeb1a	0x8fbeb1a,0x8fdd75a	0	0	NOT_RUN	0			0	0	0	0	0	NOT_RUN	0			0	0	0	0	0
690	CERTIFIED	1	0x75d8909f	0x75d8909f	5570920625900905566358263756442531049018	388154303826855099024016032683677125728	1	1056	960	960	5	96	783041	1	CERTIFIED	1	0x75d8909f	0x75d8909f	5570920625900905566358263756442531049018	388154303826855099024016032683677125728	1	2048	960	960	5	1088	984375	1	0	0x75d8909f	0x75d8909f	0	0	NOT_RUN	0			0	0	0	0	0	NOT_RUN	0			0	0	0	0	0
691	CERTIFIED	1	0xbbda4421	0xbbda4421	304662282214866382361073021792555921422	20429173885623952580211370141246164512	2	16401	13610	13610	39	2791	1861751	1	CERTIFIED	1	0xbbda4421	0xbbda4421	304662282214866382361073021792555921422	20429173885623952580211370141246164512	2	31808	13610	13610	39	18198	2375205	1	1	0x4dfa44a1	0x4dfa44a1,0xbbda4421	1	0	NOT_RUN	0			0	0	0	0	0	NOT_RUN	0			0	0	0	0	0
692	CERTIFIED	1	0x94e9717b	0x94e9717b	18014803570462661198443025148374548786076	7374931772710246881456304620989865388832	0	33	33	33	1	0	812554	0	CERTIFIED	1	0x94e9717b	0x94e9717b	18014803570462661198443025148374548786076	7374931772710246881456304620989865388832	0	64	33	33	1	31	745518	0	0	0x94e9717b	0x94e9717b	0	0	NOT_RUN	0			0	0	0	0	0	NOT_RUN	0			0	0	0	0	0
693	CERTIFIED	1	0x62c6f229	0x62c6f229	960378278955330293467601270624242606778	388154303826855099024016032683677125728	1	1056	980	980	3	76	798514	1	CERTIFIED	1	0x62c6f229	0x62c6f229	960378278955330293467601270624242606778	388154303826855099024016032683677125728	1	2048	980	980	3	1068	905281	1	1	0x62c6f229	0x62c6f229,0x6ac6e421,0x6ac6e52d	0	0	NOT_RUN	0			0	0	0	0	0	NOT_RUN	0			0	0	0	0	0
694	CERTIFIED	1	0x7ca53b62	0x7ca53b62	1189396527546728324119482092255038834622	388154303826855099024016032683677125728	1	1056	980	980	5	76	774518	1	CERTIFIED	1	0x7ca53b62	0x7ca53b62	1189396527546728324119482092255038834622	388154303826855099024016032683677125728	1	2048	980	980	5	1068	796777	1	1	0x394aab62	0x394aab62,0x3ca52f62,0x594a56e2,0x794a56a6,0x7ca53b62	1	0	NOT_RUN	0			0	0	0	0	0	NOT_RUN	0			0	0	0	0	0
695	CERTIFIED	1	0xab36e497	0xab36e497	729135313861553123966488388007059692244	388154303826855099024016032683677125728	1	1056	983	983	6	73	1061076	1	CERTIFIED	1	0xab36e497	0xab36e497	729135313861553123966488388007059692244	388154303826855099024016032683677125728	1	2048	983	983	6	1065	759776	1	1	0x959b705b	0x959b705b,0xa59b724b,0xaa9f725b,0xab34e4b6,0xab36e495,0xab36e497	1	0	NOT_RUN	0			0	0	0	0	0	NOT_RUN	0			0	0	0	0	0
696	CERTIFIED	1	0xd752ca59	0xd752ca59	5120132742604389574207768830359102699702	388154303826855099024016032683677125728	1	1056	982	982	3	74	1356554	0	CERTIFIED	1	0xd752ca59	0xd752ca59	5120132742604389574207768830359102699702	388154303826855099024016032683677125728	1	2048	982	982	3	1066	859908	0	0	0xd752ca59	0xd752ca59	0	0	NOT_RUN	0			0	0	0	0	0	NOT_RUN	0			0	0	0	0	0
697	CERTIFIED	1	0x739c1b33	0x739c1b33	779610599755071849729090099646310668262	388154303826855099024016032683677125728	1	1056	968	968	9	88	1210052	0	CERTIFIED	1	0x739c1b33	0x739c1b33	779610599755071849729090099646310668262	388154303826855099024016032683677125728	1	2048	968	968	9	1080	926313	0	1	0x39d41b33	0x39d41b33,0x52c41b33,0x73083733,0x73883627,0x73883669,0x73883765,0x73883b32,0x739c1b33,0xb9c49b33	1	0	NOT_RUN	0			0	0	0	0	0	NOT_RUN	0			0	0	0	0	0
698	CERTIFIED	1	0x59e61407	0x59e61407	1662464896381708711689129793698288870284	388154303826855099024016032683677125728	1	1056	965	965	6	91	808537	1	CERTIFIED	1	0x59e61407	0x59e61407	1662464896381708711689129793698288870284	388154303826855099024016032683677125728	1	2048	965	965	6	1083	1291211	1	1	0x51e54a07	0x51e54a07,0x58e68a07,0x59e61407,0x5be69447,0x79eb4a07,0xacf34807	1	0	NOT_RUN	0			0	0	0	0	0	NOT_RUN	0			0	0	0	0	0
699	CERTIFIED	1	0x3ea48c56	0x3ea48c56	485866950351398026275829524423415646378	388154303826855099024016032683677125728	1	1056	972	972	3	84	806962	0	CERTIFIED	1	0x3ea48c56	0x3ea48c56	485866950351398026275829524423415646378	388154303826855099024016032683677125728	1	2048	972	972	3	1076	784951	0	1	0x1ea4852a	0x1ea4852a,0x3ea48c54,0x3ea48c56	1	0	NOT_RUN	0			0	0	0	0	0	NOT_RUN	0			0	0	0	0	0
700	CERTIFIED	1	0xd8c10658	0xd8c10658	5123934819450029275995988785717298958288	388154303826855099024016032683677125728	1	1056	960	960	4	96	1170979	0	CERTIFIED	1	0xd8c10658	0xd8c10658	5123934819450029275995988785717298958288	388154303826855099024016032683677125728	1	2048	960	960	4	1088	1081350	0	0	0xd8c10628	0xd8c10628,0xd8c10658	1	0	NOT_RUN	0			0	0	0	0	0	NOT_RUN	0			0	0	0	0	0
701	CERTIFIED	1	0xb526847c	0xb526847c	9243600012486810082863858435422945927342	7374931772710246881456304620989865388832	0	33	33	33	1	0	878118	1	CERTIFIED	1	0xb526847c	0xb526847c	9243600012486810082863858435422945927342	7374931772710246881456304620989865388832	0	64	33	33	1	31	889118	1	0	0xb526847c	0xb526847c	0	0	NOT_RUN	0			0	0	0	0	0	NOT_RUN	0			0	0	0	0	0
702	CERTIFIED	1	0x8dc7c26f	0x8dc7c26f	18962181932041227863364909156157244939564	7374931772710246881456304620989865388832	0	33	33	33	2	0	875096	0	CERTIFIED	1	0x8dc7c26f	0x8dc7c26f	18962181932041227863364909156157244939564	7374931772710246881456304620989865388832	0	64	33	33	2	31	816058	0	0	0x8dc7c26f	0x8dc7c26f,0x8dd3e26f	0	0	NOT_RUN	0			0	0	0	0	0	NOT_RUN	0			0	0	0	0	0
703	CERTIFIED	1	0xc7a1a7bd	0xc7a1a7bd	959710170685547471514404760061525095854	388154303826855099024016032683677125728	1	1056	969	969	6	87	926387	0	CERTIFIED	1	0xc7a1a7bd	0xc7a1a7bd	959710170685547471514404760061525095854	388154303826855099024016032683677125728	1	2048	969	969	6	1079	966455	0	1	0x87a34f75	0x87a34f75,0xabd1a7b9,0xc7a1a7bd,0xc7a34d99,0xc7a3cf39,0xc7b367b9	1	0	NOT_RUN	0			0	0	0	0	0	NOT_RUN	0			0	0	0	0	0
704	CERTIFIED	1	0x5d97b1b7	0x5d97b1b7	5352484330980978247313865293134034783048	388154303826855099024016032683677125728	1	1056	970	970	3	86	955663	0	CERTIFIED	1	0x5d97b1b7	0x5d97b1b7	5352484330980978247313865293134034783048	388154303826855099024016032683677125728	1	2048	970	970	3	1078	947334	0	0	0x5d97b1b7	0x5d97b1b7	0	0	COMPLETE	1	0x5d97b1b7	0x5d97b1b7	5352484330980978247313865293134034783048	2097152	0	659202003	0	COMPLETE	1	0x5d97b1b7	0x5d97b1b7	5352484330980978247313865293134034783048	0	737	805295	0
705	CERTIFIED	1	0xb8f2df5b	0xb8f2df5b	9255862556423336944003860727880922872690	7374931772710246881456304620989865388832	0	33	33	33	1	0	722121	0	CERTIFIED	1	0xb8f2df5b	0xb8f2df5b	9255862556423336944003860727880922872690	7374931772710246881456304620989865388832	0	64	33	33	1	31	1647199	0	0	0xb8f2df5b	0xb8f2df5b	0	0	COMPLETE	1	0xb8f2df5b	0xb8f2df5b	9255862556423336944003860727880922872690	2097152	0	661520728	0	COMPLETE	1	0xb8f2df5b	0xb8f2df5b	9255862556423336944003860727880922872690	0	1517	2077483	0
706	CERTIFIED	1	0xf8581166	0xf8581166	9474068418432482671936211052738034294244	7374931772710246881456304620989865388832	0	33	33	33	1	0	1813671	0	CERTIFIED	1	0xf8581166	0xf8581166	9474068418432482671936211052738034294244	7374931772710246881456304620989865388832	0	64	33	33	1	31	896365	0	0	0xf8581166	0xf8581166	0	0	COMPLETE	1	0xf8581166	0xf8581166	9474068418432482671936211052738034294244	2097152	0	715980607	0	COMPLETE	1	0xf8581166	0xf8581166	9474068418432482671936211052738034294244	0	2081	1975775	0
707	CERTIFIED	1	0x937d23b5	0x937d23b5	1178646393171077503284145916719977380564	388154303826855099024016032683677125728	1	1056	974	974	4	82	1063609	1	CERTIFIED	1	0x937d23b5	0x937d23b5	1178646393171077503284145916719977380564	388154303826855099024016032683677125728	1	2048	974	974	4	1074	1918682	1	1	0x91fd23b1	0x91fd23b1,0x937d23b5,0x95bd33b1,0xd36d23b1	1	0	COMPLETE	1	0x937d23b5	0x937d23b5	1178646393171077503284145916719977380564	2097152	0	690522212	1	COMPLETE	1	0x937d23b5	0x937d23b5	1178646393171077503284145916719977380564	0	1001	1178966	1
708	CERTIFIED	1	0x298b9305	0x298b9305	10397308963644269968959417052490800515746	7374931772710246881456304620989865388832	0	33	33	33	1	0	1684008	0	CERTIFIED	1	0x298b9305	0x298b9305	10397308963644269968959417052490800515746	7374931772710246881456304620989865388832	0	64	33	33	1	31	697621	0	0	0x298b9305	0x298b9305	0	0	COMPLETE	1	0x298b9305	0x298b9305	10397308963644269968959417052490800515746	2097152	0	623523112	0	COMPLETE	1	0x298b9305	0x298b9305	10397308963644269968959417052490800515746	0	433	479785	0
709	CERTIFIED	1	0x1ae23165	0x1ae23165	13903402454095756729214063673516673660676	7374931772710246881456304620989865388832	0	33	33	33	1	0	723744	0	CERTIFIED	1	0x1ae23165	0x1ae23165	13903402454095756729214063673516673660676	7374931772710246881456304620989865388832	0	64	33	33	1	31	1646657	0	0	0x1ae23165	0x1ae23165	0	0	COMPLETE	1	0x1ae23165	0x1ae23165	13903402454095756729214063673516673660676	2097152	0	613821195	0	COMPLETE	1	0x1ae23165	0x1ae23165	13903402454095756729214063673516673660676	0	97	146246	0
710	CERTIFIED	1	0xaacdd1bf	0xaacdd1bf	1396309031103120224554936538622673831328	388154303826855099024016032683677125728	1	1056	974	974	4	82	2113840	1	CERTIFIED	1	0xaacdd1bf	0xaacdd1bf	1396309031103120224554936538622673831328	388154303826855099024016032683677125728	1	2048	974	974	4	1074	807811	1	1	0xa84dd1bb	0xa84dd1bb,0xaa6dd1be,0xaacdd1bf,0xd566e8df	1	0	COMPLETE	1	0xaacdd1bf	0xaacdd1bf	1396309031103120224554936538622673831328	2097152	0	780353899	1	COMPLETE	1	0xaacdd1bf	0xaacdd1bf	1396309031103120224554936538622673831328	0	1087	1885256	1
711	CERTIFIED	1	0x91c78b	0x91c78b	41737462234423438449404653753695458072	20429173885623952580211370141246164512	2	16401	13107	13107	5	3294	1855001	1	CERTIFIED	1	0x91c78b	0x91c78b	41737462234423438449404653753695458072	20429173885623952580211370141246164512	2	31808	13107	13107	5	18701	3710686	1	2	0x81cd8b	0x81cd8b,0x91c78b,0x91d781,0x948583,0x4048edc3	1	0	COMPLETE	1	0x91c78b	0x91c78b	41737462234423438449404653753695458072	2097152	0	649129743	1	COMPLETE	1	0x91c78b	0x91c78b	41737462234423438449404653753695458072	0	7779	7354337	1
712	CERTIFIED	1	0x1d1a1184	0x1d1a1184	948826745610841672281929715125719823870	388154303826855099024016032683677125728	1	1056	973	973	2	83	1762980	1	CERTIFIED	1	0x1d1a1184	0x1d1a1184	948826745610841672281929715125719823870	388154303826855099024016032683677125728	1	2048	973	973	2	1075	781089	1	1	0x1d1a1184	0x1d1a1184,0x591b1184	0	0	NOT_RUN	0			0	0	0	0	0	NOT_RUN	0			0	0	0	0	0
713	CERTIFIED	1	0x983c3b08	0x983c3b08	1010750909684022376584548780815694612906	388154303826855099024016032683677125728	1	1056	965	965	1	91	840302	1	CERTIFIED	1	0x983c3b08	0x983c3b08	1010750909684022376584548780815694612906	388154303826855099024016032683677125728	1	2048	965	965	1	1083	715808	1	1	0x983c3b08	0x983c3b08	0	0	NOT_RUN	0			0	0	0	0	0	NOT_RUN	0			0	0	0	0	0
714	CERTIFIED	1	0x3eed88ed	0x3eed88ed	63913866569525992974644610437542236374	20429173885623952580211370141246164512	2	16401	13821	13821	10	2580	1274658	1	CERTIFIED	1	0x3eed88ed	0x3eed88ed	63913866569525992974644610437542236374	20429173885623952580211370141246164512	2	31808	13821	13821	10	17987	1337851	1	2	0x1e76e665	0x1e76e665,0x34edc8d5,0x3c6d88e9,0x3cc6c425,0x3cccc065,0x3eed88ed,0x3eedc8c5,0x5656c465,0x5e76cc75,0x5e76e464	1	0	NOT_RUN	0			0	0	0	0	0	NOT_RUN	0			0	0	0	0	0
715	CERTIFIED	1	0x59d81799	0x59d81799	38451679679726579350504850471890383200	20429173885623952580211370141246164512	2	16401	13970	13970	5	2431	1325773	0	CERTIFIED	1	0x59d81799	0x59d81799	38451679679726579350504850471890383200	20429173885623952580211370141246164512	2	31808	13970	13970	5	17838	2178319	0	2	0x2ed9d799	0x2ed9d799,0x59a32e9b,0x59d81799,0x59f32e35,0x79a32b99	1	0	NOT_RUN	0			0	0	0	0	0	NOT_RUN	0			0	0	0	0	0
716	CERTIFIED	1	0x9c8b8086	0x9c8b8086	15009165085584274827851382708112158723368	7374931772710246881456304620989865388832	0	33	33	33	1	0	726389	0	CERTIFIED	1	0x9c8b8086	0x9c8b8086	15009165085584274827851382708112158723368	7374931772710246881456304620989865388832	0	64	33	33	1	31	692265	0	0	0x9c8b8086	0x9c8b8086	0	0	NOT_RUN	0			0	0	0	0	0	NOT_RUN	0			0	0	0	0	0
717	CERTIFIED	1	0xe7e841d9	0xe7e841d9	16197642442299567642716596975145044142	1075219678190734346326914217960324448	3	164736	115871	115871	49	48865	7672487	1	CERTIFIED	1	0xe7e841d9	0xe7e841d9	16197642442299567642716596975145044142	1075219678190734346326914217960324448	3	319488	115871	115871	49	203617	12329872	1	2	0xc7ca20f0	0xc7ca20f0,0xe7e801f1,0xe7e841d9	1	0	NOT_RUN	0			0	0	0	0	0	NOT_RUN	0			0	0	0	0	0
718	CERTIFIED	1	0xfe6576db	0xfe6576db	1638871860595291428132265690322306780972	388154303826855099024016032683677125728	1	1056	969	969	4	87	1028398	1	CERTIFIED	1	0xfe6576db	0xfe6576db	1638871860595291428132265690322306780972	388154303826855099024016032683677125728	1	2048	969	969	4	1079	806595	1	1	0xf46576cb	0xf46576cb,0xfccaedb7,0xfce556cb,0xfe6576db	1	0	NOT_RUN	0			0	0	0	0	0	NOT_RUN	0			0	0	0	0	0
719	CERTIFIED	1	0xbacd9316	0xbacd9316	9486971128079236808289195150009484194458	7374931772710246881456304620989865388832	0	33	33	33	1	0	676800	0	CERTIFIED	1	0xbacd9316	0xbacd9316	9486971128079236808289195150009484194458	7374931772710246881456304620989865388832	0	64	33	33	1	31	683113	0	0	0xbacd9316	0xbacd9316	0	0	NOT_RUN	0			0	0	0	0	0	NOT_RUN	0			0	0	0	0	0
720	CERTIFIED	1	0x718bf6fb	0x718bf6fb	22404623116164631231610499866329932923090	7374931772710246881456304620989865388832	0	33	33	33	1	0	691899	0	CERTIFIED	1	0x718bf6fb	0x718bf6fb	22404623116164631231610499866329932923090	7374931772710246881456304620989865388832	0	64	33	33	1	31	686955	0	0	0x718bf6fb	0x718bf6fb	0	0	NOT_RUN	0			0	0	0	0	0	NOT_RUN	0			0	0	0	0	0
721	CERTIFIED	1	0x66e5d80d	0x66e5d80d	1663198711202354882728667811981495364760	388154303826855099024016032683677125728	1	1056	967	967	5	89	729459	1	CERTIFIED	1	0x66e5d80d	0x66e5d80d	1663198711202354882728667811981495364760	388154303826855099024016032683677125728	1	2048	967	967	5	1081	707370	1	1	0x3373e40d	0x3373e40d,0x6372e42d,0x6672a40d,0x66e5d80d,0x7772e40d	1	0	NOT_RUN	0			0	0	0	0	0	NOT_RUN	0			0	0	0	0	0
722	CERTIFIED	1	0x4ac62e3d	0x4ac62e3d	283025337882880739767253903187170151800	20429173885623952580211370141246164512	2	16401	13822	13822	7	2579	1327384	0	CERTIFIED	1	0x4ac62e3d	0x4ac62e3d	283025337882880739767253903187170151800	20429173885623952580211370141246164512	2	31808	13822	13822	7	17986	1370102	0	1	0x4ac62e3d	0x4ac62e3d	0	0	NOT_RUN	0			0	0	0	0	0	NOT_RUN	0			0	0	0	0	0
723	CERTIFIED	1	0x4a469320	0x4a469320	486506954146169803226970836952628355030	388154303826855099024016032683677125728	1	1056	970	970	1	86	747882	1	CERTIFIED	1	0x4a469320	0x4a469320	486506954146169803226970836952628355030	388154303826855099024016032683677125728	1	2048	970	970	1	1078	773823	1	1	0x4a469320	0x4a469320	0	0	NOT_RUN	0			0	0	0	0	0	NOT_RUN	0			0	0	0	0	0
724	CERTIFIED	1	0xfdada3af	0xfdada3af	268403671975013946348724274141525574668	20429173885623952580211370141246164512	2	16401	13432	13432	9	2969	1317515	0	CERTIFIED	1	0xfdada3af	0xfdada3af	268403671975013946348724274141525574668	20429173885623952580211370141246164512	2	31808	13432	13432	9	18376	1478409	0	1	0xfdada3af	0xfdada3af	0	0	NOT_RUN	0			0	0	0	0	0	NOT_RUN	0			0	0	0	0	0
725	CERTIFIED	1	0x37dabb2a	0x37dabb2a	62065739411209380337365278999601801734	20429173885623952580211370141246164512	2	16401	13946	13946	5	2455	1242911	1	CERTIFIED	1	0x37dabb2a	0x37dabb2a	62065739411209380337365278999601801734	20429173885623952580211370141246164512	2	31808	13946	13946	5	17862	1349465	1	2	0x33b5706a	0x33b5706a,0x37b4726b,0x37dabb2a,0x3ddabb3a,0x3feab93a	1	0	NOT_RUN	0			0	0	0	0	0	NOT_RUN	0			0	0	0	0	0
726	CERTIFIED	1	0xea8675b1	0xea8675b1	704203555473722522180642561439947055662	388154303826855099024016032683677125728	1	1056	977	977	3	79	795284	1	CERTIFIED	1	0xea8675b1	0xea8675b1	704203555473722522180642561439947055662	388154303826855099024016032683677125728	1	2048	977	977	3	1071	898752	1	1	0xba867531	0xba867531,0xd50ceb63,0xea8675b1	1	0	NOT_RUN	0			0	0	0	0	0	NOT_RUN	0			0	0	0	0	0
727	CERTIFIED	1	0x90603161	0x90603161	733047127895642698778864964237846341852	388154303826855099024016032683677125728	1	1056	959	959	1	97	829770	1	CERTIFIED	1	0x90603161	0x90603161	733047127895642698778864964237846341852	388154303826855099024016032683677125728	1	2048	959	959	1	1089	1054149	1	1	0x90603161	0x90603161	0	0	NOT_RUN	0			0	0	0	0	0	NOT_RUN	0			0	0	0	0	0
728	CERTIFIED	1	0x1b0fc620	0x1b0fc620	526895065252637579335567137821317354334	388154303826855099024016032683677125728	1	1056	957	957	2	99	750603	1	CERTIFIED	1	0x1b0fc620	0x1b0fc620	526895065252637579335567137821317354334	388154303826855099024016032683677125728	1	2048	957	957	2	1091	759776	1	1	0x1a4fc622	0x1a4fc622,0x1b0fc620	1	0	NOT_RUN	0			0	0	0	0	0	NOT_RUN	0			0	0	0	0	0
729	CERTIFIED	1	0x63bbfe7f	0x63bbfe7f	9716729248938935356017355822877401657064	7374931772710246881456304620989865388832	0	33	33	33	1	0	1041984	0	CERTIFIED	1	0x63bbfe7f	0x63bbfe7f	9716729248938935356017355822877401657064	7374931772710246881456304620989865388832	0	64	33	33	1	31	703528	0	0	0x63bbfe7f	0x63bbfe7f	0	0	NOT_RUN	0			0	0	0	0	0	NOT_RUN	0			0	0	0	0	0
730	CERTIFIED	1	0xf97847b	0xf97847b	51962844503757484774050222049754674658	20429173885623952580211370141246164512	2	16401	13601	13601	3	2800	1277841	1	CERTIFIED	1	0xf97847b	0xf97847b	51962844503757484774050222049754674658	20429173885623952580211370141246164512	2	31808	13601	13601	3	18207	1400624	1	2	0xb33845b	0xb33845b,0xf9684db,0xf97847b	1	0	NOT_RUN	0			0	0	0	0	0	NOT_RUN	0			0	0	0	0	0
731	CERTIFIED	1	0x325112d5	0x325112d5	4864766104370898893340001641842624007986	388154303826855099024016032683677125728	1	1056	981	981	1	75	750674	0	CERTIFIED	1	0x325112d5	0x325112d5	4864766104370898893340001641842624007986	388154303826855099024016032683677125728	1	2048	981	981	1	1067	834108	0	0	0x325112d5	0x325112d5	0	0	NOT_RUN	0			0	0	0	0	0	NOT_RUN	0			0	0	0	0	0
732	CERTIFIED	1	0xc3fe8fc2	0xc3fe8fc2	20063475780762412833791648307760943603186	7374931772710246881456304620989865388832	0	33	33	33	1	0	723036	0	CERTIFIED	1	0xc3fe8fc2	0xc3fe8fc2	20063475780762412833791648307760943603186	7374931772710246881456304620989865388832	0	64	33	33	1	31	1078706	0	0	0xc3fe8fc2	0xc3fe8fc2	0	0	NOT_RUN	0			0	0	0	0	0	NOT_RUN	0			0	0	0	0	0
733	CERTIFIED	1	0x6306b376	0x6306b376	718317581432091147023938475406542980520	388154303826855099024016032683677125728	1	1056	971	971	2	85	729303	0	CERTIFIED	1	0x6306b376	0x6306b376	718317581432091147023938475406542980520	388154303826855099024016032683677125728	1	2048	971	971	2	1077	760828	0	1	0x4b06b336	0x4b06b336,0x6306b376	1	0	NOT_RUN	0			0	0	0	0	0	NOT_RUN	0			0	0	0	0	0
734	CERTIFIED	1	0x6d8d282e	0x6d8d282e	268340306460783423630915922396515653378	20429173885623952580211370141246164512	2	16401	13690	13690	9	2711	1286020	1	CERTIFIED	1	0x6d8d282e	0x6d8d282e	268340306460783423630915922396515653378	20429173885623952580211370141246164512	2	31808	13690	13690	9	18118	1408686	1	1	0x6d8d282e	0x6d8d282e	0	0	NOT_RUN	0			0	0	0	0	0	NOT_RUN	0			0	0	0	0	0
735	CERTIFIED	1	0x1d4354a2	0x1d4354a2	270119082671484669315344590486124363186	20429173885623952580211370141246164512	2	16401	13699	13699	6	2702	1260516	0	CERTIFIED	1	0x1d4354a2	0x1d4354a2	270119082671484669315344590486124363186	20429173885623952580211370141246164512	2	31808	13699	13699	6	18109	1413505	0	1	0x1d4354a2	0x1d4354a2	0	0	NOT_RUN	0			0	0	0	0	0	NOT_RUN	0			0	0	0	0	0
736	CERTIFIED	1	0x884a6797	0x884a6797	51179419410553293384706261959690517262	20429173885623952580211370141246164512	2	16401	13332	13332	7	3069	1295377	1	CERTIFIED	1	0x884a6797	0x884a6797	51179419410553293384706261959690517262	20429173885623952580211370141246164512	2	31808	13332	13332	7	18476	1824414	1	2	0x804833b7	0x804833b7,0x80493317,0x804d3197,0x80ca27ab,0x824a27af,0x884a6797,0xc12513d7	1	0	NOT_RUN	0			0	0	0	0	0	NOT_RUN	0			0	0	0	0	0
737	CERTIFIED	1	0xf351e619	0xf351e619	9510458144092026735519271807524113419778	7374931772710246881456304620989865388832	0	33	33	33	1	0	660546	0	CERTIFIED	1	0xf351e619	0xf351e619	9510458144092026735519271807524113419778	7374931772710246881456304620989865388832	0	64	33	33	1	31	751634	0	0	0xf351e619	0xf351e619	0	0	NOT_RUN	0			0	0	0	0	0	NOT_RUN	0			0	0	0	0	0
738	CERTIFIED	1	0xcae5bed2	0xcae5bed2	485905757848682098749652604853989653586	388154303826855099024016032683677125728	1	1056	969	969	2	87	731771	1	CERTIFIED	1	0xcae5bed2	0xcae5bed2	485905757848682098749652604853989653586	388154303826855099024016032683677125728	1	2048	969	969	2	1079	753931	1	1	0x95cb7da5	0x95cb7da5,0xcae5bed2	1	0	NOT_RUN	0			0	0	0	0	0	NOT_RUN	0			0	0	0	0	0
739	CERTIFIED	1	0xe66f2d7f	0xe66f2d7f	522928521194869387296223237388782816628	388154303826855099024016032683677125728	1	1056	959	959	1	97	716296	0	CERTIFIED	1	0xe66f2d7f	0xe66f2d7f	522928521194869387296223237388782816628	388154303826855099024016032683677125728	1	2048	959	959	1	1089	754305	0	1	0xe66f2d7f	0xe66f2d7f	0	0	NOT_RUN	0			0	0	0	0	0	NOT_RUN	0			0	0	0	0	0
740	CERTIFIED	1	0x1623999a	0x1623999a	510936452685335949918855135996040724156	388154303826855099024016032683677125728	1	1056	975	975	2	81	715831	1	CERTIFIED	1	0x1623999a	0x1623999a	510936452685335949918855135996040724156	388154303826855099024016032683677125728	1	2048	975	975	2	1073	744003	1	1	0x14139b9a	0x14139b9a,0x1623999a	1	0	NOT_RUN	0			0	0	0	0	0	NOT_RUN	0			0	0	0	0	0
741	CERTIFIED	1	0xf06c41d4	0xf06c41d4	332218220704001712002751564015763334636	20429173885623952580211370141246164512	2	16401	13047	13047	13	3354	1317861	1	CERTIFIED	1	0xf06c41d4	0xf06c41d4	332218220704001712002751564015763334636	20429173885623952580211370141246164512	2	31808	13047	13047	13	18761	1344981	1	1	0xe82600d4	0xe82600d4,0xf06c41d4	1	0	NOT_RUN	0			0	0	0	0	0	NOT_RUN	0			0	0	0	0	0
742	CERTIFIED	1	0xa721f9ce	0xa721f9ce	53133575376383143168956241784549996804	20429173885623952580211370141246164512	2	16401	13798	13798	7	2603	1306273	0	CERTIFIED	1	0xa721f9ce	0xa721f9ce	53133575376383143168956241784549996804	20429173885623952580211370141246164512	2	31808	13798	13798	7	18010	1324606	0	2	0x3523d34e	0x3523d34e,0xa721f9ce,0xb721d35e,0xb723524e,0xb723d21e,0xb725f9cf,0xb761e9ee	1	0	NOT_RUN	0			0	0	0	0	0	NOT_RUN	0			0	0	0	0	0
743	CERTIFIED	1	0x219b8448	0x219b8448	475687634541758006053872586420091677190	388154303826855099024016032683677125728	1	1056	970	970	1	86	793847	0	CERTIFIED	1	0x219b8448	0x219b8448	475687634541758006053872586420091677190	388154303826855099024016032683677125728	1	2048	970	970	1	1078	746865	0	1	0x219b8448	0x219b8448	0	0	NOT_RUN	0			0	0	0	0	0	NOT_RUN	0			0	0	0	0	0
744	CERTIFIED	1	0x7ef44534	0x7ef44534	26783324389757102818189315739802781189658	7374931772710246881456304620989865388832	0	33	33	33	1	0	676372	0	CERTIFIED	1	0x7ef44534	0x7ef44534	26783324389757102818189315739802781189658	7374931772710246881456304620989865388832	0	64	33	33	1	31	655288	0	0	0x7ef44534	0x7ef44534	0	0	NOT_RUN	0			0	0	0	0	0	NOT_RUN	0			0	0	0	0	0
745	CERTIFIED	1	0xc32b1045	0xc32b1045	6249514642509211645924074305322147175448	388154303826855099024016032683677125728	1	1056	953	953	3	103	735375	0	CERTIFIED	1	0xc32b1045	0xc32b1045	6249514642509211645924074305322147175448	388154303826855099024016032683677125728	1	2048	953	953	3	1095	759109	0	0	0xc32b1045	0xc32b1045	0	0	NOT_RUN	0			0	0	0	0	0	NOT_RUN	0			0	0	0	0	0
746	CERTIFIED	1	0xed25e955	0xed25e955	306510404947155746582830551340727969516	20429173885623952580211370141246164512	2	16401	13734	13734	10	2667	1250579	1	CERTIFIED	1	0xed25e955	0xed25e955	306510404947155746582830551340727969516	20429173885623952580211370141246164512	2	31808	13734	13734	10	18074	1348515	1	1	0xed25e955	0xed25e955	0	0	NOT_RUN	0			0	0	0	0	0	NOT_RUN	0			0	0	0	0	0
747	CERTIFIED	1	0xef887b7c	0xef887b7c	1190040431313122455036504420645956945608	388154303826855099024016032683677125728	1	1056	966	966	5	90	716487	1	CERTIFIED	1	0xef887b7c	0xef887b7c	1190040431313122455036504420645956945608	388154303826855099024016032683677125728	1	2048	966	966	5	1082	759580	1	1	0x76843dbc	0x76843dbc,0xe5887b6c,0xed087b78,0xeda87b79,0xef887b7c	1	0	NOT_RUN	0			0	0	0	0	0	NOT_RUN	0			0	0	0	0	0
748	CERTIFIED	1	0xabce5aa3	0xabce5aa3	985780342794171653269120650936492052124	388154303826855099024016032683677125728	1	1056	979	979	1	77	707672	0	CERTIFIED	1	0xabce5aa3	0xabce5aa3	985780342794171653269120650936492052124	388154303826855099024016032683677125728	1	2048	979	979	1	1069	716140	0	1	0xabce5aa3	0xabce5aa3	0	0	NOT_RUN	0			0	0	0	0	0	NOT_RUN	0			0	0	0	0	0
749	CERTIFIED	1	0x177c25b6	0x177c25b6	18937278669268811858054958598645223314142	7374931772710246881456304620989865388832	0	33	33	33	1	0	725605	0	CERTIFIED	1	0x177c25b6	0x177c25b6	18937278669268811858054958598645223314142	7374931772710246881456304620989865388832	0	64	33	33	1	31	696599	0	0	0x177c25b6	0x177c25b6	0	0	NOT_RUN	0			0	0	0	0	0	NOT_RUN	0			0	0	0	0	0
750	CERTIFIED	1	0xe32894f7	0xe32894f7	766133029832314495034359650954121747538	388154303826855099024016032683677125728	1	1056	969	969	2	87	767326	1	CERTIFIED	1	0xe32894f7	0xe32894f7	766133029832314495034359650954121747538	388154303826855099024016032683677125728	1	2048	969	969	2	1079	763725	1	1	0xe32894f7	0xe32894f7,0xe62894ff	0	0	NOT_RUN	0			0	0	0	0	0	NOT_RUN	0			0	0	0	0	0
751	CERTIFIED	1	0xd9ae35b6	0xd9ae35b6	51175799468069305336985305110659616014	20429173885623952580211370141246164512	2	16401	14034	14034	12	2367	2687884	1	CERTIFIED	1	0xd9ae35b6	0xd9ae35b6	51175799468069305336985305110659616014	20429173885623952580211370141246164512	2	31808	14034	14034	12	17774	1339249	1	2	0x515d2db6	0x515d2db6,0xc8ae2594,0xc8ae75b6,0xd12e15b6,0xd14c4b2d,0xd4a625f6,0xd4ac21b6,0xd56e05b6,0xd8ee25be,0xd9ae35b6,0xdcae25b4,0xe8a62596	1	0	NOT_RUN	0			0	0	0	0	0	NOT_RUN	0			0	0	0	0	0
752	CERTIFIED	1	0xd428b63a	0xd428b63a	39654222833110554405762982206397426058	20429173885623952580211370141246164512	2	16401	14097	14097	7	2304	1413382	1	CERTIFIED	1	0xd428b63a	0xd428b63a	39654222833110554405762982206397426058	20429173885623952580211370141246164512	2	31808	14097	14097	7	17711	1321234	1	2	0xc4249b2a	0xc4249b2a,0xd428366a,0xd428b63a,0xd42cb4ba,0xd524db2a,0xd66c5b2a,0xf46cdb2a	1	0	NOT_RUN	0			0	0	0	0	0	NOT_RUN	0			0	0	0	0	0
753	CERTIFIED	1	0x9c8c6b8f	0x9c8c6b8f	332078522993609051152054839302754416582	20429173885623952580211370141246164512	2	16401	13537	13537	11	2864	1298110	1	CERTIFIED	1	0x9c8c6b8f	0x9c8c6b8f	332078522993609051152054839302754416582	20429173885623952580211370141246164512	2	31808	13537	13537	11	18271	1309952	1	1	0x9c8c6b8f	0x9c8c6b8f	0	0	NOT_RUN	0			0	0	0	0	0	NOT_RUN	0			0	0	0	0	0
754	CERTIFIED	1	0xb87f5578	0xb87f5578	1676539923571842039469818495306706282466	388154303826855099024016032683677125728	1	1056	958	958	3	98	777138	0	CERTIFIED	1	0xb87f5578	0xb87f5578	1676539923571842039469818495306706282466	388154303826855099024016032683677125728	1	2048	958	958	3	1090	716397	0	1	0xb8775078	0xb8775078,0xb87d5438,0xb87f5578	1	0	NOT_RUN	0			0	0	0	0	0	NOT_RUN	0			0	0	0	0	0
755	CERTIFIED	1	0x219c3f63	0x219c3f63	1446816330384540691666456429455120177560	388154303826855099024016032683677125728	1	1056	966	966	2	90	1131412	0	CERTIFIED	1	0x219c3f63	0x219c3f63	1446816330384540691666456429455120177560	388154303826855099024016032683677125728	1	2048	966	966	2	1082	718750	0	1	0x219c3f63	0x219c3f63,0x291c1f63	0	0	NOT_RUN	0			0	0	0	0	0	NOT_RUN	0			0	0	0	0	0
756	CERTIFIED	1	0xb838a4d5	0xb838a4d5	766835101199065971282569430754979203538	388154303826855099024016032683677125728	1	1056	975	975	1	81	804381	1	CERTIFIED	1	0xb838a4d5	0xb838a4d5	766835101199065971282569430754979203538	388154303826855099024016032683677125728	1	2048	975	975	1	1073	768455	1	1	0xb838a4d5	0xb838a4d5	0	0	NOT_RUN	0			0	0	0	0	0	NOT_RUN	0			0	0	0	0	0
757	CERTIFIED	1	0xd7dad012	0xd7dad012	5788514210373585632644913945029984408400	388154303826855099024016032683677125728	1	1056	954	954	3	102	733077	0	CERTIFIED	1	0xd7dad012	0xd7dad012	5788514210373585632644913945029984408400	388154303826855099024016032683677125728	1	2048	954	954	3	1094	716539	0	0	0xd7dad012	0xd7dad012	0	0	NOT_RUN	0			0	0	0	0	0	NOT_RUN	0			0	0	0	0	0
758	CERTIFIED	1	0x54027357	0x54027357	704203760696746462964496708233258275916	388154303826855099024016032683677125728	1	1056	958	958	3	98	1013450	0	CERTIFIED	1	0x54027357	0x54027357	704203760696746462964496708233258275916	388154303826855099024016032683677125728	1	2048	958	958	3	1090	726667	0	1	0x54027357	0x54027357,0xaa0139ab,0xd4027755	0	0	NOT_RUN	0			0	0	0	0	0	NOT_RUN	0			0	0	0	0	0
759	CERTIFIED	1	0x22d25ccf	0x22d25ccf	9765182357996918411885845556285295943640	7374931772710246881456304620989865388832	0	33	33	33	1	0	654102	0	CERTIFIED	1	0x22d25ccf	0x22d25ccf	9765182357996918411885845556285295943640	7374931772710246881456304620989865388832	0	64	33	33	1	31	712365	0	0	0x22d25ccf	0x22d25ccf	0	0	NOT_RUN	0			0	0	0	0	0	NOT_RUN	0			0	0	0	0	0
760	CERTIFIED	1	0xd40b8293	0xd40b8293	74130603807078761304132131012798322614	20429173885623952580211370141246164512	2	16401	13836	13836	10	2565	1255270	1	CERTIFIED	1	0xd40b8293	0xd40b8293	74130603807078761304132131012798322614	20429173885623952580211370141246164512	2	31808	13836	13836	10	17972	1751645	1	2	0x554b8693	0x554b8693,0x56130c93,0x56170e13,0xd40b8293,0xd6170a11,0xd62b8a93,0xd68b8297,0xde170f53,0xf6130d93,0xf6170f13	1	0	NOT_RUN	0			0	0	0	0	0	NOT_RUN	0			0	0	0	0	0
761	CERTIFIED	1	0x77ee8ce7	0x77ee8ce7	74903134352430046623452629263903780050	20429173885623952580211370141246164512	2	16401	13554	13554	6	2847	1207021	1	CERTIFIED	1	0x77ee8ce7	0x77ee8ce7	74903134352430046623452629263903780050	20429173885623952580211370141246164512	2	31808	13554	13554	6	18254	1396902	1	2	0x66eecce7	0x66eecce7,0x77ee8ce7,0xe7aec8e7,0xebecccef,0xf3dda4e7,0xf79db4e7	1	0	NOT_RUN	0			0	0	0	0	0	NOT_RUN	0			0	0	0	0	0
762	CERTIFIED	1	0x7d0adc	0x7d0adc	293066444937136484838974157398334075746	20429173885623952580211370141246164512	2	16401	12753	12753	11	3648	1289760	1	CERTIFIED	1	0x7d0adc	0x7d0adc	293066444937136484838974157398334075746	20429173885623952580211370141246164512	2	31808	12753	12753	11	19055	1206231	1	1	0x7d0adc	0x7d0adc	0	0	NOT_RUN	0			0	0	0	0	0	NOT_RUN	0			0	0	0	0	0
763	CERTIFIED	1	0x5a2d13b	0x5a2d13b	1165170400893563093593831226679246294044	388154303826855099024016032683677125728	1	1056	976	976	2	80	704771	0	CERTIFIED	1	0x5a2d13b	0x5a2d13b	1165170400893563093593831226679246294044	388154303826855099024016032683677125728	1	2048	976	976	2	1072	792490	0	1	0x5a2d13b	0x5a2d13b,0xb45a276	0	0	NOT_RUN	0			0	0	0	0	0	NOT_RUN	0			0	0	0	0	0
764	CERTIFIED	1	0xee8ed72	0xee8ed72	2163289085168878338339686192700712178	1075219678190734346326914217960324448	3	164736	126312	126312	35	38424	7641244	1	CERTIFIED	1	0xee8ed72	0xee8ed72	2163289085168878338339686192700712178	1075219678190734346326914217960324448	3	319488	126312	126312	35	193176	8429379	1	3	0x4e8cd76	0x4e8cd76,0x5ec8572,0x5f98d52,0x5f9cd7a,0xbe9adf2,0xc68cd62,0xce918e6,0xce998b6,0xcf99ab3,0xd79ad52,0xda918e4,0xdaac976,0xdb4cdb3,0xdcc8d62,0xde80ae5,0xde812ea,0xde892ba,0xde9d232,0xdebd372,0xdfbd972,0xdfddab2,0xee8ed72,0x14fccf72,0x16cccd72,0x16f44f70,0x1db4cf32,0x1fe8ad72,0x2dc89aea,0x44f8cd72,0x46f04d70,0x4ce992b2,0x4da91ae5,0x4db0cd32,0x4fe9ad52,0x8ceacd76	1	0	NOT_RUN	0			0	0	0	0	0	NOT_RUN	0			0	0	0	0	0
765	CERTIFIED	1	0x2c5209b	0x2c5209b	572089664690309615767271685492792490130	388154303826855099024016032683677125728	1	1056	928	928	1	128	775236	1	CERTIFIED	1	0x2c5209b	0x2c5209b	572089664690309615767271685492792490130	388154303826855099024016032683677125728	1	2048	928	928	1	1120	984781	1	1	0x2c5209b	0x2c5209b	0	0	NOT_RUN	0			0	0	0	0	0	NOT_RUN	0			0	0	0	0	0
766	CERTIFIED	1	0xaa369c8	0xaa369c8	293100139141079420040126741782219084054	20429173885623952580211370141246164512	2	16401	13508	13508	12	2893	1314608	1	CERTIFIED	1	0xaa369c8	0xaa369c8	293100139141079420040126741782219084054	20429173885623952580211370141246164512	2	31808	13508	13508	12	18300	1300886	1	1	0xaa369c8	0xaa369c8	0	0	NOT_RUN	0			0	0	0	0	0	NOT_RUN	0			0	0	0	0	0
767	CERTIFIED	1	0xaa22940	0xaa22940	5328254872897616277945537970695340585514	388154303826855099024016032683677125728	1	1056	963	963	1	93	739332	0	CERTIFIED	1	0xaa22940	0xaa22940	5328254872897616277945537970695340585514	388154303826855099024016032683677125728	1	2048	963	963	1	1085	739779	0	0	0xaa22940	0xaa22940	0	0	NOT_RUN	0			0	0	0	0	0	NOT_RUN	0			0	0	0	0	0
768	CERTIFIED	1	0x31fdce92	0x31fdce92	10170071810834720738605702556936411027444	7374931772710246881456304620989865388832	0	33	33	33	1	0	665000	0	CERTIFIED	1	0x31fdce92	0x31fdce92	10170071810834720738605702556936411027444	7374931772710246881456304620989865388832	0	64	33	33	1	31	698809	0	0	0x31fdce92	0x31fdce92	0	0	NOT_RUN	0			0	0	0	0	0	COMPLETE	1	0x31fdce92	0x31fdce92	10170071810834720738605702556936411027444	0	325	379975	0
769	CERTIFIED	1	0x60f5e543	0x60f5e543	18936066994535763545635491610574446798640	7374931772710246881456304620989865388832	0	33	33	33	1	0	655256	0	CERTIFIED	1	0x60f5e543	0x60f5e543	18936066994535763545635491610574446798640	7374931772710246881456304620989865388832	0	64	33	33	1	31	677911	0	0	0x60f5e543	0x60f5e543	0	0	NOT_RUN	0			0	0	0	0	0	COMPLETE	1	0x60f5e543	0x60f5e543	18936066994535763545635491610574446798640	0	95	112220	0
770	CERTIFIED	1	0x47a3b2f3	0x47a3b2f3	18244598367113493305391806344543720508036	7374931772710246881456304620989865388832	0	33	33	33	1	0	696793	0	CERTIFIED	1	0x47a3b2f3	0x47a3b2f3	18244598367113493305391806344543720508036	7374931772710246881456304620989865388832	0	64	33	33	1	31	661719	0	0	0x47a3b2f3	0x47a3b2f3	0	0	NOT_RUN	0			0	0	0	0	0	COMPLETE	1	0x47a3b2f3	0x47a3b2f3	18244598367113493305391806344543720508036	0	761	1003394	0
771	CERTIFIED	1	0x2c3e0ed3	0x2c3e0ed3	1264766532525816200075447287889866116800	388154303826855099024016032683677125728	1	1056	964	964	5	92	721332	1	CERTIFIED	1	0x2c3e0ed3	0x2c3e0ed3	1264766532525816200075447287889866116800	388154303826855099024016032683677125728	1	2048	964	964	5	1084	775961	1	1	0x2c3e0ed3	0x2c3e0ed3,0x2c7c1ddb,0x2c9e0ecb,0x571e0edb,0x6c3c2edb	0	0	NOT_RUN	0			0	0	0	0	0	COMPLETE	1	0x2c3e0ed3	0x2c3e0ed3	1264766532525816200075447287889866116800	0	1843	1740335	1
772	CERTIFIED	1	0xa5786669	0xa5786669	537648947236133134166489756222098947560	388154303826855099024016032683677125728	1	1056	971	971	3	85	762628	1	CERTIFIED	1	0xa5786669	0xa5786669	537648947236133134166489756222098947560	388154303826855099024016032683677125728	1	2048	971	971	3	1077	772911	1	1	0x85784dd9	0x85784dd9,0x95792669,0xa5786669	1	0	NOT_RUN	0			0	0	0	0	0	COMPLETE	1	0xa5786669	0xa5786669	537648947236133134166489756222098947560	0	2557	2872920	1
773	CERTIFIED	1	0x9e3ffae0	0x9e3ffae0	875340509842083665217552104952040699472	388154303826855099024016032683677125728	1	1056	919	919	5	137	1990071	1	CERTIFIED	1	0x9e3ffae0	0x9e3ffae0	875340509842083665217552104952040699472	388154303826855099024016032683677125728	1	2048	919	919	5	1129	733833	1	1	0x9e3ffae0	0x9e3ffae0,0x9e6ffef0,0xbe7dfaf0,0xbe7ff4f0,0xde7f7af0	0	0	NOT_RUN	0			0	0	0	0	0	COMPLETE	1	0x9e3ffae0	0x9e3ffae0	875340509842083665217552104952040699472	0	1993	1924733	1
774	CERTIFIED	1	0x967138f7	0x967138f7	485902323817226576013250711528474938116	388154303826855099024016032683677125728	1	1056	969	969	4	87	824474	1	CERTIFIED	1	0x967138f7	0x967138f7	485902323817226576013250711528474938116	388154303826855099024016032683677125728	1	2048	969	969	4	1079	727912	1	1	0x967138f7	0x967138f7,0xaca139f7,0xacc371d7,0xaec27177	0	0	NOT_RUN	0			0	0	0	0	0	COMPLETE	1	0x967138f7	0x967138f7	485902323817226576013250711528474938116	0	2605	2424078	1
775	CERTIFIED	1	0x4e3197c0	0x4e3197c0	27438366791424148374571220391360787654196	7374931772710246881456304620989865388832	0	33	33	33	2	0	725229	1	CERTIFIED	1	0x4e3197c0	0x4e3197c0	27438366791424148374571220391360787654196	7374931772710246881456304620989865388832	0	64	33	33	2	31	656935	1	0	0x2718cbe0	0x2718cbe0,0x4e3197c0	1	0	NOT_RUN	0			0	0	0	0	0	COMPLETE	1	0x4e3197c0	0x4e3197c0	27438366791424148374571220391360787654196	0	175	181490	1
776	CERTIFIED	1	0x7da7bd37	0x7da7bd37	961520924133760110378080677008426094532	388154303826855099024016032683677125728	1	1056	957	957	2	99	733158	1	CERTIFIED	1	0x7da7bd37	0x7da7bd37	961520924133760110378080677008426094532	388154303826855099024016032683677125728	1	2048	957	957	2	1091	727568	1	1	0x7da37b3f	0x7da37b3f,0x7da7bd37	1	0	NOT_RUN	0			0	0	0	0	0	NOT_RUN	0			0	0	0	0	0
777	CERTIFIED	1	0x71f66a0	0x71f66a0	499316509377733161927563345727796056476	388154303826855099024016032683677125728	1	1056	957	957	4	99	795032	0	CERTIFIED	1	0x71f66a0	0x71f66a0	499316509377733161927563345727796056476	388154303826855099024016032683677125728	1	2048	957	957	4	1091	1535962	0	1	0x71f66a0	0x71f66a0,0x72f6550,0x78f6548,0x1187b2a0	0	0	NOT_RUN	0			0	0	0	0	0	NOT_RUN	0			0	0	0	0	0
778	CERTIFIED	1	0xe42141f	0xe42141f	1448591598755343407741498637161859448448	388154303826855099024016032683677125728	1	1056	955	955	3	101	754288	1	CERTIFIED	1	0xe42141f	0xe42141f	1448591598755343407741498637161859448448	388154303826855099024016032683677125728	1	2048	955	955	3	1093	764234	1	1	0xe42141f	0xe42141f,0xec02837,0x4d62141f	0	0	NOT_RUN	0			0	0	0	0	0	NOT_RUN	0			0	0	0	0	0
779	CERTIFIED	1	0x9fb8d135	0x9fb8d135	769960144554617344652975865096000181364	388154303826855099024016032683677125728	1	1056	963	963	5	93	1331509	1	CERTIFIED	1	0x9fb8d135	0x9fb8d135	769960144554617344652975865096000181364	388154303826855099024016032683677125728	1	2048	963	963	5	1085	777631	1	1	0x9fb8d135	0x9fb8d135,0xafb1a935,0xb7b1a26d,0xbfb1a2b7,0xffb1a275	0	0	NOT_RUN	0			0	0	0	0	0	NOT_RUN	0			0	0	0	0	0
780	CERTIFIED	1	0x77afed5	0x77afed5	1189497893006335899713915974157741771312	388154303826855099024016032683677125728	1	1056	962	962	6	94	740492	1	CERTIFIED	1	0x77afed5	0x77afed5	1189497893006335899713915974157741771312	388154303826855099024016032683677125728	1	2048	962	962	6	1086	728054	1	1	0x77afed5	0x77afed5,0xaf4fcd5,0xeb4f6d5,0xef5fdaa,0xef6fd95,0x8ef4ded5	0	0	NOT_RUN	0			0	0	0	0	0	NOT_RUN	0			0	0	0	0	0
781	CERTIFIED	1	0xac59ec6e	0xac59ec6e	5083776691067506562552411022740894545964	388154303826855099024016032683677125728	1	1056	974	974	6	82	774337	0	CERTIFIED	1	0xac59ec6e	0xac59ec6e	5083776691067506562552411022740894545964	388154303826855099024016032683677125728	1	2048	974	974	6	1074	716480	0	0	0x562cf637	0x562cf637,0xac59ec6e	1	0	NOT_RUN	0			0	0	0	0	0	NOT_RUN	0			0	0	0	0	0
782	CERTIFIED	1	0x57e42289	0x57e42289	6029968410608664016380123523996127838716	388154303826855099024016032683677125728	1	1056	959	959	6	97	1033551	1	CERTIFIED	1	0x57e42289	0x57e42289	6029968410608664016380123523996127838716	388154303826855099024016032683677125728	1	2048	959	959	6	1089	741266	1	0	0x57e42289	0x57e42289	0	0	NOT_RUN	0			0	0	0	0	0	NOT_RUN	0			0	0	0	0	0
783	CERTIFIED	1	0xdcb1177a	0xdcb1177a	18026231321605442006246553025905605024876	7374931772710246881456304620989865388832	0	33	33	33	1	0	685823	1	CERTIFIED	1	0xdcb1177a	0xdcb1177a	18026231321605442006246553025905605024876	7374931772710246881456304620989865388832	0	64	33	33	1	31	691724	1	0	0xdcb1177a	0xdcb1177a	0	0	NOT_RUN	0			0	0	0	0	0	NOT_RUN	0			0	0	0	0	0
784	CERTIFIED	1	0x524b1947	0x524b1947	741907095017879315512823527138311589964	388154303826855099024016032683677125728	1	1056	984	984	6	72	722029	1	CERTIFIED	1	0x524b1947	0x524b1947	741907095017879315512823527138311589964	388154303826855099024016032683677125728	1	2048	984	984	6	1064	1278348	1	1	0x29259d57	0x29259d57,0x42499957,0x524b1947,0x524b29d7,0x524b3296,0x524b3aae	1	0	NOT_RUN	0			0	0	0	0	0	NOT_RUN	0			0	0	0	0	0
785	CERTIFIED	1	0x3d51b1bb	0x3d51b1bb	9741663691090442859543452310537521459276	7374931772710246881456304620989865388832	0	33	33	33	1	0	664059	0	CERTIFIED	1	0x3d51b1bb	0x3d51b1bb	9741663691090442859543452310537521459276	7374931772710246881456304620989865388832	0	64	33	33	1	31	703049	0	0	0x3d51b1bb	0x3d51b1bb	0	0	NOT_RUN	0			0	0	0	0	0	NOT_RUN	0			0	0	0	0	0
786	CERTIFIED	1	0xb8cf1be4	0xb8cf1be4	1057958088762965683891967291040665570636	388154303826855099024016032683677125728	1	1056	949	949	2	107	738134	0	CERTIFIED	1	0xb8cf1be4	0xb8cf1be4	1057958088762965683891967291040665570636	388154303826855099024016032683677125728	1	2048	949	949	2	1099	716123	0	1	0xb8ce9f64	0xb8ce9f64,0xb8cf1be4	1	0	NOT_RUN	0			0	0	0	0	0	NOT_RUN	0			0	0	0	0	0
787	CERTIFIED	1	0xb458563d	0xb458563d	972336462721751467479334677979670307320	388154303826855099024016032683677125728	1	1056	975	975	6	81	738548	1	CERTIFIED	1	0xb458563d	0xb458563d	972336462721751467479334677979670307320	388154303826855099024016032683677125728	1	2048	975	975	6	1073	741069	1	1	0x34585b9d	0x34585b9d,0x34586b0d,0x5a2c2b9d,0x74592b1d,0xb458563d,0xb45c2b1d	1	0	NOT_RUN	0			0	0	0	0	0	NOT_RUN	0			0	0	0	0	0
788	CERTIFIED	1	0xd518215e	0xd518215e	1193262372662180813004164433735863685164	388154303826855099024016032683677125728	1	1056	972	972	3	84	791574	0	CERTIFIED	1	0xd518215e	0xd518215e	1193262372662180813004164433735863685164	388154303826855099024016032683677125728	1	2048	972	972	3	1076	774904	0	1	0xd518215e	0xd518215e,0xd59852b6,0xd78c215e	0	0	NOT_RUN	0			0	0	0	0	0	NOT_RUN	0			0	0	0	0	0
789	CERTIFIED	1	0xfeace3d2	0xfeace3d2	500019824256071954814567419744395039928	388154303826855099024016032683677125728	1	1056	954	954	3	102	718728	1	CERTIFIED	1	0xfeace3d2	0xfeace3d2	500019824256071954814567419744395039928	388154303826855099024016032683677125728	1	2048	954	954	3	1094	707723	1	1	0xfea987a8	0xfea987a8,0xfeace3d2,0xfed4e3d8	1	0	NOT_RUN	0			0	0	0	0	0	NOT_RUN	0			0	0	0	0	0
790	CERTIFIED	1	0xb831047b	0xb831047b	23096627971703373645465843720999609260636	7374931772710246881456304620989865388832	0	33	33	33	1	0	732157	1	CERTIFIED	1	0xb831047b	0xb831047b	23096627971703373645465843720999609260636	7374931772710246881456304620989865388832	0	64	33	33	1	31	694463	1	0	0xb831047b	0xb831047b	0	0	NOT_RUN	0			0	0	0	0	0	NOT_RUN	0			0	0	0	0	0
791	CERTIFIED	1	0x4acb8a8	0x4acb8a8	1165775202435594220278790556968389858128	388154303826855099024016032683677125728	1	1056	969	969	3	87	730965	0	CERTIFIED	1	0x4acb8a8	0x4acb8a8	1165775202435594220278790556968389858128	388154303826855099024016032683677125728	1	2048	969	969	3	1079	745344	0	1	0x154b8a0	0x154b8a0,0x4acb8a8,0x49597120	1	0	NOT_RUN	0			0	0	0	0	0	NOT_RUN	0			0	0	0	0	0
792	CERTIFIED	1	0x8d5cd22d	0x8d5cd22d	4878880219264733140568571112770314830040	388154303826855099024016032683677125728	1	1056	979	979	4	77	707797	0	CERTIFIED	1	0x8d5cd22d	0x8d5cd22d	4878880219264733140568571112770314830040	388154303826855099024016032683677125728	1	2048	979	979	4	1069	716648	0	0	0x8d5cd22d	0x8d5cd22d	0	0	NOT_RUN	0			0	0	0	0	0	NOT_RUN	0			0	0	0	0	0
793	CERTIFIED	1	0xb7e75dec	0xb7e75dec	949420852666491596200270863090209422052	388154303826855099024016032683677125728	1	1056	969	969	4	87	742317	1	CERTIFIED	1	0xb7e75dec	0xb7e75dec	949420852666491596200270863090209422052	388154303826855099024016032683677125728	1	2048	969	969	4	1079	737164	1	1	0xa7e56eec	0xa7e56eec,0xb7e559da,0xb7e75dec,0xf7e6aeec	1	0	NOT_RUN	0			0	0	0	0	0	NOT_RUN	0			0	0	0	0	0
794	CERTIFIED	1	0xf2af2b2c	0xf2af2b2c	946799994619082856442921891350772531244	388154303826855099024016032683677125728	1	1056	974	974	4	82	710433	1	CERTIFIED	1	0xf2af2b2c	0xf2af2b2c	946799994619082856442921891350772531244	388154303826855099024016032683677125728	1	2048	974	974	4	1074	741649	1	1	0xe55a6b0c	0xe55a6b0c,0xe55e162c,0xe55e770c,0xf2af2b2c	1	0	NOT_RUN	0			0	0	0	0	0	NOT_RUN	0			0	0	0	0	0
795	CERTIFIED	1	0x207b1c00	0x207b1c00	850405601291109110450425272399473271308	388154303826855099024016032683677125728	1	1056	933	933	8	123	775188	1	CERTIFIED	1	0x207b1c00	0x207b1c00	850405601291109110450425272399473271308	388154303826855099024016032683677125728	1	2048	933	933	8	1115	775229	1	1	0x207b1c00	0x207b1c00,0x225b1900,0x22731801,0x227b4c02,0x227b9820,0x31bd8c00,0x513c8c00,0x91398c00	0	0	NOT_RUN	0			0	0	0	0	0	NOT_RUN	0			0	0	0	0	0
796	CERTIFIED	1	0x9cc5eeaf	0x9cc5eeaf	282963446951929449693466724889141889328	20429173885623952580211370141246164512	2	16401	13452	13452	69	2949	1305386	0	CERTIFIED	1	0x9cc5eeaf	0x9cc5eeaf	282963446951929449693466724889141889328	20429173885623952580211370141246164512	2	31808	13452	13452	69	18356	1461781	0	1	0x9cc5eeaf	0x9cc5eeaf,0x9cd1efab	0	0	NOT_RUN	0			0	0	0	0	0	NOT_RUN	0			0	0	0	0	0
797	CERTIFIED	1	0xe39709f9	0xe39709f9	765491277209204803287861467853582954236	388154303826855099024016032683677125728	1	1056	965	965	8	91	805211	1	CERTIFIED	1	0xe39709f9	0xe39709f9	765491277209204803287861467853582954236	388154303826855099024016032683677125728	1	2048	965	965	8	1083	964989	1	1	0xb31749f9	0xb31749f9,0xd39649f9,0xe39709f9,0xe7174df9,0xe72e83d9,0xe72e93a9,0xe73e92f9,0xe76e93f2	1	0	NOT_RUN	0			0	0	0	0	0	NOT_RUN	0			0	0	0	0	0
798	CERTIFIED	1	0xd3545d52	0xd3545d52	268201975179606681666737524754303337200	20429173885623952580211370141246164512	2	16401	14069	14069	45	2332	1317484	1	CERTIFIED	1	0xd3545d52	0xd3545d52	268201975179606681666737524754303337200	20429173885623952580211370141246164512	2	31808	14069	14069	45	17739	1518776	1	1	0xa6a8baa5	0xa6a8baa5,0xd3545d52	1	0	NOT_RUN	0			0	0	0	0	0	NOT_RUN	0			0	0	0	0	0
799	CERTIFIED	1	0xf4e2bcaa	0xf4e2bcaa	934707496257955222272054411983162310884	388154303826855099024016032683677125728	1	1056	982	982	4	74	757446	0	CERTIFIED	1	0xf4e2bcaa	0xf4e2bcaa	934707496257955222272054411983162310884	388154303826855099024016032683677125728	1	2048	982	982	4	1066	757308	0	1	0xe9455caa	0xe9455caa,0xe9d6acaa,0xedc5596a,0xf4e2bcaa	1	0	NOT_RUN	0			0	0	0	0	0	NOT_RUN	0			0	0	0	0	0
800	CERTIFIED	1	0x46f6a11e	0x46f6a11e	18027539981804991138883856608547035432400	7374931772710246881456304620989865388832	0	33	33	33	1	0	681497	0	CERTIFIED	1	0x46f6a11e	0x46f6a11e	18027539981804991138883856608547035432400	7374931772710246881456304620989865388832	0	64	33	33	1	31	653432	0	0	0x46f6a11e	0x46f6a11e	0	0	NOT_RUN	0			0	0	0	0	0	NOT_RUN	0			0	0	0	0	0
801	CERTIFIED	1	0x5e20eb42	0x5e20eb42	305872174300338647317508591305873639796	20429173885623952580211370141246164512	2	16401	13346	13346	55	3055	1370205	1	CERTIFIED	1	0x5e20eb42	0x5e20eb42	305872174300338647317508591305873639796	20429173885623952580211370141246164512	2	31808	13346	13346	55	18462	1822518	1	1	0x5c287782	0x5c287782,0x5e20eb42,0x5e21778a,0x5e24ef0a,0x5e60ef05,0xaf307782	1	0	NOT_RUN	0			0	0	0	0	0	NOT_RUN	0			0	0	0	0	0
802	CERTIFIED	1	0xc468d38	0xc468d38	730456338768792518809567557326597454248	388154303826855099024016032683677125728	1	1056	970	970	2	86	808967	1	CERTIFIED	1	0xc468d38	0xc468d38	730456338768792518809567557326597454248	388154303826855099024016032683677125728	1	2048	970	970	2	1078	1767626	1	1	0xc468d38	0xc468d38,0xc5d1539	0	0	NOT_RUN	0			0	0	0	0	0	NOT_RUN	0			0	0	0	0	0
803	CERTIFIED	1	0xe66a6a9e	0xe66a6a9e	958929816586532117147458309903795930004	388154303826855099024016032683677125728	1	1056	984	984	6	72	783425	1	CERTIFIED	1	0xe66a6a9e	0xe66a6a9e	958929816586532117147458309903795930004	388154303826855099024016032683677125728	1	2048	984	984	6	1064	729596	1	1	0xa66a6c4e	0xa66a6c4e,0xa66ab54f,0xa66b6b4e,0xa675314e,0xb335350e,0xe66a6a9e	1	0	NOT_RUN	0			0	0	0	0	0	NOT_RUN	0			0	0	0	0	0
804	CERTIFIED	1	0xba983fca	0xba983fca	5313536011732059772221416144861177330684	388154303826855099024016032683677125728	1	1056	947	947	5	109	762903	0	CERTIFIED	1	0xba983fca	0xba983fca	5313536011732059772221416144861177330684	388154303826855099024016032683677125728	1	2048	947	947	5	1101	718302	0	0	0xba983fca	0xba983fca	0	0	NOT_RUN	0			0	0	0	0	0	NOT_RUN	0			0	0	0	0	0
805	CERTIFIED	1	0x3032e5b4	0x3032e5b4	729174690620716321395564248650317756116	388154303826855099024016032683677125728	1	1056	971	971	6	85	975066	1	CERTIFIED	1	0x3032e5b4	0x3032e5b4	729174690620716321395564248650317756116	388154303826855099024016032683677125728	1	2048	971	971	6	1077	787953	1	1	0x3032e5b4	0x3032e5b4,0x3033cb6b,0x309964b5,0x3132cdb5,0x321965b1,0x9819e5b5	0	0	NOT_RUN	0			0	0	0	0	0	NOT_RUN	0			0	0	0	0	0
806	CERTIFIED	1	0x8b367ecf	0x8b367ecf	947447346518255247980270581055406650648	388154303826855099024016032683677125728	1	1056	975	975	4	81	851637	1	CERTIFIED	1	0x8b367ecf	0x8b367ecf	947447346518255247980270581055406650648	388154303826855099024016032683677125728	1	2048	975	975	4	1073	841498	1	1	0x8b367ad3	0x8b367ad3,0x8b367ecf,0x9b367b67,0xc58b3d67	1	0	NOT_RUN	0			0	0	0	0	0	NOT_RUN	0			0	0	0	0	0
807	CERTIFIED	1	0xd8e0fd96	0xd8e0fd96	9478705469607485757458602177710210148724	7374931772710246881456304620989865388832	0	33	33	33	1	0	677377	0	CERTIFIED	1	0xd8e0fd96	0xd8e0fd96	9478705469607485757458602177710210148724	7374931772710246881456304620989865388832	0	64	33	33	1	31	659686	0	0	0xd8e0fd96	0xd8e0fd96	0	0	NOT_RUN	0			0	0	0	0	0	NOT_RUN	0			0	0	0	0	0
808	CERTIFIED	1	0xf0da4e46	0xf0da4e46	971699818962801981213399829651552735520	388154303826855099024016032683677125728	1	1056	971	971	3	85	763708	1	CERTIFIED	1	0xf0da4e46	0xf0da4e46	971699818962801981213399829651552735520	388154303826855099024016032683677125728	1	2048	971	971	3	1077	916435	1	1	0xc1b64e44	0xc1b64e44,0xc8da4e4e,0xf0da4e46	1	0	NOT_RUN	0			0	0	0	0	0	NOT_RUN	0			0	0	0	0	0
809	CERTIFIED	1	0x90eff575	0x90eff575	35543643386633049400315255193586602641952	7374931772710246881456304620989865388832	0	33	33	33	1	0	684786	0	CERTIFIED	1	0x90eff575	0x90eff575	35543643386633049400315255193586602641952	7374931772710246881456304620989865388832	0	64	33	33	1	31	679674	0	0	0x90eff575	0x90eff575	0	0	NOT_RUN	0			0	0	0	0	0	NOT_RUN	0			0	0	0	0	0
810	CERTIFIED	1	0x864d3c5d	0x864d3c5d	283559229819461280357650795022701567600	20429173885623952580211370141246164512	2	16401	13654	13654	47	2747	1346759	1	CERTIFIED	1	0x864d3c5d	0x864d3c5d	283559229819461280357650795022701567600	20429173885623952580211370141246164512	2	31808	13654	13654	47	18154	1755736	1	1	0x864d3c5d	0x864d3c5d,0x96529e1d	0	0	NOT_RUN	0			0	0	0	0	0	NOT_RUN	0			0	0	0	0	0
811	CERTIFIED	1	0x7dd5e813	0x7dd5e813	1409178056816054261338674863963869074236	388154303826855099024016032683677125728	1	1056	971	971	5	85	779873	1	CERTIFIED	1	0x7dd5e813	0x7dd5e813	1409178056816054261338674863963869074236	388154303826855099024016032683677125728	1	2048	971	971	5	1077	3432386	1	1	0x6ceaf417	0x6ceaf417,0x6dd5b433,0x6dd5d513,0x7dd5e813,0xedd5e823	1	0	NOT_RUN	0			0	0	0	0	0	NOT_RUN	0			0	0	0	0	0
812	CERTIFIED	1	0x457d94d8	0x457d94d8	716368745763117130947224828857747340720	388154303826855099024016032683677125728	1	1056	976	976	6	80	1090064	1	CERTIFIED	1	0x457d94d8	0x457d94d8	716368745763117130947224828857747340720	388154303826855099024016032683677125728	1	2048	976	976	6	1072	781860	1	1	0x457d94d8	0x457d94d8,0x617d94d4,0x645eca6c,0x656eca4c,0x657c94ac,0x657dd26c	0	0	NOT_RUN	0			0	0	0	0	0	NOT_RUN	0			0	0	0	0	0
813	CERTIFIED	1	0x32796e75	0x32796e75	9960603539691102475265601288231507657764	7374931772710246881456304620989865388832	0	33	33	33	2	0	705289	1	CERTIFIED	1	0x32796e75	0x32796e75	9960603539691102475265601288231507657764	7374931772710246881456304620989865388832	0	64	33	33	2	31	675988	1	0	0x32796e75	0x32796e75,0x32f2d675	0	0	NOT_RUN	0			0	0	0	0	0	NOT_RUN	0			0	0	0	0	0
814	CERTIFIED	1	0x1e9058df	0x1e9058df	9294773934994275127728875491441180934240	7374931772710246881456304620989865388832	0	33	33	33	2	0	1031725	1	CERTIFIED	1	0x1e9058df	0x1e9058df	9294773934994275127728875491441180934240	7374931772710246881456304620989865388832	0	64	33	33	2	31	724339	1	0	0x1e9058df	0x1e9058df,0x1ea0b1b7	0	0	NOT_RUN	0			0	0	0	0	0	NOT_RUN	0			0	0	0	0	0
815	CERTIFIED	1	0xf342d5ab	0xf342d5ab	534391352380462798802863016287981188476	388154303826855099024016032683677125728	1	1056	975	975	5	81	723530	1	CERTIFIED	1	0xf342d5ab	0xf342d5ab	534391352380462798802863016287981188476	388154303826855099024016032683677125728	1	2048	975	975	5	1073	799554	1	1	0xbb42d1af	0xbb42d1af,0xf342d5ab,0xf64ad1ab,0xf6852355,0xf685b2ab	1	0	NOT_RUN	0			0	0	0	0	0	NOT_RUN	0			0	0	0	0	0
816	CERTIFIED	1	0xd0fe1040	0xd0fe1040	1022206872546117417223344681407514544088	388154303826855099024016032683677125728	1	1056	952	952	4	104	767290	0	CERTIFIED	1	0xd0fe1040	0xd0fe1040	1022206872546117417223344681407514544088	388154303826855099024016032683677125728	1	2048	952	952	4	1096	713285	0	1	0xd0fe1040	0xd0fe1040,0xd1765040,0xd1b41040,0xd9ea1040	0	0	NOT_RUN	0			0	0	0	0	0	NOT_RUN	0			0	0	0	0	0
817	CERTIFIED	1	0x45437e6f	0x45437e6f	961116007099745660080842792097440350396	388154303826855099024016032683677125728	1	1056	959	959	4	97	725671	1	CERTIFIED	1	0x45437e6f	0x45437e6f	961116007099745660080842792097440350396	388154303826855099024016032683677125728	1	2048	959	959	4	1089	743257	1	1	0x45437e6f	0x45437e6f,0x4546bf67,0x4546eed7,0x4546fea7	0	0	NOT_RUN	0			0	0	0	0	0	NOT_RUN	0			0	0	0	0	0
818	CERTIFIED	1	0x45073283	0x45073283	1189398301468059327698166786487897791008	388154303826855099024016032683677125728	1	1056	967	967	5	89	707570	1	CERTIFIED	1	0x45073283	0x45073283	1189398301468059327698166786487897791008	388154303826855099024016032683677125728	1	2048	967	967	5	1081	716688	1	1	0x45073283	0x45073283,0xa2c39943,0xc4839963,0xc5069b43,0xc5072941	0	0	NOT_RUN	0			0	0	0	0	0	NOT_RUN	0			0	0	0	0	0
819	CERTIFIED	1	0xa33adfe6	0xa33adfe6	583577347568869884162993805562308350152	388154303826855099024016032683677125728	1	1056	959	959	8	97	737326	1	CERTIFIED	1	0xa33adfe6	0xa33adfe6	583577347568869884162993805562308350152	388154303826855099024016032683677125728	1	2048	959	959	8	1089	1981112	1	1	0x83296ff6	0x83296ff6,0x93956ff6,0xa32a9f76,0xa32aafe6,0xa32adeb6,0xa33adfe6,0xa36adbf6,0xa36adfea	1	0	NOT_RUN	0			0	0	0	0	0	NOT_RUN	0			0	0	0	0	0
820	CERTIFIED	1	0xeafe1dde	0xeafe1dde	13379868112703967622472830048060061762228	7374931772710246881456304620989865388832	0	33	33	33	1	0	652660	0	CERTIFIED	1	0xeafe1dde	0xeafe1dde	13379868112703967622472830048060061762228	7374931772710246881456304620989865388832	0	64	33	33	1	31	693416	0	0	0xeafe1dde	0xeafe1dde	0	0	NOT_RUN	0			0	0	0	0	0	NOT_RUN	0			0	0	0	0	0
821	CERTIFIED	1	0x10b38e60	0x10b38e60	755347972649958117993336653812379917352	388154303826855099024016032683677125728	1	1056	966	966	7	90	708806	1	CERTIFIED	1	0x10b38e60	0x10b38e60	755347972649958117993336653812379917352	388154303826855099024016032683677125728	1	2048	966	966	7	1082	747417	1	1	0x8b32e60	0x8b32e60,0x10b38e60,0x18b11d60,0x18b39cc4,0x1a798e60,0x4c598f60,0x59598e60	1	0	NOT_RUN	0			0	0	0	0	0	NOT_RUN	0			0	0	0	0	0
822	CERTIFIED	1	0x1395531	0x1395531	13852930596820592939878142007720600040472	7374931772710246881456304620989865388832	0	33	33	33	1	0	666398	0	CERTIFIED	1	0x1395531	0x1395531	13852930596820592939878142007720600040472	7374931772710246881456304620989865388832	0	64	33	33	1	31	700418	0	0	0x1395531	0x1395531	0	0	NOT_RUN	0			0	0	0	0	0	NOT_RUN	0			0	0	0	0	0
823	CERTIFIED	1	0xb8cf3d16	0xb8cf3d16	744529598493977772730845198543318201644	388154303826855099024016032683677125728	1	1056	972	972	2	84	714278	0	CERTIFIED	1	0xb8cf3d16	0xb8cf3d16	744529598493977772730845198543318201644	388154303826855099024016032683677125728	1	2048	972	972	2	1076	712852	0	1	0xb2c77d16	0xb2c77d16,0xb8cf3d16	1	0	NOT_RUN	0			0	0	0	0	0	NOT_RUN	0			0	0	0	0	0
824	CERTIFIED	1	0x5cb99bfc	0x5cb99bfc	513437133709754119568237845277955734888	388154303826855099024016032683677125728	1	1056	950	950	4	106	705281	0	CERTIFIED	1	0x5cb99bfc	0x5cb99bfc	513437133709754119568237845277955734888	388154303826855099024016032683677125728	1	2048	950	950	4	1098	1042600	0	1	0x5c3a1bfc	0x5c3a1bfc,0x5c5c9bfe,0x5cb99bfc,0x5d1c9b7c	1	0	NOT_RUN	0			0	0	0	0	0	NOT_RUN	0			0	0	0	0	0
825	CERTIFIED	1	0xf41feeee	0xf41feeee	719571787234901037615872780605176748052	388154303826855099024016032683677125728	1	1056	960	960	4	96	716947	1	CERTIFIED	1	0xf41feeee	0xf41feeee	719571787234901037615872780605176748052	388154303826855099024016032683677125728	1	2048	960	960	4	1088	990271	1	1	0xf41feeee	0xf41feeee,0xf42df36e,0xf48df76a,0xf60df66e	0	0	NOT_RUN	0			0	0	0	0	0	NOT_RUN	0			0	0	0	0	0
826	CERTIFIED	1	0xba3ece75	0xba3ece75	502605278428796010556521727484667028208	388154303826855099024016032683677125728	1	1056	978	978	2	78	711741	1	CERTIFIED	1	0xba3ece75	0xba3ece75	502605278428796010556521727484667028208	388154303826855099024016032683677125728	1	2048	978	978	2	1070	725833	1	1	0xba361ced	0xba361ced,0xba3ece75	1	0	NOT_RUN	0			0	0	0	0	0	NOT_RUN	0			0	0	0	0	0
827	CERTIFIED	1	0xeb011cd7	0xeb011cd7	559393844521981831084204833277523150240	388154303826855099024016032683677125728	1	1056	970	970	5	86	775758	1	CERTIFIED	1	0xeb011cd7	0xeb011cd7	559393844521981831084204833277523150240	388154303826855099024016032683677125728	1	2048	970	970	5	1078	744159	1	1	0x6d411cd7	0x6d411cd7,0xea895cd7,0xea9114d7,0xeb011cd7,0xeb829cd7	1	0	NOT_RUN	0			0	0	0	0	0	NOT_RUN	0			0	0	0	0	0
828	CERTIFIED	1	0x13ad7946	0x13ad7946	729103658042597822782176959632232123360	388154303826855099024016032683677125728	1	1056	977	977	4	79	721290	1	CERTIFIED	1	0x13ad7946	0x13ad7946	729103658042597822782176959632232123360	388154303826855099024016032683677125728	1	2048	977	977	4	1071	729100	1	1	0x13ad7946	0x13ad7946,0x1b96bca7,0x1baabca2,0x9ad6bca6	0	0	NOT_RUN	0			0	0	0	0	0	NOT_RUN	0			0	0	0	0	0
829	CERTIFIED	1	0x131be7a4	0x131be7a4	742045200196040368186270080822687268520	388154303826855099024016032683677125728	1	1056	968	968	6	88	1003203	1	CERTIFIED	1	0x131be7a4	0x131be7a4	742045200196040368186270080822687268520	388154303826855099024016032683677125728	1	2048	968	968	6	1080	770068	1	1	0x119be7a7	0x119be7a7,0x123767a6,0x131be7a4,0x1333e7a2,0x1337cf2e,0x169be7a6	1	0	NOT_RUN	0			0	0	0	0	0	NOT_RUN	0			0	0	0	0	0
830	CERTIFIED	1	0x1eedd51	0x1eedd51	6090486468874254620456827396673919058160	388154303826855099024016032683677125728	1	1056	945	945	5	111	856393	0	CERTIFIED	1	0x1eedd51	0x1eedd51	6090486468874254620456827396673919058160	388154303826855099024016032683677125728	1	2048	945	945	5	1103	731940	0	0	0x1eedd51	0x1eedd51	0	0	NOT_RUN	0			0	0	0	0	0	NOT_RUN	0			0	0	0	0	0
831	CERTIFIED	1	0xb4ba971d	0xb4ba971d	269517704780489651810948431113327105044	20429173885623952580211370141246164512	2	16401	13806	13806	65	2595	1345305	1	CERTIFIED	1	0xb4ba971d	0xb4ba971d	269517704780489651810948431113327105044	20429173885623952580211370141246164512	2	31808	13806	13806	65	18002	1369592	1	1	0xb4ba971d	0xb4ba971d	0	0	NOT_RUN	0			0	0	0	0	0	NOT_RUN	0			0	0	0	0	0
832	CERTIFIED	1	0x6a5cf99a	0x6a5cf99a	1204152689019401054214931465984424350004	388154303826855099024016032683677125728	1	1056	975	975	14	81	782031	1	CERTIFIED	1	0x6a5cf99a	0x6a5cf99a	1204152689019401054214931465984424350004	388154303826855099024016032683677125728	1	2048	975	975	14	1073	763764	1	1	0x2a5d7998	0x2a5d7998,0x2a6e7998,0x6a5cf335,0x6a5cf33a,0x6a5cf35c,0x6a5cf390,0x6a5cf599,0x6a5cf99a,0x6b2f7998,0x6d267998,0x753e7998,0xb50e7998,0xea5e7998,0xeaae7998	1	0	NOT_RUN	0			0	0	0	0	0	COMPLETE	1	0x6a5cf99a	0x6a5cf99a	1204152689019401054214931465984424350004	0	2103	2081854	1
833	CERTIFIED	1	0xf8045e91	0xf8045e91	1918462856755780064902080433590712384124	388154303826855099024016032683677125728	1	1056	958	958	13	98	723425	1	CERTIFIED	1	0xf8045e91	0xf8045e91	1918462856755780064902080433590712384124	388154303826855099024016032683677125728	1	2048	958	958	13	1090	774294	1	1	0x6e045e91	0x6e045e91,0xad045e91,0xc4045e91,0xc8085e91,0xc808ae91,0xd008b691,0xd848bd11,0xd848bd22,0xd888bd21,0xda08bc91,0xdc08ba91,0xf8045e91,0xf8089e91	1	0	NOT_RUN	0			0	0	0	0	0	COMPLETE	1	0xf8045e91	0xf8045e91	1918462856755780064902080433590712384124	0	1151	1228112	1
834	CERTIFIED	1	0xac2eb10f	0xac2eb10f	18233746946404114113293311401033077807000	7374931772710246881456304620989865388832	0	33	33	33	1	0	710604	0	CERTIFIED	1	0xac2eb10f	0xac2eb10f	18233746946404114113293311401033077807000	7374931772710246881456304620989865388832	0	64	33	33	1	31	665391	0	0	0xac2eb10f	0xac2eb10f	0	0	NOT_RUN	0			0	0	0	0	0	COMPLETE	1	0xac2eb10f	0xac2eb10f	18233746946404114113293311401033077807000	0	203	196201	0
835	CERTIFIED	1	0x1124a0a6	0x1124a0a6	1177944126098139960962499561344341043012	388154303826855099024016032683677125728	1	1056	979	979	10	77	737876	1	CERTIFIED	1	0x1124a0a6	0x1124a0a6	1177944126098139960962499561344341043012	388154303826855099024016032683677125728	1	2048	979	979	10	1069	749301	1	1	0x89258a4	0x89258a4,0x109258e6,0x11125aa6,0x112259a6,0x112450a6,0x11249ca6,0x1124a0a6,0x1124b12e,0x1124b147,0x1124b148	1	0	NOT_RUN	0			0	0	0	0	0	COMPLETE	1	0x1124a0a6	0x1124a0a6	1177944126098139960962499561344341043012	0	2009	4395197	1
836	CERTIFIED	1	0x7d114de2	0x7d114de2	18475669609951609498075921291514587182320	7374931772710246881456304620989865388832	0	33	33	33	1	0	1446664	1	CERTIFIED	1	0x7d114de2	0x7d114de2	18475669609951609498075921291514587182320	7374931772710246881456304620989865388832	0	64	33	33	1	31	1052519	1	0	0x7d114de2	0x7d114de2	0	0	NOT_RUN	0			0	0	0	0	0	COMPLETE	1	0x7d114de2	0x7d114de2	18475669609951609498075921291514587182320	0	1303	1603552	1
837	CERTIFIED	1	0x149a00b2	0x149a00b2	2099912976919842700662300446867972393132	388154303826855099024016032683677125728	1	1056	953	953	10	103	741601	1	CERTIFIED	1	0x149a00b2	0x149a00b2	2099912976919842700662300446867972393132	388154303826855099024016032683677125728	1	2048	953	953	10	1095	796035	1	1	0xa4d00b8	0xa4d00b8,0x124d00a0,0x144d0030,0x148d00f0,0x149500b2,0x149900b1,0x149a00b2,0x149a1160,0x149a2150,0x149a4130	1	0	NOT_RUN	0			0	0	0	0	0	COMPLETE	1	0x149a00b2	0x149a00b2	2099912976919842700662300446867972393132	0	1889	2593119	1
838	CERTIFIED	1	0xe7633681	0xe7633681	26747571655710842610083165367631205481320	7374931772710246881456304620989865388832	0	33	33	33	2	0	973831	1	CERTIFIED	1	0xe7633681	0xe7633681	26747571655710842610083165367631205481320	7374931772710246881456304620989865388832	0	64	33	33	2	31	703486	1	0	0xe7633541	0xe7633541,0xe7633681	1	0	NOT_RUN	0			0	0	0	0	0	COMPLETE	1	0xe7633681	0xe7633681	26747571655710842610083165367631205481320	0	1543	1516128	1
839	CERTIFIED	1	0x34a7c2f4	0x34a7c2f4	1226465188432027136894159740778425270520	388154303826855099024016032683677125728	1	1056	971	971	17	85	830770	1	CERTIFIED	1	0x34a7c2f4	0x34a7c2f4	1226465188432027136894159740778425270520	388154303826855099024016032683677125728	1	2048	971	971	17	1077	791622	1	1	0x4a785ea	0x4a785ea,0x4abc2f4,0x20b3c2f4,0x2513c2f4,0x25a786f4,0x26a785f4,0x26a78af4,0x26d3c2f4,0x2a13c2f4,0x3251c2f4,0x34a785e9,0x34a7c2f4,0x5257c2f4,0x64a785ec,0x64a792f4,0x925bc2f4,0xa4a7a2f4	1	0	NOT_RUN	0			0	0	0	0	0	COMPLETE	1	0x34a7c2f4	0x34a7c2f4	1226465188432027136894159740778425270520	0	2429	2317978	1
840	CERTIFIED	1	0xfebc799e	0xfebc799e	790460800645376779166830837717189121828	388154303826855099024016032683677125728	1	1056	965	965	21	91	759841	1	CERTIFIED	1	0xfebc799e	0xfebc799e	790460800645376779166830837717189121828	388154303826855099024016032683677125728	1	2048	965	965	21	1083	729976	1	1	0x755e799e	0x755e799e,0x769e799e,0x76bcf19e,0x7a5e799e,0xb65e799e,0xb6ae799e,0xb6bcf29e,0xb95e799e,0xdf5e799e,0xe35e799e,0xf2bcb99e,0xf4b6799e,0xf4bcd99e,0xf63cf336,0xf69cf33c,0xf6bdf32e,0xf6bef31e,0xf6fcf33a,0xf7ba799e,0xf7bce99e,0xfebc799e	1	0	NOT_RUN	0			0	0	0	0	0	NOT_RUN	0			0	0	0	0	0
841	CERTIFIED	1	0xa90355c3	0xa90355c3	10397243619589007531798558742251551417124	7374931772710246881456304620989865388832	0	33	33	33	2	0	1022664	1	CERTIFIED	1	0xa90355c3	0xa90355c3	10397243619589007531798558742251551417124	7374931772710246881456304620989865388832	0	64	33	33	2	31	684938	1	0	0xa90355c3	0xa90355c3,0xd48155c3	0	0	NOT_RUN	0			0	0	0	0	0	NOT_RUN	0			0	0	0	0	0
842	CERTIFIED	1	0x922a9720	0x922a9720	5095941994544208524959741740081182376608	388154303826855099024016032683677125728	1	1056	972	972	12	84	780372	0	CERTIFIED	1	0x922a9720	0x922a9720	5095941994544208524959741740081182376608	388154303826855099024016032683677125728	1	2048	972	972	12	1076	730193	0	0	0x922a9720	0x922a9720	0	0	NOT_RUN	0			0	0	0	0	0	NOT_RUN	0			0	0	0	0	0
843	CERTIFIED	1	0x8ad5383d	0x8ad5383d	1239226146431309196908953196445025526120	388154303826855099024016032683677125728	1	1056	974	974	15	82	769656	1	CERTIFIED	1	0x8ad5383d	0x8ad5383d	1239226146431309196908953196445025526120	388154303826855099024016032683677125728	1	2048	974	974	15	1074	718526	1	1	0x45628c3d	0x45628c3d,0x856e8c3d,0x89628c3d,0x8a528c3d,0x8a6e8c3d,0x8aa28c3d,0x8ac48c3d,0x8acb8c3d,0x8ad5043d,0x8ad51975,0x8ad5197a,0x8ad51a79,0x8ad5383d,0x8ad5585d,0x8ad5986d	1	0	NOT_RUN	0			0	0	0	0	0	NOT_RUN	0			0	0	0	0	0
844	CERTIFIED	1	0xcb1c2901	0xcb1c2901	9732050383289914119154863703677380993048	7374931772710246881456304620989865388832	0	33	33	33	1	0	1502872	1	CERTIFIED	1	0xcb1c2901	0xcb1c2901	9732050383289914119154863703677380993048	7374931772710246881456304620989865388832	0	64	33	33	1	31	1172116	1	0	0xcb1c2901	0xcb1c2901	0	0	NOT_RUN	0			0	0	0	0	0	NOT_RUN	0			0	0	0	0	0
845	CERTIFIED	1	0x6b772ff	0x6b772ff	9710917359980139578956632712230586583048	7374931772710246881456304620989865388832	0	33	33	33	1	0	704576	1	CERTIFIED	1	0x6b772ff	0x6b772ff	9710917359980139578956632712230586583048	7374931772710246881456304620989865388832	0	64	33	33	1	31	897737	1	0	0x6b772ff	0x6b772ff	0	0	NOT_RUN	0			0	0	0	0	0	NOT_RUN	0			0	0	0	0	0
846	CERTIFIED	1	0x4b9ad100	0x4b9ad100	1858519080726342641339394605028686742848	388154303826855099024016032683677125728	1	1056	958	958	14	98	1107651	1	CERTIFIED	1	0x4b9ad100	0x4b9ad100	1858519080726342641339394605028686742848	388154303826855099024016032683677125728	1	2048	958	958	14	1090	1108536	1	1	0x25cd6880	0x25cd6880,0x45cdf880,0x49cd3880,0x4acdf880,0x4b4d7881,0x4b8d7882,0x4b9578c0,0x4b997800,0x4b9a78c0,0x4b9ab800,0x4b9ad100,0x4b9ad890,0x4b9ae8a0,0x4b9af084	1	0	NOT_RUN	0			0	0	0	0	0	NOT_RUN	0			0	0	0	0	0
847	CERTIFIED	1	0x9b7054bf	0x9b7054bf	22842442939896181255642991312633342180564	7374931772710246881456304620989865388832	0	33	33	33	2	0	669935	0	CERTIFIED	1	0x9b7054bf	0x9b7054bf	22842442939896181255642991312633342180564	7374931772710246881456304620989865388832	0	64	33	33	2	31	785646	0	0	0x9b7054bf	0x9b7054bf,0x9b70a4bf	0	0	NOT_RUN	0			0	0	0	0	0	NOT_RUN	0			0	0	0	0	0
848	CERTIFIED	1	0x1d352bf3	0x1d352bf3	1421208845432079260643627657984556276604	388154303826855099024016032683677125728	1	1056	973	973	14	83	716408	1	CERTIFIED	1	0x1d352bf3	0x1d352bf3	1421208845432079260643627657984556276604	388154303826855099024016032683677125728	1	2048	973	973	14	1075	718682	1	1	0x1d352bf3	0x1d352bf3,0x1d354df3,0x1d3569eb,0x1d356ae7,0x1d3571f3,0x1d35bdf3,0x1d36b1f3,0x1d3abdf3,0x1d5ab4f3,0x1d9ab7f3,0x1e9ab4f3,0x2e9ab7f3,0x4e9ab1f3,0x8e9abdf3	0	0	NOT_RUN	0			0	0	0	0	0	NOT_RUN	0			0	0	0	0	0
849	CERTIFIED	1	0xa94ed400	0xa94ed400	972405532170794654441237236323158310272	388154303826855099024016032683677125728	1	1056	940	940	21	116	749587	1	CERTIFIED	1	0xa94ed400	0xa94ed400	972405532170794654441237236323158310272	388154303826855099024016032683677125728	1	2048	940	940	21	1108	770932	1	1	0x290da840	0x290da840,0x890da810,0xa10da804,0xa80da802,0xa905ac00,0xa90caa00,0xa90fa900,0xa914d400,0xa91db400,0xa927d400,0xa94ed400,0xa982d400,0xa98dd400,0xaa8ed400,0xab0da801,0xac87d400,0xad0da808,0xb406d400,0xb90da820,0xd496d400,0xe90da880	1	0	NOT_RUN	0			0	0	0	0	0	NOT_RUN	0			0	0	0	0	0
850	CERTIFIED	1	0x551b27f0	0x551b27f0	1688065115451749108605475978168242295600	388154303826855099024016032683677125728	1	1056	965	965	18	91	709495	1	CERTIFIED	1	0x551b27f0	0x551b27f0	1688065115451749108605475978168242295600	388154303826855099024016032683677125728	1	2048	965	965	18	1083	737868	1	1	0x550a27e1	0x550a27e1,0x550a93f0,0x55182bf0,0x551b1bf0,0x551b27f0,0x551d12f0,0x552d11f0,0x553a27e2,0x553a53f0,0x554d17f0,0x555a27e4,0x555a33f0,0x558d1bf0,0x559a27e8,0x568d17f0,0x5a8d1bf0,0x6a8d17f0,0xaa8d1bf0	1	0	NOT_RUN	0			0	0	0	0	0	NOT_RUN	0			0	0	0	0	0
851	CERTIFIED	1	0xa021ebfc	0xa021ebfc	1640887899282344674321286794525301057960	388154303826855099024016032683677125728	1	1056	955	955	16	101	779119	1	CERTIFIED	1	0xa021ebfc	0xa021ebfc	1640887899282344674321286794525301057960	388154303826855099024016032683677125728	1	2048	955	955	16	1093	2431322	1	1	0x2043d5ec	0x2043d5ec,0x5021ebfc,0x9021ebcc,0xa021ebfc,0xa041d76c,0xa041eb6c,0xa042d7ac,0xa042ebac,0xa04bd7cc,0xa053d7d4,0xa063d7d8,0xa143abec,0xa2436bec,0xa843cbec,0xb043d3ec,0xe043d6ec	1	0	NOT_RUN	0			0	0	0	0	0	NOT_RUN	0			0	0	0	0	0
852	CERTIFIED	1	0x8881d87b	0x8881d87b	1433986293912888719260372014335615073404	388154303826855099024016032683677125728	1	1056	966	966	16	90	707005	1	CERTIFIED	1	0x8881d87b	0x8881d87b	1433986293912888719260372014335615073404	388154303826855099024016032683677125728	1	2048	966	966	16	1082	711858	1	1	0x4441db7b	0x4441db7b,0x8441d87b,0x88035a7b,0x8803aa7b,0x8803b4f3,0x8841db7b,0x8881b4db,0x8881d87b,0x8882b27b,0x8882b4eb,0x8882db7b,0x8887b4bb,0x888bb47b,0x8893b4f5,0x88a3b4f6,0x88c39a7b	1	0	NOT_RUN	0			0	0	0	0	0	NOT_RUN	0			0	0	0	0	0
853	CERTIFIED	1	0xa4a886b6	0xa4a886b6	1663133469504026424990940770787888987964	388154303826855099024016032683677125728	1	1056	984	984	15	72	771399	1	CERTIFIED	1	0xa4a886b6	0xa4a886b6	1663133469504026424990940770787888987964	388154303826855099024016032683677125728	1	2048	984	984	15	1064	1494904	1	1	0x24a98d66	0x24a98d66,0x5254d6b6,0x84a98d36,0x84a98d6c,0x9254e6b6,0xa254d6b6,0xa45446b6,0xa49486b6,0xa4a446b6,0xa4a886b6,0xa4ab46b6,0xa4ab8ab6,0xa4ad8cb6,0xe4a98d56,0xe4a98d6a	1	0	NOT_RUN	0			0	0	0	0	0	NOT_RUN	0			0	0	0	0	0
854	CERTIFIED	1	0xe4f6aad1	0xe4f6aad1	986381518981055217366450133193650901924	388154303826855099024016032683677125728	1	1056	981	981	14	75	714800	1	CERTIFIED	1	0xe4f6aad1	0xe4f6aad1	986381518981055217366450133193650901924	388154303826855099024016032683677125728	1	2048	981	981	14	1067	859613	1	1	0xaced55b1	0xaced55b1,0xcced55d1,0xcced5ad1,0xccedaad1,0xe4ed55a3,0xe4f6aad1,0xed66aad1,0xeded55a5,0xee56aad1,0xeeed55a9,0xf672aad1,0xfced56d1,0xfced6ad1,0xfceeaad1	1	0	NOT_RUN	0			0	0	0	0	0	NOT_RUN	0			0	0	0	0	0
855	CERTIFIED	1	0x556a5933	0x556a5933	9487575840901558896143780664513108048440	7374931772710246881456304620989865388832	0	33	33	33	2	0	665001	1	CERTIFIED	1	0x556a5933	0x556a5933	9487575840901558896143780664513108048440	7374931772710246881456304620989865388832	0	64	33	33	2	31	702532	1	0	0x556a5933	0x556a5933,0x556a5a65	0	0	NOT_RUN	0			0	0	0	0	0	NOT_RUN	0			0	0	0	0	0
856	CERTIFIED	1	0x84e888d8	0x84e888d8	9705811844744756710545772665051056194928	7374931772710246881456304620989865388832	0	33	33	33	1	0	845352	1	CERTIFIED	1	0x84e888d8	0x84e888d8	9705811844744756710545772665051056194928	7374931772710246881456304620989865388832	0	64	33	33	1	31	673009	1	0	0x84e888d8	0x84e888d8	0	0	NOT_RUN	0			0	0	0	0	0	NOT_RUN	0			0	0	0	0	0
857	CERTIFIED	1	0x7ab6da2a	0x7ab6da2a	9257712456929517757194828979845148093076	7374931772710246881456304620989865388832	0	33	33	33	2	0	712648	0	CERTIFIED	1	0x7ab6da2a	0x7ab6da2a	9257712456929517757194828979845148093076	7374931772710246881456304620989865388832	0	64	33	33	2	31	692483	0	0	0x7ab6d52a	0x7ab6d52a,0x7ab6da2a	1	0	NOT_RUN	0			0	0	0	0	0	NOT_RUN	0			0	0	0	0	0
858	CERTIFIED	1	0x6695396	0x6695396	1177938629672486175434040456412759755524	388154303826855099024016032683677125728	1	1056	983	983	15	73	1307636	1	CERTIFIED	1	0x6695396	0x6695396	1177938629672486175434040456412759755524	388154303826855099024016032683677125728	1	2048	983	983	15	1065	877995	1	1	0x6695396	0x6695396,0xcc95396,0x44d2a596,0x48d2a696,0x4c92a72c,0x4cc2a726,0x4cf2a716,0x4cf2a72a,0x4dd25396,0x4dd2a396,0x4ed15396,0x4ed29396,0x5c695396,0x6ca95396,0xca695396	0	0	NOT_RUN	0			0	0	0	0	0	NOT_RUN	0			0	0	0	0	0
859	CERTIFIED	1	0x981a139e	0x981a139e	1433308619946789439699709140060980302204	388154303826855099024016032683677125728	1	1056	962	962	16	94	743889	1	CERTIFIED	1	0x981a139e	0x981a139e	1433308619946789439699709140060980302204	388154303826855099024016032683677125728	1	2048	962	962	16	1086	741604	1	1	0x4c1a13dc	0x4c1a13dc,0x8c1a13df,0x941a135e,0x981a139e,0x982a135e,0x983213df,0x983413d6,0x983423bc,0x983423da,0x983425ba,0x983425dc,0x983426b6,0x983426df,0x9834679e,0x9834a75e,0x9834a7ae	1	0	NOT_RUN	0			0	0	0	0	0	NOT_RUN	0			0	0	0	0	0
860	CERTIFIED	1	0x12ee030f	0x12ee030f	31869546822466970753752710404676117269036	7374931772710246881456304620989865388832	0	33	33	33	2	0	659252	0	CERTIFIED	1	0x12ee030f	0x12ee030f	31869546822466970753752710404676117269036	7374931772710246881456304620989865388832	0	64	33	33	2	31	1309095	0	0	0x1277030f	0x1277030f,0x12ee030f	1	0	NOT_RUN	0			0	0	0	0	0	NOT_RUN	0			0	0	0	0	0
861	CERTIFIED	1	0x559c1ee4	0x559c1ee4	9501653019135709786014252411793111052600	7374931772710246881456304620989865388832	0	33	33	33	4	0	665056	1	CERTIFIED	1	0x559c1ee4	0x559c1ee4	9501653019135709786014252411793111052600	7374931772710246881456304620989865388832	0	64	33	33	4	31	742533	1	0	0x55391ee4	0x55391ee4,0x559c1ee4,0x5a9c1ee4,0xaa9c1ee4	1	0	NOT_RUN	0			0	0	0	0	0	NOT_RUN	0			0	0	0	0	0
862	CERTIFIED	1	0xda0b46f1	0xda0b46f1	5799439990717490574031927148461288590440	388154303826855099024016032683677125728	1	1056	963	963	15	93	766561	0	CERTIFIED	1	0xda0b46f1	0xda0b46f1	5799439990717490574031927148461288590440	388154303826855099024016032683677125728	1	2048	963	963	15	1085	785380	0	0	0xda0b46f1	0xda0b46f1	0	0	NOT_RUN	0			0	0	0	0	0	NOT_RUN	0			0	0	0	0	0
863	CERTIFIED	1	0xdc572aae	0xdc572aae	741298824635208910616797628238013812836	388154303826855099024016032683677125728	1	1056	979	979	20	77	958309	1	CERTIFIED	1	0xdc572aae	0xdc572aae	741298824635208910616797628238013812836	388154303826855099024016032683677125728	1	2048	979	979	20	1069	1277219	1	1	0x6e572a2f	0x6e572a2f,0xae572aef,0xce572a8f,0xd6572aab,0xda572aa7,0xdc572aae,0xdc972aad,0xdca72aae,0xdcab2aad,0xdcad2aab,0xdcae155b,0xdcae2aa7,0xdcae455e,0xdcae4aae,0xdcae522f,0xdcae544f,0xdcae54bf,0xdcae5d2f,0xdcae755d,0xdcaed557	1	0	NOT_RUN	0			0	0	0	0	0	NOT_RUN	0			0	0	0	0	0
864	CERTIFIED	1	0xfcca6c00	0xfcca6c00	2355136174491553844580422973335739245564	388154303826855099024016032683677125728	1	1056	937	937	14	119	946248	1	CERTIFIED	1	0xfcca6c00	0xfcca6c00	2355136174491553844580422973335739245564	388154303826855099024016032683677125728	1	2048	937	937	14	1111	781699	1	1	0x7e652700	0x7e652700,0xbe652400,0xde652200,0xee652e00,0xf6653600,0xfa650600,0xfc656600,0xfca5a600,0xfcc53600,0xfcc90600,0xfcca0a00,0xfcca3600,0xfcca6c00,0xfccac600	1	0	NOT_RUN	0			0	0	0	0	0	NOT_RUN	0			0	0	0	0	0
865	CERTIFIED	1	0x4c26f851	0x4c26f851	23085046360457292409648846124242404561764	7374931772710246881456304620989865388832	0	33	33	33	1	0	1210736	1	CERTIFIED	1	0x4c26f851	0x4c26f851	23085046360457292409648846124242404561764	7374931772710246881456304620989865388832	0	64	33	33	1	31	701014	1	0	0x4c26f851	0x4c26f851	0	0	NOT_RUN	0			0	0	0	0	0	NOT_RUN	0			0	0	0	0	0
866	CERTIFIED	1	0x15758c7a	0x15758c7a	972439032260077064886423037230651600680	388154303826855099024016032683677125728	1	1056	980	980	16	76	769992	1	CERTIFIED	1	0x15758c7a	0x15758c7a	972439032260077064886423037230651600680	388154303826855099024016032683677125728	1	2048	980	980	16	1068	818030	1	1	0x15758c75	0x15758c75,0x15758c7a,0x1575ad32,0x1575ae3e,0x1575b61a,0x1575bc76,0x1575bcba,0x1575d67a,0x1576d6ba,0x157ad67a,0x15bad6ba,0x16bad67a,0x1abad6ba,0x2abad67a,0x4abad61a,0x8abad62a	1	0	NOT_RUN	0			0	0	0	0	0	NOT_RUN	0			0	0	0	0	0
867	CERTIFIED	1	0xd057cdba	0xd057cdba	22623506638732656558769021991706402377996	7374931772710246881456304620989865388832	0	33	33	33	4	0	708542	1	CERTIFIED	1	0xd057cdba	0xd057cdba	22623506638732656558769021991706402377996	7374931772710246881456304620989865388832	0	64	33	33	4	31	679399	1	0	0xd0579b75	0xd0579b75,0xd0579b7a,0xd057cdba,0xd06bcdba	1	0	NOT_RUN	0			0	0	0	0	0	NOT_RUN	0			0	0	0	0	0
868	CERTIFIED	1	0x8ea0dbfa	0x8ea0dbfa	1190104668478499615586755032466250945356	388154303826855099024016032683677125728	1	1056	970	970	18	86	1375697	1	CERTIFIED	1	0x8ea0dbfa	0x8ea0dbfa	1190104668478499615586755032466250945356	388154303826855099024016032683677125728	1	2048	970	970	18	1078	828326	1	1	0xea1b5ea	0xea1b5ea,0x4750dbaa,0x86a15bea,0x86a1abea,0x8750db6a,0x8aa19bea,0x8b50dbaa,0x8d50dbca,0x8e21b7d4,0x8e50dbfa,0x8e90dbca,0x8ea0b7aa,0x8ea0dbfa,0x8ea3b76a,0x8ea9b7ca,0x8eb1b7d2,0x9ea1b3ea,0xcea1b6ea	1	0	NOT_RUN	0			0	0	0	0	0	NOT_RUN	0			0	0	0	0	0
869	CERTIFIED	1	0x4bca568d	0x4bca568d	971093239195350710209430004843650079200	388154303826855099024016032683677125728	1	1056	977	977	17	79	705173	1	CERTIFIED	1	0x4bca568d	0x4bca568d	971093239195350710209430004843650079200	388154303826855099024016032683677125728	1	2048	977	977	17	1071	727430	1	1	0x25e52a4f	0x25e52a4f,0x45e5234f,0x49e52f4f,0x4ae5234f,0x4b652b5f,0x4ba52b6f,0x4bc52b0f,0x4bc92bcf,0x4bca2b0f,0x4bca4b6f,0x4bca534b,0x4bca554d,0x4bca561b,0x4bca564e,0x4bca568d,0x4bca56be,0x4bca56d7	1	0	NOT_RUN	0			0	0	0	0	0	NOT_RUN	0			0	0	0	0	0
870	CERTIFIED	1	0xd02f76dc	0xd02f76dc	9004194137150393272231036849610979114356	7374931772710246881456304620989865388832	0	33	33	33	1	0	679847	1	CERTIFIED	1	0xd02f76dc	0xd02f76dc	9004194137150393272231036849610979114356	7374931772710246881456304620989865388832	0	64	33	33	1	31	655664	1	0	0xd02f76dc	0xd02f76dc	0	0	NOT_RUN	0			0	0	0	0	0	NOT_RUN	0			0	0	0	0	0
871	CERTIFIED	1	0x680134ad	0x680134ad	753699136980869806722602431374722016032	388154303826855099024016032683677125728	1	1056	940	940	21	116	717801	1	CERTIFIED	1	0x680134ad	0x680134ad	753699136980869806722602431374722016032	388154303826855099024016032683677125728	1	2048	940	940	21	1108	767635	1	1	0x6801015b	0x6801015b,0x680108ad,0x680134ad,0x680152ad,0x6801615d,0x680161ad,0x680191ad,0x6801a16d,0x6801a2ad,0x680292ad,0x680494ad,0x680898ad,0x681080ad,0x6820b0ad,0x6840d0ad,0x688010ad,0x690090ac,0x6a0090af,0x6c0090a9,0x7400908d,0xb40090bd	1	0	NOT_RUN	0			0	0	0	0	0	NOT_RUN	0			0	0	0	0	0
872	CERTIFIED	1	0xdaa762e0	0xdaa762e0	1032350790207040952901516669578469600200	388154303826855099024016032683677125728	1	1056	966	966	17	90	764025	1	CERTIFIED	1	0xdaa762e0	0xdaa762e0	1032350790207040952901516669578469600200	388154303826855099024016032683677125728	1	2048	966	966	17	1082	758041	1	1	0xdaa720c4	0xdaa720c4,0xdaa740c2,0xdaa76120,0xdaa761d0,0xdaa762e0,0xdaa76470,0xdaa76840,0xdaa77064,0xdaa770c1,0xdaa7b068,0xdaa7e0c8,0xdaabb064,0xdab3b040,0xdad3b020,0xdb53b260,0xdd53b460,0xed53b860	1	0	NOT_RUN	0			0	0	0	0	0	NOT_RUN	0			0	0	0	0	0
873	CERTIFIED	1	0x1af8733b	0x1af8733b	1020999181036406895547988537629100814476	388154303826855099024016032683677125728	1	1056	967	967	18	89	745382	1	CERTIFIED	1	0x1af8733b	0x1af8733b	1020999181036406895547988537629100814476	388154303826855099024016032683677125728	1	2048	967	967	18	1081	1052868	1	1	0x2dc733b	0x2dc733b,0x2f8e675,0x87c733b,0x10f8d33b,0x10f8e65b,0x13f8e33b,0x13f8e66b,0x16f4733b,0x16f8b33b,0x16f8e63b,0x1af8733b,0x1af8e53b,0x32ec733b,0x32f8e676,0x527c733b,0x917c733b,0x92bc733b,0x92f8e673	1	0	NOT_RUN	0			0	0	0	0	0	NOT_RUN	0			0	0	0	0	0
874	CERTIFIED	1	0x74aac62b	0x74aac62b	9718611999290296688107087832912730082520	7374931772710246881456304620989865388832	0	33	33	33	1	0	654215	1	CERTIFIED	1	0x74aac62b	0x74aac62b	9718611999290296688107087832912730082520	7374931772710246881456304620989865388832	0	64	33	33	1	31	694799	1	0	0x74aac62b	0x74aac62b	0	0	NOT_RUN	0			0	0	0	0	0	NOT_RUN	0			0	0	0	0	0
875	CERTIFIED	1	0x5ea2862f	0x5ea2862f	962829629438576964328681777108269375440	388154303826855099024016032683677125728	1	1056	973	973	17	83	713015	1	CERTIFIED	1	0x5ea2862f	0x5ea2862f	962829629438576964328681777108269375440	388154303826855099024016032683677125728	1	2048	973	973	17	1075	759557	1	1	0x2f13462f	0x2f13462f,0x4f73462f,0x5757462f,0x5b5b462f,0x5d52462f,0x5e268c5e,0x5e51462f,0x5e868c5b,0x5e92462f,0x5ea1462f,0x5ea2862f,0x5ea78c2f,0x5eae462f,0x5eae8a2f,0x5eae8c4f,0x5eb68c57,0x5ee68c5d	1	0	NOT_RUN	0			0	0	0	0	0	NOT_RUN	0			0	0	0	0	0
876	CERTIFIED	1	0x7de4333c	0x7de4333c	961017345742916500262452167754515582236	388154303826855099024016032683677125728	1	1056	966	966	19	90	706232	1	CERTIFIED	1	0x7de4333c	0x7de4333c	961017345742916500262452167754515582236	388154303826855099024016032683677125728	1	2048	966	966	19	1082	747572	1	1	0x3ef2b3bc	0x3ef2b3bc,0x5ef2b32c,0x6ef2b31c,0x76f2b338,0x7af2b334,0x7cf2b33d,0x7d72333c,0x7db2f33c,0x7dc56674,0x7dd2933c,0x7de1633c,0x7de1666c,0x7de2a33c,0x7de4333c,0x7de4663c,0x7de7653c,0x7ded533c,0x7ded665c,0x7df56678	1	0	NOT_RUN	0			0	0	0	0	0	NOT_RUN	0			0	0	0	0	0
877	CERTIFIED	1	0xb651f17f	0xb651f17f	1895546958392645116476919943692876372328	388154303826855099024016032683677125728	1	1056	953	953	12	103	804145	1	CERTIFIED	1	0xb651f17f	0xb651f17f	1895546958392645116476919943692876372328	388154303826855099024016032683677125728	1	2048	953	953	12	1095	756868	1	1	0xb651f17f	0xb651f17f,0xb651f2bf,0xb651f42f,0xb651f81f,0xb652f82f,0xb654f8bf,0xb658f87f,0xb668f8bf,0xb6a8f87f,0xb728fa3f,0xbb28f93f,0xdb28f03f	0	0	NOT_RUN	0			0	0	0	0	0	NOT_RUN	0			0	0	0	0	0
878	CERTIFIED	1	0x62e6d098	0x62e6d098	9534715740383982428261376768318212084756	7374931772710246881456304620989865388832	0	33	33	33	1	0	657243	0	CERTIFIED	1	0x62e6d098	0x62e6d098	9534715740383982428261376768318212084756	7374931772710246881456304620989865388832	0	64	33	33	1	31	746938	0	0	0x62e6d098	0x62e6d098	0	0	NOT_RUN	0			0	0	0	0	0	NOT_RUN	0			0	0	0	0	0
879	CERTIFIED	1	0xdae5862f	0xdae5862f	934739426395413866463388491194438907164	388154303826855099024016032683677125728	1	1056	977	977	16	79	729052	1	CERTIFIED	1	0xdae5862f	0xdae5862f	934739426395413866463388491194438907164	388154303826855099024016032683677125728	1	2048	977	977	16	1071	730697	1	1	0x5ab2c317	0x5ab2c317,0xcaa58717,0xcad2c317,0xd2a5a317,0xd8a6c317,0xdaa18657,0xdaa78637,0xdaad8697,0xdae5862f,0xdb5ac317,0xdba5c317,0xdbaac317,0xdd53c317,0xdea59317,0xed50c317,0xfaa58b17	1	0	NOT_RUN	0			0	0	0	0	0	NOT_RUN	0			0	0	0	0	0
880	CERTIFIED	1	0xc36f5fcf	0xc36f5fcf	4975345831240139397601419525289671698828	388154303826855099024016032683677125728	1	1056	950	950	15	106	751070	0	CERTIFIED	1	0xc36f5fcf	0xc36f5fcf	4975345831240139397601419525289671698828	388154303826855099024016032683677125728	1	2048	950	950	15	1098	752619	0	0	0xc36f3faf	0xc36f3faf,0xc36f5fcf	1	0	NOT_RUN	0			0	0	0	0	0	NOT_RUN	0			0	0	0	0	0
881	CERTIFIED	1	0xa06399c3	0xa06399c3	1252668626243121796511446026688264301156	388154303826855099024016032683677125728	1	1056	960	960	18	96	775013	1	CERTIFIED	1	0xa06399c3	0xa06399c3	1252668626243121796511446026688264301156	388154303826855099024016032683677125728	1	2048	960	960	18	1088	988253	1	1	0xa0631187	0xa0631187,0xa06390a3,0xa0639393,0xa06396c3,0xa06399c3,0xa063aac3,0xa063ccc3,0xa063d18b,0xa065cac3,0xa069c9c3,0xa07148c3,0xa0b188c3,0xa131c8c1,0xa231c8c2,0xa431c8cb,0xa831c8c7,0xb031c8e3,0xd031c883	1	0	NOT_RUN	0			0	0	0	0	0	NOT_RUN	0			0	0	0	0	0
882	CERTIFIED	1	0x6e9b79ea	0x6e9b79ea	5570851195476884601901817661142459206248	388154303826855099024016032683677125728	1	1056	970	970	12	86	706203	0	CERTIFIED	1	0x6e9b79ea	0x6e9b79ea	5570851195476884601901817661142459206248	388154303826855099024016032683677125728	1	2048	970	970	12	1078	739969	0	0	0x6e9b79ea	0x6e9b79ea	0	0	NOT_RUN	0			0	0	0	0	0	NOT_RUN	0			0	0	0	0	0
883	CERTIFIED	1	0x8139f6b1	0x8139f6b1	14135814174314514172538441725650482632160	7374931772710246881456304620989865388832	0	33	33	33	3	0	2414621	0	CERTIFIED	1	0x8139f6b1	0x8139f6b1	14135814174314514172538441725650482632160	7374931772710246881456304620989865388832	0	64	33	33	3	31	653167	0	0	0x8133ed63	0x8133ed63,0x8139f6b1,0x8499f6b1	1	0	NOT_RUN	0			0	0	0	0	0	NOT_RUN	0			0	0	0	0	0
884	CERTIFIED	1	0x874ed47b	0x874ed47b	18450170275190452641333196444567224245804	7374931772710246881456304620989865388832	0	33	33	33	1	0	743079	0	CERTIFIED	1	0x874ed47b	0x874ed47b	18450170275190452641333196444567224245804	7374931772710246881456304620989865388832	0	64	33	33	1	31	693824	0	0	0x874ed47b	0x874ed47b	0	0	NOT_RUN	0			0	0	0	0	0	NOT_RUN	0			0	0	0	0	0
885	CERTIFIED	1	0x90007248	0x90007248	874762138170128656673941612294731158384	388154303826855099024016032683677125728	1	1056	940	940	23	116	1555584	1	CERTIFIED	1	0x90007248	0x90007248	874762138170128656673941612294731158384	388154303826855099024016032683677125728	1	2048	940	940	23	1108	775201	1	1	0x90007248	0x90007248,0x9003b248,0x90052248,0x90091248,0x90113648,0x90213a48,0x90413348,0x90426548,0x90426a48,0x90813048,0x90826648,0x91013208,0x91026491,0x920132c8,0x92026492,0x920264c8,0x94013258,0x94026494,0x940264a8,0x98013268,0x98026498,0xa8013258,0xc80132c8	0	0	NOT_RUN	0			0	0	0	0	0	NOT_RUN	0			0	0	0	0	0
886	CERTIFIED	1	0x28fb0fe	0x28fb0fe	5378054956868297493853566978135623887400	388154303826855099024016032683677125728	1	1056	935	935	10	121	785533	1	CERTIFIED	1	0x28fb0fe	0x28fb0fe	5378054956868297493853566978135623887400	388154303826855099024016032683677125728	1	2048	935	935	10	1113	934873	1	0	0x28fb0fe	0x28fb0fe	0	0	NOT_RUN	0			0	0	0	0	0	NOT_RUN	0			0	0	0	0	0
887	CERTIFIED	1	0xdeb84e27	0xdeb84e27	14315347756585837363191935242982995577156	7374931772710246881456304620989865388832	0	33	33	33	1	0	1099245	1	CERTIFIED	1	0xdeb84e27	0xdeb84e27	14315347756585837363191935242982995577156	7374931772710246881456304620989865388832	0	64	33	33	1	31	663993	1	0	0xdeb84e27	0xdeb84e27	0	0	NOT_RUN	0			0	0	0	0	0	NOT_RUN	0			0	0	0	0	0
888	CERTIFIED	1	0xb8c3bdaf	0xb8c3bdaf	985308253911376782422099146172431559312	388154303826855099024016032683677125728	1	1056	973	973	20	83	772720	1	CERTIFIED	1	0xb8c3bdaf	0xb8c3bdaf	985308253911376782422099146172431559312	388154303826855099024016032683677125728	1	2048	973	973	20	1075	738943	1	1	0x38c75dad	0x38c75dad,0x5c63bd8d,0x9c63bdbd,0xa8c73dad,0xac63bd8d,0xb463bda9,0xb863bda5,0xb8877b2d,0xb8a3bda9,0xb8c37b55,0xb8c37b5a,0xb8c3bdaf,0xb8c5bda9,0xb8c6bda5,0xb8cf7b59,0xb8e77b4d,0xb9c779ad,0xbac775ad,0xbac77aad,0xf8c76dad	1	0	NOT_RUN	0			0	0	0	0	0	NOT_RUN	0			0	0	0	0	0
889	CERTIFIED	1	0xa44643f4	0xa44643f4	27452413435139761027480001729802637175804	7374931772710246881456304620989865388832	0	33	33	33	1	0	657237	0	CERTIFIED	1	0xa44643f4	0xa44643f4	27452413435139761027480001729802637175804	7374931772710246881456304620989865388832	0	64	33	33	1	31	697110	0	0	0xa44643f4	0xa44643f4	0	0	NOT_RUN	0			0	0	0	0	0	NOT_RUN	0			0	0	0	0	0
890	CERTIFIED	1	0xce103220	0xce103220	1423163191920659392609647792001707065852	388154303826855099024016032683677125728	1	1056	958	958	12	98	744445	1	CERTIFIED	1	0xce103220	0xce103220	1423163191920659392609647792001707065852	388154303826855099024016032683677125728	1	2048	958	958	12	1090	1006367	1	1	0x4f083220	0x4f083220,0x678a3220,0xa7893220,0xc7105220,0xc7803220,0xcb106220,0xcb106440,0xcb8c3220,0xcd106420,0xcd8a3220,0xce103220,0xce893220	1	0	NOT_RUN	0			0	0	0	0	0	NOT_RUN	0			0	0	0	0	0
891	CERTIFIED	1	0x12f9d800	0x12f9d800	11561167058912076413330168631937569935528	7374931772710246881456304620989865388832	0	33	33	33	2	0	657321	1	CERTIFIED	1	0x12f9d800	0x12f9d800	11561167058912076413330168631937569935528	7374931772710246881456304620989865388832	0	64	33	33	2	31	665773	1	0	0x12f9d800	0x12f9d800,0x12fae800	0	0	NOT_RUN	0			0	0	0	0	0	NOT_RUN	0			0	0	0	0	0
892	CERTIFIED	1	0xcd5e20da	0xcd5e20da	9258923935427229717380721547513904007680	7374931772710246881456304620989865388832	0	33	33	33	2	0	2133546	0	CERTIFIED	1	0xcd5e20da	0xcd5e20da	9258923935427229717380721547513904007680	7374931772710246881456304620989865388832	0	64	33	33	2	31	950664	0	0	0xcd5e20d5	0xcd5e20d5,0xcd5e20da	1	0	NOT_RUN	0			0	0	0	0	0	NOT_RUN	0			0	0	0	0	0
893	CERTIFIED	1	0xeeee12de	0xeeee12de	972439410983906667876597653228396142872	388154303826855099024016032683677125728	1	1056	976	976	20	80	988025	0	CERTIFIED	1	0xeeee12de	0xeeee12de	972439410983906667876597653228396142872	388154303826855099024016032683677125728	1	2048	976	976	20	1072	1115069	0	1	0x777712de	0x777712de,0xb77712d2,0xd77712db,0xe77712d8,0xeb7712db,0xed7712d2,0xee7712de,0xeeb712d2,0xeed712db,0xeee712d8,0xeeeb12db,0xeeed12d2,0xeeee12de,0xeeee22d2,0xeeee24b2,0xeeee24db,0xeeee2db4,0xeeee659a,0xeeeea55a,0xeeeea5aa	1	0	NOT_RUN	0			0	0	0	0	0	NOT_RUN	0			0	0	0	0	0
894	CERTIFIED	1	0x2c731fbf	0x2c731fbf	15022569771699372790338727060497466417688	7374931772710246881456304620989865388832	0	33	33	33	1	0	978731	0	CERTIFIED	1	0x2c731fbf	0x2c731fbf	15022569771699372790338727060497466417688	7374931772710246881456304620989865388832	0	64	33	33	1	31	760266	0	0	0x2c731fbf	0x2c731fbf	0	0	NOT_RUN	0			0	0	0	0	0	NOT_RUN	0			0	0	0	0	0
895	CERTIFIED	1	0xeb9324f6	0xeb9324f6	996633528348097704407485992730351158596	388154303826855099024016032683677125728	1	1056	976	976	17	80	783628	1	CERTIFIED	1	0xeb9324f6	0xeb9324f6	996633528348097704407485992730351158596	388154303826855099024016032683677125728	1	2048	976	976	17	1072	797601	1	1	0x35db24f6	0x35db24f6,0xc5db24f6,0xcadb24f6,0xe3b649b6,0xe3b649ec,0xe9b649e6,0xeab649d6,0xeab649ea,0xeb3624f6,0xeb5f24f6,0xeb9324f6,0xeb9648f6,0xeba644f6,0xebaf24f6,0xebf524f6,0xefb64976,0xf9db24f6	1	0	NOT_RUN	0			0	0	0	0	0	NOT_RUN	0			0	0	0	0	0
896	CERTIFIED	1	0xd07076d3	0xd07076d3	9462575225775477536172350681378624637800	7374931772710246881456304620989865388832	0	33	33	33	1	0	724947	0	CERTIFIED	1	0xd07076d3	0xd07076d3	9462575225775477536172350681378624637800	7374931772710246881456304620989865388832	0	64	33	33	1	31	1780114	0	0	0xd07076d3	0xd07076d3	0	0	COMPLETE	1	0xd07076d3	0xd07076d3	9462575225775477536172350681378624637800	2097152	0	731821581	0	COMPLETE	1	0xd07076d3	0xd07076d3	9462575225775477536172350681378624637800	0	7829	7095734	0
897	CERTIFIED	1	0x4025ad2c	0x4025ad2c	35528924269618520219761860944201053156352	7374931772710246881456304620989865388832	0	33	33	33	1	0	794569	0	CERTIFIED	1	0x4025ad2c	0x4025ad2c	35528924269618520219761860944201053156352	7374931772710246881456304620989865388832	0	64	33	33	1	31	2018560	0	0	0x4025ad2c	0x4025ad2c	0	0	COMPLETE	1	0x4025ad2c	0x4025ad2c	35528924269618520219761860944201053156352	2097152	0	754671598	0	COMPLETE	1	0x4025ad2c	0x4025ad2c	35528924269618520219761860944201053156352	0	43	68886	0
898	CERTIFIED	1	0xa36487b5	0xa36487b5	4623446580909935191747694762568021070520	388154303826855099024016032683677125728	1	1056	974	974	1	82	1870934	0	CERTIFIED	1	0xa36487b5	0xa36487b5	4623446580909935191747694762568021070520	388154303826855099024016032683677125728	1	2048	974	974	1	1074	895114	0	0	0xa36487b5	0xa36487b5	0	0	COMPLETE	1	0xa36487b5	0xa36487b5	4623446580909935191747694762568021070520	2097152	0	709603893	0	COMPLETE	1	0xa36487b5	0xa36487b5	4623446580909935191747694762568021070520	0	519	1107174	0
899	CERTIFIED	1	0x1bdc1aaa	0x1bdc1aaa	14593560656764600174374713919744760695440	7374931772710246881456304620989865388832	0	33	33	33	1	0	1155214	0	CERTIFIED	1	0x1bdc1aaa	0x1bdc1aaa	14593560656764600174374713919744760695440	7374931772710246881456304620989865388832	0	64	33	33	1	31	2351827	0	0	0x1bdc1aaa	0x1bdc1aaa	0	0	COMPLETE	1	0x1bdc1aaa	0x1bdc1aaa	14593560656764600174374713919744760695440	2097152	0	699425494	0	COMPLETE	1	0x1bdc1aaa	0x1bdc1aaa	14593560656764600174374713919744760695440	0	65	99026	0
900	CERTIFIED	1	0xce590a6	0xce590a6	498812396533924991521057805922524616614	388154303826855099024016032683677125728	1	1056	972	972	1	84	2430958	0	CERTIFIED	1	0xce590a6	0xce590a6	498812396533924991521057805922524616614	388154303826855099024016032683677125728	1	2048	972	972	1	1076	821366	0	1	0xce590a6	0xce590a6	0	0	COMPLETE	1	0xce590a6	0xce590a6	498812396533924991521057805922524616614	2097152	0	626015917	0	COMPLETE	1	0xce590a6	0xce590a6	498812396533924991521057805922524616614	0	2099	2130955	0
901	CERTIFIED	1	0x527e7d48	0x527e7d48	704841967418297256244227483898886050538	388154303826855099024016032683677125728	1	1056	961	961	1	95	770070	0	CERTIFIED	1	0x527e7d48	0x527e7d48	704841967418297256244227483898886050538	388154303826855099024016032683677125728	1	2048	961	961	1	1087	2100523	0	1	0x527e7d48	0x527e7d48	0	0	COMPLETE	1	0x527e7d48	0x527e7d48	704841967418297256244227483898886050538	2097152	0	686754861	0	COMPLETE	1	0x527e7d48	0x527e7d48	704841967418297256244227483898886050538	0	4207	9506307	0
902	CERTIFIED	1	0x297ca4	0x297ca4	1190104009710230234907337822340847726650	388154303826855099024016032683677125728	1	1056	939	939	1	117	4211345	0	CERTIFIED	1	0x297ca4	0x297ca4	1190104009710230234907337822340847726650	388154303826855099024016032683677125728	1	2048	939	939	1	1109	3152282	0	1	0x297ca4	0x297ca4	0	0	COMPLETE	1	0x297ca4	0x297ca4	1190104009710230234907337822340847726650	2097152	0	716322346	0	COMPLETE	1	0x297ca4	0x297ca4	1190104009710230234907337822340847726650	0	1295	1337237	0
903	CERTIFIED	1	0x51631616	0x51631616	730486417687344275361341951548321799666	388154303826855099024016032683677125728	1	1056	978	978	1	78	849053	0	CERTIFIED	1	0x51631616	0x51631616	730486417687344275361341951548321799666	388154303826855099024016032683677125728	1	2048	978	978	1	1070	2337344	0	1	0x51631616	0x51631616	0	0	COMPLETE	1	0x51631616	0x51631616	730486417687344275361341951548321799666	2097152	0	683714198	0	COMPLETE	1	0x51631616	0x51631616	730486417687344275361341951548321799666	0	1383	1908937	0
904	CERTIFIED	1	0xf7845b81	0xf7845b81	269562288923180369124365673598133079320	20429173885623952580211370141246164512	2	16401	13209	13209	9	3192	3260422	1	CERTIFIED	1	0xf7845b81	0xf7845b81	269562288923180369124365673598133079320	20429173885623952580211370141246164512	2	31808	13209	13209	9	18599	2503786	1	1	0xf7845b81	0xf7845b81	0	0	NOT_RUN	0			0	0	0	0	0	NOT_RUN	0			0	0	0	0	0
905	CERTIFIED	1	0x8fdc1cd5	0x8fdc1cd5	4622136157484829239788422130019623642076	388154303826855099024016032683677125728	1	1056	958	958	2	98	1159899	1	CERTIFIED	1	0x8fdc1cd5	0x8fdc1cd5	4622136157484829239788422130019623642076	388154303826855099024016032683677125728	1	2048	958	958	2	1090	1052762	1	0	0x8fdc1cd5	0x8fdc1cd5	0	0	NOT_RUN	0			0	0	0	0	0	NOT_RUN	0			0	0	0	0	0
906	CERTIFIED	1	0xa6741f1f	0xa6741f1f	65960260837074919906202984915532692156	20429173885623952580211370141246164512	2	16401	13599	13599	7	2802	1723509	1	CERTIFIED	1	0xa6741f1f	0xa6741f1f	65960260837074919906202984915532692156	20429173885623952580211370141246164512	2	31808	13599	13599	7	18209	1822432	1	2	0x823a8b1f	0x823a8b1f,0xa4f50e3b,0xa4f50f17,0xa6741f1f,0xb43a8f1d,0xd23a9f1d,0xe53acf1f	1	0	NOT_RUN	0			0	0	0	0	0	NOT_RUN	0			0	0	0	0	0
907	CERTIFIED	1	0xf6327ce0	0xf6327ce0	90085213868846191314570606656623003502	20429173885623952580211370141246164512	2	16401	13571	13571	7	2830	1934879	1	CERTIFIED	1	0xf6327ce0	0xf6327ce0	90085213868846191314570606656623003502	20429173885623952580211370141246164512	2	31808	13571	13571	7	18237	1814214	1	2	0x963279e4	0x963279e4,0xa63a76f0,0xb6113ef2,0xb6323ad0,0xb6337da0,0xba593ef0,0xf6327ce0	1	0	NOT_RUN	0			0	0	0	0	0	NOT_RUN	0			0	0	0	0	0
908	CERTIFIED	1	0x2cc5a670	0x2cc5a670	729846423729379987856885486519768720444	388154303826855099024016032683677125728	1	1056	976	976	2	80	1030205	1	CERTIFIED	1	0x2cc5a670	0x2cc5a670	729846423729379987856885486519768720444	388154303826855099024016032683677125728	1	2048	976	976	2	1072	1025059	1	1	0x2cc5a670	0x2cc5a670,0x2cd9b670	0	0	NOT_RUN	0			0	0	0	0	0	NOT_RUN	0			0	0	0	0	0
909	CERTIFIED	1	0xb952c8ff	0xb952c8ff	98991139867748418864616734423119504774	20429173885623952580211370141246164512	2	16401	13629	13629	7	2772	2710405	1	CERTIFIED	1	0xb952c8ff	0xb952c8ff	98991139867748418864616734423119504774	20429173885623952580211370141246164512	2	31808	13629	13629	7	18179	2326105	1	2	0x91526e7f	0x91526e7f,0x9952d676,0x9952de7d,0x9955661f,0x99d2d677,0xb952c8ff,0xdb52ce7f	1	0	NOT_RUN	0			0	0	0	0	0	NOT_RUN	0			0	0	0	0	0
910	CERTIFIED	1	0x30fba8ca	0x30fba8ca	719663751929277430172773802618707346360	388154303826855099024016032683677125728	1	1056	969	969	2	87	988319	0	CERTIFIED	1	0x30fba8ca	0x30fba8ca	719663751929277430172773802618707346360	388154303826855099024016032683677125728	1	2048	969	969	2	1079	978865	0	1	0x10f35194	0x10f35194,0x30fba8ca	1	0	NOT_RUN	0			0	0	0	0	0	NOT_RUN	0			0	0	0	0	0
911	CERTIFIED	1	0x4c4e1330	0x4c4e1330	511642060958177616736898381329270902032	388154303826855099024016032683677125728	1	1056	969	969	2	87	982502	1	CERTIFIED	1	0x4c4e1330	0x4c4e1330	511642060958177616736898381329270902032	388154303826855099024016032683677125728	1	2048	969	969	2	1079	1051019	1	1	0x44a50930	0x44a50930,0x4c4e1330	1	0	NOT_RUN	0			0	0	0	0	0	NOT_RUN	0			0	0	0	0	0
912	CERTIFIED	1	0xa8be0ab9	0xa8be0ab9	64555913673947704273545720448984669520	20429173885623952580211370141246164512	2	16401	13745	13745	7	2656	1715662	1	CERTIFIED	1	0xa8be0ab9	0xa8be0ab9	64555913673947704273545720448984669520	20429173885623952580211370141246164512	2	31808	13745	13745	7	18063	1833413	1	2	0x504e0b39	0x504e0b39,0x545e0bf9,0x88ce0ba9,0xa8be0ab9,0xa8dc9739,0xaa9c1eb9,0xbc4e09b9	1	0	NOT_RUN	0			0	0	0	0	0	NOT_RUN	0			0	0	0	0	0
913	CERTIFIED	1	0xdd3bb359	0xdd3bb359	26279698932783905869333489738300321712	20429173885623952580211370141246164512	2	16401	14029	14029	5	2372	1709318	1	CERTIFIED	1	0xdd3bb359	0xdd3bb359	26279698932783905869333489738300321712	20429173885623952580211370141246164512	2	31808	14029	14029	5	17779	1845945	1	2	0xd913b0a9	0xd913b0a9,0xd91bb3a5,0xda8df919,0xdd3bb359,0xf91b5159	1	0	NOT_RUN	0			0	0	0	0	0	NOT_RUN	0			0	0	0	0	0
914	CERTIFIED	1	0x62f0ce32	0x62f0ce32	10228103521313350701349885153660606876622	7374931772710246881456304620989865388832	0	33	33	33	1	0	937073	1	CERTIFIED	1	0x62f0ce32	0x62f0ce32	10228103521313350701349885153660606876622	7374931772710246881456304620989865388832	0	64	33	33	1	31	906245	1	0	0x62f0ce32	0x62f0ce32	0	0	NOT_RUN	0			0	0	0	0	0	NOT_RUN	0			0	0	0	0	0
915	CERTIFIED	1	0xc94bf1c2	0xc94bf1c2	51220000748880039455181113228883498920	20429173885623952580211370141246164512	2	16401	13576	13576	4	2825	2120706	1	CERTIFIED	1	0xc94bf1c2	0xc94bf1c2	51220000748880039455181113228883498920	20429173885623952580211370141246164512	2	31808	13576	13576	4	18232	1779773	1	2	0xc94bf0d4	0xc94bf0d4,0xc94bf1c2,0xc9c3f9da,0xd943b8aa	1	0	NOT_RUN	0			0	0	0	0	0	NOT_RUN	0			0	0	0	0	0
916	CERTIFIED	1	0x364c59f8	0x364c59f8	5349960933849375135172770718752882459800	388154303826855099024016032683677125728	1	1056	961	961	7	95	1043134	0	CERTIFIED	1	0x364c59f8	0x364c59f8	5349960933849375135172770718752882459800	388154303826855099024016032683677125728	1	2048	961	961	7	1087	992162	0	0	0x364c59f8	0x364c59f8	0	0	NOT_RUN	0			0	0	0	0	0	COMPLETE	1	0x364c59f8	0x364c59f8	5349960933849375135172770718752882459800	0	455	761293	0
917	CERTIFIED	1	0x728f44b7	0x728f44b7	18464217380178938349503660637146359354778	7374931772710246881456304620989865388832	0	33	33	33	1	0	882269	0	CERTIFIED	1	0x728f44b7	0x728f44b7	18464217380178938349503660637146359354778	7374931772710246881456304620989865388832	0	64	33	33	1	31	947525	0	0	0x728f44b7	0x728f44b7	0	0	NOT_RUN	0			0	0	0	0	0	COMPLETE	1	0x728f44b7	0x728f44b7	18464217380178938349503660637146359354778	0	73	118341	0
918	CERTIFIED	1	0x343a8a18	0x343a8a18	18463607165517408908376079525639666897712	7374931772710246881456304620989865388832	0	33	33	33	1	0	878661	0	CERTIFIED	1	0x343a8a18	0x343a8a18	18463607165517408908376079525639666897712	7374931772710246881456304620989865388832	0	64	33	33	1	31	878680	0	0	0x343a8a18	0x343a8a18	0	0	NOT_RUN	0			0	0	0	0	0	COMPLETE	1	0x343a8a18	0x343a8a18	18463607165517408908376079525639666897712	0	87	264811	0
919	CERTIFIED	1	0x16f66bfe	0x16f66bfe	5325766634702302241028908027509425265250	388154303826855099024016032683677125728	1	1056	942	942	4	114	1087561	0	CERTIFIED	1	0x16f66bfe	0x16f66bfe	5325766634702302241028908027509425265250	388154303826855099024016032683677125728	1	2048	942	942	4	1106	1153901	0	0	0x16f66bfe	0x16f66bfe	0	0	NOT_RUN	0			0	0	0	0	0	COMPLETE	1	0x16f66bfe	0x16f66bfe	5325766634702302241028908027509425265250	0	457	739587	0
920	CERTIFIED	1	0xf7782fcb	0xf7782fcb	1420678319229853707483599380682889583310	388154303826855099024016032683677125728	1	1056	959	959	6	97	987485	1	CERTIFIED	1	0xf7782fcb	0xf7782fcb	1420678319229853707483599380682889583310	388154303826855099024016032683677125728	1	2048	959	959	6	1089	2415559	1	1	0xebbc17ab	0xebbc17ab,0xf578578b,0xf7782e1b,0xf7782fcb,0xf79c178b,0xf7be178b	1	0	NOT_RUN	0			0	0	0	0	0	COMPLETE	1	0xf7782fcb	0xf7782fcb	1420678319229853707483599380682889583310	0	1303	1745319	1
921	CERTIFIED	1	0x5f47c4b7	0x5f47c4b7	1226500458792351112409846389083152215826	388154303826855099024016032683677125728	1	1056	970	970	3	86	967417	0	CERTIFIED	1	0x5f47c4b7	0x5f47c4b7	1226500458792351112409846389083152215826	388154303826855099024016032683677125728	1	2048	970	970	3	1078	1015046	0	1	0x4fa3c4b4	0x4fa3c4b4,0x5f47c4b7,0x5f678969	1	0	NOT_RUN	0			0	0	0	0	0	COMPLETE	1	0x5f47c4b7	0x5f47c4b7	1226500458792351112409846389083152215826	0	5995	8042348	0
922	CERTIFIED	1	0xf6fb27ae	0xf6fb27ae	1179256230343049945217318980095234544852	388154303826855099024016032683677125728	1	1056	971	971	4	85	1296842	0	CERTIFIED	1	0xf6fb27ae	0xf6fb27ae	1179256230343049945217318980095234544852	388154303826855099024016032683677125728	1	2048	971	971	4	1077	836755	0	1	0x76764f56	0x76764f56,0xd67667ae,0xf67737ae,0xf6fb27ae	1	0	NOT_RUN	0			0	0	0	0	0	COMPLETE	1	0xf6fb27ae	0xf6fb27ae	1179256230343049945217318980095234544852	0	1249	1309055	0
923	CERTIFIED	1	0xa2215833	0xa2215833	1202870295785274715113379395392705286848	388154303826855099024016032683677125728	1	1056	977	977	4	79	1242688	0	CERTIFIED	1	0xa2215833	0xa2215833	1202870295785274715113379395392705286848	388154303826855099024016032683677125728	1	2048	977	977	4	1071	781428	0	1	0xa2215833	0xa2215833,0xa229596b,0xa910acb2,0xa930acb3	0	0	NOT_RUN	0			0	0	0	0	0	COMPLETE	1	0xa2215833	0xa2215833	1202870295785274715113379395392705286848	0	2059	2526907	0
924	CERTIFIED	1	0x835e749c	0x835e749c	547904203193138691516260667479667195440	388154303826855099024016032683677125728	1	1056	963	963	3	93	797636	1	CERTIFIED	1	0x835e749c	0x835e749c	547904203193138691516260667479667195440	388154303826855099024016032683677125728	1	2048	963	963	3	1085	791934	1	1	0x41ef7498	0x41ef7498,0x835e749c,0x87dee99c	1	0	NOT_RUN	0			0	0	0	0	0	NOT_RUN	0			0	0	0	0	0
925	CERTIFIED	1	0xaa5b142	0xaa5b142	256173048149120924697525458569013771072	20429173885623952580211370141246164512	2	16401	13894	13894	57	2507	1517588	1	CERTIFIED	1	0xaa5b142	0xaa5b142	256173048149120924697525458569013771072	20429173885623952580211370141246164512	2	31808	13894	13894	57	17914	1780556	1	1	0xaa5b142	0xaa5b142	0	0	NOT_RUN	0			0	0	0	0	0	NOT_RUN	0			0	0	0	0	0
926	CERTIFIED	1	0x5400fca0	0x5400fca0	1529705696438383212514065927251802775250	388154303826855099024016032683677125728	1	1056	935	935	4	121	757914	1	CERTIFIED	1	0x5400fca0	0x5400fca0	1529705696438383212514065927251802775250	388154303826855099024016032683677125728	1	2048	935	935	4	1113	756132	1	1	0x1400e8a0	0x1400e8a0,0x5400c950,0x5400fca0,0x5a00f4a0	1	0	NOT_RUN	0			0	0	0	0	0	NOT_RUN	0			0	0	0	0	0
927	CERTIFIED	1	0xd421ab47	0xd421ab47	728464967128514336192482607063595798098	388154303826855099024016032683677125728	1	1056	972	972	4	84	1019612	1	CERTIFIED	1	0xd421ab47	0xd421ab47	728464967128514336192482607063595798098	388154303826855099024016032683677125728	1	2048	972	972	4	1076	1549670	1	1	0xd421ab45	0xd421ab45,0xd421ab47,0xdc22d5b3,0xdd21aba3	1	0	NOT_RUN	0			0	0	0	0	0	NOT_RUN	0			0	0	0	0	0
928	CERTIFIED	1	0xea5db4f1	0xea5db4f1	270826369850197942954594915423964571986	20429173885623952580211370141246164512	2	16401	13857	13857	47	2544	1399965	1	CERTIFIED	1	0xea5db4f1	0xea5db4f1	270826369850197942954594915423964571986	20429173885623952580211370141246164512	2	31808	13857	13857	47	17951	1467465	1	1	0xea5db4f1	0xea5db4f1	0	0	NOT_RUN	0			0	0	0	0	0	NOT_RUN	0			0	0	0	0	0
929	CERTIFIED	1	0x68df701e	0x68df701e	806351378733933786586407332311440161702	388154303826855099024016032683677125728	1	1056	947	947	4	109	755771	1	CERTIFIED	1	0x68df701e	0x68df701e	806351378733933786586407332311440161702	388154303826855099024016032683677125728	1	2048	947	947	4	1101	2163472	1	1	0x68df641b	0x68df641b,0x68df701e,0x6adf6037,0x746f301f	1	0	NOT_RUN	0			0	0	0	0	0	NOT_RUN	0			0	0	0	0	0
930	CERTIFIED	1	0xcd780774	0xcd780774	1033665039851531390243208554332209539720	388154303826855099024016032683677125728	1	1056	953	953	3	103	722423	1	CERTIFIED	1	0xcd780774	0xcd780774	1033665039851531390243208554332209539720	388154303826855099024016032683677125728	1	2048	953	953	3	1095	740843	1	1	0xcd780774	0xcd780774,0xcf704776,0xdd700d76	0	0	NOT_RUN	0			0	0	0	0	0	NOT_RUN	0			0	0	0	0	0
931	CERTIFIED	1	0x9ea7c765	0x9ea7c765	243305698328064510637842554827310644226	20429173885623952580211370141246164512	2	16401	13594	13594	52	2807	1445449	1	CERTIFIED	1	0x9ea7c765	0x9ea7c765	243305698328064510637842554827310644226	20429173885623952580211370141246164512	2	31808	13594	13594	52	18214	2117766	1	1	0x9ea7c765	0x9ea7c765	0	0	NOT_RUN	0			0	0	0	0	0	NOT_RUN	0			0	0	0	0	0
932	CERTIFIED	1	0xd7eabde6	0xd7eabde6	962155475607759977647039837047235599092	388154303826855099024016032683677125728	1	1056	954	954	3	102	755255	1	CERTIFIED	1	0xd7eabde6	0xd7eabde6	962155475607759977647039837047235599092	388154303826855099024016032683677125728	1	2048	954	954	3	1094	754191	1	1	0xcff55ce6	0xcff55ce6,0xd7eabde6,0xdfeabdc7	1	0	NOT_RUN	0			0	0	0	0	0	NOT_RUN	0			0	0	0	0	0
933	CERTIFIED	1	0x2fbd8ce4	0x2fbd8ce4	996026678673816921805792062811944638564	388154303826855099024016032683677125728	1	1056	960	960	3	96	788817	1	CERTIFIED	1	0x2fbd8ce4	0x2fbd8ce4	996026678673816921805792062811944638564	388154303826855099024016032683677125728	1	2048	960	960	3	1088	1110153	1	1	0x2b9ec660	0x2b9ec660,0x2cdec660,0x2fbd8ce4	1	0	NOT_RUN	0			0	0	0	0	0	NOT_RUN	0			0	0	0	0	0
934	CERTIFIED	1	0xdd5485b8	0xdd5485b8	741231711840884375841081851023283892560	388154303826855099024016032683677125728	1	1056	979	979	6	77	736019	1	CERTIFIED	1	0xdd5485b8	0xdd5485b8	741231711840884375841081851023283892560	388154303826855099024016032683677125728	1	2048	979	979	6	1069	732585	1	1	0x2caa42d8	0x2caa42d8,0xd4ba42d8,0xd85485b4,0xd95485e8,0xd95ca2d8,0xdd5485b8	1	0	NOT_RUN	0			0	0	0	0	0	NOT_RUN	0			0	0	0	0	0
935	CERTIFIED	1	0xe6a3c913	0xe6a3c913	754744473962350451367594386262409839920	388154303826855099024016032683677125728	1	1056	970	970	3	86	751891	1	CERTIFIED	1	0xe6a3c913	0xe6a3c913	754744473962350451367594386262409839920	388154303826855099024016032683677125728	1	2048	970	970	3	1078	746947	1	1	0xe6a3c913	0xe6a3c913,0xe7a7b253,0xefa79513	0	0	NOT_RUN	0			0	0	0	0	0	NOT_RUN	0			0	0	0	0	0
936	CERTIFIED	1	0xc3788954	0xc3788954	18478292216545943857601480179912152539804	7374931772710246881456304620989865388832	0	33	33	33	1	0	842778	0	CERTIFIED	1	0xc3788954	0xc3788954	18478292216545943857601480179912152539804	7374931772710246881456304620989865388832	0	64	33	33	1	31	702613	0	0	0xc3788954	0xc3788954	0	0	COMPLETE	1	0xc3788954	0xc3788954	18478292216545943857601480179912152539804	2097152	0	754563802	0	COMPLETE	1	0xc3788954	0xc3788954	18478292216545943857601480179912152539804	0	47	81425	0
937	CERTIFIED	1	0xbf2db9a5	0xbf2db9a5	9281335834879318625018999960276702943872	7374931772710246881456304620989865388832	0	33	33	33	1	0	800277	0	CERTIFIED	1	0xbf2db9a5	0xbf2db9a5	9281335834879318625018999960276702943872	7374931772710246881456304620989865388832	0	64	33	33	1	31	1739043	0	0	0xbf2db9a5	0xbf2db9a5	0	0	COMPLETE	1	0xbf2db9a5	0xbf2db9a5	9281335834879318625018999960276702943872	2097152	0	692121729	0	COMPLETE	1	0xbf2db9a5	0xbf2db9a5	9281335834879318625018999960276702943872	0	205	317584	0
938	CERTIFIED	1	0xaebd6eac	0xaebd6eac	13635268056851704762153364154499222529312	7374931772710246881456304620989865388832	0	33	33	33	1	0	1779577	0	CERTIFIED	1	0xaebd6eac	0xaebd6eac	13635268056851704762153364154499222529312	7374931772710246881456304620989865388832	0	64	33	33	1	31	687121	0	0	0xaebd6eac	0xaebd6eac	0	0	COMPLETE	1	0xaebd6eac	0xaebd6eac	13635268056851704762153364154499222529312	2097152	0	669214883	0	COMPLETE	1	0xaebd6eac	0xaebd6eac	13635268056851704762153364154499222529312	0	223	274971	0
939	CERTIFIED	1	0x527f0e4e	0x527f0e4e	32086005711117844539216152423535283380578	7374931772710246881456304620989865388832	0	33	33	33	1	0	689035	0	CERTIFIED	1	0x527f0e4e	0x527f0e4e	32086005711117844539216152423535283380578	7374931772710246881456304620989865388832	0	64	33	33	1	31	1691623	0	0	0x527f0e4e	0x527f0e4e	0	0	COMPLETE	1	0x527f0e4e	0x527f0e4e	32086005711117844539216152423535283380578	2097152	0	691468721	0	COMPLETE	1	0x527f0e4e	0x527f0e4e	32086005711117844539216152423535283380578	0	43	67729	0
940	CERTIFIED	1	0x458a533d	0x458a533d	499411451800837900590368110963011160862	388154303826855099024016032683677125728	1	1056	979	979	2	77	2021293	0	CERTIFIED	1	0x458a533d	0x458a533d	499411451800837900590368110963011160862	388154303826855099024016032683677125728	1	2048	979	979	2	1069	968084	0	1	0x458a533d	0x458a533d,0x459a593d	0	0	COMPLETE	1	0x458a533d	0x458a533d	499411451800837900590368110963011160862	2097152	0	611394373	0	COMPLETE	1	0x458a533d	0x458a533d	499411451800837900590368110963011160862	0	1835	1852783	0
941	CERTIFIED	1	0x26f6b9d5	0x26f6b9d5	305266990899662174289739816509114288974	20429173885623952580211370141246164512	2	16401	13730	13730	9	2671	2237586	0	CERTIFIED	1	0x26f6b9d5	0x26f6b9d5	305266990899662174289739816509114288974	20429173885623952580211370141246164512	2	31808	13730	13730	9	18078	2999093	0	1	0x26f6b9d5	0x26f6b9d5	0	0	COMPLETE	1	0x26f6b9d5	0x26f6b9d5	305266990899662174289739816509114288974	2097152	0	690630411	0	COMPLETE	1	0x26f6b9d5	0x26f6b9d5	305266990899662174289739816509114288974	0	2451	2520308	0
942	CERTIFIED	1	0xa6934068	0xa6934068	741905306264484950809076302513020628928	388154303826855099024016032683677125728	1	1056	960	960	2	96	2133683	0	CERTIFIED	1	0xa6934068	0xa6934068	741905306264484950809076302513020628928	388154303826855099024016032683677125728	1	2048	960	960	2	1088	765563	0	1	0xa6934068	0xa6934068,0xb7930068	0	0	COMPLETE	1	0xa6934068	0xa6934068	741905306264484950809076302513020628928	2097152	0	654332740	0	COMPLETE	1	0xa6934068	0xa6934068	741905306264484950809076302513020628928	0	1029	1431215	0
943	CERTIFIED	1	0xff2b9075	0xff2b9075	1868666476224727073047325942901969179906	388154303826855099024016032683677125728	1	1056	963	963	5	93	1026022	0	CERTIFIED	1	0xff2b9075	0xff2b9075	1868666476224727073047325942901969179906	388154303826855099024016032683677125728	1	2048	963	963	5	1085	2150932	0	1	0x7e5724e9	0x7e5724e9,0xbf2b9274,0xfe531275,0xfe5720eb,0xff2b9075	1	0	COMPLETE	1	0xff2b9075	0xff2b9075	1868666476224727073047325942901969179906	2097152	0	655757311	0	COMPLETE	1	0xff2b9075	0xff2b9075	1868666476224727073047325942901969179906	0	633	728646	0
944	CERTIFIED	1	0x8890fe70	0x8890fe70	74763543859166879261941540295208482276	20429173885623952580211370141246164512	2	16401	13267	13267	13	3134	2889757	1	CERTIFIED	1	0x8890fe70	0x8890fe70	74763543859166879261941540295208482276	20429173885623952580211370141246164512	2	31808	13267	13267	13	18541	1289611	1	2	0x8890fe70	0x8890fe70,0x8ab0f670,0x9834fe70,0x9921dce8,0x9930be71,0x9961a670,0x9961f652,0x9974fe72,0x9990be70,0x9ab4fe74,0x9c90fe50,0x9d61dce2,0xcc91fe70	0	0	NOT_RUN	0			0	0	0	0	0	NOT_RUN	0			0	0	0	0	0
945	CERTIFIED	1	0x4ede43a0	0x4ede43a0	510798699241704694348631569447846608542	388154303826855099024016032683677125728	1	1056	972	972	3	84	985605	1	CERTIFIED	1	0x4ede43a0	0x4ede43a0	510798699241704694348631569447846608542	388154303826855099024016032683677125728	1	2048	972	972	3	1076	731051	1	1	0x4ede43a0	0x4ede43a0,0x5d5e03a4,0x5dba43a6	0	0	NOT_RUN	0			0	0	0	0	0	NOT_RUN	0			0	0	0	0	0
946	CERTIFIED	1	0xb93eed91	0xb93eed91	62706385199534739093062312745047523854	20429173885623952580211370141246164512	2	16401	13881	13881	7	2520	1297725	0	CERTIFIED	1	0xb93eed91	0xb93eed91	62706385199534739093062312745047523854	20429173885623952580211370141246164512	2	31808	13881	13881	7	17927	1313415	0	2	0x9936ed93	0x9936ed93,0xac9aed99,0xb93eed91,0xd93dd369,0xd9ae6d91,0xf92eed95,0xf99eef91	1	0	NOT_RUN	0			0	0	0	0	0	NOT_RUN	0			0	0	0	0	0
947	CERTIFIED	1	0x8bc9bcad	0x8bc9bcad	716436143716288056417295708361901137636	388154303826855099024016032683677125728	1	1056	975	975	4	81	1608740	1	CERTIFIED	1	0x8bc9bcad	0x8bc9bcad	716436143716288056417295708361901137636	388154303826855099024016032683677125728	1	2048	975	975	4	1073	716291	1	1	0x8bc9bcad	0x8bc9bcad,0x97905cad,0x9f91795b,0xcfc8bcad	0	0	NOT_RUN	0			0	0	0	0	0	NOT_RUN	0			0	0	0	0	0
948	CERTIFIED	1	0xd2b272a2	0xd2b272a2	9001640210940269017654692133279394817422	7374931772710246881456304620989865388832	0	33	33	33	1	0	776468	1	CERTIFIED	1	0xd2b272a2	0xd2b272a2	9001640210940269017654692133279394817422	7374931772710246881456304620989865388832	0	64	33	33	1	31	806448	1	0	0xd2b272a2	0xd2b272a2	0	0	NOT_RUN	0			0	0	0	0	0	NOT_RUN	0			0	0	0	0	0
949	CERTIFIED	1	0x6511ff2	0x6511ff2	86859643107600026493027614895349450058	20429173885623952580211370141246164512	2	16401	13106	13106	7	3295	1260468	1	CERTIFIED	1	0x6511ff2	0x6511ff2	86859643107600026493027614895349450058	20429173885623952580211370141246164512	2	31808	13106	13106	7	18702	1635030	1	2	0x6511ff2	0x6511ff2,0x7555ff3,0xeaa3eeb,0xed13ff2,0x16551ff3,0x17515ff2,0x47555df2	0	0	NOT_RUN	0			0	0	0	0	0	NOT_RUN	0			0	0	0	0	0
950	CERTIFIED	1	0x95803bc6	0x95803bc6	51258813646903236047925796052817876524	20429173885623952580211370141246164512	2	16401	13604	13604	9	2797	1284456	1	CERTIFIED	1	0x95803bc6	0x95803bc6	51258813646903236047925796052817876524	20429173885623952580211370141246164512	2	31808	13604	13604	9	18204	1279736	1	2	0x14d035c6	0x14d035c6,0x4ac015e6,0x945215c6,0x95202bcd,0x95802bcc,0x95803bc6,0x959031c6,0x96d215c2,0xb5a00b8d	1	0	NOT_RUN	0			0	0	0	0	0	NOT_RUN	0			0	0	0	0	0
951	CERTIFIED	1	0x39e032dc	0x39e032dc	113747218292139115442324390005761027698	20429173885623952580211370141246164512	2	16401	13714	13714	5	2687	1318952	1	CERTIFIED	1	0x39e032dc	0x39e032dc	113747218292139115442324390005761027698	20429173885623952580211370141246164512	2	31808	13714	13714	5	18094	1287726	1	2	0x19c0badc	0x19c0badc,0x39c8bade,0x39e032dc,0x39e17254,0x39f038dc	1	0	NOT_RUN	0			0	0	0	0	0	NOT_RUN	0			0	0	0	0	0
952	CERTIFIED	1	0x9d2ac2a6	0x9d2ac2a6	3330194308919111540585454887934755942	1075219678190734346326914217960324448	3	164736	131626	131626	34	33110	8923815	1	CERTIFIED	1	0x9d2ac2a6	0x9d2ac2a6	3330194308919111540585454887934755942	1075219678190734346326914217960324448	3	319488	131626	131626	34	187862	9389709	1	3	0x1a9da2a6	0x1a9da2a6,0x952bd74e,0x992b68e6,0x9955aba7,0x9a95a3a4,0x9ab52ea6,0x9c0b55a2,0x9c2eaab6,0x9cab5da6,0x9d15bba7,0x9d1b1526,0x9d1b550e,0x9d234756,0x9d23575c,0x9d2a6ae7,0x9d2ac2a6,0x9d2aeab7,0x9d33754d,0x9d51ab86,0x9d54a9a6,0x9dab570a,0x9db5bba6,0x9e2b55a7,0x9f2b1726,0x9f2b570e,0x9f2f15a6,0xae95a686,0xba95a6a6,0xbd0a4aa6,0xbd2b575e,0xbd2b774a,0xdd0b550a,0xdd23555d,0xdd6bd2a6	1	0	NOT_RUN	0			0	0	0	0	0	NOT_RUN	0			0	0	0	0	0
953	CERTIFIED	1	0x1478b6	0x1478b6	39720590771164322920970142108516632690	20429173885623952580211370141246164512	2	16401	13108	13108	7	3293	2407342	1	CERTIFIED	1	0x1478b6	0x1478b6	39720590771164322920970142108516632690	20429173885623952580211370141246164512	2	31808	13108	13108	7	18700	4801616	1	2	0x1478b6	0x1478b6,0x441578b6,0x8034f1b6,0x881678b6,0xc090f136,0xc094f3b6,0xd034f136	0	0	NOT_RUN	0			0	0	0	0	0	NOT_RUN	0			0	0	0	0	0
954	CERTIFIED	1	0x5e20b728	0x5e20b728	26886175824783442732766055488676680276	20429173885623952580211370141246164512	2	16401	13716	13716	3	2685	1507485	1	CERTIFIED	1	0x5e20b728	0x5e20b728	26886175824783442732766055488676680276	20429173885623952580211370141246164512	2	31808	13716	13716	3	18092	1566638	1	2	0x4e20b5a9	0x4e20b5a9,0x5e20b728,0xde214be9	1	0	NOT_RUN	0			0	0	0	0	0	NOT_RUN	0			0	0	0	0	0
955	CERTIFIED	1	0xcdc275c2	0xcdc275c2	281050073662184055361208932974576507560	20429173885623952580211370141246164512	2	16401	13650	13650	5	2751	2665562	1	CERTIFIED	1	0xcdc275c2	0xcdc275c2	281050073662184055361208932974576507560	20429173885623952580211370141246164512	2	31808	13650	13650	5	18158	4308667	1	1	0xcdc275c2	0xcdc275c2	0	0	NOT_RUN	0			0	0	0	0	0	NOT_RUN	0			0	0	0	0	0
956	CERTIFIED	1	0x1748636f	0x1748636f	5775176809278791628793099288395130514120	388154303826855099024016032683677125728	1	1056	961	961	7	95	1401218	0	CERTIFIED	1	0x1748636f	0x1748636f	5775176809278791628793099288395130514120	388154303826855099024016032683677125728	1	2048	961	961	7	1087	1270575	0	0	0x1748636f	0x1748636f	0	0	NOT_RUN	0			0	0	0	0	0	COMPLETE	1	0x1748636f	0x1748636f	5775176809278791628793099288395130514120	0	1307	3155802	0
957	CERTIFIED	1	0x5477e669	0x5477e669	10641184176340113040291428114387154232684	7374931772710246881456304620989865388832	0	33	33	33	1	0	1159550	0	CERTIFIED	1	0x5477e669	0x5477e669	10641184176340113040291428114387154232684	7374931772710246881456304620989865388832	0	64	33	33	1	31	1465826	0	0	0x5477e669	0x5477e669	0	0	NOT_RUN	0			0	0	0	0	0	COMPLETE	1	0x5477e669	0x5477e669	10641184176340113040291428114387154232684	0	421	720191	0
958	CERTIFIED	1	0x658f32fc	0x658f32fc	9742940515760252555321954092079574379196	7374931772710246881456304620989865388832	0	33	33	33	1	0	1119800	0	CERTIFIED	1	0x658f32fc	0x658f32fc	9742940515760252555321954092079574379196	7374931772710246881456304620989865388832	0	64	33	33	1	31	1159028	0	0	0x658f32fc	0x658f32fc	0	0	NOT_RUN	0			0	0	0	0	0	COMPLETE	1	0x658f32fc	0x658f32fc	9742940515760252555321954092079574379196	0	209	404536	0
959	CERTIFIED	1	0x280605de	0x280605de	35808617571529696033988598495381779961992	7374931772710246881456304620989865388832	0	33	33	33	1	0	1083006	0	CERTIFIED	1	0x280605de	0x280605de	35808617571529696033988598495381779961992	7374931772710246881456304620989865388832	0	64	33	33	1	31	1082456	0	0	0x280605de	0x280605de	0	0	NOT_RUN	0			0	0	0	0	0	COMPLETE	1	0x280605de	0x280605de	35808617571529696033988598495381779961992	0	49	85546	0
960	CERTIFIED	1	0xf9ef734e	0xf9ef734e	510800370453402287089819390587826409228	388154303826855099024016032683677125728	1	1056	961	961	8	95	1038364	1	CERTIFIED	1	0xf9ef734e	0xf9ef734e	510800370453402287089819390587826409228	388154303826855099024016032683677125728	1	2048	961	961	8	1087	1181831	1	1	0xdcd7bdae	0xdcd7bdae,0xf4f6bdae,0xf9b7bd8e,0xf9cdbdae,0xf9ed5dae,0xf9ed7b5c,0xf9ef734e,0xf9ef7b76	1	0	NOT_RUN	0			0	0	0	0	0	COMPLETE	1	0xf9ef734e	0xf9ef734e	510800370453402287089819390587826409228	0	3187	5031022	1
961	CERTIFIED	1	0xfa8ef97d	0xfa8ef97d	1191421411661925806291124449573278029452	388154303826855099024016032683677125728	1	1056	968	968	3	88	1198982	0	CERTIFIED	1	0xfa8ef97d	0xfa8ef97d	1191421411661925806291124449573278029452	388154303826855099024016032683677125728	1	2048	968	968	3	1080	1377964	0	1	0xfa8ef559	0xfa8ef559,0xfa8ef97d,0xfb47797d	1	0	NOT_RUN	0			0	0	0	0	0	COMPLETE	1	0xfa8ef97d	0xfa8ef97d	1191421411661925806291124449573278029452	0	4201	6284698	0
962	CERTIFIED	1	0x2f8859b	0x2f8859b	499912095629070766910154356279346994916	388154303826855099024016032683677125728	1	1056	956	956	5	100	1262015	1	CERTIFIED	1	0x2f8859b	0x2f8859b	499912095629070766910154356279346994916	388154303826855099024016032683677125728	1	2048	956	956	5	1092	1040998	1	1	0x2f8859b	0x2f8859b,0x2f942d5,0x117c42fd,0x12f8a2dd,0x817c42cd	0	0	NOT_RUN	0			0	0	0	0	0	COMPLETE	1	0x2f8859b	0x2f8859b	499912095629070766910154356279346994916	0	3973	7276856	1
963	CERTIFIED	1	0xc3441052	0xc3441052	1181771074492407096477096053690603090492	388154303826855099024016032683677125728	1	1056	971	971	2	85	965943	1	CERTIFIED	1	0xc3441052	0xc3441052	1181771074492407096477096053690603090492	388154303826855099024016032683677125728	1	2048	971	971	2	1077	1365623	1	1	0xc244a092	0xc244a092,0xc3441052	1	0	NOT_RUN	0			0	0	0	0	0	COMPLETE	1	0xc3441052	0xc3441052	1181771074492407096477096053690603090492	0	1179	1495691	1
964	CERTIFIED	1	0x98bd7b2a	0x98bd7b2a	522899941851965429289973239869572256084	388154303826855099024016032683677125728	1	1056	965	965	5	91	1019231	1	CERTIFIED	1	0x98bd7b2a	0x98bd7b2a	522899941851965429289973239869572256084	388154303826855099024016032683677125728	1	2048	965	965	5	1083	952033	1	1	0x817ad656	0x817ad656,0x817af2aa,0x84bd7b2e,0x98bd7b2a,0xa0bd7b22	1	0	NOT_RUN	0			0	0	0	0	0	NOT_RUN	0			0	0	0	0	0
965	CERTIFIED	1	0xbcd09e8f	0xbcd09e8f	1203678567907018475172010577463473282156	388154303826855099024016032683677125728	1	1056	962	962	3	94	953115	1	CERTIFIED	1	0xbcd09e8f	0xbcd09e8f	1203678567907018475172010577463473282156	388154303826855099024016032683677125728	1	2048	962	962	3	1086	955238	1	1	0xaef89e8f	0xaef89e8f,0xbcb13d0f,0xbcd09e8f	1	0	NOT_RUN	0			0	0	0	0	0	NOT_RUN	0			0	0	0	0	0
966	CERTIFIED	1	0x39337349	0x39337349	740628487741153856347739292864589127480	388154303826855099024016032683677125728	1	1056	978	978	4	78	1221320	1	CERTIFIED	1	0x39337349	0x39337349	740628487741153856347739292864589127480	388154303826855099024016032683677125728	1	2048	978	978	4	1070	1233131	1	1	0x32b37349	0x32b37349,0x35b37348,0x39337349,0x7266e692	1	0	NOT_RUN	0			0	0	0	0	0	NOT_RUN	0			0	0	0	0	0
967	CERTIFIED	1	0x7701d628	0x7701d628	717815340660565949302534804513819816316	388154303826855099024016032683677125728	1	1056	956	956	3	100	1070990	1	CERTIFIED	1	0x7701d628	0x7701d628	717815340660565949302534804513819816316	388154303826855099024016032683677125728	1	2048	956	956	3	1092	945916	1	1	0x6e09d630	0x6e09d630,0x6e21d438,0x7701d628	1	0	NOT_RUN	0			0	0	0	0	0	NOT_RUN	0			0	0	0	0	0
968	CERTIFIED	1	0xf3676654	0xf3676654	9511901015628894921004988006389667485796	7374931772710246881456304620989865388832	0	33	33	33	1	0	856581	1	CERTIFIED	1	0xf3676654	0xf3676654	9511901015628894921004988006389667485796	7374931772710246881456304620989865388832	0	64	33	33	1	31	1320578	1	0	0xf3676654	0xf3676654	0	0	NOT_RUN	0			0	0	0	0	0	NOT_RUN	0			0	0	0	0	0
969	CERTIFIED	1	0x29e4120b	0x29e4120b	270085408507249529037805410269449264088	20429173885623952580211370141246164512	2	16401	13497	13497	61	2904	1705721	1	CERTIFIED	1	0x29e4120b	0x29e4120b	270085408507249529037805410269449264088	20429173885623952580211370141246164512	2	31808	13497	13497	61	18311	1775421	1	1	0x29cc120d	0x29cc120d,0x29e4120b	1	0	NOT_RUN	0			0	0	0	0	0	NOT_RUN	0			0	0	0	0	0
970	CERTIFIED	1	0xd5616eab	0xd5616eab	5132264244588193016507045703823060079684	388154303826855099024016032683677125728	1	1056	979	979	4	77	1080215	1	CERTIFIED	1	0xd5616eab	0xd5616eab	5132264244588193016507045703823060079684	388154303826855099024016032683677125728	1	2048	979	979	4	1069	926428	1	0	0xd5616eab	0xd5616eab	0	0	NOT_RUN	0			0	0	0	0	0	NOT_RUN	0			0	0	0	0	0
971	CERTIFIED	1	0x320ecfd2	0x320ecfd2	766242855456210120010425155389792227920	388154303826855099024016032683677125728	1	1056	961	961	3	95	959128	1	CERTIFIED	1	0x320ecfd2	0x320ecfd2	766242855456210120010425155389792227920	388154303826855099024016032683677125728	1	2048	961	961	3	1087	938437	1	1	0x320ecfd2	0x320ecfd2,0x3a0f9faa,0x7a0dafd2	0	0	NOT_RUN	0			0	0	0	0	0	NOT_RUN	0			0	0	0	0	0
972	CERTIFIED	1	0x9116875c	0x9116875c	269489698554197924257774601479462063844	20429173885623952580211370141246164512	2	16401	13800	13800	57	2601	1816213	1	CERTIFIED	1	0x9116875c	0x9116875c	269489698554197924257774601479462063844	20429173885623952580211370141246164512	2	31808	13800	13800	57	18008	1819728	1	1	0x9116875c	0x9116875c,0x911d4cb4	0	0	NOT_RUN	0			0	0	0	0	0	NOT_RUN	0			0	0	0	0	0
973	CERTIFIED	1	0x23085509	0x23085509	731660562455088127207745241296107876292	388154303826855099024016032683677125728	1	1056	974	974	3	82	1397444	1	CERTIFIED	1	0x23085509	0x23085509	731660562455088127207745241296107876292	388154303826855099024016032683677125728	1	2048	974	974	3	1074	1351568	1	1	0x23085509	0x23085509,0x2610a289,0x2611a589	0	0	NOT_RUN	0			0	0	0	0	0	NOT_RUN	0			0	0	0	0	0
974	CERTIFIED	1	0xfbf498a4	0xfbf498a4	9511137156667338788505174783223761935804	7374931772710246881456304620989865388832	0	33	33	33	1	0	853605	1	CERTIFIED	1	0xfbf498a4	0xfbf498a4	9511137156667338788505174783223761935804	7374931772710246881456304620989865388832	0	64	33	33	1	31	1109561	1	0	0xfbf498a4	0xfbf498a4	0	0	NOT_RUN	0			0	0	0	0	0	NOT_RUN	0			0	0	0	0	0
975	CERTIFIED	1	0x7f67025b	0x7f67025b	474375458063992088769734861231395296164	388154303826855099024016032683677125728	1	1056	947	947	2	109	1197441	1	CERTIFIED	1	0x7f67025b	0x7f67025b	474375458063992088769734861231395296164	388154303826855099024016032683677125728	1	2048	947	947	2	1101	1273688	1	1	0x7f67025b	0x7f67025b,0xff6b012d	0	0	NOT_RUN	0			0	0	0	0	0	NOT_RUN	0			0	0	0	0	0
976	CERTIFIED	1	0xe84ec563	0xe84ec563	18016653553990773681420632043449341654640	7374931772710246881456304620989865388832	0	33	33	33	2	0	1081017	0	CERTIFIED	1	0xe84ec563	0xe84ec563	18016653553990773681420632043449341654640	7374931772710246881456304620989865388832	0	64	33	33	2	31	1052113	0	0	0xd44ec563	0xd44ec563,0xe84ec563	1	0	NOT_RUN	0			0	0	0	0	0	COMPLETE	1	0xe84ec563	0xe84ec563	18016653553990773681420632043449341654640	0	211	369026	0
977	CERTIFIED	1	0x57705816	0x57705816	10399259743848472471380483143587979309564	7374931772710246881456304620989865388832	0	33	33	33	2	0	871787	1	CERTIFIED	1	0x57705816	0x57705816	10399259743848472471380483143587979309564	7374931772710246881456304620989865388832	0	64	33	33	2	31	861184	1	0	0x57705816	0x57705816,0x5770a816	0	0	NOT_RUN	0			0	0	0	0	0	COMPLETE	1	0x57705816	0x57705816	10399259743848472471380483143587979309564	0	1245	2079339	1
978	CERTIFIED	1	0xfd943efd	0xfd943efd	23132918297784952704271638736105397018348	7374931772710246881456304620989865388832	0	33	33	33	1	0	1129405	0	CERTIFIED	1	0xfd943efd	0xfd943efd	23132918297784952704271638736105397018348	7374931772710246881456304620989865388832	0	64	33	33	1	31	946637	0	0	0xfd943efd	0xfd943efd	0	0	NOT_RUN	0			0	0	0	0	0	COMPLETE	1	0xfd943efd	0xfd943efd	23132918297784952704271638736105397018348	0	2009	2439653	0
979	CERTIFIED	1	0x24b1ee48	0x24b1ee48	9267859852196419296080391857802216581876	7374931772710246881456304620989865388832	0	33	33	33	1	0	885385	0	CERTIFIED	1	0x24b1ee48	0x24b1ee48	9267859852196419296080391857802216581876	7374931772710246881456304620989865388832	0	64	33	33	1	31	939414	0	0	0x24b1ee48	0x24b1ee48	0	0	NOT_RUN	0			0	0	0	0	0	COMPLETE	1	0x24b1ee48	0x24b1ee48	9267859852196419296080391857802216581876	0	423	547181	0
980	CERTIFIED	1	0x41c5c31d	0x41c5c31d	5800005816916877007176645149617747435524	388154303826855099024016032683677125728	1	1056	957	957	12	99	1056214	1	CERTIFIED	1	0x41c5c31d	0x41c5c31d	5800005816916877007176645149617747435524	388154303826855099024016032683677125728	1	2048	957	957	12	1091	955993	1	0	0x41c5c31d	0x41c5c31d	0	0	NOT_RUN	0			0	0	0	0	0	COMPLETE	1	0x41c5c31d	0x41c5c31d	5800005816916877007176645149617747435524	0	381	525113	1
981	CERTIFIED	1	0x499b2604	0x499b2604	1881436561647019812695041869243691366808	388154303826855099024016032683677125728	1	1056	974	974	13	82	930251	0	CERTIFIED	1	0x499b2604	0x499b2604	1881436561647019812695041869243691366808	388154303826855099024016032683677125728	1	2048	974	974	13	1074	958321	0	1	0x248d9306	0x248d9306,0x414d9306,0x44ed9306,0x48dd9306,0x499b1302,0x499b230e,0x499b2507,0x499b2604,0x499b260b,0x4d8d9306,0x59999306,0x69959306,0x699a9306	1	0	NOT_RUN	0			0	0	0	0	0	COMPLETE	1	0x499b2604	0x499b2604	1881436561647019812695041869243691366808	0	2507	3107042	0
982	CERTIFIED	1	0xddf06584	0xddf06584	1228410290998563222195855283052399400320	388154303826855099024016032683677125728	1	1056	963	963	18	93	1006075	1	CERTIFIED	1	0xddf06584	0xddf06584	1228410290998563222195855283052399400320	388154303826855099024016032683677125728	1	2048	963	963	18	1085	961517	1	1	0xdd608b0a	0xdd608b0a,0xdda08b09,0xdda0c584,0xddc0a584,0xdde14784,0xdde18b84,0xdde24484,0xdde28b44,0xdde44d84,0xdde48b24,0xdde84184,0xdde88b14,0xdde88d84,0xddf06584,0xddf08b0c,0xddf09584,0xdef05584,0xeef06584	1	0	NOT_RUN	0			0	0	0	0	0	COMPLETE	1	0xddf06584	0xddf06584	1228410290998563222195855283052399400320	0	3753	5718532	1
983	CERTIFIED	1	0x31d9e0f7	0x31d9e0f7	1252199618408711996673636050422328705396	388154303826855099024016032683677125728	1	1056	952	952	20	104	1235416	1	CERTIFIED	1	0x31d9e0f7	0x31d9e0f7	1252199618408711996673636050422328705396	388154303826855099024016032683677125728	1	2048	952	952	20	1096	1234162	1	1	0x18fcf0d7	0x18fcf0d7,0x28fcf0e7,0x30f9e1d7,0x30f9e1eb,0x30fcf0ff,0x3179b0f7,0x317ce0f7,0x31b970f7,0x31bcd0f7,0x31d9e0f7,0x31dcb0f7,0x31e9d0f7,0x31ec70f7,0x31f4f1f7,0x31f8f2f7,0x33f9e1e7,0x35f9e177,0x35f9e1ee,0x39f9e1b7,0x39f9e1ed	1	0	NOT_RUN	0			0	0	0	0	0	COMPLETE	1	0x31d9e0f7	0x31d9e0f7	1252199618408711996673636050422328705396	0	3913	5307470	1
984	CERTIFIED	1	0xdd483c59	0xdd483c59	1216315925992238667015313685328030015080	388154303826855099024016032683677125728	1	1056	972	972	16	84	1004085	1	CERTIFIED	1	0xdd483c59	0xdd483c59	1216315925992238667015313685328030015080	388154303826855099024016032683677125728	1	2048	972	972	16	1076	1571468	1	1	0x6ea47c49	0x6ea47c49,0xaea4bc49,0xcea42c49,0xd6a43449,0xdaa43849,0xdca43e49,0xdd243c09,0xdd443c69,0xdd483c59,0xdd485cc9,0xdd486c09,0xdd48744b,0xdd487812,0xdd487848,0xdd48788b,0xdd4878d1	1	0	NOT_RUN	0			0	0	0	0	0	NOT_RUN	0			0	0	0	0	0
985	CERTIFIED	1	0x30cf05fa	0x30cf05fa	18488572260758999556078950388026013657200	7374931772710246881456304620989865388832	0	33	33	33	1	0	882957	1	CERTIFIED	1	0x30cf05fa	0x30cf05fa	18488572260758999556078950388026013657200	7374931772710246881456304620989865388832	0	64	33	33	1	31	890224	1	0	0x30cf05fa	0x30cf05fa	0	0	NOT_RUN	0			0	0	0	0	0	NOT_RUN	0			0	0	0	0	0
986	CERTIFIED	1	0x849022a0	0x849022a0	18001363785483185797688794225082803731224	7374931772710246881456304620989865388832	0	33	33	33	2	0	852340	1	CERTIFIED	1	0x849022a0	0x849022a0	18001363785483185797688794225082803731224	7374931772710246881456304620989865388832	0	64	33	33	2	31	869938	1	0	0x849022a0	0x849022a0,0x89204520	0	0	NOT_RUN	0			0	0	0	0	0	NOT_RUN	0			0	0	0	0	0
987	CERTIFIED	1	0xbed21e72	0xbed21e72	18718975302510162551758766212146156335444	7374931772710246881456304620989865388832	0	33	33	33	3	0	874375	1	CERTIFIED	1	0xbed21e72	0xbed21e72	18718975302510162551758766212146156335444	7374931772710246881456304620989865388832	0	64	33	33	3	31	863816	1	0	0x5f691e72	0x5f691e72,0xaf691e72,0xbed21e72	1	0	NOT_RUN	0			0	0	0	0	0	NOT_RUN	0			0	0	0	0	0
988	CERTIFIED	1	0x449c5fee	0x449c5fee	1870688088168408065116694835178368026684	388154303826855099024016032683677125728	1	1056	951	951	16	105	928115	1	CERTIFIED	1	0x449c5fee	0x449c5fee	1870688088168408065116694835178368026684	388154303826855099024016032683677125728	1	2048	951	951	16	1097	1192307	1	1	0x441d2eee	0x441d2eee,0x441e2dee,0x442e2eee,0x444e27ee,0x445c5fde,0x445c6fee,0x448e2bee,0x449c5fdd,0x449c5fee,0x449cafee,0x450e2fce,0x460e2ffe,0x4a0e2fce,0x520e2fea,0x620e2fe6,0xa20e2fea	1	0	NOT_RUN	0			0	0	0	0	0	NOT_RUN	0			0	0	0	0	0
989	CERTIFIED	1	0x5bc73464	0x5bc73464	1262886480674378704104553219435639128680	388154303826855099024016032683677125728	1	1056	973	973	17	83	970535	1	CERTIFIED	1	0x5bc73464	0x5bc73464	1262886480674378704104553219435639128680	388154303826855099024016032683677125728	1	2048	973	973	17	1075	959666	1	1	0x2de7b424	0x2de7b424,0x4de7b444,0x55e7b460,0x59e7b46c,0x5ae7b460,0x5b679464,0x5ba7a464,0x5bc73464,0x5bc768c8,0x5bcb68c4,0x5bcbf464,0x5bcd6464,0x5bcd68a4,0x5bcd9464,0x5bce5464,0x5bce6864,0x5bcea464	1	0	NOT_RUN	0			0	0	0	0	0	NOT_RUN	0			0	0	0	0	0
990	CERTIFIED	1	0x1d0f7253	0x1d0f7253	985246451386782550759355162724537721520	388154303826855099024016032683677125728	1	1056	972	972	16	84	964653	1	CERTIFIED	1	0x1d0f7253	0x1d0f7253	985246451386782550759355162724537721520	388154303826855099024016032683677125728	1	2048	972	972	16	1076	934920	1	1	0x150ee6a7	0x150ee6a7,0x190ee6ab,0x1d0ce753,0x1d0f7253,0x1d0feb53,0x1d17f353,0x1d273353,0x1d475353,0x1d876353,0x1d8ef353,0x1e875353,0x2e876353,0x3d0ee6b3,0x4e87f353,0x5d0ee6d3,0x8e873353	1	0	NOT_RUN	0			0	0	0	0	0	NOT_RUN	0			0	0	0	0	0
991	CERTIFIED	1	0x36ff665	0x36ff665	1870723735678483593449196710800952127644	388154303826855099024016032683677125728	1	1056	951	951	14	105	944033	1	CERTIFIED	1	0x36ff665	0x36ff665	1870723735678483593449196710800952127644	388154303826855099024016032683677125728	1	2048	951	951	14	1097	951455	1	1	0x36fccf5	0x36fccf5,0x36fe8ed,0x36fed71,0x36fee7d,0x36feeeb,0x36ff665,0x377f67d,0x3b7f671,0x5b7f677,0x9b7f674,0x11b7f6f5,0x21b7f635,0x41b7f655,0x81b7f665	1	0	NOT_RUN	0			0	0	0	0	0	NOT_RUN	0			0	0	0	0	0
992	CERTIFIED	1	0x225f691b	0x225f691b	1179318494148302736053440028218627480040	388154303826855099024016032683677125728	1	1056	971	971	18	85	2232698	1	CERTIFIED	1	0x225f691b	0x225f691b	1179318494148302736053440028218627480040	388154303826855099024016032683677125728	1	2048	971	971	18	1077	996898	1	1	0x25ec23b	0x25ec23b,0x224ee11b,0x2256c51b,0x225ac91b,0x225f691b,0x225fc31b,0x226f651b,0x227ed11b,0x22af691b,0x232f610b,0x252f619b,0x292f615b,0x312f6119,0x325ec237,0x512f611f,0x625ec25b,0x912f6113,0xa25ec29b	1	0	NOT_RUN	0			0	0	0	0	0	NOT_RUN	0			0	0	0	0	0
993	CERTIFIED	1	0x5d19b06d	0x5d19b06d	9258315406482154287910193838847180767200	7374931772710246881456304620989865388832	0	33	33	33	1	0	1806257	1	CERTIFIED	1	0x5d19b06d	0x5d19b06d	9258315406482154287910193838847180767200	7374931772710246881456304620989865388832	0	64	33	33	1	31	900542	1	0	0x5d19b06d	0x5d19b06d	0	0	NOT_RUN	0			0	0	0	0	0	NOT_RUN	0			0	0	0	0	0
994	CERTIFIED	1	0xc7b3528c	0xc7b3528c	9255728153947811030240459793449989078040	7374931772710246881456304620989865388832	0	33	33	33	1	0	2174913	1	CERTIFIED	1	0xc7b3528c	0xc7b3528c	9255728153947811030240459793449989078040	7374931772710246881456304620989865388832	0	64	33	33	1	31	891113	1	0	0xc7b3528c	0xc7b3528c	0	0	NOT_RUN	0			0	0	0	0	0	NOT_RUN	0			0	0	0	0	0
995	CERTIFIED	1	0x2d8e211b	0x2d8e211b	766267716948770145175813510538681359796	388154303826855099024016032683677125728	1	1056	973	973	20	83	954704	1	CERTIFIED	1	0x2d8e211b	0x2d8e211b	766267716948770145175813510538681359796	388154303826855099024016032683677125728	1	2048	973	973	20	1075	966475	1	1	0xcc6211b	0xcc6211b,0x2c8c023b,0x2c8c4313,0x2c8c451a,0x2c8c4919,0x2c8c515b,0x2c8c529b,0x2c8c619b,0x2c8c625b,0x2c8ca15b,0x2c8cc237,0x2d42211b,0x2d8e211b,0x2e4e211b,0x2e8d211b,0x3656211b,0x56c6211b,0x6ca6211b,0x9606211b,0xac96211b	1	0	NOT_RUN	0			0	0	0	0	0	NOT_RUN	0			0	0	0	0	0
