trial_id	n	k	a	y	tx	generator_rows	parity_check_rows	max_generated_attempts	run_exhaustive	run_branch	branch_node_cap	branch_time_ms
0	16	11	19	0x21db	0x21db	0xe001,0xc802,0x4804,0x2808,0x8810,0x8820,0x8840,0xc880,0xe900,0xba00,0x9400	0xbfe,0x1600,0x2309,0x4187,0x87f3	20000000	1	1	1000000	1500
1	16	11	19	0xc5a	0x195a	0xb001,0x8002,0xc804,0x6008,0xc810,0x3820,0x5040,0x8080,0x6100,0x5200,0x2400	0x834,0x1261,0x2529,0x435c,0x8097	20000000	1	1	1000000	1500
2	16	11	19	0x5ada	0x8ada	0xe801,0x3002,0x1804,0x4808,0xb010,0x5820,0xb040,0xa080,0x900,0x5200,0x6400	0x92d,0x1276,0x24d3,0x4629,0x80d1	20000000	1	1	1000000	1500
3	16	11	19	0x1c2b	0x3a2b	0x2801,0x2802,0x3804,0x4008,0xd010,0x9020,0xf040,0x3080,0xb900,0xea00,0x8c00	0xf07,0x11f4,0x23c7,0x4258,0x8770	20000000	1	1	1000000	1500
4	16	11	19	0x57a2	0xaf4a	0xe001,0xc802,0x4804,0x2808,0x8810,0x8820,0x8840,0xc880,0xe900,0xba00,0x9400	0xbfe,0x1600,0x2309,0x4187,0x87f3	20000000	1	1	1000000	1500
5	16	11	19	0x6da1	0xd969	0xb001,0x8002,0xc804,0x6008,0xc810,0x3820,0x5040,0x8080,0x6100,0x5200,0x2400	0x834,0x1261,0x2529,0x435c,0x8097	20000000	1	1	1000000	1500
6	16	11	19	0x6a7	0xea7	0xe801,0x3002,0x1804,0x4808,0xb010,0x5820,0xb040,0xa080,0x900,0x5200,0x6400	0x92d,0x1276,0x24d3,0x4629,0x80d1	20000000	1	1	1000000	1500
7	16	11	19	0x19c2	0x31a2	0x2801,0x2802,0x3804,0x4008,0xd010,0x9020,0xf040,0x3080,0xb900,0xea00,0x8c00	0xf07,0x11f4,0x23c7,0x4258,0x8770	20000000	1	1	1000000	1500
8	16	11	19	0x7139	0xe9b9	0xe001,0xc802,0x4804,0x2808,0x8810,0x8820,0x8840,0xc880,0xe900,0xba00,0x9400	0xbfe,0x1600,0x2309,0x4187,0x87f3	20000000	1	1	1000000	1500
9	16	11	19	0x5fb9	0xb7b9	0xb001,0x8002,0xc804,0x6008,0xc810,0x3820,0x5040,0x8080,0x6100,0x5200,0x2400	0x834,0x1261,0x2529,0x435c,0x8097	20000000	1	1	1000000	1500
10	16	11	19	0x7884	0xb884	0xe801,0x3002,0x1804,0x4808,0xb010,0x5820,0xb040,0xa080,0x900,0x5200,0x6400	0x92d,0x1276,0x24d3,0x4629,0x80d1	20000000	1	1	1000000	1500
11	16	11	19	0x36af	0x6d5f	0x2801,0x2802,0x3804,0x4008,0xd010,0x9020,0xf040,0x3080,0xb900,0xea00,0x8c00	0xf07,0x11f4,0x23c7,0x4258,0x8770	20000000	1	1	1000000	1500
12	16	11	19	0x67b3	0xcf46	0xe001,0xc802,0x4804,0x2808,0x8810,0x8820,0x8840,0xc880,0xe900,0xba00,0x9400	0xbfe,0x1600,0x2309,0x4187,0x87f3	20000000	1	1	1000000	1500
13	16	11	19	0x337	0x66d	0xb001,0x8002,0xc804,0x6008,0xc810,0x3820,0x5040,0x8080,0x6100,0x5200,0x2400	0x834,0x1261,0x2529,0x435c,0x8097	20000000	1	1	1000000	1500
14	16	11	19	0x7e4a	0xfe4a	0xe801,0x3002,0x1804,0x4808,0xb010,0x5820,0xb040,0xa080,0x900,0x5200,0x6400	0x92d,0x1276,0x24d3,0x4629,0x80d1	20000000	1	1	1000000	1500
15	16	11	19	0x2097	0x5117	0x2801,0x2802,0x3804,0x4008,0xd010,0x9020,0xf040,0x3080,0xb900,0xea00,0x8c00	0xf07,0x11f4,0x23c7,0x4258,0x8770	20000000	1	1	1000000	1500
16	16	11	19	0x4ec8	0x9d88	0xe001,0xc802,0x4804,0x2808,0x8810,0x8820,0x8840,0xc880,0xe900,0xba00,0x9400	0xbfe,0x1600,0x2309,0x4187,0x87f3	20000000	1	1	1000000	1500
17	16	11	19	0x7e13	0xf813	0xb001,0x8002,0xc804,0x6008,0xc810,0x3820,0x5040,0x8080,0x6100,0x5200,0x2400	0x834,0x1261,0x2529,0x435c,0x8097	20000000	1	1	1000000	1500
18	16	11	19	0x22af	0x46af	0xe801,0x3002,0x1804,0x4808,0xb010,0x5820,0xb040,0xa080,0x900,0x5200,0x6400	0x92d,0x1276,0x24d3,0x4629,0x80d1	20000000	1	1	1000000	1500
19	16	11	19	0x3f53	0xbf5b	0x2801,0x2802,0x3804,0x4008,0xd010,0x9020,0xf040,0x3080,0xb900,0xea00,0x8c00	0xf07,0x11f4,0x23c7,0x4258,0x8770	20000000	1	1	1000000	1500
20	16	11	19	0x1b71	0x3b71	0xe001,0xc802,0x4804,0x2808,0x8810,0x8820,0x8840,0xc880,0xe900,0xba00,0x9400	0xbfe,0x1600,0x2309,0x4187,0x87f3	20000000	1	1	1000000	1500
21	16	11	19	0x693a	0xd216	0xb001,0x8002,0xc804,0x6008,0xc810,0x3820,0x5040,0x8080,0x6100,0x5200,0x2400	0x834,0x1261,0x2529,0x435c,0x8097	20000000	1	1	1000000	1500
22	16	11	19	0x26de	0x4cbe	0xe801,0x3002,0x1804,0x4808,0xb010,0x5820,0xb040,0xa080,0x900,0x5200,0x6400	0x92d,0x1276,0x24d3,0x4629,0x80d1	20000000	1	1	1000000	1500
23	16	11	19	0x6349	0xcb49	0x2801,0x2802,0x3804,0x4008,0xd010,0x9020,0xf040,0x3080,0xb900,0xea00,0x8c00	0xf07,0x11f4,0x23c7,0x4258,0x8770	20000000	1	1	1000000	1500
24	16	11	19	0x238	0x638	0xe001,0xc802,0x4804,0x2808,0x8810,0x8820,0x8840,0xc880,0xe900,0xba00,0x9400	0xbfe,0x1600,0x2309,0x4187,0x87f3	20000000	1	1	1000000	1500
25	16	11	19	0x35ea	0x69ea	0xb001,0x8002,0xc804,0x6008,0xc810,0x3820,0x5040,0x8080,0x6100,0x5200,0x2400	0x834,0x1261,0x2529,0x435c,0x8097	20000000	1	1	1000000	1500
26	16	11	19	0x30b6	0x60b6	0xe801,0x3002,0x1804,0x4808,0xb010,0x5820,0xb040,0xa080,0x900,0x5200,0x6400	0x92d,0x1276,0x24d3,0x4629,0x80d1	20000000	1	1	1000000	1500
27	16	11	19	0x4019	0x801d	0x2801,0x2802,0x3804,0x4008,0xd010,0x9020,0xf040,0x3080,0xb900,0xea00,0x8c00	0xf07,0x11f4,0x23c7,0x4258,0x8770	20000000	1	1	1000000	1500
28	16	11	19	0x2e96	0x5d2e	0xe001,0xc802,0x4804,0x2808,0x8810,0x8820,0x8840,0xc880,0xe900,0xba00,0x9400	0xbfe,0x1600,0x2309,0x4187,0x87f3	20000000	1	1	1000000	1500
29	16	11	19	0x7ebd	0xfd7d	0xb001,0x8002,0xc804,0x6008,0xc810,0x3820,0x5040,0x8080,0x6100,0x5200,0x2400	0x834,0x1261,0x2529,0x435c,0x8097	20000000	1	1	1000000	1500
30	16	11	19	0x310d	0x651d	0xe801,0x3002,0x1804,0x4808,0xb010,0x5820,0xb040,0xa080,0x900,0x5200,0x6400	0x92d,0x1276,0x24d3,0x4629,0x80d1	20000000	1	1	1000000	1500
31	16	11	19	0x49e0	0x93c0	0x2801,0x2802,0x3804,0x4008,0xd010,0x9020,0xf040,0x3080,0xb900,0xea00,0x8c00	0xf07,0x11f4,0x23c7,0x4258,0x8770	20000000	1	1	1000000	1500
32	16	11	19	0x335e	0x66b6	0xe001,0xc802,0x4804,0x2808,0x8810,0x8820,0x8840,0xc880,0xe900,0xba00,0x9400	0xbfe,0x1600,0x2309,0x4187,0x87f3	20000000	1	1	1000000	1500
33	16	11	19	0x280f	0x501f	0xb001,0x8002,0xc804,0x6008,0xc810,0x3820,0x5040,0x8080,0x6100,0x5200,0x2400	0x834,0x1261,0x2529,0x435c,0x8097	20000000	1	1	1000000	1500
34	16	11	19	0x2ad7	0x55a7	0xe801,0x3002,0x1804,0x4808,0xb010,0x5820,0xb040,0xa080,0x900,0x5200,0x6400	0x92d,0x1276,0x24d3,0x4629,0x80d1	20000000	1	1	1000000	1500
35	16	11	19	0x3ba7	0x574f	0x2801,0x2802,0x3804,0x4008,0xd010,0x9020,0xf040,0x3080,0xb900,0xea00,0x8c00	0xf07,0x11f4,0x23c7,0x4258,0x8770	20000000	1	1	1000000	1500
36	16	11	19	0x4168	0xc168	0xe001,0xc802,0x4804,0x2808,0x8810,0x8820,0x8840,0xc880,0xe900,0xba00,0x9400	0xbfe,0x1600,0x2309,0x4187,0x87f3	20000000	1	1	1000000	1500
37	16	11	19	0x6406	0xc892	0xb001,0x8002,0xc804,0x6008,0xc810,0x3820,0x5040,0x8080,0x6100,0x5200,0x2400	0x834,0x1261,0x2529,0x435c,0x8097	20000000	1	1	1000000	1500
38	16	11	19	0x45b6	0xdb6	0xe801,0x3002,0x1804,0x4808,0xb010,0x5820,0xb040,0xa080,0x900,0x5200,0x6400	0x92d,0x1276,0x24d3,0x4629,0x80d1	20000000	1	1	1000000	1500
39	16	11	19	0x5422	0x3422	0x2801,0x2802,0x3804,0x4008,0xd010,0x9020,0xf040,0x3080,0xb900,0xea00,0x8c00	0xf07,0x11f4,0x23c7,0x4258,0x8770	20000000	1	1	1000000	1500
40	16	11	19	0x1ea9	0x3d29	0xe001,0xc802,0x4804,0x2808,0x8810,0x8820,0x8840,0xc880,0xe900,0xba00,0x9400	0xbfe,0x1600,0x2309,0x4187,0x87f3	20000000	1	1	1000000	1500
41	16	11	19	0x317e	0x62de	0xb001,0x8002,0xc804,0x6008,0xc810,0x3820,0x5040,0x8080,0x6100,0x5200,0x2400	0x834,0x1261,0x2529,0x435c,0x8097	20000000	1	1	1000000	1500
42	16	11	19	0x8a5	0x8a5	0xe801,0x3002,0x1804,0x4808,0xb010,0x5820,0xb040,0xa080,0x900,0x5200,0x6400	0x92d,0x1276,0x24d3,0x4629,0x80d1	20000000	1	1	1000000	1500
43	16	11	19	0x4012	0x8026	0x2801,0x2802,0x3804,0x4008,0xd010,0x9020,0xf040,0x3080,0xb900,0xea00,0x8c00	0xf07,0x11f4,0x23c7,0x4258,0x8770	20000000	1	1	1000000	1500
44	16	11	19	0x18c	0x79d	0xe001,0xc802,0x4804,0x2808,0x8810,0x8820,0x8840,0xc880,0xe900,0xba00,0x9400	0xbfe,0x1600,0x2309,0x4187,0x87f3	20000000	1	1	1000000	1500
45	16	11	19	0x5375	0xd355	0xb001,0x8002,0xc804,0x6008,0xc810,0x3820,0x5040,0x8080,0x6100,0x5200,0x2400	0x834,0x1261,0x2529,0x435c,0x8097	20000000	1	1	1000000	1500
46	16	11	19	0x4946	0x9266	0xe801,0x3002,0x1804,0x4808,0xb010,0x5820,0xb040,0xa080,0x900,0x5200,0x6400	0x92d,0x1276,0x24d3,0x4629,0x80d1	20000000	1	1	1000000	1500
47	16	11	19	0x7504	0xea00	0x2801,0x2802,0x3804,0x4008,0xd010,0x9020,0xf040,0x3080,0xb900,0xea00,0x8c00	0xf07,0x11f4,0x23c7,0x4258,0x8770	20000000	1	1	1000000	1500
48	16	11	19	0x7677	0xee7f	0xe001,0xc802,0x4804,0x2808,0x8810,0x8820,0x8840,0xc880,0xe900,0xba00,0x9400	0xbfe,0x1600,0x2309,0x4187,0x87f3	20000000	1	1	1000000	1500
49	16	11	19	0x6d58	0xd8a8	0xb001,0x8002,0xc804,0x6008,0xc810,0x3820,0x5040,0x8080,0x6100,0x5200,0x2400	0x834,0x1261,0x2529,0x435c,0x8097	20000000	1	1	1000000	1500
50	16	11	19	0x6dc7	0xd9c7	0xe801,0x3002,0x1804,0x4808,0xb010,0x5820,0xb040,0xa080,0x900,0x5200,0x6400	0x92d,0x1276,0x24d3,0x4629,0x80d1	20000000	1	1	1000000	1500
51	16	11	19	0x21e4	0x43e8	0x2801,0x2802,0x3804,0x4008,0xd010,0x9020,0xf040,0x3080,0xb900,0xea00,0x8c00	0xf07,0x11f4,0x23c7,0x4258,0x8770	20000000	1	1	1000000	1500
52	16	11	19	0x30a9	0x61a9	0xe001,0xc802,0x4804,0x2808,0x8810,0x8820,0x8840,0xc880,0xe900,0xba00,0x9400	0xbfe,0x1600,0x2309,0x4187,0x87f3	20000000	1	1	1000000	1500
53	16	11	19	0x59af	0xb35d	0xb001,0x8002,0xc804,0x6008,0xc810,0x3820,0x5040,0x8080,0x6100,0x5200,0x2400	0x834,0x1261,0x2529,0x435c,0x8097	20000000	1	1	1000000	1500
54	16	11	19	0x612	0xc22	0xe801,0x3002,0x1804,0x4808,0xb010,0x5820,0xb040,0xa080,0x900,0x5200,0x6400	0x92d,0x1276,0x24d3,0x4629,0x80d1	20000000	1	1	1000000	1500
55	16	11	19	0x65ce	0xa5ce	0x2801,0x2802,0x3804,0x4008,0xd010,0x9020,0xf040,0x3080,0xb900,0xea00,0x8c00	0xf07,0x11f4,0x23c7,0x4258,0x8770	20000000	1	1	1000000	1500
56	16	11	19	0xa74	0x14b4	0xe001,0xc802,0x4804,0x2808,0x8810,0x8820,0x8840,0xc880,0xe900,0xba00,0x9400	0xbfe,0x1600,0x2309,0x4187,0x87f3	20000000	1	1	1000000	1500
57	16	11	19	0xd5a	0x195a	0xb001,0x8002,0xc804,0x6008,0xc810,0x3820,0x5040,0x8080,0x6100,0x5200,0x2400	0x834,0x1261,0x2529,0x435c,0x8097	20000000	1	1	1000000	1500
58	16	11	19	0x42b2	0x8530	0xe801,0x3002,0x1804,0x4808,0xb010,0x5820,0xb040,0xa080,0x900,0x5200,0x6400	0x92d,0x1276,0x24d3,0x4629,0x80d1	20000000	1	1	1000000	1500
59	16	11	19	0x7eca	0xbd9a	0x2801,0x2802,0x3804,0x4008,0xd010,0x9020,0xf040,0x3080,0xb900,0xea00,0x8c00	0xf07,0x11f4,0x23c7,0x4258,0x8770	20000000	1	1	1000000	1500
60	16	11	19	0x640e	0xd50e	0xe001,0xc802,0x4804,0x2808,0x8810,0x8820,0x8840,0xc880,0xe900,0xba00,0x9400	0xbfe,0x1600,0x2309,0x4187,0x87f3	20000000	1	1	1000000	1500
61	16	11	19	0x521c	0xb438	0xb001,0x8002,0xc804,0x6008,0xc810,0x3820,0x5040,0x8080,0x6100,0x5200,0x2400	0x834,0x1261,0x2529,0x435c,0x8097	20000000	1	1	1000000	1500
62	16	11	19	0x5cfc	0xb9f8	0xe801,0x3002,0x1804,0x4808,0xb010,0x5820,0xb040,0xa080,0x900,0x5200,0x6400	0x92d,0x1276,0x24d3,0x4629,0x80d1	20000000	1	1	1000000	1500
63	16	11	19	0x14cd	0x2db9	0x2801,0x2802,0x3804,0x4008,0xd010,0x9020,0xf040,0x3080,0xb900,0xea00,0x8c00	0xf07,0x11f4,0x23c7,0x4258,0x8770	20000000	1	1	1000000	1500
64	16	12	19	0x2401	0x5401	0x1001,0xc002,0xe004,0xe008,0x3010,0x3020,0x3040,0x5080,0xb100,0xd200,0x4400,0xe800	0x13f1,0x297c,0x4e8e,0x8b0e	20000000	1	1	1000000	1500
65	16	12	19	0x3697	0x3687	0x6001,0x7002,0x7004,0x2008,0xb010,0x8020,0x4040,0x5080,0xd100,0x9200,0x9400,0xa800	0x1796,0x281f,0x41c7,0x8f30	20000000	1	1	1000000	1500
66	16	12	19	0x75f2	0xebe2	0x1001,0x2,0xf004,0xb008,0x6010,0x9020,0x5040,0x5080,0x7100,0x5200,0x9400,0x5800	0x1fed,0x211c,0x4bd4,0x842c	20000000	1	1	1000000	1500
67	16	12	19	0x2f17	0x4e2f	0x3001,0xc002,0x9004,0xb008,0xa010,0x3020,0x1040,0x8080,0x5100,0x200,0x9400,0x3800	0x1d6d,0x2839,0x4102,0x849e	20000000	1	1	1000000	1500
68	16	12	19	0x4326	0x8646	0x1001,0xc002,0xe004,0xe008,0x3010,0x3020,0x3040,0x5080,0xb100,0xd200,0x4400,0xe800	0x13f1,0x297c,0x4e8e,0x8b0e	20000000	1	1	1000000	1500
69	16	12	19	0x4ae3	0x9563	0x6001,0x7002,0x7004,0x2008,0xb010,0x8020,0x4040,0x5080,0xd100,0x9200,0x9400,0xa800	0x1796,0x281f,0x41c7,0x8f30	20000000	1	1	1000000	1500
70	16	12	19	0x288	0x8098	0x1001,0x2,0xf004,0xb008,0x6010,0x9020,0x5040,0x5080,0x7100,0x5200,0x9400,0x5800	0x1fed,0x211c,0x4bd4,0x842c	20000000	1	1	1000000	1500
71	16	12	19	0x31c7	0x338e	0x3001,0xc002,0x9004,0xb008,0xa010,0x3020,0x1040,0x8080,0x5100,0x200,0x9400,0x3800	0x1d6d,0x2839,0x4102,0x849e	20000000	1	1	1000000	1500
72	16	12	19	0x3e1c	0x741c	0x1001,0xc002,0xe004,0xe008,0x3010,0x3020,0x3040,0x5080,0xb100,0xd200,0x4400,0xe800	0x13f1,0x297c,0x4e8e,0x8b0e	20000000	1	1	1000000	1500
73	16	12	19	0x5061	0xa061	0x6001,0x7002,0x7004,0x2008,0xb010,0x8020,0x4040,0x5080,0xd100,0x9200,0x9400,0xa800	0x1796,0x281f,0x41c7,0x8f30	20000000	1	1	1000000	1500
74	16	12	19	0x3de5	0x59e5	0x1001,0x2,0xf004,0xb008,0x6010,0x9020,0x5040,0x5080,0x7100,0x5200,0x9400,0x5800	0x1fed,0x211c,0x4bd4,0x842c	20000000	1	1	1000000	1500
75	16	12	19	0x109e	0x213e	0x3001,0xc002,0x9004,0xb008,0xa010,0x3020,0x1040,0x8080,0x5100,0x200,0x9400,0x3800	0x1d6d,0x2839,0x4102,0x849e	20000000	1	1	1000000	1500
76	16	12	19	0x343b	0x743b	0x1001,0xc002,0xe004,0xe008,0x3010,0x3020,0x3040,0x5080,0xb100,0xd200,0x4400,0xe800	0x13f1,0x297c,0x4e8e,0x8b0e	20000000	1	1	1000000	1500
77	16	12	19	0x25da	0x4d5a	0x6001,0x7002,0x7004,0x2008,0xb010,0x8020,0x4040,0x5080,0xd100,0x9200,0x9400,0xa800	0x1796,0x281f,0x41c7,0x8f30	20000000	1	1	1000000	1500
78	16	12	19	0x26a3	0x4ea1	0x1001,0x2,0xf004,0xb008,0x6010,0x9020,0x5040,0x5080,0x7100,0x5200,0x9400,0x5800	0x1fed,0x211c,0x4bd4,0x842c	20000000	1	1	1000000	1500
79	16	12	19	0x3d51	0x7aa3	0x3001,0xc002,0x9004,0xb008,0xa010,0x3020,0x1040,0x8080,0x5100,0x200,0x9400,0x3800	0x1d6d,0x2839,0x4102,0x849e	20000000	1	1	1000000	1500
80	16	12	19	0x4d8e	0x1b8e	0x1001,0xc002,0xe004,0xe008,0x3010,0x3020,0x3040,0x5080,0xb100,0xd200,0x4400,0xe800	0x13f1,0x297c,0x4e8e,0x8b0e	20000000	1	1	1000000	1500
81	16	12	19	0x76c5	0xedc5	0x6001,0x7002,0x7004,0x2008,0xb010,0x8020,0x4040,0x5080,0xd100,0x9200,0x9400,0xa800	0x1796,0x281f,0x41c7,0x8f30	20000000	1	1	1000000	1500
82	16	12	19	0x5417	0xa42b	0x1001,0x2,0xf004,0xb008,0x6010,0x9020,0x5040,0x5080,0x7100,0x5200,0x9400,0x5800	0x1fed,0x211c,0x4bd4,0x842c	20000000	1	1	1000000	1500
83	16	12	19	0x6804	0xeb44	0x3001,0xc002,0x9004,0xb008,0xa010,0x3020,0x1040,0x8080,0x5100,0x200,0x9400,0x3800	0x1d6d,0x2839,0x4102,0x849e	20000000	1	1	1000000	1500
84	16	12	19	0xc0e	0x181e	0x1001,0xc002,0xe004,0xe008,0x3010,0x3020,0x3040,0x5080,0xb100,0xd200,0x4400,0xe800	0x13f1,0x297c,0x4e8e,0x8b0e	20000000	1	1	1000000	1500
85	16	12	19	0x229d	0x453d	0x6001,0x7002,0x7004,0x2008,0xb010,0x8020,0x4040,0x5080,0xd100,0x9200,0x9400,0xa800	0x1796,0x281f,0x41c7,0x8f30	20000000	1	1	1000000	1500
86	16	12	19	0x3fad	0x1eac	0x1001,0x2,0xf004,0xb008,0x6010,0x9020,0x5040,0x5080,0x7100,0x5200,0x9400,0x5800	0x1fed,0x211c,0x4bd4,0x842c	20000000	1	1	1000000	1500
87	16	12	19	0x793f	0x527f	0x3001,0xc002,0x9004,0xb008,0xa010,0x3020,0x1040,0x8080,0x5100,0x200,0x9400,0x3800	0x1d6d,0x2839,0x4102,0x849e	20000000	1	1	1000000	1500
88	16	12	19	0x529e	0xa61c	0x1001,0xc002,0xe004,0xe008,0x3010,0x3020,0x3040,0x5080,0xb100,0xd200,0x4400,0xe800	0x13f1,0x297c,0x4e8e,0x8b0e	20000000	1	1	1000000	1500
89	16	12	19	0x73e7	0xa7c7	0x6001,0x7002,0x7004,0x2008,0xb010,0x8020,0x4040,0x5080,0xd100,0x9200,0x9400,0xa800	0x1796,0x281f,0x41c7,0x8f30	20000000	1	1	1000000	1500
90	16	12	19	0x5b1a	0xb734	0x1001,0x2,0xf004,0xb008,0x6010,0x9020,0x5040,0x5080,0x7100,0x5200,0x9400,0x5800	0x1fed,0x211c,0x4bd4,0x842c	20000000	1	1	1000000	1500
91	16	12	19	0xcb4	0x14b4	0x3001,0xc002,0x9004,0xb008,0xa010,0x3020,0x1040,0x8080,0x5100,0x200,0x9400,0x3800	0x1d6d,0x2839,0x4102,0x849e	20000000	1	1	1000000	1500
92	16	12	19	0x4f44	0x9e04	0x1001,0xc002,0xe004,0xe008,0x3010,0x3020,0x3040,0x5080,0xb100,0xd200,0x4400,0xe800	0x13f1,0x297c,0x4e8e,0x8b0e	20000000	1	1	1000000	1500
93	16	12	19	0x3768	0x3768	0x6001,0x7002,0x7004,0x2008,0xb010,0x8020,0x4040,0x5080,0xd100,0x9200,0x9400,0xa800	0x1796,0x281f,0x41c7,0x8f30	20000000	1	1	1000000	1500
94	16	12	19	0x724e	0xe49e	0x1001,0x2,0xf004,0xb008,0x6010,0x9020,0x5040,0x5080,0x7100,0x5200,0x9400,0x5800	0x1fed,0x211c,0x4bd4,0x842c	20000000	1	1	1000000	1500
95	16	12	19	0x21d9	0x43c9	0x3001,0xc002,0x9004,0xb008,0xa010,0x3020,0x1040,0x8080,0x5100,0x200,0x9400,0x3800	0x1d6d,0x2839,0x4102,0x849e	20000000	1	1	1000000	1500
96	16	12	19	0x6000	0x5900	0x1001,0xc002,0xe004,0xe008,0x3010,0x3020,0x3040,0x5080,0xb100,0xd200,0x4400,0xe800	0x13f1,0x297c,0x4e8e,0x8b0e	20000000	1	1	1000000	1500
97	16	12	19	0x4203	0x8403	0x6001,0x7002,0x7004,0x2008,0xb010,0x8020,0x4040,0x5080,0xd100,0x9200,0x9400,0xa800	0x1796,0x281f,0x41c7,0x8f30	20000000	1	1	1000000	1500
98	16	12	19	0x7e10	0xfe10	0x1001,0x2,0xf004,0xb008,0x6010,0x9020,0x5040,0x5080,0x7100,0x5200,0x9400,0x5800	0x1fed,0x211c,0x4bd4,0x842c	20000000	1	1	1000000	1500
99	16	12	19	0x5244	0x8484	0x3001,0xc002,0x9004,0xb008,0xa010,0x3020,0x1040,0x8080,0x5100,0x200,0x9400,0x3800	0x1d6d,0x2839,0x4102,0x849e	20000000	1	1	1000000	1500
100	16	12	19	0x723b	0xe23b	0x1001,0xc002,0xe004,0xe008,0x3010,0x3020,0x3040,0x5080,0xb100,0xd200,0x4400,0xe800	0x13f1,0x297c,0x4e8e,0x8b0e	20000000	1	1	1000000	1500
101	16	12	19	0x5eda	0xf6da	0x6001,0x7002,0x7004,0x2008,0xb010,0x8020,0x4040,0x5080,0xd100,0x9200,0x9400,0xa800	0x1796,0x281f,0x41c7,0x8f30	20000000	1	1	1000000	1500
102	16	12	19	0x19ba	0x337a	0x1001,0x2,0xf004,0xb008,0x6010,0x9020,0x5040,0x5080,0x7100,0x5200,0x9400,0x5800	0x1fed,0x211c,0x4bd4,0x842c	20000000	1	1	1000000	1500
103	16	12	19	0x1a15	0x3a15	0x3001,0xc002,0x9004,0xb008,0xa010,0x3020,0x1040,0x8080,0x5100,0x200,0x9400,0x3800	0x1d6d,0x2839,0x4102,0x849e	20000000	1	1	1000000	1500
104	16	12	19	0x2f12	0x5e5a	0x1001,0xc002,0xe004,0xe008,0x3010,0x3020,0x3040,0x5080,0xb100,0xd200,0x4400,0xe800	0x13f1,0x297c,0x4e8e,0x8b0e	20000000	1	1	1000000	1500
105	16	12	19	0x53b0	0x23b0	0x6001,0x7002,0x7004,0x2008,0xb010,0x8020,0x4040,0x5080,0xd100,0x9200,0x9400,0xa800	0x1796,0x281f,0x41c7,0x8f30	20000000	1	1	1000000	1500
106	16	12	19	0x4f22	0x9a22	0x1001,0x2,0xf004,0xb008,0x6010,0x9020,0x5040,0x5080,0x7100,0x5200,0x9400,0x5800	0x1fed,0x211c,0x4bd4,0x842c	20000000	1	1	1000000	1500
107	16	12	19	0x28d0	0x51f0	0x3001,0xc002,0x9004,0xb008,0xa010,0x3020,0x1040,0x8080,0x5100,0x200,0x9400,0x3800	0x1d6d,0x2839,0x4102,0x849e	20000000	1	1	1000000	1500
108	16	12	19	0x6c9a	0xec9a	0x1001,0xc002,0xe004,0xe008,0x3010,0x3020,0x3040,0x5080,0xb100,0xd200,0x4400,0xe800	0x13f1,0x297c,0x4e8e,0x8b0e	20000000	1	1	1000000	1500
109	16	12	19	0x5655	0xaca9	0x6001,0x7002,0x7004,0x2008,0xb010,0x8020,0x4040,0x5080,0xd100,0x9200,0x9400,0xa800	0x1796,0x281f,0x41c7,0x8f30	20000000	1	1	1000000	1500
110	16	12	19	0x2777	0x4eee	0x1001,0x2,0xf004,0xb008,0x6010,0x9020,0x5040,0x5080,0x7100,0x5200,0x9400,0x5800	0x1fed,0x211c,0x4bd4,0x842c	20000000	1	1	1000000	1500
111	16	12	19	0x4648	0x8c90	0x3001,0xc002,0x9004,0xb008,0xa010,0x3020,0x1040,0x8080,0x5100,0x200,0x9400,0x3800	0x1d6d,0x2839,0x4102,0x849e	20000000	1	1	1000000	1500
112	16	12	19	0x3e0f	0x7c5f	0x1001,0xc002,0xe004,0xe008,0x3010,0x3020,0x3040,0x5080,0xb100,0xd200,0x4400,0xe800	0x13f1,0x297c,0x4e8e,0x8b0e	20000000	1	1	1000000	1500
113	16	12	19	0x5350	0xa6a2	0x6001,0x7002,0x7004,0x2008,0xb010,0x8020,0x4040,0x5080,0xd100,0x9200,0x9400,0xa800	0x1796,0x281f,0x41c7,0x8f30	20000000	1	1	1000000	1500
114	16	12	19	0x4bee	0x97de	0x1001,0x2,0xf004,0xb008,0x6010,0x9020,0x5040,0x5080,0x7100,0x5200,0x9400,0x5800	0x1fed,0x211c,0x4bd4,0x842c	20000000	1	1	1000000	1500
115	16	12	19	0x7857	0xf0c7	0x3001,0xc002,0x9004,0xb008,0xa010,0x3020,0x1040,0x8080,0x5100,0x200,0x9400,0x3800	0x1d6d,0x2839,0x4102,0x849e	20000000	1	1	1000000	1500
116	16	12	19	0x20cf	0x19f	0x1001,0xc002,0xe004,0xe008,0x3010,0x3020,0x3040,0x5080,0xb100,0xd200,0x4400,0xe800	0x13f1,0x297c,0x4e8e,0x8b0e	20000000	1	1	1000000	1500
117	16	12	19	0x4bf4	0x93d4	0x6001,0x7002,0x7004,0x2008,0xb010,0x8020,0x4040,0x5080,0xd100,0x9200,0x9400,0xa800	0x1796,0x281f,0x41c7,0x8f30	20000000	1	1	1000000	1500
118	16	12	19	0x5251	0xe271	0x1001,0x2,0xf004,0xb008,0x6010,0x9020,0x5040,0x5080,0x7100,0x5200,0x9400,0x5800	0x1fed,0x211c,0x4bd4,0x842c	20000000	1	1	1000000	1500
119	16	12	19	0x8d6	0x1ae	0x3001,0xc002,0x9004,0xb008,0xa010,0x3020,0x1040,0x8080,0x5100,0x200,0x9400,0x3800	0x1d6d,0x2839,0x4102,0x849e	20000000	1	1	1000000	1500
120	16	12	19	0x220c	0x440c	0x1001,0xc002,0xe004,0xe008,0x3010,0x3020,0x3040,0x5080,0xb100,0xd200,0x4400,0xe800	0x13f1,0x297c,0x4e8e,0x8b0e	20000000	1	1	1000000	1500
121	16	12	19	0x574a	0xae8a	0x6001,0x7002,0x7004,0x2008,0xb010,0x8020,0x4040,0x5080,0xd100,0x9200,0x9400,0xa800	0x1796,0x281f,0x41c7,0x8f30	20000000	1	1	1000000	1500
122	16	12	19	0x5327	0xee27	0x1001,0x2,0xf004,0xb008,0x6010,0x9020,0x5040,0x5080,0x7100,0x5200,0x9400,0x5800	0x1fed,0x211c,0x4bd4,0x842c	20000000	1	1	1000000	1500
123	16	12	19	0x3a7f	0x6a7f	0x3001,0xc002,0x9004,0xb008,0xa010,0x3020,0x1040,0x8080,0x5100,0x200,0x9400,0x3800	0x1d6d,0x2839,0x4102,0x849e	20000000	1	1	1000000	1500
124	16	12	19	0x2075	0x40ed	0x1001,0xc002,0xe004,0xe008,0x3010,0x3020,0x3040,0x5080,0xb100,0xd200,0x4400,0xe800	0x13f1,0x297c,0x4e8e,0x8b0e	20000000	1	1	1000000	1500
125	16	12	19	0x3b61	0x7761	0x6001,0x7002,0x7004,0x2008,0xb010,0x8020,0x4040,0x5080,0xd100,0x9200,0x9400,0xa800	0x1796,0x281f,0x41c7,0x8f30	20000000	1	1	1000000	1500
126	16	12	19	0x6071	0xc171	0x1001,0x2,0xf004,0xb008,0x6010,0x9020,0x5040,0x5080,0x7100,0x5200,0x9400,0x5800	0x1fed,0x211c,0x4bd4,0x842c	20000000	1	1	1000000	1500
127	16	12	19	0x6bf5	0xd7fd	0x3001,0xc002,0x9004,0xb008,0xa010,0x3020,0x1040,0x8080,0x5100,0x200,0x9400,0x3800	0x1d6d,0x2839,0x4102,0x849e	20000000	1	1	1000000	1500
128	16	11	19	0x2a25	0x5459	0x2801,0x5002,0xa004,0x6808,0xd010,0x8820,0x3840,0x7080,0xe100,0xea00,0xfc00	0xe69,0x14d2,0x27cd,0x479a,0x8734	20000000	1	1	1000000	1500
129	16	11	19	0x6ce	0x2cce	0x2801,0x5002,0xa004,0x6808,0xd010,0x8820,0x3840,0x7080,0xe100,0xea00,0xfc00	0xe69,0x14d2,0x27cd,0x479a,0x8734	20000000	1	1	1000000	1500
130	16	11	19	0x132f	0x252f	0x2801,0x5002,0xa004,0x6808,0xd010,0x8820,0x3840,0x7080,0xe100,0xea00,0xfc00	0xe69,0x14d2,0x27cd,0x479a,0x8734	20000000	1	1	1000000	1500
131	16	11	19	0x61e8	0xc3d2	0x2801,0x5002,0xa004,0x6808,0xd010,0x8820,0x3840,0x7080,0xe100,0xea00,0xfc00	0xe69,0x14d2,0x27cd,0x479a,0x8734	20000000	1	1	1000000	1500
132	16	11	19	0x2fb6	0x2fb6	0x2801,0x5002,0xa004,0x6808,0xd010,0x8820,0x3840,0x7080,0xe100,0xea00,0xfc00	0xe69,0x14d2,0x27cd,0x479a,0x8734	20000000	1	1	1000000	1500
133	16	11	19	0x1b7b	0x317f	0x2801,0x5002,0xa004,0x6808,0xd010,0x8820,0x3840,0x7080,0xe100,0xea00,0xfc00	0xe69,0x14d2,0x27cd,0x479a,0x8734	20000000	1	1	1000000	1500
134	16	11	19	0x2136	0x4236	0x2801,0x5002,0xa004,0x6808,0xd010,0x8820,0x3840,0x7080,0xe100,0xea00,0xfc00	0xe69,0x14d2,0x27cd,0x479a,0x8734	20000000	1	1	1000000	1500
135	16	11	19	0x554f	0x954f	0x2801,0x5002,0xa004,0x6808,0xd010,0x8820,0x3840,0x7080,0xe100,0xea00,0xfc00	0xe69,0x14d2,0x27cd,0x479a,0x8734	20000000	1	1	1000000	1500
136	16	11	19	0x2bd7	0x4bd7	0x2801,0x5002,0xa004,0x6808,0xd010,0x8820,0x3840,0x7080,0xe100,0xea00,0xfc00	0xe69,0x14d2,0x27cd,0x479a,0x8734	20000000	1	1	1000000	1500
137	16	11	19	0x734	0xf34	0x2801,0x5002,0xa004,0x6808,0xd010,0x8820,0x3840,0x7080,0xe100,0xea00,0xfc00	0xe69,0x14d2,0x27cd,0x479a,0x8734	20000000	1	1	1000000	1500
138	16	11	19	0x604f	0xc08f	0x2801,0x5002,0xa004,0x6808,0xd010,0x8820,0x3840,0x7080,0xe100,0xea00,0xfc00	0xe69,0x14d2,0x27cd,0x479a,0x8734	20000000	1	1	1000000	1500
139	16	11	19	0x3d69	0x7961	0x2801,0x5002,0xa004,0x6808,0xd010,0x8820,0x3840,0x7080,0xe100,0xea00,0xfc00	0xe69,0x14d2,0x27cd,0x479a,0x8734	20000000	1	1	1000000	1500
140	16	11	19	0x7cfb	0xfcfb	0x2801,0x5002,0xa004,0x6808,0xd010,0x8820,0x3840,0x7080,0xe100,0xea00,0xfc00	0xe69,0x14d2,0x27cd,0x479a,0x8734	20000000	1	1	1000000	1500
141	16	11	19	0x5e8c	0xae8c	0x2801,0x5002,0xa004,0x6808,0xd010,0x8820,0x3840,0x7080,0xe100,0xea00,0xfc00	0xe69,0x14d2,0x27cd,0x479a,0x8734	20000000	1	1	1000000	1500
142	16	11	19	0x98a	0x5315	0x2801,0x5002,0xa004,0x6808,0xd010,0x8820,0x3840,0x7080,0xe100,0xea00,0xfc00	0xe69,0x14d2,0x27cd,0x479a,0x8734	20000000	1	1	1000000	1500
143	16	11	19	0x5bb5	0xabb5	0x2801,0x5002,0xa004,0x6808,0xd010,0x8820,0x3840,0x7080,0xe100,0xea00,0xfc00	0xe69,0x14d2,0x27cd,0x479a,0x8734	20000000	1	1	1000000	1500
144	16	11	19	0x62a4	0xc224	0x2801,0x5002,0xa004,0x6808,0xd010,0x8820,0x3840,0x7080,0xe100,0xea00,0xfc00	0xe69,0x14d2,0x27cd,0x479a,0x8734	20000000	1	1	1000000	1500
145	16	11	19	0x226d	0x466d	0x2801,0x5002,0xa004,0x6808,0xd010,0x8820,0x3840,0x7080,0xe100,0xea00,0xfc00	0xe69,0x14d2,0x27cd,0x479a,0x8734	20000000	1	1	1000000	1500
146	16	11	19	0x770a	0x6a12	0x2801,0x5002,0xa004,0x6808,0xd010,0x8820,0x3840,0x7080,0xe100,0xea00,0xfc00	0xe69,0x14d2,0x27cd,0x479a,0x8734	20000000	1	1	1000000	1500
147	16	11	19	0x1fc	0x3ec	0x2801,0x5002,0xa004,0x6808,0xd010,0x8820,0x3840,0x7080,0xe100,0xea00,0xfc00	0xe69,0x14d2,0x27cd,0x479a,0x8734	20000000	1	1	1000000	1500
148	16	11	19	0x79f8	0xf3ea	0x2801,0x5002,0xa004,0x6808,0xd010,0x8820,0x3840,0x7080,0xe100,0xea00,0xfc00	0xe69,0x14d2,0x27cd,0x479a,0x8734	20000000	1	1	1000000	1500
149	16	11	19	0x5ef1	0xbfe5	0x2801,0x5002,0xa004,0x6808,0xd010,0x8820,0x3840,0x7080,0xe100,0xea00,0xfc00	0xe69,0x14d2,0x27cd,0x479a,0x8734	20000000	1	1	1000000	1500
150	16	11	19	0x7e8e	0xfe8e	0x2801,0x5002,0xa004,0x6808,0xd010,0x8820,0x3840,0x7080,0xe100,0xea00,0xfc00	0xe69,0x14d2,0x27cd,0x479a,0x8734	20000000	1	1	1000000	1500
151	16	11	19	0x6743	0xccc3	0x2801,0x5002,0xa004,0x6808,0xd010,0x8820,0x3840,0x7080,0xe100,0xea00,0xfc00	0xe69,0x14d2,0x27cd,0x479a,0x8734	20000000	1	1	1000000	1500
152	16	11	19	0x6a15	0xda1d	0x2801,0x5002,0xa004,0x6808,0xd010,0x8820,0x3840,0x7080,0xe100,0xea00,0xfc00	0xe69,0x14d2,0x27cd,0x479a,0x8734	20000000	1	1	1000000	1500
153	16	11	19	0x1484	0x290c	0x2801,0x5002,0xa004,0x6808,0xd010,0x8820,0x3840,0x7080,0xe100,0xea00,0xfc00	0xe69,0x14d2,0x27cd,0x479a,0x8734	20000000	1	1	1000000	1500
154	16	11	19	0x41e	0x4936	0x2801,0x5002,0xa004,0x6808,0xd010,0x8820,0x3840,0x7080,0xe100,0xea00,0xfc00	0xe69,0x14d2,0x27cd,0x479a,0x8734	20000000	1	1	1000000	1500
155	16	11	19	0x3169	0x62db	0x2801,0x5002,0xa004,0x6808,0xd010,0x8820,0x3840,0x7080,0xe100,0xea00,0xfc00	0xe69,0x14d2,0x27cd,0x479a,0x8734	20000000	1	1	1000000	1500
156	16	11	19	0x44dd	0x89b9	0x2801,0x5002,0xa004,0x6808,0xd010,0x8820,0x3840,0x7080,0xe100,0xea00,0xfc00	0xe69,0x14d2,0x27cd,0x479a,0x8734	20000000	1	1	1000000	1500
157	16	11	19	0x77d7	0xefad	0x2801,0x5002,0xa004,0x6808,0xd010,0x8820,0x3840,0x7080,0xe100,0xea00,0xfc00	0xe69,0x14d2,0x27cd,0x479a,0x8734	20000000	1	1	1000000	1500
158	16	11	19	0x3a88	0x7508	0x2801,0x5002,0xa004,0x6808,0xd010,0x8820,0x3840,0x7080,0xe100,0xea00,0xfc00	0xe69,0x14d2,0x27cd,0x479a,0x8734	20000000	1	1	1000000	1500
159	16	11	19	0x1afd	0x11fd	0x2801,0x5002,0xa004,0x6808,0xd010,0x8820,0x3840,0x7080,0xe100,0xea00,0xfc00	0xe69,0x14d2,0x27cd,0x479a,0x8734	20000000	1	1	1000000	1500
160	16	11	19	0x93e	0x127e	0x2801,0x5002,0xa004,0x6808,0xd010,0x8820,0x3840,0x7080,0xe100,0xea00,0xfc00	0xe69,0x14d2,0x27cd,0x479a,0x8734	20000000	1	1	1000000	1500
161	16	11	19	0x44ba	0x8d76	0x2801,0x5002,0xa004,0x6808,0xd010,0x8820,0x3840,0x7080,0xe100,0xea00,0xfc00	0xe69,0x14d2,0x27cd,0x479a,0x8734	20000000	1	1	1000000	1500
162	16	11	19	0x3944	0x7244	0x2801,0x5002,0xa004,0x6808,0xd010,0x8820,0x3840,0x7080,0xe100,0xea00,0xfc00	0xe69,0x14d2,0x27cd,0x479a,0x8734	20000000	1	1	1000000	1500
163	16	11	19	0x950	0x950	0x2801,0x5002,0xa004,0x6808,0xd010,0x8820,0x3840,0x7080,0xe100,0xea00,0xfc00	0xe69,0x14d2,0x27cd,0x479a,0x8734	20000000	1	1	1000000	1500
164	16	11	19	0x3e64	0x7ccc	0x2801,0x5002,0xa004,0x6808,0xd010,0x8820,0x3840,0x7080,0xe100,0xea00,0xfc00	0xe69,0x14d2,0x27cd,0x479a,0x8734	20000000	1	1	1000000	1500
165	16	11	19	0x2173	0x6137	0x2801,0x5002,0xa004,0x6808,0xd010,0x8820,0x3840,0x7080,0xe100,0xea00,0xfc00	0xe69,0x14d2,0x27cd,0x479a,0x8734	20000000	1	1	1000000	1500
166	16	11	19	0x548a	0xb48a	0x2801,0x5002,0xa004,0x6808,0xd010,0x8820,0x3840,0x7080,0xe100,0xea00,0xfc00	0xe69,0x14d2,0x27cd,0x479a,0x8734	20000000	1	1	1000000	1500
167	16	11	19	0x42a4	0x8544	0x2801,0x5002,0xa004,0x6808,0xd010,0x8820,0x3840,0x7080,0xe100,0xea00,0xfc00	0xe69,0x14d2,0x27cd,0x479a,0x8734	20000000	1	1	1000000	1500
168	16	11	19	0x116e	0x236e	0x2801,0x5002,0xa004,0x6808,0xd010,0x8820,0x3840,0x7080,0xe100,0xea00,0xfc00	0xe69,0x14d2,0x27cd,0x479a,0x8734	20000000	1	1	1000000	1500
169	16	11	19	0x1f36	0x3e6e	0x2801,0x5002,0xa004,0x6808,0xd010,0x8820,0x3840,0x7080,0xe100,0xea00,0xfc00	0xe69,0x14d2,0x27cd,0x479a,0x8734	20000000	1	1	1000000	1500
170	16	11	19	0x1dec	0x3bac	0x2801,0x5002,0xa004,0x6808,0xd010,0x8820,0x3840,0x7080,0xe100,0xea00,0xfc00	0xe69,0x14d2,0x27cd,0x479a,0x8734	20000000	1	1	1000000	1500
171	16	11	19	0x2614	0x6614	0x2801,0x5002,0xa004,0x6808,0xd010,0x8820,0x3840,0x7080,0xe100,0xea00,0xfc00	0xe69,0x14d2,0x27cd,0x479a,0x8734	20000000	1	1	1000000	1500
172	16	11	19	0x6463	0xe473	0x2801,0x5002,0xa004,0x6808,0xd010,0x8820,0x3840,0x7080,0xe100,0xea00,0xfc00	0xe69,0x14d2,0x27cd,0x479a,0x8734	20000000	1	1	1000000	1500
173	16	11	19	0x395f	0x72bf	0x2801,0x5002,0xa004,0x6808,0xd010,0x8820,0x3840,0x7080,0xe100,0xea00,0xfc00	0xe69,0x14d2,0x27cd,0x479a,0x8734	20000000	1	1	1000000	1500
174	16	11	19	0x2be2	0x7ae2	0x2801,0x5002,0xa004,0x6808,0xd010,0x8820,0x3840,0x7080,0xe100,0xea00,0xfc00	0xe69,0x14d2,0x27cd,0x479a,0x8734	20000000	1	1	1000000	1500
175	16	11	19	0xac3	0x1e83	0x2801,0x5002,0xa004,0x6808,0xd010,0x8820,0x3840,0x7080,0xe100,0xea00,0xfc00	0xe69,0x14d2,0x27cd,0x479a,0x8734	20000000	1	1	1000000	1500
176	16	11	19	0x2f46	0x4fc6	0x2801,0x5002,0xa004,0x6808,0xd010,0x8820,0x3840,0x7080,0xe100,0xea00,0xfc00	0xe69,0x14d2,0x27cd,0x479a,0x8734	20000000	1	1	1000000	1500
177	16	11	19	0x654	0x664	0x2801,0x5002,0xa004,0x6808,0xd010,0x8820,0x3840,0x7080,0xe100,0xea00,0xfc00	0xe69,0x14d2,0x27cd,0x479a,0x8734	20000000	1	1	1000000	1500
178	16	11	19	0x78bc	0xe9ec	0x2801,0x5002,0xa004,0x6808,0xd010,0x8820,0x3840,0x7080,0xe100,0xea00,0xfc00	0xe69,0x14d2,0x27cd,0x479a,0x8734	20000000	1	1	1000000	1500
179	16	11	19	0x6e68	0xce68	0x2801,0x5002,0xa004,0x6808,0xd010,0x8820,0x3840,0x7080,0xe100,0xea00,0xfc00	0xe69,0x14d2,0x27cd,0x479a,0x8734	20000000	1	1	1000000	1500
180	16	11	19	0x65e2	0xcbe0	0x2801,0x5002,0xa004,0x6808,0xd010,0x8820,0x3840,0x7080,0xe100,0xea00,0xfc00	0xe69,0x14d2,0x27cd,0x479a,0x8734	20000000	1	1	1000000	1500
181	16	11	19	0x4cf5	0x98f5	0x2801,0x5002,0xa004,0x6808,0xd010,0x8820,0x3840,0x7080,0xe100,0xea00,0xfc00	0xe69,0x14d2,0x27cd,0x479a,0x8734	20000000	1	1	1000000	1500
182	16	11	19	0x7a19	0xf432	0x2801,0x5002,0xa004,0x6808,0xd010,0x8820,0x3840,0x7080,0xe100,0xea00,0xfc00	0xe69,0x14d2,0x27cd,0x479a,0x8734	20000000	1	1	1000000	1500
183	16	11	19	0x2136	0x4936	0x2801,0x5002,0xa004,0x6808,0xd010,0x8820,0x3840,0x7080,0xe100,0xea00,0xfc00	0xe69,0x14d2,0x27cd,0x479a,0x8734	20000000	1	1	1000000	1500
184	16	11	19	0x182c	0x30ac	0x2801,0x5002,0xa004,0x6808,0xd010,0x8820,0x3840,0x7080,0xe100,0xea00,0xfc00	0xe69,0x14d2,0x27cd,0x479a,0x8734	20000000	1	1	1000000	1500
185	16	11	19	0x66d9	0xced9	0x2801,0x5002,0xa004,0x6808,0xd010,0x8820,0x3840,0x7080,0xe100,0xea00,0xfc00	0xe69,0x14d2,0x27cd,0x479a,0x8734	20000000	1	1	1000000	1500
186	16	11	19	0x4165	0x3c9	0x2801,0x5002,0xa004,0x6808,0xd010,0x8820,0x3840,0x7080,0xe100,0xea00,0xfc00	0xe69,0x14d2,0x27cd,0x479a,0x8734	20000000	1	1	1000000	1500
187	16	11	19	0x3b61	0x76c1	0x2801,0x5002,0xa004,0x6808,0xd010,0x8820,0x3840,0x7080,0xe100,0xea00,0xfc00	0xe69,0x14d2,0x27cd,0x479a,0x8734	20000000	1	1	1000000	1500
188	16	11	19	0x7535	0xea6f	0x2801,0x5002,0xa004,0x6808,0xd010,0x8820,0x3840,0x7080,0xe100,0xea00,0xfc00	0xe69,0x14d2,0x27cd,0x479a,0x8734	20000000	1	1	1000000	1500
189	16	11	19	0x292f	0xd22f	0x2801,0x5002,0xa004,0x6808,0xd010,0x8820,0x3840,0x7080,0xe100,0xea00,0xfc00	0xe69,0x14d2,0x27cd,0x479a,0x8734	20000000	1	1	1000000	1500
190	16	11	19	0x616f	0xc2df	0x2801,0x5002,0xa004,0x6808,0xd010,0x8820,0x3840,0x7080,0xe100,0xea00,0xfc00	0xe69,0x14d2,0x27cd,0x479a,0x8734	20000000	1	1	1000000	1500
191	16	11	19	0x3ad6	0x75d6	0x2801,0x5002,0xa004,0x6808,0xd010,0x8820,0x3840,0x7080,0xe100,0xea00,0xfc00	0xe69,0x14d2,0x27cd,0x479a,0x8734	20000000	1	1	1000000	1500
192	16	12	19	0x1e9	0x1d1	0x3001,0x6002,0xc004,0xb008,0x5010,0xa020,0x7040,0xe080,0xf100,0xd200,0x9400,0x1800	0x1f59,0x21eb,0x43d6,0x87ac	20000000	1	1	1000000	1500
193	16	12	19	0x791d	0xf91d	0x3001,0x6002,0xc004,0xb008,0x5010,0xa020,0x7040,0xe080,0xf100,0xd200,0x9400,0x1800	0x1f59,0x21eb,0x43d6,0x87ac	20000000	1	1	1000000	1500
194	16	12	19	0x6347	0x734f	0x3001,0x6002,0xc004,0xb008,0x5010,0xa020,0x7040,0xe080,0xf100,0xd200,0x9400,0x1800	0x1f59,0x21eb,0x43d6,0x87ac	20000000	1	1	1000000	1500
195	16	12	19	0x19ea	0x32ea	0x3001,0x6002,0xc004,0xb008,0x5010,0xa020,0x7040,0xe080,0xf100,0xd200,0x9400,0x1800	0x1f59,0x21eb,0x43d6,0x87ac	20000000	1	1	1000000	1500
196	16	12	19	0xf67	0x9ee5	0x3001,0x6002,0xc004,0xb008,0x5010,0xa020,0x7040,0xe080,0xf100,0xd200,0x9400,0x1800	0x1f59,0x21eb,0x43d6,0x87ac	20000000	1	1	1000000	1500
197	16	12	19	0x39bf	0x737a	0x3001,0x6002,0xc004,0xb008,0x5010,0xa020,0x7040,0xe080,0xf100,0xd200,0x9400,0x1800	0x1f59,0x21eb,0x43d6,0x87ac	20000000	1	1	1000000	1500
198	16	12	19	0x240a	0x440a	0x3001,0x6002,0xc004,0xb008,0x5010,0xa020,0x7040,0xe080,0xf100,0xd200,0x9400,0x1800	0x1f59,0x21eb,0x43d6,0x87ac	20000000	1	1	1000000	1500
199	16	12	19	0xeef	0x4eef	0x3001,0x6002,0xc004,0xb008,0x5010,0xa020,0x7040,0xe080,0xf100,0xd200,0x9400,0x1800	0x1f59,0x21eb,0x43d6,0x87ac	20000000	1	1	1000000	1500
200	16	12	19	0x2903	0x4207	0x3001,0x6002,0xc004,0xb008,0x5010,0xa020,0x7040,0xe080,0xf100,0xd200,0x9400,0x1800	0x1f59,0x21eb,0x43d6,0x87ac	20000000	1	1	1000000	1500
201	16	12	19	0x2179	0x413d	0x3001,0x6002,0xc004,0xb008,0x5010,0xa020,0x7040,0xe080,0xf100,0xd200,0x9400,0x1800	0x1f59,0x21eb,0x43d6,0x87ac	20000000	1	1	1000000	1500
202	16	12	19	0x7f25	0xff25	0x3001,0x6002,0xc004,0xb008,0x5010,0xa020,0x7040,0xe080,0xf100,0xd200,0x9400,0x1800	0x1f59,0x21eb,0x43d6,0x87ac	20000000	1	1	1000000	1500
203	16	12	19	0x5689	0xad19	0x3001,0x6002,0xc004,0xb008,0x5010,0xa020,0x7040,0xe080,0xf100,0xd200,0x9400,0x1800	0x1f59,0x21eb,0x43d6,0x87ac	20000000	1	1	1000000	1500
204	16	12	19	0x45b7	0xb6b	0x3001,0x6002,0xc004,0xb008,0x5010,0xa020,0x7040,0xe080,0xf100,0xd200,0x9400,0x1800	0x1f59,0x21eb,0x43d6,0x87ac	20000000	1	1	1000000	1500
205	16	12	19	0x4a00	0x9400	0x3001,0x6002,0xc004,0xb008,0x5010,0xa020,0x7040,0xe080,0xf100,0xd200,0x9400,0x1800	0x1f59,0x21eb,0x43d6,0x87ac	20000000	1	1	1000000	1500
206	16	12	19	0x2a1a	0x5b9a	0x3001,0x6002,0xc004,0xb008,0x5010,0xa020,0x7040,0xe080,0xf100,0xd200,0x9400,0x1800	0x1f59,0x21eb,0x43d6,0x87ac	20000000	1	1	1000000	1500
207	16	12	19	0x7219	0xd298	0x3001,0x6002,0xc004,0xb008,0x5010,0xa020,0x7040,0xe080,0xf100,0xd200,0x9400,0x1800	0x1f59,0x21eb,0x43d6,0x87ac	20000000	1	1	1000000	1500
208	16	12	19	0x7003	0xf023	0x3001,0x6002,0xc004,0xb008,0x5010,0xa020,0x7040,0xe080,0xf100,0xd200,0x9400,0x1800	0x1f59,0x21eb,0x43d6,0x87ac	20000000	1	1	1000000	1500
209	16	12	19	0x5d77	0xbaed	0x3001,0x6002,0xc004,0xb008,0x5010,0xa020,0x7040,0xe080,0xf100,0xd200,0x9400,0x1800	0x1f59,0x21eb,0x43d6,0x87ac	20000000	1	1	1000000	1500
210	16	12	19	0x57e3	0xafc7	0x3001,0x6002,0xc004,0xb008,0x5010,0xa020,0x7040,0xe080,0xf100,0xd200,0x9400,0x1800	0x1f59,0x21eb,0x43d6,0x87ac	20000000	1	1	1000000	1500
211	16	12	19	0x13d1	0x2f91	0x3001,0x6002,0xc004,0xb008,0x5010,0xa020,0x7040,0xe080,0xf100,0xd200,0x9400,0x1800	0x1f59,0x21eb,0x43d6,0x87ac	20000000	1	1	1000000	1500
212	16	12	19	0x6290	0xc520	0x3001,0x6002,0xc004,0xb008,0x5010,0xa020,0x7040,0xe080,0xf100,0xd200,0x9400,0x1800	0x1f59,0x21eb,0x43d6,0x87ac	20000000	1	1	1000000	1500
213	16	12	19	0x1829	0x3829	0x3001,0x6002,0xc004,0xb008,0x5010,0xa020,0x7040,0xe080,0xf100,0xd200,0x9400,0x1800	0x1f59,0x21eb,0x43d6,0x87ac	20000000	1	1	1000000	1500
214	16	12	19	0x7d48	0xbd48	0x3001,0x6002,0xc004,0xb008,0x5010,0xa020,0x7040,0xe080,0xf100,0xd200,0x9400,0x1800	0x1f59,0x21eb,0x43d6,0x87ac	20000000	1	1	1000000	1500
215	16	12	19	0x3571	0xd571	0x3001,0x6002,0xc004,0xb008,0x5010,0xa020,0x7040,0xe080,0xf100,0xd200,0x9400,0x1800	0x1f59,0x21eb,0x43d6,0x87ac	20000000	1	1	1000000	1500
216	16	12	19	0x5b11	0x5b11	0x3001,0x6002,0xc004,0xb008,0x5010,0xa020,0x7040,0xe080,0xf100,0xd200,0x9400,0x1800	0x1f59,0x21eb,0x43d6,0x87ac	20000000	1	1	1000000	1500
217	16	12	19	0x445a	0xb65a	0x3001,0x6002,0xc004,0xb008,0x5010,0xa020,0x7040,0xe080,0xf100,0xd200,0x9400,0x1800	0x1f59,0x21eb,0x43d6,0x87ac	20000000	1	1	1000000	1500
218	16	12	19	0x7868	0xf0d1	0x3001,0x6002,0xc004,0xb008,0x5010,0xa020,0x7040,0xe080,0xf100,0xd200,0x9400,0x1800	0x1f59,0x21eb,0x43d6,0x87ac	20000000	1	1	1000000	1500
219	16	12	19	0x4962	0x9362	0x3001,0x6002,0xc004,0xb008,0x5010,0xa020,0x7040,0xe080,0xf100,0xd200,0x9400,0x1800	0x1f59,0x21eb,0x43d6,0x87ac	20000000	1	1	1000000	1500
220	16	12	19	0x9b5	0x11b5	0x3001,0x6002,0xc004,0xb008,0x5010,0xa020,0x7040,0xe080,0xf100,0xd200,0x9400,0x1800	0x1f59,0x21eb,0x43d6,0x87ac	20000000	1	1	1000000	1500
221	16	12	19	0x7c39	0xfc39	0x3001,0x6002,0xc004,0xb008,0x5010,0xa020,0x7040,0xe080,0xf100,0xd200,0x9400,0x1800	0x1f59,0x21eb,0x43d6,0x87ac	20000000	1	1	1000000	1500
222	16	12	19	0x230d	0x630d	0x3001,0x6002,0xc004,0xb008,0x5010,0xa020,0x7040,0xe080,0xf100,0xd200,0x9400,0x1800	0x1f59,0x21eb,0x43d6,0x87ac	20000000	1	1	1000000	1500
223	16	12	19	0x315f	0x655f	0x3001,0x6002,0xc004,0xb008,0x5010,0xa020,0x7040,0xe080,0xf100,0xd200,0x9400,0x1800	0x1f59,0x21eb,0x43d6,0x87ac	20000000	1	1	1000000	1500
224	16	12	19	0x526a	0xa4d5	0x3001,0x6002,0xc004,0xb008,0x5010,0xa020,0x7040,0xe080,0xf100,0xd200,0x9400,0x1800	0x1f59,0x21eb,0x43d6,0x87ac	20000000	1	1	1000000	1500
225	16	12	19	0x52ee	0xb4ee	0x3001,0x6002,0xc004,0xb008,0x5010,0xa020,0x7040,0xe080,0xf100,0xd200,0x9400,0x1800	0x1f59,0x21eb,0x43d6,0x87ac	20000000	1	1	1000000	1500
226	16	12	19	0x593f	0x393f	0x3001,0x6002,0xc004,0xb008,0x5010,0xa020,0x7040,0xe080,0xf100,0xd200,0x9400,0x1800	0x1f59,0x21eb,0x43d6,0x87ac	20000000	1	1	1000000	1500
227	16	12	19	0x2bc0	0x5780	0x3001,0x6002,0xc004,0xb008,0x5010,0xa020,0x7040,0xe080,0xf100,0xd200,0x9400,0x1800	0x1f59,0x21eb,0x43d6,0x87ac	20000000	1	1	1000000	1500
228	16	12	19	0x5dac	0xfaac	0x3001,0x6002,0xc004,0xb008,0x5010,0xa020,0x7040,0xe080,0xf100,0xd200,0x9400,0x1800	0x1f59,0x21eb,0x43d6,0x87ac	20000000	1	1	1000000	1500
229	16	12	19	0x198f	0x331d	0x3001,0x6002,0xc004,0xb008,0x5010,0xa020,0x7040,0xe080,0xf100,0xd200,0x9400,0x1800	0x1f59,0x21eb,0x43d6,0x87ac	20000000	1	1	1000000	1500
230	16	12	19	0xef5	0x1575	0x3001,0x6002,0xc004,0xb008,0x5010,0xa020,0x7040,0xe080,0xf100,0xd200,0x9400,0x1800	0x1f59,0x21eb,0x43d6,0x87ac	20000000	1	1	1000000	1500
231	16	12	19	0x2490	0x4920	0x3001,0x6002,0xc004,0xb008,0x5010,0xa020,0x7040,0xe080,0xf100,0xd200,0x9400,0x1800	0x1f59,0x21eb,0x43d6,0x87ac	20000000	1	1	1000000	1500
232	16	12	19	0x738b	0xc30b	0x3001,0x6002,0xc004,0xb008,0x5010,0xa020,0x7040,0xe080,0xf100,0xd200,0x9400,0x1800	0x1f59,0x21eb,0x43d6,0x87ac	20000000	1	1	1000000	1500
233	16	12	19	0x2ba	0xaba	0x3001,0x6002,0xc004,0xb008,0x5010,0xa020,0x7040,0xe080,0xf100,0xd200,0x9400,0x1800	0x1f59,0x21eb,0x43d6,0x87ac	20000000	1	1	1000000	1500
234	16	12	19	0x3270	0x3272	0x3001,0x6002,0xc004,0xb008,0x5010,0xa020,0x7040,0xe080,0xf100,0xd200,0x9400,0x1800	0x1f59,0x21eb,0x43d6,0x87ac	20000000	1	1	1000000	1500
235	16	12	19	0x1475	0x28d5	0x3001,0x6002,0xc004,0xb008,0x5010,0xa020,0x7040,0xe080,0xf100,0xd200,0x9400,0x1800	0x1f59,0x21eb,0x43d6,0x87ac	20000000	1	1	1000000	1500
236	16	12	19	0x2a85	0x7585	0x3001,0x6002,0xc004,0xb008,0x5010,0xa020,0x7040,0xe080,0xf100,0xd200,0x9400,0x1800	0x1f59,0x21eb,0x43d6,0x87ac	20000000	1	1	1000000	1500
237	16	12	19	0x44fb	0x8dbb	0x3001,0x6002,0xc004,0xb008,0x5010,0xa020,0x7040,0xe080,0xf100,0xd200,0x9400,0x1800	0x1f59,0x21eb,0x43d6,0x87ac	20000000	1	1	1000000	1500
238	16	12	19	0x3e35	0x5e35	0x3001,0x6002,0xc004,0xb008,0x5010,0xa020,0x7040,0xe080,0xf100,0xd200,0x9400,0x1800	0x1f59,0x21eb,0x43d6,0x87ac	20000000	1	1	1000000	1500
239	16	12	19	0x6fce	0xdece	0x3001,0x6002,0xc004,0xb008,0x5010,0xa020,0x7040,0xe080,0xf100,0xd200,0x9400,0x1800	0x1f59,0x21eb,0x43d6,0x87ac	20000000	1	1	1000000	1500
240	16	12	19	0x717d	0xe37d	0x3001,0x6002,0xc004,0xb008,0x5010,0xa020,0x7040,0xe080,0xf100,0xd200,0x9400,0x1800	0x1f59,0x21eb,0x43d6,0x87ac	20000000	1	1	1000000	1500
241	16	12	19	0x61c9	0xe1c9	0x3001,0x6002,0xc004,0xb008,0x5010,0xa020,0x7040,0xe080,0xf100,0xd200,0x9400,0x1800	0x1f59,0x21eb,0x43d6,0x87ac	20000000	1	1	1000000	1500
242	16	12	19	0xbe	0x17c	0x3001,0x6002,0xc004,0xb008,0x5010,0xa020,0x7040,0xe080,0xf100,0xd200,0x9400,0x1800	0x1f59,0x21eb,0x43d6,0x87ac	20000000	1	1	1000000	1500
243	16	12	19	0x7b0b	0xdb0b	0x3001,0x6002,0xc004,0xb008,0x5010,0xa020,0x7040,0xe080,0xf100,0xd200,0x9400,0x1800	0x1f59,0x21eb,0x43d6,0x87ac	20000000	1	1	1000000	1500
244	16	12	19	0x1770	0x2f70	0x3001,0x6002,0xc004,0xb008,0x5010,0xa020,0x7040,0xe080,0xf100,0xd200,0x9400,0x1800	0x1f59,0x21eb,0x43d6,0x87ac	20000000	1	1	1000000	1500
245	16	12	19	0x23bb	0x47bb	0x3001,0x6002,0xc004,0xb008,0x5010,0xa020,0x7040,0xe080,0xf100,0xd200,0x9400,0x1800	0x1f59,0x21eb,0x43d6,0x87ac	20000000	1	1	1000000	1500
246	16	12	19	0x4fc7	0x9fc6	0x3001,0x6002,0xc004,0xb008,0x5010,0xa020,0x7040,0xe080,0xf100,0xd200,0x9400,0x1800	0x1f59,0x21eb,0x43d6,0x87ac	20000000	1	1	1000000	1500
247	16	12	19	0x26c3	0x26e3	0x3001,0x6002,0xc004,0xb008,0x5010,0xa020,0x7040,0xe080,0xf100,0xd200,0x9400,0x1800	0x1f59,0x21eb,0x43d6,0x87ac	20000000	1	1	1000000	1500
248	16	12	19	0x683f	0xd03f	0x3001,0x6002,0xc004,0xb008,0x5010,0xa020,0x7040,0xe080,0xf100,0xd200,0x9400,0x1800	0x1f59,0x21eb,0x43d6,0x87ac	20000000	1	1	1000000	1500
249	16	12	19	0x3148	0x3148	0x3001,0x6002,0xc004,0xb008,0x5010,0xa020,0x7040,0xe080,0xf100,0xd200,0x9400,0x1800	0x1f59,0x21eb,0x43d6,0x87ac	20000000	1	1	1000000	1500
250	16	12	19	0x465e	0x8cbe	0x3001,0x6002,0xc004,0xb008,0x5010,0xa020,0x7040,0xe080,0xf100,0xd200,0x9400,0x1800	0x1f59,0x21eb,0x43d6,0x87ac	20000000	1	1	1000000	1500
251	16	12	19	0x1a89	0x12a9	0x3001,0x6002,0xc004,0xb008,0x5010,0xa020,0x7040,0xe080,0xf100,0xd200,0x9400,0x1800	0x1f59,0x21eb,0x43d6,0x87ac	20000000	1	1	1000000	1500
252	16	12	19	0x132a	0x6ca	0x3001,0x6002,0xc004,0xb008,0x5010,0xa020,0x7040,0xe080,0xf100,0xd200,0x9400,0x1800	0x1f59,0x21eb,0x43d6,0x87ac	20000000	1	1	1000000	1500
253	16	12	19	0x557c	0xaabc	0x3001,0x6002,0xc004,0xb008,0x5010,0xa020,0x7040,0xe080,0xf100,0xd200,0x9400,0x1800	0x1f59,0x21eb,0x43d6,0x87ac	20000000	1	1	1000000	1500
254	16	12	19	0x4da2	0x9b4a	0x3001,0x6002,0xc004,0xb008,0x5010,0xa020,0x7040,0xe080,0xf100,0xd200,0x9400,0x1800	0x1f59,0x21eb,0x43d6,0x87ac	20000000	1	1	1000000	1500
255	16	12	19	0x1df4	0xbbe8	0x3001,0x6002,0xc004,0xb008,0x5010,0xa020,0x7040,0xe080,0xf100,0xd200,0x9400,0x1800	0x1f59,0x21eb,0x43d6,0x87ac	20000000	1	1	1000000	1500
256	16	11	19	0x2d46	0x5a66	0xf,0x33,0x55,0x96,0x303,0x505,0x906,0x1111,0x2112,0x4114,0x8117	0xaaaa,0xcccc,0xf0f0,0xff00,0xffff	20000000	1	1	1000000	1500
257	16	11	19	0x7330	0xf660	0xf,0x33,0x55,0x96,0x303,0x505,0x906,0x1111,0x2112,0x4114,0x8117	0xaaaa,0xcccc,0xf0f0,0xff00,0xffff	20000000	1	1	1000000	1500
258	16	11	19	0x7530	0xca60	0xf,0x33,0x55,0x96,0x303,0x505,0x906,0x1111,0x2112,0x4114,0x8117	0xaaaa,0xcccc,0xf0f0,0xff00,0xffff	20000000	1	1	1000000	1500
259	16	11	19	0x53ae	0x274e	0xf,0x33,0x55,0x96,0x303,0x505,0x906,0x1111,0x2112,0x4114,0x8117	0xaaaa,0xcccc,0xf0f0,0xff00,0xffff	20000000	1	1	1000000	1500
260	16	11	19	0x6b61	0xeb41	0xf,0x33,0x55,0x96,0x303,0x505,0x906,0x1111,0x2112,0x4114,0x8117	0xaaaa,0xcccc,0xf0f0,0xff00,0xffff	20000000	1	1	1000000	1500
261	16	11	19	0x21ef	0x41eb	0xf,0x33,0x55,0x96,0x303,0x505,0x906,0x1111,0x2112,0x4114,0x8117	0xaaaa,0xcccc,0xf0f0,0xff00,0xffff	20000000	1	1	1000000	1500
262	16	11	19	0xf99	0x1718	0xf,0x33,0x55,0x96,0x303,0x505,0x906,0x1111,0x2112,0x4114,0x8117	0xaaaa,0xcccc,0xf0f0,0xff00,0xffff	20000000	1	1	1000000	1500
263	16	11	19	0xc40	0xcc0	0xf,0x33,0x55,0x96,0x303,0x505,0x906,0x1111,0x2112,0x4114,0x8117	0xaaaa,0xcccc,0xf0f0,0xff00,0xffff	20000000	1	1	1000000	1500
264	16	11	19	0x7444	0xb444	0xf,0x33,0x55,0x96,0x303,0x505,0x906,0x1111,0x2112,0x4114,0x8117	0xaaaa,0xcccc,0xf0f0,0xff00,0xffff	20000000	1	1	1000000	1500
265	16	11	19	0x3185	0x6305	0xf,0x33,0x55,0x96,0x303,0x505,0x906,0x1111,0x2112,0x4114,0x8117	0xaaaa,0xcccc,0xf0f0,0xff00,0xffff	20000000	1	1	1000000	1500
266	16	11	19	0x7533	0x6933	0xf,0x33,0x55,0x96,0x303,0x505,0x906,0x1111,0x2112,0x4114,0x8117	0xaaaa,0xcccc,0xf0f0,0xff00,0xffff	20000000	1	1	1000000	1500
267	16	11	19	0x5c12	0xb812	0xf,0x33,0x55,0x96,0x303,0x505,0x906,0x1111,0x2112,0x4114,0x8117	0xaaaa,0xcccc,0xf0f0,0xff00,0xffff	20000000	1	1	1000000	1500
268	16	11	19	0x1f70	0x3cf0	0xf,0x33,0x55,0x96,0x303,0x505,0x906,0x1111,0x2112,0x4114,0x8117	0xaaaa,0xcccc,0xf0f0,0xff00,0xffff	20000000	1	1	1000000	1500
269	16	11	19	0x4188	0x8788	0xf,0x33,0x55,0x96,0x303,0x505,0x906,0x1111,0x2112,0x4114,0x8117	0xaaaa,0xcccc,0xf0f0,0xff00,0xffff	20000000	1	1	1000000	1500
270	16	11	19	0x59ce	0x939c	0xf,0x33,0x55,0x96,0x303,0x505,0x906,0x1111,0x2112,0x4114,0x8117	0xaaaa,0xcccc,0xf0f0,0xff00,0xffff	20000000	1	1	1000000	1500
271	16	11	19	0x944	0x1144	0xf,0x33,0x55,0x96,0x303,0x505,0x906,0x1111,0x2112,0x4114,0x8117	0xaaaa,0xcccc,0xf0f0,0xff00,0xffff	20000000	1	1	1000000	1500
272	16	11	19	0x5cb3	0xb87b	0xf,0x33,0x55,0x96,0x303,0x505,0x906,0x1111,0x2112,0x4114,0x8117	0xaaaa,0xcccc,0xf0f0,0xff00,0xffff	20000000	1	1	1000000	1500
273	16	11	19	0x6003	0xc003	0xf,0x33,0x55,0x96,0x303,0x505,0x906,0x1111,0x2112,0x4114,0x8117	0xaaaa,0xcccc,0xf0f0,0xff00,0xffff	20000000	1	1	1000000	1500
274	16	11	19	0x2ea3	0x5ca3	0xf,0x33,0x55,0x96,0x303,0x505,0x906,0x1111,0x2112,0x4114,0x8117	0xaaaa,0xcccc,0xf0f0,0xff00,0xffff	20000000	1	1	1000000	1500
275	16	11	19	0x7182	0xb182	0xf,0x33,0x55,0x96,0x303,0x505,0x906,0x1111,0x2112,0x4114,0x8117	0xaaaa,0xcccc,0xf0f0,0xff00,0xffff	20000000	1	1	1000000	1500
276	16	11	19	0x2e7d	0x4e7d	0xf,0x33,0x55,0x96,0x303,0x505,0x906,0x1111,0x2112,0x4114,0x8117	0xaaaa,0xcccc,0xf0f0,0xff00,0xffff	20000000	1	1	1000000	1500
277	16	11	19	0x5292	0xa55a	0xf,0x33,0x55,0x96,0x303,0x505,0x906,0x1111,0x2112,0x4114,0x8117	0xaaaa,0xcccc,0xf0f0,0xff00,0xffff	20000000	1	1	1000000	1500
278	16	11	19	0x5e44	0xee44	0xf,0x33,0x55,0x96,0x303,0x505,0x906,0x1111,0x2112,0x4114,0x8117	0xaaaa,0xcccc,0xf0f0,0xff00,0xffff	20000000	1	1	1000000	1500
279	16	11	19	0x16c2	0x2d88	0xf,0x33,0x55,0x96,0x303,0x505,0x906,0x1111,0x2112,0x4114,0x8117	0xaaaa,0xcccc,0xf0f0,0xff00,0xffff	20000000	1	1	1000000	1500
280	16	11	19	0x64b2	0x24b2	0xf,0x33,0x55,0x96,0x303,0x505,0x906,0x1111,0x2112,0x4114,0x8117	0xaaaa,0xcccc,0xf0f0,0xff00,0xffff	20000000	1	1	1000000	1500
281	16	11	19	0x50ab	0x812b	0xf,0x33,0x55,0x96,0x303,0x505,0x906,0x1111,0x2112,0x4114,0x8117	0xaaaa,0xcccc,0xf0f0,0xff00,0xffff	20000000	1	1	1000000	1500
282	16	11	19	0x3f74	0x7b74	0xf,0x33,0x55,0x96,0x303,0x505,0x906,0x1111,0x2112,0x4114,0x8117	0xaaaa,0xcccc,0xf0f0,0xff00,0xffff	20000000	1	1	1000000	1500
283	16	11	19	0x1ecc	0x3ccc	0xf,0x33,0x55,0x96,0x303,0x505,0x906,0x1111,0x2112,0x4114,0x8117	0xaaaa,0xcccc,0xf0f0,0xff00,0xffff	20000000	1	1	1000000	1500
284	16	11	19	0x3d4e	0x7d4e	0xf,0x33,0x55,0x96,0x303,0x505,0x906,0x1111,0x2112,0x4114,0x8117	0xaaaa,0xcccc,0xf0f0,0xff00,0xffff	20000000	1	1	1000000	1500
285	16	11	19	0x2da6	0xde2e	0xf,0x33,0x55,0x96,0x303,0x505,0x906,0x1111,0x2112,0x4114,0x8117	0xaaaa,0xcccc,0xf0f0,0xff00,0xffff	20000000	1	1	1000000	1500
286	16	11	19	0x5896	0xb127	0xf,0x33,0x55,0x96,0x303,0x505,0x906,0x1111,0x2112,0x4114,0x8117	0xaaaa,0xcccc,0xf0f0,0xff00,0xffff	20000000	1	1	1000000	1500
287	16	11	19	0x9c5	0x9c5	0xf,0x33,0x55,0x96,0x303,0x505,0x906,0x1111,0x2112,0x4114,0x8117	0xaaaa,0xcccc,0xf0f0,0xff00,0xffff	20000000	1	1	1000000	1500
288	16	11	19	0x553c	0xaa3c	0xf,0x33,0x55,0x96,0x303,0x505,0x906,0x1111,0x2112,0x4114,0x8117	0xaaaa,0xcccc,0xf0f0,0xff00,0xffff	20000000	1	1	1000000	1500
289	16	11	19	0x29f5	0x50f5	0xf,0x33,0x55,0x96,0x303,0x505,0x906,0x1111,0x2112,0x4114,0x8117	0xaaaa,0xcccc,0xf0f0,0xff00,0xffff	20000000	1	1	1000000	1500
290	16	11	19	0x17cd	0x96cc	0xf,0x33,0x55,0x96,0x303,0x505,0x906,0x1111,0x2112,0x4114,0x8117	0xaaaa,0xcccc,0xf0f0,0xff00,0xffff	20000000	1	1	1000000	1500
291	16	11	19	0x6193	0xc993	0xf,0x33,0x55,0x96,0x303,0x505,0x906,0x1111,0x2112,0x4114,0x8117	0xaaaa,0xcccc,0xf0f0,0xff00,0xffff	20000000	1	1	1000000	1500
292	16	11	19	0x79b8	0xd1b8	0xf,0x33,0x55,0x96,0x303,0x505,0x906,0x1111,0x2112,0x4114,0x8117	0xaaaa,0xcccc,0xf0f0,0xff00,0xffff	20000000	1	1	1000000	1500
293	16	11	19	0x1488	0x2148	0xf,0x33,0x55,0x96,0x303,0x505,0x906,0x1111,0x2112,0x4114,0x8117	0xaaaa,0xcccc,0xf0f0,0xff00,0xffff	20000000	1	1	1000000	1500
294	16	11	19	0x782	0xf00	0xf,0x33,0x55,0x96,0x303,0x505,0x906,0x1111,0x2112,0x4114,0x8117	0xaaaa,0xcccc,0xf0f0,0xff00,0xffff	20000000	1	1	1000000	1500
295	16	11	19	0x6757	0x635f	0xf,0x33,0x55,0x96,0x303,0x505,0x906,0x1111,0x2112,0x4114,0x8117	0xaaaa,0xcccc,0xf0f0,0xff00,0xffff	20000000	1	1	1000000	1500
296	16	11	19	0x3815	0x6035	0xf,0x33,0x55,0x96,0x303,0x505,0x906,0x1111,0x2112,0x4114,0x8117	0xaaaa,0xcccc,0xf0f0,0xff00,0xffff	20000000	1	1	1000000	1500
297	16	11	19	0x19f8	0x33f0	0xf,0x33,0x55,0x96,0x303,0x505,0x906,0x1111,0x2112,0x4114,0x8117	0xaaaa,0xcccc,0xf0f0,0xff00,0xffff	20000000	1	1	1000000	1500
298	16	11	19	0x6102	0x8282	0xf,0x33,0x55,0x96,0x303,0x505,0x906,0x1111,0x2112,0x4114,0x8117	0xaaaa,0xcccc,0xf0f0,0xff00,0xffff	20000000	1	1	1000000	1500
299	16	11	19	0x6d9c	0xc99c	0xf,0x33,0x55,0x96,0x303,0x505,0x906,0x1111,0x2112,0x4114,0x8117	0xaaaa,0xcccc,0xf0f0,0xff00,0xffff	20000000	1	1	1000000	1500
300	16	11	19	0x6ecb	0xddbb	0xf,0x33,0x55,0x96,0x303,0x505,0x906,0x1111,0x2112,0x4114,0x8117	0xaaaa,0xcccc,0xf0f0,0xff00,0xffff	20000000	1	1	1000000	1500
301	16	11	19	0x5599	0x6999	0xf,0x33,0x55,0x96,0x303,0x505,0x906,0x1111,0x2112,0x4114,0x8117	0xaaaa,0xcccc,0xf0f0,0xff00,0xffff	20000000	1	1	1000000	1500
302	16	11	19	0x7a9a	0xf536	0xf,0x33,0x55,0x96,0x303,0x505,0x906,0x1111,0x2112,0x4114,0x8117	0xaaaa,0xcccc,0xf0f0,0xff00,0xffff	20000000	1	1	1000000	1500
303	16	11	19	0x1233	0x24e7	0xf,0x33,0x55,0x96,0x303,0x505,0x906,0x1111,0x2112,0x4114,0x8117	0xaaaa,0xcccc,0xf0f0,0xff00,0xffff	20000000	1	1	1000000	1500
304	16	11	19	0x4bcf	0x95cf	0xf,0x33,0x55,0x96,0x303,0x505,0x906,0x1111,0x2112,0x4114,0x8117	0xaaaa,0xcccc,0xf0f0,0xff00,0xffff	20000000	1	1	1000000	1500
305	16	11	19	0x2952	0x695a	0xf,0x33,0x55,0x96,0x303,0x505,0x906,0x1111,0x2112,0x4114,0x8117	0xaaaa,0xcccc,0xf0f0,0xff00,0xffff	20000000	1	1	1000000	1500
306	16	11	19	0x3f6b	0x7e2b	0xf,0x33,0x55,0x96,0x303,0x505,0x906,0x1111,0x2112,0x4114,0x8117	0xaaaa,0xcccc,0xf0f0,0xff00,0xffff	20000000	1	1	1000000	1500
307	16	11	19	0x19f	0x33f	0xf,0x33,0x55,0x96,0x303,0x505,0x906,0x1111,0x2112,0x4114,0x8117	0xaaaa,0xcccc,0xf0f0,0xff00,0xffff	20000000	1	1	1000000	1500
308	16	11	19	0x51dc	0xa35c	0xf,0x33,0x55,0x96,0x303,0x505,0x906,0x1111,0x2112,0x4114,0x8117	0xaaaa,0xcccc,0xf0f0,0xff00,0xffff	20000000	1	1	1000000	1500
309	16	11	19	0x3d1d	0xfa39	0xf,0x33,0x55,0x96,0x303,0x505,0x906,0x1111,0x2112,0x4114,0x8117	0xaaaa,0xcccc,0xf0f0,0xff00,0xffff	20000000	1	1	1000000	1500
310	16	11	19	0x5b58	0xb748	0xf,0x33,0x55,0x96,0x303,0x505,0x906,0x1111,0x2112,0x4114,0x8117	0xaaaa,0xcccc,0xf0f0,0xff00,0xffff	20000000	1	1	1000000	1500
311	16	11	19	0x79b0	0xf990	0xf,0x33,0x55,0x96,0x303,0x505,0x906,0x1111,0x2112,0x4114,0x8117	0xaaaa,0xcccc,0xf0f0,0xff00,0xffff	20000000	1	1	1000000	1500
312	16	11	19	0xbf4	0x17d4	0xf,0x33,0x55,0x96,0x303,0x505,0x906,0x1111,0x2112,0x4114,0x8117	0xaaaa,0xcccc,0xf0f0,0xff00,0xffff	20000000	1	1	1000000	1500
313	16	11	19	0x5a01	0xca09	0xf,0x33,0x55,0x96,0x303,0x505,0x906,0x1111,0x2112,0x4114,0x8117	0xaaaa,0xcccc,0xf0f0,0xff00,0xffff	20000000	1	1	1000000	1500
314	16	11	19	0xed7	0x1db7	0xf,0x33,0x55,0x96,0x303,0x505,0x906,0x1111,0x2112,0x4114,0x8117	0xaaaa,0xcccc,0xf0f0,0xff00,0xffff	20000000	1	1	1000000	1500
315	16	11	19	0x3b1c	0x3639	0xf,0x33,0x55,0x96,0x303,0x505,0x906,0x1111,0x2112,0x4114,0x8117	0xaaaa,0xcccc,0xf0f0,0xff00,0xffff	20000000	1	1	1000000	1500
316	16	11	19	0x750d	0xbb2d	0xf,0x33,0x55,0x96,0x303,0x505,0x906,0x1111,0x2112,0x4114,0x8117	0xaaaa,0xcccc,0xf0f0,0xff00,0xffff	20000000	1	1	1000000	1500
317	16	11	19	0x52bc	0xa569	0xf,0x33,0x55,0x96,0x303,0x505,0x906,0x1111,0x2112,0x4114,0x8117	0xaaaa,0xcccc,0xf0f0,0xff00,0xffff	20000000	1	1	1000000	1500
318	16	11	19	0x5725	0xa665	0xf,0x33,0x55,0x96,0x303,0x505,0x906,0x1111,0x2112,0x4114,0x8117	0xaaaa,0xcccc,0xf0f0,0xff00,0xffff	20000000	1	1	1000000	1500
319	16	11	19	0x349c	0x693c	0xf,0x33,0x55,0x96,0x303,0x505,0x906,0x1111,0x2112,0x4114,0x8117	0xaaaa,0xcccc,0xf0f0,0xff00,0xffff	20000000	1	1	1000000	1500
320	24	16	19	0x26f433	0x6db433	0x490001,0x200002,0x6b0004,0x9d0008,0x6f0010,0x860020,0x5a0040,0xfb0080,0x470100,0xec0200,0xa10400,0x9c0800,0x5f1000,0x4e2000,0x664000,0x5d8000	0x1959d,0x271f4,0x4fb38,0x8badd,0x1098c8,0x204696,0x40f3d5,0x800ea8	20000000	1	1	1000000	1500
321	24	16	19	0x2de213	0x5bc013	0xdb0001,0xdd0002,0x150004,0xa60008,0x4a0010,0x110020,0x2d0040,0xbd0080,0x8e0100,0xf0200,0x490400,0xc20800,0x221000,0x3a2000,0x6e4000,0x798000	0x186e7,0x27b19,0x443ce,0x8e7d3,0x10a0a7,0x20f0c8,0x40cc13,0x80098b	20000000	1	1	1000000	1500
322	24	16	19	0x540042	0xa84042	0x900001,0xa00002,0xc50004,0xef0008,0x7a0010,0x9a0020,0x9b0040,0x710080,0xdd0100,0xd30200,0xb70400,0x950800,0x3d1000,0x6d2000,0x934000,0xe98000	0x1ffcc,0x24678,0x43d0c,0x8b178,0x105ff1,0x20b49a,0x40a39c,0x80cf6f	20000000	1	1	1000000	1500
323	24	16	19	0x2c16b3	0x582963	0xa30001,0x580002,0xb50004,0x960008,0x650010,0x9b0020,0xd60040,0xde0080,0x740100,0x170200,0x5d0400,0x320800,0x361000,0xa82000,0x7e4000,0xd8000	0x18635,0x25ae9,0x4d7dc,0x8e4a2,0x105fee,0x207915,0x4045d2,0x8020ed	20000000	1	1	1000000	1500
324	24	16	19	0x5ce5e2	0xb9cb63	0x490001,0x200002,0x6b0004,0x9d0008,0x6f0010,0x860020,0x5a0040,0xfb0080,0x470100,0xec0200,0xa10400,0x9c0800,0x5f1000,0x4e2000,0x664000,0x5d8000	0x1959d,0x271f4,0x4fb38,0x8badd,0x1098c8,0x204696,0x40f3d5,0x800ea8	20000000	1	1	1000000	1500
325	24	16	19	0x14cd8e	0x2bda8e	0xdb0001,0xdd0002,0x150004,0xa60008,0x4a0010,0x110020,0x2d0040,0xbd0080,0x8e0100,0xf0200,0x490400,0xc20800,0x221000,0x3a2000,0x6e4000,0x798000	0x186e7,0x27b19,0x443ce,0x8e7d3,0x10a0a7,0x20f0c8,0x40cc13,0x80098b	20000000	1	1	1000000	1500
326	24	16	19	0x2ce034	0x598834	0x900001,0xa00002,0xc50004,0xef0008,0x7a0010,0x9a0020,0x9b0040,0x710080,0xdd0100,0xd30200,0xb70400,0x950800,0x3d1000,0x6d2000,0x934000,0xe98000	0x1ffcc,0x24678,0x43d0c,0x8b178,0x105ff1,0x20b49a,0x40a39c,0x80cf6f	20000000	1	1	1000000	1500
327	24	16	19	0x5fd6b5	0xb52965	0xa30001,0x580002,0xb50004,0x960008,0x650010,0x9b0020,0xd60040,0xde0080,0x740100,0x170200,0x5d0400,0x320800,0x361000,0xa82000,0x7e4000,0xd8000	0x18635,0x25ae9,0x4d7dc,0x8e4a2,0x105fee,0x207915,0x4045d2,0x8020ed	20000000	1	1	1000000	1500
328	24	16	19	0x643f12	0xc83f12	0x490001,0x200002,0x6b0004,0x9d0008,0x6f0010,0x860020,0x5a0040,0xfb0080,0x470100,0xec0200,0xa10400,0x9c0800,0x5f1000,0x4e2000,0x664000,0x5d8000	0x1959d,0x271f4,0x4fb38,0x8badd,0x1098c8,0x204696,0x40f3d5,0x800ea8	20000000	0	0	1000000	1500
329	24	16	19	0x448cb1	0x891961	0xdb0001,0xdd0002,0x150004,0xa60008,0x4a0010,0x110020,0x2d0040,0xbd0080,0x8e0100,0xf0200,0x490400,0xc20800,0x221000,0x3a2000,0x6e4000,0x798000	0x186e7,0x27b19,0x443ce,0x8e7d3,0x10a0a7,0x20f0c8,0x40cc13,0x80098b	20000000	0	0	1000000	1500
330	24	16	19	0x7fd034	0xff2434	0x900001,0xa00002,0xc50004,0xef0008,0x7a0010,0x9a0020,0x9b0040,0x710080,0xdd0100,0xd30200,0xb70400,0x950800,0x3d1000,0x6d2000,0x934000,0xe98000	0x1ffcc,0x24678,0x43d0c,0x8b178,0x105ff1,0x20b49a,0x40a39c,0x80cf6f	20000000	0	0	1000000	1500
331	24	16	19	0x3ca40c	0x78a40d	0xa30001,0x580002,0xb50004,0x960008,0x650010,0x9b0020,0xd60040,0xde0080,0x740100,0x170200,0x5d0400,0x320800,0x361000,0xa82000,0x7e4000,0xd8000	0x18635,0x25ae9,0x4d7dc,0x8e4a2,0x105fee,0x207915,0x4045d2,0x8020ed	20000000	0	0	1000000	1500
332	24	16	19	0x359f8e	0x759d8c	0x490001,0x200002,0x6b0004,0x9d0008,0x6f0010,0x860020,0x5a0040,0xfb0080,0x470100,0xec0200,0xa10400,0x9c0800,0x5f1000,0x4e2000,0x664000,0x5d8000	0x1959d,0x271f4,0x4fb38,0x8badd,0x1098c8,0x204696,0x40f3d5,0x800ea8	20000000	0	0	1000000	1500
333	24	16	19	0x3780b2	0x6f0162	0xdb0001,0xdd0002,0x150004,0xa60008,0x4a0010,0x110020,0x2d0040,0xbd0080,0x8e0100,0xf0200,0x490400,0xc20800,0x221000,0x3a2000,0x6e4000,0x798000	0x186e7,0x27b19,0x443ce,0x8e7d3,0x10a0a7,0x20f0c8,0x40cc13,0x80098b	20000000	0	0	1000000	1500
334	24	16	19	0x5f629d	0xbfd2bd	0x900001,0xa00002,0xc50004,0xef0008,0x7a0010,0x9a0020,0x9b0040,0x710080,0xdd0100,0xd30200,0xb70400,0x950800,0x3d1000,0x6d2000,0x934000,0xe98000	0x1ffcc,0x24678,0x43d0c,0x8b178,0x105ff1,0x20b49a,0x40a39c,0x80cf6f	20000000	0	0	1000000	1500
335	24	16	19	0x664348	0xcc86aa	0xa30001,0x580002,0xb50004,0x960008,0x650010,0x9b0020,0xd60040,0xde0080,0x740100,0x170200,0x5d0400,0x320800,0x361000,0xa82000,0x7e4000,0xd8000	0x18635,0x25ae9,0x4d7dc,0x8e4a2,0x105fee,0x207915,0x4045d2,0x8020ed	20000000	0	0	1000000	1500
336	24	16	19	0x1d1463	0x3aa863	0x490001,0x200002,0x6b0004,0x9d0008,0x6f0010,0x860020,0x5a0040,0xfb0080,0x470100,0xec0200,0xa10400,0x9c0800,0x5f1000,0x4e2000,0x664000,0x5d8000	0x1959d,0x271f4,0x4fb38,0x8badd,0x1098c8,0x204696,0x40f3d5,0x800ea8	20000000	0	0	1000000	1500
337	24	16	19	0x34a4d1	0x6949c1	0xdb0001,0xdd0002,0x150004,0xa60008,0x4a0010,0x110020,0x2d0040,0xbd0080,0x8e0100,0xf0200,0x490400,0xc20800,0x221000,0x3a2000,0x6e4000,0x798000	0x186e7,0x27b19,0x443ce,0x8e7d3,0x10a0a7,0x20f0c8,0x40cc13,0x80098b	20000000	0	0	1000000	1500
338	24	16	19	0x33657c	0x66caec	0x900001,0xa00002,0xc50004,0xef0008,0x7a0010,0x9a0020,0x9b0040,0x710080,0xdd0100,0xd30200,0xb70400,0x950800,0x3d1000,0x6d2000,0x934000,0xe98000	0x1ffcc,0x24678,0x43d0c,0x8b178,0x105ff1,0x20b49a,0x40a39c,0x80cf6f	20000000	0	0	1000000	1500
339	24	16	19	0x393fba	0x7a5f75	0xa30001,0x580002,0xb50004,0x960008,0x650010,0x9b0020,0xd60040,0xde0080,0x740100,0x170200,0x5d0400,0x320800,0x361000,0xa82000,0x7e4000,0xd8000	0x18635,0x25ae9,0x4d7dc,0x8e4a2,0x105fee,0x207915,0x4045d2,0x8020ed	20000000	0	0	1000000	1500
340	24	16	19	0x4dc411	0x9bc031	0x490001,0x200002,0x6b0004,0x9d0008,0x6f0010,0x860020,0x5a0040,0xfb0080,0x470100,0xec0200,0xa10400,0x9c0800,0x5f1000,0x4e2000,0x664000,0x5d8000	0x1959d,0x271f4,0x4fb38,0x8badd,0x1098c8,0x204696,0x40f3d5,0x800ea8	20000000	0	0	1000000	1500
341	24	16	19	0x57e1f8	0xafa3f8	0xdb0001,0xdd0002,0x150004,0xa60008,0x4a0010,0x110020,0x2d0040,0xbd0080,0x8e0100,0xf0200,0x490400,0xc20800,0x221000,0x3a2000,0x6e4000,0x798000	0x186e7,0x27b19,0x443ce,0x8e7d3,0x10a0a7,0x20f0c8,0x40cc13,0x80098b	20000000	0	0	1000000	1500
342	24	16	19	0x6415ad	0xc82b5b	0x900001,0xa00002,0xc50004,0xef0008,0x7a0010,0x9a0020,0x9b0040,0x710080,0xdd0100,0xd30200,0xb70400,0x950800,0x3d1000,0x6d2000,0x934000,0xe98000	0x1ffcc,0x24678,0x43d0c,0x8b178,0x105ff1,0x20b49a,0x40a39c,0x80cf6f	20000000	0	0	1000000	1500
343	24	16	19	0x4f3d4d	0x9e339f	0xa30001,0x580002,0xb50004,0x960008,0x650010,0x9b0020,0xd60040,0xde0080,0x740100,0x170200,0x5d0400,0x320800,0x361000,0xa82000,0x7e4000,0xd8000	0x18635,0x25ae9,0x4d7dc,0x8e4a2,0x105fee,0x207915,0x4045d2,0x8020ed	20000000	0	0	1000000	1500
344	24	16	19	0x9d499	0x19dc99	0x490001,0x200002,0x6b0004,0x9d0008,0x6f0010,0x860020,0x5a0040,0xfb0080,0x470100,0xec0200,0xa10400,0x9c0800,0x5f1000,0x4e2000,0x664000,0x5d8000	0x1959d,0x271f4,0x4fb38,0x8badd,0x1098c8,0x204696,0x40f3d5,0x800ea8	20000000	0	0	1000000	1500
345	24	16	19	0x1374c1	0x20f481	0xdb0001,0xdd0002,0x150004,0xa60008,0x4a0010,0x110020,0x2d0040,0xbd0080,0x8e0100,0xf0200,0x490400,0xc20800,0x221000,0x3a2000,0x6e4000,0x798000	0x186e7,0x27b19,0x443ce,0x8e7d3,0x10a0a7,0x20f0c8,0x40cc13,0x80098b	20000000	0	0	1000000	1500
346	24	16	19	0x264ce2	0x4c99e2	0x900001,0xa00002,0xc50004,0xef0008,0x7a0010,0x9a0020,0x9b0040,0x710080,0xdd0100,0xd30200,0xb70400,0x950800,0x3d1000,0x6d2000,0x934000,0xe98000	0x1ffcc,0x24678,0x43d0c,0x8b178,0x105ff1,0x20b49a,0x40a39c,0x80cf6f	20000000	0	0	1000000	1500
347	24	16	19	0x1e3c36	0x345c36	0xa30001,0x580002,0xb50004,0x960008,0x650010,0x9b0020,0xd60040,0xde0080,0x740100,0x170200,0x5d0400,0x320800,0x361000,0xa82000,0x7e4000,0xd8000	0x18635,0x25ae9,0x4d7dc,0x8e4a2,0x105fee,0x207915,0x4045d2,0x8020ed	20000000	0	0	1000000	1500
348	24	16	19	0x4f30e6	0x9e61ee	0x490001,0x200002,0x6b0004,0x9d0008,0x6f0010,0x860020,0x5a0040,0xfb0080,0x470100,0xec0200,0xa10400,0x9c0800,0x5f1000,0x4e2000,0x664000,0x5d8000	0x1959d,0x271f4,0x4fb38,0x8badd,0x1098c8,0x204696,0x40f3d5,0x800ea8	20000000	0	0	1000000	1500
349	24	16	19	0x56653c	0xac8a7e	0xdb0001,0xdd0002,0x150004,0xa60008,0x4a0010,0x110020,0x2d0040,0xbd0080,0x8e0100,0xf0200,0x490400,0xc20800,0x221000,0x3a2000,0x6e4000,0x798000	0x186e7,0x27b19,0x443ce,0x8e7d3,0x10a0a7,0x20f0c8,0x40cc13,0x80098b	20000000	0	0	1000000	1500
350	24	16	19	0x1f7dc8	0x1e79c9	0x900001,0xa00002,0xc50004,0xef0008,0x7a0010,0x9a0020,0x9b0040,0x710080,0xdd0100,0xd30200,0xb70400,0x950800,0x3d1000,0x6d2000,0x934000,0xe98000	0x1ffcc,0x24678,0x43d0c,0x8b178,0x105ff1,0x20b49a,0x40a39c,0x80cf6f	20000000	0	0	1000000	1500
351	24	16	19	0x2bc139	0x57c119	0xa30001,0x580002,0xb50004,0x960008,0x650010,0x9b0020,0xd60040,0xde0080,0x740100,0x170200,0x5d0400,0x320800,0x361000,0xa82000,0x7e4000,0xd8000	0x18635,0x25ae9,0x4d7dc,0x8e4a2,0x105fee,0x207915,0x4045d2,0x8020ed	20000000	0	0	1000000	1500
352	24	16	19	0x720f62	0x849d62	0x490001,0x200002,0x6b0004,0x9d0008,0x6f0010,0x860020,0x5a0040,0xfb0080,0x470100,0xec0200,0xa10400,0x9c0800,0x5f1000,0x4e2000,0x664000,0x5d8000	0x1959d,0x271f4,0x4fb38,0x8badd,0x1098c8,0x204696,0x40f3d5,0x800ea8	20000000	0	0	1000000	1500
353	24	16	19	0xdd10	0x9f910	0xdb0001,0xdd0002,0x150004,0xa60008,0x4a0010,0x110020,0x2d0040,0xbd0080,0x8e0100,0xf0200,0x490400,0xc20800,0x221000,0x3a2000,0x6e4000,0x798000	0x186e7,0x27b19,0x443ce,0x8e7d3,0x10a0a7,0x20f0c8,0x40cc13,0x80098b	20000000	0	0	1000000	1500
354	24	16	19	0x6038e2	0xc072e2	0x900001,0xa00002,0xc50004,0xef0008,0x7a0010,0x9a0020,0x9b0040,0x710080,0xdd0100,0xd30200,0xb70400,0x950800,0x3d1000,0x6d2000,0x934000,0xe98000	0x1ffcc,0x24678,0x43d0c,0x8b178,0x105ff1,0x20b49a,0x40a39c,0x80cf6f	20000000	0	0	1000000	1500
355	24	16	19	0x7983d6	0xf981d6	0xa30001,0x580002,0xb50004,0x960008,0x650010,0x9b0020,0xd60040,0xde0080,0x740100,0x170200,0x5d0400,0x320800,0x361000,0xa82000,0x7e4000,0xd8000	0x18635,0x25ae9,0x4d7dc,0x8e4a2,0x105fee,0x207915,0x4045d2,0x8020ed	20000000	0	0	1000000	1500
356	24	16	19	0x6c21cf	0x5840cf	0x490001,0x200002,0x6b0004,0x9d0008,0x6f0010,0x860020,0x5a0040,0xfb0080,0x470100,0xec0200,0xa10400,0x9c0800,0x5f1000,0x4e2000,0x664000,0x5d8000	0x1959d,0x271f4,0x4fb38,0x8badd,0x1098c8,0x204696,0x40f3d5,0x800ea8	20000000	0	0	1000000	1500
357	24	16	19	0x53a042	0xb3a042	0xdb0001,0xdd0002,0x150004,0xa60008,0x4a0010,0x110020,0x2d0040,0xbd0080,0x8e0100,0xf0200,0x490400,0xc20800,0x221000,0x3a2000,0x6e4000,0x798000	0x186e7,0x27b19,0x443ce,0x8e7d3,0x10a0a7,0x20f0c8,0x40cc13,0x80098b	20000000	0	0	1000000	1500
358	24	16	19	0x78a87a	0xe150db	0x900001,0xa00002,0xc50004,0xef0008,0x7a0010,0x9a0020,0x9b0040,0x710080,0xdd0100,0xd30200,0xb70400,0x950800,0x3d1000,0x6d2000,0x934000,0xe98000	0x1ffcc,0x24678,0x43d0c,0x8b178,0x105ff1,0x20b49a,0x40a39c,0x80cf6f	20000000	0	0	1000000	1500
359	24	16	19	0x935e8	0x127568	0xa30001,0x580002,0xb50004,0x960008,0x650010,0x9b0020,0xd60040,0xde0080,0x740100,0x170200,0x5d0400,0x320800,0x361000,0xa82000,0x7e4000,0xd8000	0x18635,0x25ae9,0x4d7dc,0x8e4a2,0x105fee,0x207915,0x4045d2,0x8020ed	20000000	0	0	1000000	1500
360	24	16	19	0x41b342	0x1bb42	0x490001,0x200002,0x6b0004,0x9d0008,0x6f0010,0x860020,0x5a0040,0xfb0080,0x470100,0xec0200,0xa10400,0x9c0800,0x5f1000,0x4e2000,0x664000,0x5d8000	0x1959d,0x271f4,0x4fb38,0x8badd,0x1098c8,0x204696,0x40f3d5,0x800ea8	20000000	0	0	1000000	1500
361	24	16	19	0x5d8827	0xbb1123	0xdb0001,0xdd0002,0x150004,0xa60008,0x4a0010,0x110020,0x2d0040,0xbd0080,0x8e0100,0xf0200,0x490400,0xc20800,0x221000,0x3a2000,0x6e4000,0x798000	0x186e7,0x27b19,0x443ce,0x8e7d3,0x10a0a7,0x20f0c8,0x40cc13,0x80098b	20000000	0	0	1000000	1500
362	24	16	19	0x6c8f7e	0xd916fe	0x900001,0xa00002,0xc50004,0xef0008,0x7a0010,0x9a0020,0x9b0040,0x710080,0xdd0100,0xd30200,0xb70400,0x950800,0x3d1000,0x6d2000,0x934000,0xe98000	0x1ffcc,0x24678,0x43d0c,0x8b178,0x105ff1,0x20b49a,0x40a39c,0x80cf6f	20000000	0	0	1000000	1500
363	24	16	19	0x653a45	0xce3a41	0xa30001,0x580002,0xb50004,0x960008,0x650010,0x9b0020,0xd60040,0xde0080,0x740100,0x170200,0x5d0400,0x320800,0x361000,0xa82000,0x7e4000,0xd8000	0x18635,0x25ae9,0x4d7dc,0x8e4a2,0x105fee,0x207915,0x4045d2,0x8020ed	20000000	0	0	1000000	1500
364	24	16	19	0x774077	0xd74077	0x490001,0x200002,0x6b0004,0x9d0008,0x6f0010,0x860020,0x5a0040,0xfb0080,0x470100,0xec0200,0xa10400,0x9c0800,0x5f1000,0x4e2000,0x664000,0x5d8000	0x1959d,0x271f4,0x4fb38,0x8badd,0x1098c8,0x204696,0x40f3d5,0x800ea8	20000000	0	0	1000000	1500
365	24	16	19	0xa3b53	0x547b53	0xdb0001,0xdd0002,0x150004,0xa60008,0x4a0010,0x110020,0x2d0040,0xbd0080,0x8e0100,0xf0200,0x490400,0xc20800,0x221000,0x3a2000,0x6e4000,0x798000	0x186e7,0x27b19,0x443ce,0x8e7d3,0x10a0a7,0x20f0c8,0x40cc13,0x80098b	20000000	0	0	1000000	1500
366	24	16	19	0x143c34	0x86a2c	0x900001,0xa00002,0xc50004,0xef0008,0x7a0010,0x9a0020,0x9b0040,0x710080,0xdd0100,0xd30200,0xb70400,0x950800,0x3d1000,0x6d2000,0x934000,0xe98000	0x1ffcc,0x24678,0x43d0c,0x8b178,0x105ff1,0x20b49a,0x40a39c,0x80cf6f	20000000	0	0	1000000	1500
367	24	16	19	0x4680ce	0x8d04cf	0xa30001,0x580002,0xb50004,0x960008,0x650010,0x9b0020,0xd60040,0xde0080,0x740100,0x170200,0x5d0400,0x320800,0x361000,0xa82000,0x7e4000,0xd8000	0x18635,0x25ae9,0x4d7dc,0x8e4a2,0x105fee,0x207915,0x4045d2,0x8020ed	20000000	0	0	1000000	1500
368	24	16	19	0x3f0e23	0x3e0e23	0x490001,0x200002,0x6b0004,0x9d0008,0x6f0010,0x860020,0x5a0040,0xfb0080,0x470100,0xec0200,0xa10400,0x9c0800,0x5f1000,0x4e2000,0x664000,0x5d8000	0x1959d,0x271f4,0x4fb38,0x8badd,0x1098c8,0x204696,0x40f3d5,0x800ea8	20000000	0	0	1000000	1500
369	24	16	19	0x89515	0x189515	0xdb0001,0xdd0002,0x150004,0xa60008,0x4a0010,0x110020,0x2d0040,0xbd0080,0x8e0100,0xf0200,0x490400,0xc20800,0x221000,0x3a2000,0x6e4000,0x798000	0x186e7,0x27b19,0x443ce,0x8e7d3,0x10a0a7,0x20f0c8,0x40cc13,0x80098b	20000000	0	0	1000000	1500
370	24	16	19	0x7806a9	0xf006a9	0x900001,0xa00002,0xc50004,0xef0008,0x7a0010,0x9a0020,0x9b0040,0x710080,0xdd0100,0xd30200,0xb70400,0x950800,0x3d1000,0x6d2000,0x934000,0xe98000	0x1ffcc,0x24678,0x43d0c,0x8b178,0x105ff1,0x20b49a,0x40a39c,0x80cf6f	20000000	0	0	1000000	1500
371	24	16	19	0x39abf4	0x7357e8	0xa30001,0x580002,0xb50004,0x960008,0x650010,0x9b0020,0xd60040,0xde0080,0x740100,0x170200,0x5d0400,0x320800,0x361000,0xa82000,0x7e4000,0xd8000	0x18635,0x25ae9,0x4d7dc,0x8e4a2,0x105fee,0x207915,0x4045d2,0x8020ed	20000000	0	0	1000000	1500
372	24	16	19	0x617e7b	0xe17e7b	0x490001,0x200002,0x6b0004,0x9d0008,0x6f0010,0x860020,0x5a0040,0xfb0080,0x470100,0xec0200,0xa10400,0x9c0800,0x5f1000,0x4e2000,0x664000,0x5d8000	0x1959d,0x271f4,0x4fb38,0x8badd,0x1098c8,0x204696,0x40f3d5,0x800ea8	20000000	0	0	1000000	1500
373	24	16	19	0x2078ac	0x40f158	0xdb0001,0xdd0002,0x150004,0xa60008,0x4a0010,0x110020,0x2d0040,0xbd0080,0x8e0100,0xf0200,0x490400,0xc20800,0x221000,0x3a2000,0x6e4000,0x798000	0x186e7,0x27b19,0x443ce,0x8e7d3,0x10a0a7,0x20f0c8,0x40cc13,0x80098b	20000000	0	0	1000000	1500
374	24	16	19	0x2de225	0x5bd225	0x900001,0xa00002,0xc50004,0xef0008,0x7a0010,0x9a0020,0x9b0040,0x710080,0xdd0100,0xd30200,0xb70400,0x950800,0x3d1000,0x6d2000,0x934000,0xe98000	0x1ffcc,0x24678,0x43d0c,0x8b178,0x105ff1,0x20b49a,0x40a39c,0x80cf6f	20000000	0	0	1000000	1500
375	24	16	19	0x4c61e5	0x98c3cd	0xa30001,0x580002,0xb50004,0x960008,0x650010,0x9b0020,0xd60040,0xde0080,0x740100,0x170200,0x5d0400,0x320800,0x361000,0xa82000,0x7e4000,0xd8000	0x18635,0x25ae9,0x4d7dc,0x8e4a2,0x105fee,0x207915,0x4045d2,0x8020ed	20000000	0	0	1000000	1500
376	24	16	19	0x67abfe	0xcf4bfe	0x490001,0x200002,0x6b0004,0x9d0008,0x6f0010,0x860020,0x5a0040,0xfb0080,0x470100,0xec0200,0xa10400,0x9c0800,0x5f1000,0x4e2000,0x664000,0x5d8000	0x1959d,0x271f4,0x4fb38,0x8badd,0x1098c8,0x204696,0x40f3d5,0x800ea8	20000000	0	0	1000000	1500
377	24	16	19	0x581a09	0xb00a09	0xdb0001,0xdd0002,0x150004,0xa60008,0x4a0010,0x110020,0x2d0040,0xbd0080,0x8e0100,0xf0200,0x490400,0xc20800,0x221000,0x3a2000,0x6e4000,0x798000	0x186e7,0x27b19,0x443ce,0x8e7d3,0x10a0a7,0x20f0c8,0x40cc13,0x80098b	20000000	0	0	1000000	1500
378	24	16	19	0x197362	0x32f762	0x900001,0xa00002,0xc50004,0xef0008,0x7a0010,0x9a0020,0x9b0040,0x710080,0xdd0100,0xd30200,0xb70400,0x950800,0x3d1000,0x6d2000,0x934000,0xe98000	0x1ffcc,0x24678,0x43d0c,0x8b178,0x105ff1,0x20b49a,0x40a39c,0x80cf6f	20000000	0	0	1000000	1500
379	24	16	19	0x7c679f	0xf8a79f	0xa30001,0x580002,0xb50004,0x960008,0x650010,0x9b0020,0xd60040,0xde0080,0x740100,0x170200,0x5d0400,0x320800,0x361000,0xa82000,0x7e4000,0xd8000	0x18635,0x25ae9,0x4d7dc,0x8e4a2,0x105fee,0x207915,0x4045d2,0x8020ed	20000000	0	0	1000000	1500
380	24	16	19	0x39d22d	0x73a45b	0x490001,0x200002,0x6b0004,0x9d0008,0x6f0010,0x860020,0x5a0040,0xfb0080,0x470100,0xec0200,0xa10400,0x9c0800,0x5f1000,0x4e2000,0x664000,0x5d8000	0x1959d,0x271f4,0x4fb38,0x8badd,0x1098c8,0x204696,0x40f3d5,0x800ea8	20000000	0	0	1000000	1500
381	24	16	19	0x53616f	0x53616f	0xdb0001,0xdd0002,0x150004,0xa60008,0x4a0010,0x110020,0x2d0040,0xbd0080,0x8e0100,0xf0200,0x490400,0xc20800,0x221000,0x3a2000,0x6e4000,0x798000	0x186e7,0x27b19,0x443ce,0x8e7d3,0x10a0a7,0x20f0c8,0x40cc13,0x80098b	20000000	0	0	1000000	1500
382	24	16	19	0x177fb6	0x2ffeb6	0x900001,0xa00002,0xc50004,0xef0008,0x7a0010,0x9a0020,0x9b0040,0x710080,0xdd0100,0xd30200,0xb70400,0x950800,0x3d1000,0x6d2000,0x934000,0xe98000	0x1ffcc,0x24678,0x43d0c,0x8b178,0x105ff1,0x20b49a,0x40a39c,0x80cf6f	20000000	0	0	1000000	1500
383	24	16	19	0x75fd04	0xebdd04	0xa30001,0x580002,0xb50004,0x960008,0x650010,0x9b0020,0xd60040,0xde0080,0x740100,0x170200,0x5d0400,0x320800,0x361000,0xa82000,0x7e4000,0xd8000	0x18635,0x25ae9,0x4d7dc,0x8e4a2,0x105fee,0x207915,0x4045d2,0x8020ed	20000000	0	0	1000000	1500
384	24	18	19	0x4b3c4e	0x9e7b4e	0xe40001,0x680002,0xf00004,0x280008,0x10,0x500020,0xac0040,0x500080,0x6c0100,0x200200,0x180400,0xe80800,0x141000,0x142000,0x204000,0x9c8000,0xa10000,0x60000	0x6b141,0x88d4a,0x10b4a4,0x214b4f,0x4009a7,0x818845	20000000	1	1	1000000	1500
385	24	18	19	0x42d319	0x85ae2f	0xc0001,0xf40002,0x540004,0xc00008,0x640010,0x180020,0x380040,0x800080,0xa00100,0x900200,0xa00400,0x480800,0xc1000,0x742000,0x704000,0x988000,0x650000,0x8a0000	0x53017,0xa9861,0x10e266,0x216552,0x41681e,0x82878a	20000000	1	1	1000000	1500
386	24	18	19	0x4e476	0x9e876	0x440001,0x940002,0xdc0004,0xfc0008,0x600010,0xd00020,0x880040,0x880080,0xbc0100,0x880200,0x940400,0x540800,0x1c1000,0x142000,0x184000,0x788000,0x590000,0x5a0000	0x43d0f,0xbd3cc,0x13fd2e,0x208118,0x43883d,0x8007ee	20000000	1	1	1000000	1500
387	24	18	19	0x26b172	0x46b172	0x200001,0x780002,0x880004,0xa00008,0xe00010,0x6c0020,0x9c0040,0x440080,0x140100,0x640200,0x580400,0x280800,0xfc1000,0x9c2000,0xc04000,0xe08000,0x250000,0xba0000	0x533e0,0xa3c66,0x123542,0x239a3b,0x40d6b2,0x82f05c	20000000	1	1	1000000	1500
388	24	18	19	0x1c1e4f	0x3c1e4f	0xe40001,0x680002,0xf00004,0x280008,0x10,0x500020,0xac0040,0x500080,0x6c0100,0x200200,0x180400,0xe80800,0x141000,0x142000,0x204000,0x9c8000,0xa10000,0x60000	0x6b141,0x88d4a,0x10b4a4,0x214b4f,0x4009a7,0x818845	20000000	1	1	1000000	1500
389	24	18	19	0x4435d4	0x8075d4	0xc0001,0xf40002,0x540004,0xc00008,0x640010,0x180020,0x380040,0x800080,0xa00100,0x900200,0xa00400,0x480800,0xc1000,0x742000,0x704000,0x988000,0x650000,0x8a0000	0x53017,0xa9861,0x10e266,0x216552,0x41681e,0x82878a	20000000	1	1	1000000	1500
390	24	18	19	0x629ca	0xc5b0a	0x440001,0x940002,0xdc0004,0xfc0008,0x600010,0xd00020,0x880040,0x880080,0xbc0100,0x880200,0x940400,0x540800,0x1c1000,0x142000,0x184000,0x788000,0x590000,0x5a0000	0x43d0f,0xbd3cc,0x13fd2e,0x208118,0x43883d,0x8007ee	20000000	1	1	1000000	1500
391	24	18	19	0x35c167	0x6b83e7	0x200001,0x780002,0x880004,0xa00008,0xe00010,0x6c0020,0x9c0040,0x440080,0x140100,0x640200,0x580400,0x280800,0xfc1000,0x9c2000,0xc04000,0xe08000,0x250000,0xba0000	0x533e0,0xa3c66,0x123542,0x239a3b,0x40d6b2,0x82f05c	20000000	1	1	1000000	1500
392	24	18	19	0x749e0e	0xe89e0e	0xe40001,0x680002,0xf00004,0x280008,0x10,0x500020,0xac0040,0x500080,0x6c0100,0x200200,0x180400,0xe80800,0x141000,0x142000,0x204000,0x9c8000,0xa10000,0x60000	0x6b141,0x88d4a,0x10b4a4,0x214b4f,0x4009a7,0x818845	20000000	0	0	1000000	1500
393	24	18	19	0x718872	0xe310e6	0xc0001,0xf40002,0x540004,0xc00008,0x640010,0x180020,0x380040,0x800080,0xa00100,0x900200,0xa00400,0x480800,0xc1000,0x742000,0x704000,0x988000,0x650000,0x8a0000	0x53017,0xa9861,0x10e266,0x216552,0x41681e,0x82878a	20000000	0	0	1000000	1500
394	24	18	19	0x2ae0ef	0x55c0d7	0x440001,0x940002,0xdc0004,0xfc0008,0x600010,0xd00020,0x880040,0x880080,0xbc0100,0x880200,0x940400,0x540800,0x1c1000,0x142000,0x184000,0x788000,0x590000,0x5a0000	0x43d0f,0xbd3cc,0x13fd2e,0x208118,0x43883d,0x8007ee	20000000	0	0	1000000	1500
395	24	18	19	0x52061e	0xa40e1e	0x200001,0x780002,0x880004,0xa00008,0xe00010,0x6c0020,0x9c0040,0x440080,0x140100,0x640200,0x580400,0x280800,0xfc1000,0x9c2000,0xc04000,0xe08000,0x250000,0xba0000	0x533e0,0xa3c66,0x123542,0x239a3b,0x40d6b2,0x82f05c	20000000	0	0	1000000	1500
396	24	18	19	0x12fd2a	0x36fd2a	0xe40001,0x680002,0xf00004,0x280008,0x10,0x500020,0xac0040,0x500080,0x6c0100,0x200200,0x180400,0xe80800,0x141000,0x142000,0x204000,0x9c8000,0xa10000,0x60000	0x6b141,0x88d4a,0x10b4a4,0x214b4f,0x4009a7,0x818845	20000000	0	0	1000000	1500
397	24	18	19	0x6f41fd	0xde82fd	0xc0001,0xf40002,0x540004,0xc00008,0x640010,0x180020,0x380040,0x800080,0xa00100,0x900200,0xa00400,0x480800,0xc1000,0x742000,0x704000,0x988000,0x650000,0x8a0000	0x53017,0xa9861,0x10e266,0x216552,0x41681e,0x82878a	20000000	0	0	1000000	1500
398	24	18	19	0x6509ab	0xc509ab	0x440001,0x940002,0xdc0004,0xfc0008,0x600010,0xd00020,0x880040,0x880080,0xbc0100,0x880200,0x940400,0x540800,0x1c1000,0x142000,0x184000,0x788000,0x590000,0x5a0000	0x43d0f,0xbd3cc,0x13fd2e,0x208118,0x43883d,0x8007ee	20000000	0	0	1000000	1500
399	24	18	19	0x2efd8e	0x6afd9e	0x200001,0x780002,0x880004,0xa00008,0xe00010,0x6c0020,0x9c0040,0x440080,0x140100,0x640200,0x580400,0x280800,0xfc1000,0x9c2000,0xc04000,0xe08000,0x250000,0xba0000	0x533e0,0xa3c66,0x123542,0x239a3b,0x40d6b2,0x82f05c	20000000	0	0	1000000	1500
400	24	18	19	0x1d4b44	0x3a4b45	0xe40001,0x680002,0xf00004,0x280008,0x10,0x500020,0xac0040,0x500080,0x6c0100,0x200200,0x180400,0xe80800,0x141000,0x142000,0x204000,0x9c8000,0xa10000,0x60000	0x6b141,0x88d4a,0x10b4a4,0x214b4f,0x4009a7,0x818845	20000000	0	0	1000000	1500
401	24	18	19	0x561c8a	0xa4390a	0xc0001,0xf40002,0x540004,0xc00008,0x640010,0x180020,0x380040,0x800080,0xa00100,0x900200,0xa00400,0x480800,0xc1000,0x742000,0x704000,0x988000,0x650000,0x8a0000	0x53017,0xa9861,0x10e266,0x216552,0x41681e,0x82878a	20000000	0	0	1000000	1500
402	24	18	19	0x52b295	0xaa3295	0x440001,0x940002,0xdc0004,0xfc0008,0x600010,0xd00020,0x880040,0x880080,0xbc0100,0x880200,0x940400,0x540800,0x1c1000,0x142000,0x184000,0x788000,0x590000,0x5a0000	0x43d0f,0xbd3cc,0x13fd2e,0x208118,0x43883d,0x8007ee	20000000	0	0	1000000	1500
403	24	18	19	0x2377e6	0x56eee6	0x200001,0x780002,0x880004,0xa00008,0xe00010,0x6c0020,0x9c0040,0x440080,0x140100,0x640200,0x580400,0x280800,0xfc1000,0x9c2000,0xc04000,0xe08000,0x250000,0xba0000	0x533e0,0xa3c66,0x123542,0x239a3b,0x40d6b2,0x82f05c	20000000	0	0	1000000	1500
404	24	18	19	0x462b1d	0x8c2bbd	0xe40001,0x680002,0xf00004,0x280008,0x10,0x500020,0xac0040,0x500080,0x6c0100,0x200200,0x180400,0xe80800,0x141000,0x142000,0x204000,0x9c8000,0xa10000,0x60000	0x6b141,0x88d4a,0x10b4a4,0x214b4f,0x4009a7,0x818845	20000000	0	0	1000000	1500
405	24	18	19	0x3322f0	0x664a70	0xc0001,0xf40002,0x540004,0xc00008,0x640010,0x180020,0x380040,0x800080,0xa00100,0x900200,0xa00400,0x480800,0xc1000,0x742000,0x704000,0x988000,0x650000,0x8a0000	0x53017,0xa9861,0x10e266,0x216552,0x41681e,0x82878a	20000000	0	0	1000000	1500
406	24	18	19	0xa7704	0x14f704	0x440001,0x940002,0xdc0004,0xfc0008,0x600010,0xd00020,0x880040,0x880080,0xbc0100,0x880200,0x940400,0x540800,0x1c1000,0x142000,0x184000,0x788000,0x590000,0x5a0000	0x43d0f,0xbd3cc,0x13fd2e,0x208118,0x43883d,0x8007ee	20000000	0	0	1000000	1500
407	24	18	19	0x4f622a	0x9e622f	0x200001,0x780002,0x880004,0xa00008,0xe00010,0x6c0020,0x9c0040,0x440080,0x140100,0x640200,0x580400,0x280800,0xfc1000,0x9c2000,0xc04000,0xe08000,0x250000,0xba0000	0x533e0,0xa3c66,0x123542,0x239a3b,0x40d6b2,0x82f05c	20000000	0	0	1000000	1500
408	24	18	19	0x6da997	0xdb532f	0xe40001,0x680002,0xf00004,0x280008,0x10,0x500020,0xac0040,0x500080,0x6c0100,0x200200,0x180400,0xe80800,0x141000,0x142000,0x204000,0x9c8000,0xa10000,0x60000	0x6b141,0x88d4a,0x10b4a4,0x214b4f,0x4009a7,0x818845	20000000	0	0	1000000	1500
409	24	18	19	0xebfd7	0x1d3d97	0xc0001,0xf40002,0x540004,0xc00008,0x640010,0x180020,0x380040,0x800080,0xa00100,0x900200,0xa00400,0x480800,0xc1000,0x742000,0x704000,0x988000,0x650000,0x8a0000	0x53017,0xa9861,0x10e266,0x216552,0x41681e,0x82878a	20000000	0	0	1000000	1500
410	24	18	19	0x3754fc	0x6e299c	0x440001,0x940002,0xdc0004,0xfc0008,0x600010,0xd00020,0x880040,0x880080,0xbc0100,0x880200,0x940400,0x540800,0x1c1000,0x142000,0x184000,0x788000,0x590000,0x5a0000	0x43d0f,0xbd3cc,0x13fd2e,0x208118,0x43883d,0x8007ee	20000000	0	0	1000000	1500
411	24	18	19	0x2359ad	0x46b35f	0x200001,0x780002,0x880004,0xa00008,0xe00010,0x6c0020,0x9c0040,0x440080,0x140100,0x640200,0x580400,0x280800,0xfc1000,0x9c2000,0xc04000,0xe08000,0x250000,0xba0000	0x533e0,0xa3c66,0x123542,0x239a3b,0x40d6b2,0x82f05c	20000000	0	0	1000000	1500
412	24	18	19	0x2ffec2	0x5ffec2	0xe40001,0x680002,0xf00004,0x280008,0x10,0x500020,0xac0040,0x500080,0x6c0100,0x200200,0x180400,0xe80800,0x141000,0x142000,0x204000,0x9c8000,0xa10000,0x60000	0x6b141,0x88d4a,0x10b4a4,0x214b4f,0x4009a7,0x818845	20000000	0	0	1000000	1500
413	24	18	19	0x73016e	0xa602de	0xc0001,0xf40002,0x540004,0xc00008,0x640010,0x180020,0x380040,0x800080,0xa00100,0x900200,0xa00400,0x480800,0xc1000,0x742000,0x704000,0x988000,0x650000,0x8a0000	0x53017,0xa9861,0x10e266,0x216552,0x41681e,0x82878a	20000000	0	0	1000000	1500
414	24	18	19	0x108e70	0x290e70	0x440001,0x940002,0xdc0004,0xfc0008,0x600010,0xd00020,0x880040,0x880080,0xbc0100,0x880200,0x940400,0x540800,0x1c1000,0x142000,0x184000,0x788000,0x590000,0x5a0000	0x43d0f,0xbd3cc,0x13fd2e,0x208118,0x43883d,0x8007ee	20000000	0	0	1000000	1500
415	24	18	19	0x18a82d	0x30a82d	0x200001,0x780002,0x880004,0xa00008,0xe00010,0x6c0020,0x9c0040,0x440080,0x140100,0x640200,0x580400,0x280800,0xfc1000,0x9c2000,0xc04000,0xe08000,0x250000,0xba0000	0x533e0,0xa3c66,0x123542,0x239a3b,0x40d6b2,0x82f05c	20000000	0	0	1000000	1500
416	24	18	19	0x6b70bc	0x56e2bc	0xe40001,0x680002,0xf00004,0x280008,0x10,0x500020,0xac0040,0x500080,0x6c0100,0x200200,0x180400,0xe80800,0x141000,0x142000,0x204000,0x9c8000,0xa10000,0x60000	0x6b141,0x88d4a,0x10b4a4,0x214b4f,0x4009a7,0x818845	20000000	0	0	1000000	1500
417	24	18	19	0x19f237	0xb5f237	0xc0001,0xf40002,0x540004,0xc00008,0x640010,0x180020,0x380040,0x800080,0xa00100,0x900200,0xa00400,0x480800,0xc1000,0x742000,0x704000,0x988000,0x650000,0x8a0000	0x53017,0xa9861,0x10e266,0x216552,0x41681e,0x82878a	20000000	0	0	1000000	1500
418	24	18	19	0x19503d	0x30a07d	0x440001,0x940002,0xdc0004,0xfc0008,0x600010,0xd00020,0x880040,0x880080,0xbc0100,0x880200,0x940400,0x540800,0x1c1000,0x142000,0x184000,0x788000,0x590000,0x5a0000	0x43d0f,0xbd3cc,0x13fd2e,0x208118,0x43883d,0x8007ee	20000000	0	0	1000000	1500
419	24	18	19	0x48c436	0x918836	0x200001,0x780002,0x880004,0xa00008,0xe00010,0x6c0020,0x9c0040,0x440080,0x140100,0x640200,0x580400,0x280800,0xfc1000,0x9c2000,0xc04000,0xe08000,0x250000,0xba0000	0x533e0,0xa3c66,0x123542,0x239a3b,0x40d6b2,0x82f05c	20000000	0	0	1000000	1500
420	24	18	19	0x432e71	0x864e73	0xe40001,0x680002,0xf00004,0x280008,0x10,0x500020,0xac0040,0x500080,0x6c0100,0x200200,0x180400,0xe80800,0x141000,0x142000,0x204000,0x9c8000,0xa10000,0x60000	0x6b141,0x88d4a,0x10b4a4,0x214b4f,0x4009a7,0x818845	20000000	0	0	1000000	1500
421	24	18	19	0x74d4a6	0xe9b6b6	0xc0001,0xf40002,0x540004,0xc00008,0x640010,0x180020,0x380040,0x800080,0xa00100,0x900200,0xa00400,0x480800,0xc1000,0x742000,0x704000,0x988000,0x650000,0x8a0000	0x53017,0xa9861,0x10e266,0x216552,0x41681e,0x82878a	20000000	0	0	1000000	1500
422	24	18	19	0x252e64	0x4e5ce0	0x440001,0x940002,0xdc0004,0xfc0008,0x600010,0xd00020,0x880040,0x880080,0xbc0100,0x880200,0x940400,0x540800,0x1c1000,0x142000,0x184000,0x788000,0x590000,0x5a0000	0x43d0f,0xbd3cc,0x13fd2e,0x208118,0x43883d,0x8007ee	20000000	0	0	1000000	1500
423	24	18	19	0x67a65e	0x77b65c	0x200001,0x780002,0x880004,0xa00008,0xe00010,0x6c0020,0x9c0040,0x440080,0x140100,0x640200,0x580400,0x280800,0xfc1000,0x9c2000,0xc04000,0xe08000,0x250000,0xba0000	0x533e0,0xa3c66,0x123542,0x239a3b,0x40d6b2,0x82f05c	20000000	0	0	1000000	1500
424	24	18	19	0x263640	0x486e40	0xe40001,0x680002,0xf00004,0x280008,0x10,0x500020,0xac0040,0x500080,0x6c0100,0x200200,0x180400,0xe80800,0x141000,0x142000,0x204000,0x9c8000,0xa10000,0x60000	0x6b141,0x88d4a,0x10b4a4,0x214b4f,0x4009a7,0x818845	20000000	0	0	1000000	1500
425	24	18	19	0x613856	0x826c76	0xc0001,0xf40002,0x540004,0xc00008,0x640010,0x180020,0x380040,0x800080,0xa00100,0x900200,0xa00400,0x480800,0xc1000,0x742000,0x704000,0x988000,0x650000,0x8a0000	0x53017,0xa9861,0x10e266,0x216552,0x41681e,0x82878a	20000000	0	0	1000000	1500
426	24	18	19	0x3ee423	0xfee401	0x440001,0x940002,0xdc0004,0xfc0008,0x600010,0xd00020,0x880040,0x880080,0xbc0100,0x880200,0x940400,0x540800,0x1c1000,0x142000,0x184000,0x788000,0x590000,0x5a0000	0x43d0f,0xbd3cc,0x13fd2e,0x208118,0x43883d,0x8007ee	20000000	0	0	1000000	1500
427	24	18	19	0x121e28	0x241e28	0x200001,0x780002,0x880004,0xa00008,0xe00010,0x6c0020,0x9c0040,0x440080,0x140100,0x640200,0x580400,0x280800,0xfc1000,0x9c2000,0xc04000,0xe08000,0x250000,0xba0000	0x533e0,0xa3c66,0x123542,0x239a3b,0x40d6b2,0x82f05c	20000000	0	0	1000000	1500
428	24	18	19	0x3657df	0x6cd75d	0xe40001,0x680002,0xf00004,0x280008,0x10,0x500020,0xac0040,0x500080,0x6c0100,0x200200,0x180400,0xe80800,0x141000,0x142000,0x204000,0x9c8000,0xa10000,0x60000	0x6b141,0x88d4a,0x10b4a4,0x214b4f,0x4009a7,0x818845	20000000	0	0	1000000	1500
429	24	18	19	0x2378d8	0x46f1b0	0xc0001,0xf40002,0x540004,0xc00008,0x640010,0x180020,0x380040,0x800080,0xa00100,0x900200,0xa00400,0x480800,0xc1000,0x742000,0x704000,0x988000,0x650000,0x8a0000	0x53017,0xa9861,0x10e266,0x216552,0x41681e,0x82878a	20000000	0	0	1000000	1500
430	24	18	19	0xf87b6	0xc0f36	0x440001,0x940002,0xdc0004,0xfc0008,0x600010,0xd00020,0x880040,0x880080,0xbc0100,0x880200,0x940400,0x540800,0x1c1000,0x142000,0x184000,0x788000,0x590000,0x5a0000	0x43d0f,0xbd3cc,0x13fd2e,0x208118,0x43883d,0x8007ee	20000000	0	0	1000000	1500
431	24	18	19	0x697c0	0xd2fe0	0x200001,0x780002,0x880004,0xa00008,0xe00010,0x6c0020,0x9c0040,0x440080,0x140100,0x640200,0x580400,0x280800,0xfc1000,0x9c2000,0xc04000,0xe08000,0x250000,0xba0000	0x533e0,0xa3c66,0x123542,0x239a3b,0x40d6b2,0x82f05c	20000000	0	0	1000000	1500
432	24	18	19	0x67a578	0xcf4d78	0xe40001,0x680002,0xf00004,0x280008,0x10,0x500020,0xac0040,0x500080,0x6c0100,0x200200,0x180400,0xe80800,0x141000,0x142000,0x204000,0x9c8000,0xa10000,0x60000	0x6b141,0x88d4a,0x10b4a4,0x214b4f,0x4009a7,0x818845	20000000	0	0	1000000	1500
433	24	18	19	0x57a354	0xad46d4	0xc0001,0xf40002,0x540004,0xc00008,0x640010,0x180020,0x380040,0x800080,0xa00100,0x900200,0xa00400,0x480800,0xc1000,0x742000,0x704000,0x988000,0x650000,0x8a0000	0x53017,0xa9861,0x10e266,0x216552,0x41681e,0x82878a	20000000	0	0	1000000	1500
434	24	18	19	0x2ddc02	0x5ba582	0x440001,0x940002,0xdc0004,0xfc0008,0x600010,0xd00020,0x880040,0x880080,0xbc0100,0x880200,0x940400,0x540800,0x1c1000,0x142000,0x184000,0x788000,0x590000,0x5a0000	0x43d0f,0xbd3cc,0x13fd2e,0x208118,0x43883d,0x8007ee	20000000	0	0	1000000	1500
435	24	18	19	0x11967b	0x212cb1	0x200001,0x780002,0x880004,0xa00008,0xe00010,0x6c0020,0x9c0040,0x440080,0x140100,0x640200,0x580400,0x280800,0xfc1000,0x9c2000,0xc04000,0xe08000,0x250000,0xba0000	0x533e0,0xa3c66,0x123542,0x239a3b,0x40d6b2,0x82f05c	20000000	0	0	1000000	1500
436	24	18	19	0x151308	0x2a2610	0xe40001,0x680002,0xf00004,0x280008,0x10,0x500020,0xac0040,0x500080,0x6c0100,0x200200,0x180400,0xe80800,0x141000,0x142000,0x204000,0x9c8000,0xa10000,0x60000	0x6b141,0x88d4a,0x10b4a4,0x214b4f,0x4009a7,0x818845	20000000	0	0	1000000	1500
437	24	18	19	0x3aec3c	0x75f9bc	0xc0001,0xf40002,0x540004,0xc00008,0x640010,0x180020,0x380040,0x800080,0xa00100,0x900200,0xa00400,0x480800,0xc1000,0x742000,0x704000,0x988000,0x650000,0x8a0000	0x53017,0xa9861,0x10e266,0x216552,0x41681e,0x82878a	20000000	0	0	1000000	1500
438	24	18	19	0x1b89fd	0xb709bd	0x440001,0x940002,0xdc0004,0xfc0008,0x600010,0xd00020,0x880040,0x880080,0xbc0100,0x880200,0x940400,0x540800,0x1c1000,0x142000,0x184000,0x788000,0x590000,0x5a0000	0x43d0f,0xbd3cc,0x13fd2e,0x208118,0x43883d,0x8007ee	20000000	0	0	1000000	1500
439	24	18	19	0x7374be	0xe6e93e	0x200001,0x780002,0x880004,0xa00008,0xe00010,0x6c0020,0x9c0040,0x440080,0x140100,0x640200,0x580400,0x280800,0xfc1000,0x9c2000,0xc04000,0xe08000,0x250000,0xba0000	0x533e0,0xa3c66,0x123542,0x239a3b,0x40d6b2,0x82f05c	20000000	0	0	1000000	1500
440	24	18	19	0x23827f	0x4704ef	0xe40001,0x680002,0xf00004,0x280008,0x10,0x500020,0xac0040,0x500080,0x6c0100,0x200200,0x180400,0xe80800,0x141000,0x142000,0x204000,0x9c8000,0xa10000,0x60000	0x6b141,0x88d4a,0x10b4a4,0x214b4f,0x4009a7,0x818845	20000000	0	0	1000000	1500
441	24	18	19	0x34d85	0x69b45	0xc0001,0xf40002,0x540004,0xc00008,0x640010,0x180020,0x380040,0x800080,0xa00100,0x900200,0xa00400,0x480800,0xc1000,0x742000,0x704000,0x988000,0x650000,0x8a0000	0x53017,0xa9861,0x10e266,0x216552,0x41681e,0x82878a	20000000	0	0	1000000	1500
442	24	18	19	0x78a42d	0xf0a52d	0x440001,0x940002,0xdc0004,0xfc0008,0x600010,0xd00020,0x880040,0x880080,0xbc0100,0x880200,0x940400,0x540800,0x1c1000,0x142000,0x184000,0x788000,0x590000,0x5a0000	0x43d0f,0xbd3cc,0x13fd2e,0x208118,0x43883d,0x8007ee	20000000	0	0	1000000	1500
443	24	18	19	0x3a3534	0x745534	0x200001,0x780002,0x880004,0xa00008,0xe00010,0x6c0020,0x9c0040,0x440080,0x140100,0x640200,0x580400,0x280800,0xfc1000,0x9c2000,0xc04000,0xe08000,0x250000,0xba0000	0x533e0,0xa3c66,0x123542,0x239a3b,0x40d6b2,0x82f05c	20000000	0	0	1000000	1500
444	24	18	19	0x1a2150	0x3450a0	0xe40001,0x680002,0xf00004,0x280008,0x10,0x500020,0xac0040,0x500080,0x6c0100,0x200200,0x180400,0xe80800,0x141000,0x142000,0x204000,0x9c8000,0xa10000,0x60000	0x6b141,0x88d4a,0x10b4a4,0x214b4f,0x4009a7,0x818845	20000000	0	0	1000000	1500
445	24	18	19	0x3eecc6	0x7dd98c	0xc0001,0xf40002,0x540004,0xc00008,0x640010,0x180020,0x380040,0x800080,0xa00100,0x900200,0xa00400,0x480800,0xc1000,0x742000,0x704000,0x988000,0x650000,0x8a0000	0x53017,0xa9861,0x10e266,0x216552,0x41681e,0x82878a	20000000	0	0	1000000	1500
446	24	18	19	0x5fa5b5	0xbda5b5	0x440001,0x940002,0xdc0004,0xfc0008,0x600010,0xd00020,0x880040,0x880080,0xbc0100,0x880200,0x940400,0x540800,0x1c1000,0x142000,0x184000,0x788000,0x590000,0x5a0000	0x43d0f,0xbd3cc,0x13fd2e,0x208118,0x43883d,0x8007ee	20000000	0	0	1000000	1500
447	24	18	19	0x440e79	0x840e79	0x200001,0x780002,0x880004,0xa00008,0xe00010,0x6c0020,0x9c0040,0x440080,0x140100,0x640200,0x580400,0x280800,0xfc1000,0x9c2000,0xc04000,0xe08000,0x250000,0xba0000	0x533e0,0xa3c66,0x123542,0x239a3b,0x40d6b2,0x82f05c	20000000	0	0	1000000	1500
448	24	16	19	0x3174c3	0x62e987	0x70001,0xe0002,0x1c0004,0x380008,0x700010,0xe00020,0xc70040,0x890080,0x150100,0x2a0200,0x540400,0xa80800,0x571000,0xae2000,0x5b4000,0xb68000	0x151c1,0x2f243,0x4b547,0x86a8e,0x10d51c,0x20aa38,0x405470,0x80a8e0	20000000	1	1	1000000	1500
449	24	16	19	0x2660b6	0x4d416c	0x70001,0xe0002,0x1c0004,0x380008,0x700010,0xe00020,0xc70040,0x890080,0x150100,0x2a0200,0x540400,0xa80800,0x571000,0xae2000,0x5b4000,0xb68000	0x151c1,0x2f243,0x4b547,0x86a8e,0x10d51c,0x20aa38,0x405470,0x80a8e0	20000000	1	1	1000000	1500
450	24	16	19	0x5326bc	0xa65bbc	0x70001,0xe0002,0x1c0004,0x380008,0x700010,0xe00020,0xc70040,0x890080,0x150100,0x2a0200,0x540400,0xa80800,0x571000,0xae2000,0x5b4000,0xb68000	0x151c1,0x2f243,0x4b547,0x86a8e,0x10d51c,0x20aa38,0x405470,0x80a8e0	20000000	1	1	1000000	1500
451	24	16	19	0x29d654	0x53ac50	0x70001,0xe0002,0x1c0004,0x380008,0x700010,0xe00020,0xc70040,0x890080,0x150100,0x2a0200,0x540400,0xa80800,0x571000,0xae2000,0x5b4000,0xb68000	0x151c1,0x2f243,0x4b547,0x86a8e,0x10d51c,0x20aa38,0x405470,0x80a8e0	20000000	1	1	1000000	1500
452	24	16	19	0x4563a6	0xe567a6	0x70001,0xe0002,0x1c0004,0x380008,0x700010,0xe00020,0xc70040,0x890080,0x150100,0x2a0200,0x540400,0xa80800,0x571000,0xae2000,0x5b4000,0xb68000	0x151c1,0x2f243,0x4b547,0x86a8e,0x10d51c,0x20aa38,0x405470,0x80a8e0	20000000	1	1	1000000	1500
453	24	16	19	0x79287d	0xf27071	0x70001,0xe0002,0x1c0004,0x380008,0x700010,0xe00020,0xc70040,0x890080,0x150100,0x2a0200,0x540400,0xa80800,0x571000,0xae2000,0x5b4000,0xb68000	0x151c1,0x2f243,0x4b547,0x86a8e,0x10d51c,0x20aa38,0x405470,0x80a8e0	20000000	1	1	1000000	1500
454	24	16	19	0x1f5df8	0x3ebbf8	0x70001,0xe0002,0x1c0004,0x380008,0x700010,0xe00020,0xc70040,0x890080,0x150100,0x2a0200,0x540400,0xa80800,0x571000,0xae2000,0x5b4000,0xb68000	0x151c1,0x2f243,0x4b547,0x86a8e,0x10d51c,0x20aa38,0x405470,0x80a8e0	20000000	1	1	1000000	1500
455	24	16	19	0x779196	0xef2312	0x70001,0xe0002,0x1c0004,0x380008,0x700010,0xe00020,0xc70040,0x890080,0x150100,0x2a0200,0x540400,0xa80800,0x571000,0xae2000,0x5b4000,0xb68000	0x151c1,0x2f243,0x4b547,0x86a8e,0x10d51c,0x20aa38,0x405470,0x80a8e0	20000000	1	1	1000000	1500
456	24	16	19	0x14dec2	0x2cdec2	0x70001,0xe0002,0x1c0004,0x380008,0x700010,0xe00020,0xc70040,0x890080,0x150100,0x2a0200,0x540400,0xa80800,0x571000,0xae2000,0x5b4000,0xb68000	0x151c1,0x2f243,0x4b547,0x86a8e,0x10d51c,0x20aa38,0x405470,0x80a8e0	20000000	0	0	1000000	1500
457	24	16	19	0x47ee22	0x8fdc42	0x70001,0xe0002,0x1c0004,0x380008,0x700010,0xe00020,0xc70040,0x890080,0x150100,0x2a0200,0x540400,0xa80800,0x571000,0xae2000,0x5b4000,0xb68000	0x151c1,0x2f243,0x4b547,0x86a8e,0x10d51c,0x20aa38,0x405470,0x80a8e0	20000000	0	0	1000000	1500
458	24	16	19	0x5a2441	0x4a2451	0x70001,0xe0002,0x1c0004,0x380008,0x700010,0xe00020,0xc70040,0x890080,0x150100,0x2a0200,0x540400,0xa80800,0x571000,0xae2000,0x5b4000,0xb68000	0x151c1,0x2f243,0x4b547,0x86a8e,0x10d51c,0x20aa38,0x405470,0x80a8e0	20000000	0	0	1000000	1500
459	24	16	19	0x6d8529	0xdb0a72	0x70001,0xe0002,0x1c0004,0x380008,0x700010,0xe00020,0xc70040,0x890080,0x150100,0x2a0200,0x540400,0xa80800,0x571000,0xae2000,0x5b4000,0xb68000	0x151c1,0x2f243,0x4b547,0x86a8e,0x10d51c,0x20aa38,0x405470,0x80a8e0	20000000	0	0	1000000	1500
460	24	16	19	0x64985a	0xc8985a	0x70001,0xe0002,0x1c0004,0x380008,0x700010,0xe00020,0xc70040,0x890080,0x150100,0x2a0200,0x540400,0xa80800,0x571000,0xae2000,0x5b4000,0xb68000	0x151c1,0x2f243,0x4b547,0x86a8e,0x10d51c,0x20aa38,0x405470,0x80a8e0	20000000	0	0	1000000	1500
461	24	16	19	0x25a40d	0x45a60d	0x70001,0xe0002,0x1c0004,0x380008,0x700010,0xe00020,0xc70040,0x890080,0x150100,0x2a0200,0x540400,0xa80800,0x571000,0xae2000,0x5b4000,0xb68000	0x151c1,0x2f243,0x4b547,0x86a8e,0x10d51c,0x20aa38,0x405470,0x80a8e0	20000000	0	0	1000000	1500
462	24	16	19	0x4c56d0	0x98ada0	0x70001,0xe0002,0x1c0004,0x380008,0x700010,0xe00020,0xc70040,0x890080,0x150100,0x2a0200,0x540400,0xa80800,0x571000,0xae2000,0x5b4000,0xb68000	0x151c1,0x2f243,0x4b547,0x86a8e,0x10d51c,0x20aa38,0x405470,0x80a8e0	20000000	0	0	1000000	1500
463	24	16	19	0x76675b	0xb6475b	0x70001,0xe0002,0x1c0004,0x380008,0x700010,0xe00020,0xc70040,0x890080,0x150100,0x2a0200,0x540400,0xa80800,0x571000,0xae2000,0x5b4000,0xb68000	0x151c1,0x2f243,0x4b547,0x86a8e,0x10d51c,0x20aa38,0x405470,0x80a8e0	20000000	0	0	1000000	1500
464	24	16	19	0x3142b5	0x7342b5	0x70001,0xe0002,0x1c0004,0x380008,0x700010,0xe00020,0xc70040,0x890080,0x150100,0x2a0200,0x540400,0xa80800,0x571000,0xae2000,0x5b4000,0xb68000	0x151c1,0x2f243,0x4b547,0x86a8e,0x10d51c,0x20aa38,0x405470,0x80a8e0	20000000	0	0	1000000	1500
465	24	16	19	0x430198	0x68358	0x70001,0xe0002,0x1c0004,0x380008,0x700010,0xe00020,0xc70040,0x890080,0x150100,0x2a0200,0x540400,0xa80800,0x571000,0xae2000,0x5b4000,0xb68000	0x151c1,0x2f243,0x4b547,0x86a8e,0x10d51c,0x20aa38,0x405470,0x80a8e0	20000000	0	0	1000000	1500
466	24	16	19	0x2223df	0x447bf	0x70001,0xe0002,0x1c0004,0x380008,0x700010,0xe00020,0xc70040,0x890080,0x150100,0x2a0200,0x540400,0xa80800,0x571000,0xae2000,0x5b4000,0xb68000	0x151c1,0x2f243,0x4b547,0x86a8e,0x10d51c,0x20aa38,0x405470,0x80a8e0	20000000	0	0	1000000	1500
467	24	16	19	0x1b44b0	0x1644b0	0x70001,0xe0002,0x1c0004,0x380008,0x700010,0xe00020,0xc70040,0x890080,0x150100,0x2a0200,0x540400,0xa80800,0x571000,0xae2000,0x5b4000,0xb68000	0x151c1,0x2f243,0x4b547,0x86a8e,0x10d51c,0x20aa38,0x405470,0x80a8e0	20000000	0	0	1000000	1500
468	24	16	19	0x5570d1	0xa8e191	0x70001,0xe0002,0x1c0004,0x380008,0x700010,0xe00020,0xc70040,0x890080,0x150100,0x2a0200,0x540400,0xa80800,0x571000,0xae2000,0x5b4000,0xb68000	0x151c1,0x2f243,0x4b547,0x86a8e,0x10d51c,0x20aa38,0x405470,0x80a8e0	20000000	0	0	1000000	1500
469	24	16	19	0x442dd1	0x8859d1	0x70001,0xe0002,0x1c0004,0x380008,0x700010,0xe00020,0xc70040,0x890080,0x150100,0x2a0200,0x540400,0xa80800,0x571000,0xae2000,0x5b4000,0xb68000	0x151c1,0x2f243,0x4b547,0x86a8e,0x10d51c,0x20aa38,0x405470,0x80a8e0	20000000	0	0	1000000	1500
470	24	16	19	0x745340	0xe8a681	0x70001,0xe0002,0x1c0004,0x380008,0x700010,0xe00020,0xc70040,0x890080,0x150100,0x2a0200,0x540400,0xa80800,0x571000,0xae2000,0x5b4000,0xb68000	0x151c1,0x2f243,0x4b547,0x86a8e,0x10d51c,0x20aa38,0x405470,0x80a8e0	20000000	0	0	1000000	1500
471	24	16	19	0x692796	0xe927d6	0x70001,0xe0002,0x1c0004,0x380008,0x700010,0xe00020,0xc70040,0x890080,0x150100,0x2a0200,0x540400,0xa80800,0x571000,0xae2000,0x5b4000,0xb68000	0x151c1,0x2f243,0x4b547,0x86a8e,0x10d51c,0x20aa38,0x405470,0x80a8e0	20000000	0	0	1000000	1500
472	24	16	19	0x1b254	0x237254	0x70001,0xe0002,0x1c0004,0x380008,0x700010,0xe00020,0xc70040,0x890080,0x150100,0x2a0200,0x540400,0xa80800,0x571000,0xae2000,0x5b4000,0xb68000	0x151c1,0x2f243,0x4b547,0x86a8e,0x10d51c,0x20aa38,0x405470,0x80a8e0	20000000	0	0	1000000	1500
473	24	16	19	0x59ca45	0xb3ca45	0x70001,0xe0002,0x1c0004,0x380008,0x700010,0xe00020,0xc70040,0x890080,0x150100,0x2a0200,0x540400,0xa80800,0x571000,0xae2000,0x5b4000,0xb68000	0x151c1,0x2f243,0x4b547,0x86a8e,0x10d51c,0x20aa38,0x405470,0x80a8e0	20000000	0	0	1000000	1500
474	24	16	19	0x3de5f9	0x7bcbd9	0x70001,0xe0002,0x1c0004,0x380008,0x700010,0xe00020,0xc70040,0x890080,0x150100,0x2a0200,0x540400,0xa80800,0x571000,0xae2000,0x5b4000,0xb68000	0x151c1,0x2f243,0x4b547,0x86a8e,0x10d51c,0x20aa38,0x405470,0x80a8e0	20000000	0	0	1000000	1500
475	24	16	19	0x662c65	0xcc5c65	0x70001,0xe0002,0x1c0004,0x380008,0x700010,0xe00020,0xc70040,0x890080,0x150100,0x2a0200,0x540400,0xa80800,0x571000,0xae2000,0x5b4000,0xb68000	0x151c1,0x2f243,0x4b547,0x86a8e,0x10d51c,0x20aa38,0x405470,0x80a8e0	20000000	0	0	1000000	1500
476	24	16	19	0x60f55d	0xc1f55d	0x70001,0xe0002,0x1c0004,0x380008,0x700010,0xe00020,0xc70040,0x890080,0x150100,0x2a0200,0x540400,0xa80800,0x571000,0xae2000,0x5b4000,0xb68000	0x151c1,0x2f243,0x4b547,0x86a8e,0x10d51c,0x20aa38,0x405470,0x80a8e0	20000000	0	0	1000000	1500
477	24	16	19	0xf45e4	0x1ec5e4	0x70001,0xe0002,0x1c0004,0x380008,0x700010,0xe00020,0xc70040,0x890080,0x150100,0x2a0200,0x540400,0xa80800,0x571000,0xae2000,0x5b4000,0xb68000	0x151c1,0x2f243,0x4b547,0x86a8e,0x10d51c,0x20aa38,0x405470,0x80a8e0	20000000	0	0	1000000	1500
478	24	16	19	0x1ee6c0	0x3dc6e0	0x70001,0xe0002,0x1c0004,0x380008,0x700010,0xe00020,0xc70040,0x890080,0x150100,0x2a0200,0x540400,0xa80800,0x571000,0xae2000,0x5b4000,0xb68000	0x151c1,0x2f243,0x4b547,0x86a8e,0x10d51c,0x20aa38,0x405470,0x80a8e0	20000000	0	0	1000000	1500
479	24	16	19	0x303090	0x706130	0x70001,0xe0002,0x1c0004,0x380008,0x700010,0xe00020,0xc70040,0x890080,0x150100,0x2a0200,0x540400,0xa80800,0x571000,0xae2000,0x5b4000,0xb68000	0x151c1,0x2f243,0x4b547,0x86a8e,0x10d51c,0x20aa38,0x405470,0x80a8e0	20000000	0	0	1000000	1500
480	24	16	19	0x26fc6e	0x4df46e	0x70001,0xe0002,0x1c0004,0x380008,0x700010,0xe00020,0xc70040,0x890080,0x150100,0x2a0200,0x540400,0xa80800,0x571000,0xae2000,0x5b4000,0xb68000	0x151c1,0x2f243,0x4b547,0x86a8e,0x10d51c,0x20aa38,0x405470,0x80a8e0	20000000	0	0	1000000	1500
481	24	16	19	0x61dc58	0xc9dc58	0x70001,0xe0002,0x1c0004,0x380008,0x700010,0xe00020,0xc70040,0x890080,0x150100,0x2a0200,0x540400,0xa80800,0x571000,0xae2000,0x5b4000,0xb68000	0x151c1,0x2f243,0x4b547,0x86a8e,0x10d51c,0x20aa38,0x405470,0x80a8e0	20000000	0	0	1000000	1500
482	24	16	19	0x6325da	0xe725da	0x70001,0xe0002,0x1c0004,0x380008,0x700010,0xe00020,0xc70040,0x890080,0x150100,0x2a0200,0x540400,0xa80800,0x571000,0xae2000,0x5b4000,0xb68000	0x151c1,0x2f243,0x4b547,0x86a8e,0x10d51c,0x20aa38,0x405470,0x80a8e0	20000000	0	0	1000000	1500
483	24	16	19	0x790ebe	0xf90eba	0x70001,0xe0002,0x1c0004,0x380008,0x700010,0xe00020,0xc70040,0x890080,0x150100,0x2a0200,0x540400,0xa80800,0x571000,0xae2000,0x5b4000,0xb68000	0x151c1,0x2f243,0x4b547,0x86a8e,0x10d51c,0x20aa38,0x405470,0x80a8e0	20000000	0	0	1000000	1500
484	24	16	19	0x2aeb19	0x2a6b18	0x70001,0xe0002,0x1c0004,0x380008,0x700010,0xe00020,0xc70040,0x890080,0x150100,0x2a0200,0x540400,0xa80800,0x571000,0xae2000,0x5b4000,0xb68000	0x151c1,0x2f243,0x4b547,0x86a8e,0x10d51c,0x20aa38,0x405470,0x80a8e0	20000000	0	0	1000000	1500
485	24	16	19	0x558cba	0xa30caa	0x70001,0xe0002,0x1c0004,0x380008,0x700010,0xe00020,0xc70040,0x890080,0x150100,0x2a0200,0x540400,0xa80800,0x571000,0xae2000,0x5b4000,0xb68000	0x151c1,0x2f243,0x4b547,0x86a8e,0x10d51c,0x20aa38,0x405470,0x80a8e0	20000000	0	0	1000000	1500
486	24	16	19	0xf3014	0x1c3094	0x70001,0xe0002,0x1c0004,0x380008,0x700010,0xe00020,0xc70040,0x890080,0x150100,0x2a0200,0x540400,0xa80800,0x571000,0xae2000,0x5b4000,0xb68000	0x151c1,0x2f243,0x4b547,0x86a8e,0x10d51c,0x20aa38,0x405470,0x80a8e0	20000000	0	0	1000000	1500
487	24	16	19	0x288ad2	0x7115a2	0x70001,0xe0002,0x1c0004,0x380008,0x700010,0xe00020,0xc70040,0x890080,0x150100,0x2a0200,0x540400,0xa80800,0x571000,0xae2000,0x5b4000,0xb68000	0x151c1,0x2f243,0x4b547,0x86a8e,0x10d51c,0x20aa38,0x405470,0x80a8e0	20000000	0	0	1000000	1500
488	24	16	19	0x78406c	0xf4856c	0x70001,0xe0002,0x1c0004,0x380008,0x700010,0xe00020,0xc70040,0x890080,0x150100,0x2a0200,0x540400,0xa80800,0x571000,0xae2000,0x5b4000,0xb68000	0x151c1,0x2f243,0x4b547,0x86a8e,0x10d51c,0x20aa38,0x405470,0x80a8e0	20000000	0	0	1000000	1500
489	24	16	19	0x5af5c	0x75e9c	0x70001,0xe0002,0x1c0004,0x380008,0x700010,0xe00020,0xc70040,0x890080,0x150100,0x2a0200,0x540400,0xa80800,0x571000,0xae2000,0x5b4000,0xb68000	0x151c1,0x2f243,0x4b547,0x86a8e,0x10d51c,0x20aa38,0x405470,0x80a8e0	20000000	0	0	1000000	1500
490	24	16	19	0x62c0bb	0xc5c0bb	0x70001,0xe0002,0x1c0004,0x380008,0x700010,0xe00020,0xc70040,0x890080,0x150100,0x2a0200,0x540400,0xa80800,0x571000,0xae2000,0x5b4000,0xb68000	0x151c1,0x2f243,0x4b547,0x86a8e,0x10d51c,0x20aa38,0x405470,0x80a8e0	20000000	0	0	1000000	1500
491	24	16	19	0x7afe11	0xb5fe11	0x70001,0xe0002,0x1c0004,0x380008,0x700010,0xe00020,0xc70040,0x890080,0x150100,0x2a0200,0x540400,0xa80800,0x571000,0xae2000,0x5b4000,0xb68000	0x151c1,0x2f243,0x4b547,0x86a8e,0x10d51c,0x20aa38,0x405470,0x80a8e0	20000000	0	0	1000000	1500
492	24	16	19	0x5900f4	0xb342f4	0x70001,0xe0002,0x1c0004,0x380008,0x700010,0xe00020,0xc70040,0x890080,0x150100,0x2a0200,0x540400,0xa80800,0x571000,0xae2000,0x5b4000,0xb68000	0x151c1,0x2f243,0x4b547,0x86a8e,0x10d51c,0x20aa38,0x405470,0x80a8e0	20000000	0	0	1000000	1500
493	24	16	19	0x68d516	0xd9a296	0x70001,0xe0002,0x1c0004,0x380008,0x700010,0xe00020,0xc70040,0x890080,0x150100,0x2a0200,0x540400,0xa80800,0x571000,0xae2000,0x5b4000,0xb68000	0x151c1,0x2f243,0x4b547,0x86a8e,0x10d51c,0x20aa38,0x405470,0x80a8e0	20000000	0	0	1000000	1500
494	24	16	19	0x4eb813	0x9eb813	0x70001,0xe0002,0x1c0004,0x380008,0x700010,0xe00020,0xc70040,0x890080,0x150100,0x2a0200,0x540400,0xa80800,0x571000,0xae2000,0x5b4000,0xb68000	0x151c1,0x2f243,0x4b547,0x86a8e,0x10d51c,0x20aa38,0x405470,0x80a8e0	20000000	0	0	1000000	1500
495	24	16	19	0x538d22	0xa72d20	0x70001,0xe0002,0x1c0004,0x380008,0x700010,0xe00020,0xc70040,0x890080,0x150100,0x2a0200,0x540400,0xa80800,0x571000,0xae2000,0x5b4000,0xb68000	0x151c1,0x2f243,0x4b547,0x86a8e,0x10d51c,0x20aa38,0x405470,0x80a8e0	20000000	0	0	1000000	1500
496	24	16	19	0x6f7894	0xef7894	0x70001,0xe0002,0x1c0004,0x380008,0x700010,0xe00020,0xc70040,0x890080,0x150100,0x2a0200,0x540400,0xa80800,0x571000,0xae2000,0x5b4000,0xb68000	0x151c1,0x2f243,0x4b547,0x86a8e,0x10d51c,0x20aa38,0x405470,0x80a8e0	20000000	0	0	1000000	1500
497	24	16	19	0x30cc22	0x90dc2a	0x70001,0xe0002,0x1c0004,0x380008,0x700010,0xe00020,0xc70040,0x890080,0x150100,0x2a0200,0x540400,0xa80800,0x571000,0xae2000,0x5b4000,0xb68000	0x151c1,0x2f243,0x4b547,0x86a8e,0x10d51c,0x20aa38,0x405470,0x80a8e0	20000000	0	0	1000000	1500
498	24	16	19	0x73a54f	0xb3a54f	0x70001,0xe0002,0x1c0004,0x380008,0x700010,0xe00020,0xc70040,0x890080,0x150100,0x2a0200,0x540400,0xa80800,0x571000,0xae2000,0x5b4000,0xb68000	0x151c1,0x2f243,0x4b547,0x86a8e,0x10d51c,0x20aa38,0x405470,0x80a8e0	20000000	0	0	1000000	1500
499	24	16	19	0x307fbd	0x717dbd	0x70001,0xe0002,0x1c0004,0x380008,0x700010,0xe00020,0xc70040,0x890080,0x150100,0x2a0200,0x540400,0xa80800,0x571000,0xae2000,0x5b4000,0xb68000	0x151c1,0x2f243,0x4b547,0x86a8e,0x10d51c,0x20aa38,0x405470,0x80a8e0	20000000	0	0	1000000	1500
500	24	16	19	0x1935b9	0x3a6db9	0x70001,0xe0002,0x1c0004,0x380008,0x700010,0xe00020,0xc70040,0x890080,0x150100,0x2a0200,0x540400,0xa80800,0x571000,0xae2000,0x5b4000,0xb68000	0x151c1,0x2f243,0x4b547,0x86a8e,0x10d51c,0x20aa38,0x405470,0x80a8e0	20000000	0	0	1000000	1500
501	24	16	19	0x3b76e4	0x7b77e4	0x70001,0xe0002,0x1c0004,0x380008,0x700010,0xe00020,0xc70040,0x890080,0x150100,0x2a0200,0x540400,0xa80800,0x571000,0xae2000,0x5b4000,0xb68000	0x151c1,0x2f243,0x4b547,0x86a8e,0x10d51c,0x20aa38,0x405470,0x80a8e0	20000000	0	0	1000000	1500
502	24	16	19	0x3c55cf	0x78f50f	0x70001,0xe0002,0x1c0004,0x380008,0x700010,0xe00020,0xc70040,0x890080,0x150100,0x2a0200,0x540400,0xa80800,0x571000,0xae2000,0x5b4000,0xb68000	0x151c1,0x2f243,0x4b547,0x86a8e,0x10d51c,0x20aa38,0x405470,0x80a8e0	20000000	0	0	1000000	1500
503	24	16	19	0x1bb5ef	0x3765ef	0x70001,0xe0002,0x1c0004,0x380008,0x700010,0xe00020,0xc70040,0x890080,0x150100,0x2a0200,0x540400,0xa80800,0x571000,0xae2000,0x5b4000,0xb68000	0x151c1,0x2f243,0x4b547,0x86a8e,0x10d51c,0x20aa38,0x405470,0x80a8e0	20000000	0	0	1000000	1500
504	24	16	19	0x6ec607	0xdd8607	0x70001,0xe0002,0x1c0004,0x380008,0x700010,0xe00020,0xc70040,0x890080,0x150100,0x2a0200,0x540400,0xa80800,0x571000,0xae2000,0x5b4000,0xb68000	0x151c1,0x2f243,0x4b547,0x86a8e,0x10d51c,0x20aa38,0x405470,0x80a8e0	20000000	0	0	1000000	1500
505	24	16	19	0x1a41f9	0x7483fd	0x70001,0xe0002,0x1c0004,0x380008,0x700010,0xe00020,0xc70040,0x890080,0x150100,0x2a0200,0x540400,0xa80800,0x571000,0xae2000,0x5b4000,0xb68000	0x151c1,0x2f243,0x4b547,0x86a8e,0x10d51c,0x20aa38,0x405470,0x80a8e0	20000000	0	0	1000000	1500
506	24	16	19	0x3fac86	0x7fac86	0x70001,0xe0002,0x1c0004,0x380008,0x700010,0xe00020,0xc70040,0x890080,0x150100,0x2a0200,0x540400,0xa80800,0x571000,0xae2000,0x5b4000,0xb68000	0x151c1,0x2f243,0x4b547,0x86a8e,0x10d51c,0x20aa38,0x405470,0x80a8e0	20000000	0	0	1000000	1500
507	24	16	19	0xe842f	0x2f842f	0x70001,0xe0002,0x1c0004,0x380008,0x700010,0xe00020,0xc70040,0x890080,0x150100,0x2a0200,0x540400,0xa80800,0x571000,0xae2000,0x5b4000,0xb68000	0x151c1,0x2f243,0x4b547,0x86a8e,0x10d51c,0x20aa38,0x405470,0x80a8e0	20000000	0	0	1000000	1500
508	24	16	19	0x2a0dae	0xaa0dae	0x70001,0xe0002,0x1c0004,0x380008,0x700010,0xe00020,0xc70040,0x890080,0x150100,0x2a0200,0x540400,0xa80800,0x571000,0xae2000,0x5b4000,0xb68000	0x151c1,0x2f243,0x4b547,0x86a8e,0x10d51c,0x20aa38,0x405470,0x80a8e0	20000000	0	0	1000000	1500
509	24	16	19	0x92261	0x12a261	0x70001,0xe0002,0x1c0004,0x380008,0x700010,0xe00020,0xc70040,0x890080,0x150100,0x2a0200,0x540400,0xa80800,0x571000,0xae2000,0x5b4000,0xb68000	0x151c1,0x2f243,0x4b547,0x86a8e,0x10d51c,0x20aa38,0x405470,0x80a8e0	20000000	0	0	1000000	1500
510	24	16	19	0x56aab5	0xaeaabf	0x70001,0xe0002,0x1c0004,0x380008,0x700010,0xe00020,0xc70040,0x890080,0x150100,0x2a0200,0x540400,0xa80800,0x571000,0xae2000,0x5b4000,0xb68000	0x151c1,0x2f243,0x4b547,0x86a8e,0x10d51c,0x20aa38,0x405470,0x80a8e0	20000000	0	0	1000000	1500
511	24	16	19	0x5ad21d	0xb7a039	0x70001,0xe0002,0x1c0004,0x380008,0x700010,0xe00020,0xc70040,0x890080,0x150100,0x2a0200,0x540400,0xa80800,0x571000,0xae2000,0x5b4000,0xb68000	0x151c1,0x2f243,0x4b547,0x86a8e,0x10d51c,0x20aa38,0x405470,0x80a8e0	20000000	0	0	1000000	1500
512	24	18	19	0x4a81e	0x9503d	0xc0001,0x180002,0x300004,0x600008,0xc00010,0x8c0020,0x140040,0x280080,0x500100,0xa00200,0x4c0400,0x980800,0x3c1000,0x782000,0xf04000,0xec8000,0xd50000,0xa60000	0x79461,0x8bca3,0x117946,0x22f28c,0x41e518,0x83ca30	20000000	1	1	1000000	1500
513	24	18	19	0x6a334e	0xd6674c	0xc0001,0x180002,0x300004,0x600008,0xc00010,0x8c0020,0x140040,0x280080,0x500100,0xa00200,0x4c0400,0x980800,0x3c1000,0x782000,0xf04000,0xec8000,0xd50000,0xa60000	0x79461,0x8bca3,0x117946,0x22f28c,0x41e518,0x83ca30	20000000	1	1	1000000	1500
514	24	18	19	0xdedfe	0x1bdbfc	0xc0001,0x180002,0x300004,0x600008,0xc00010,0x8c0020,0x140040,0x280080,0x500100,0xa00200,0x4c0400,0x980800,0x3c1000,0x782000,0xf04000,0xec8000,0xd50000,0xa60000	0x79461,0x8bca3,0x117946,0x22f28c,0x41e518,0x83ca30	20000000	1	1	1000000	1500
515	24	18	19	0xad15d	0x15a2ac	0xc0001,0x180002,0x300004,0x600008,0xc00010,0x8c0020,0x140040,0x280080,0x500100,0xa00200,0x4c0400,0x980800,0x3c1000,0x782000,0xf04000,0xec8000,0xd50000,0xa60000	0x79461,0x8bca3,0x117946,0x22f28c,0x41e518,0x83ca30	20000000	1	1	1000000	1500
516	24	18	19	0x24359d	0x4a359d	0xc0001,0x180002,0x300004,0x600008,0xc00010,0x8c0020,0x140040,0x280080,0x500100,0xa00200,0x4c0400,0x980800,0x3c1000,0x782000,0xf04000,0xec8000,0xd50000,0xa60000	0x79461,0x8bca3,0x117946,0x22f28c,0x41e518,0x83ca30	20000000	1	1	1000000	1500
517	24	18	19	0x43953d	0x873a5d	0xc0001,0x180002,0x300004,0x600008,0xc00010,0x8c0020,0x140040,0x280080,0x500100,0xa00200,0x4c0400,0x980800,0x3c1000,0x782000,0xf04000,0xec8000,0xd50000,0xa60000	0x79461,0x8bca3,0x117946,0x22f28c,0x41e518,0x83ca30	20000000	1	1	1000000	1500
518	24	18	19	0x433240	0x833240	0xc0001,0x180002,0x300004,0x600008,0xc00010,0x8c0020,0x140040,0x280080,0x500100,0xa00200,0x4c0400,0x980800,0x3c1000,0x782000,0xf04000,0xec8000,0xd50000,0xa60000	0x79461,0x8bca3,0x117946,0x22f28c,0x41e518,0x83ca30	20000000	1	1	1000000	1500
519	24	18	19	0x67319d	0xce6b5d	0xc0001,0x180002,0x300004,0x600008,0xc00010,0x8c0020,0x140040,0x280080,0x500100,0xa00200,0x4c0400,0x980800,0x3c1000,0x782000,0xf04000,0xec8000,0xd50000,0xa60000	0x79461,0x8bca3,0x117946,0x22f28c,0x41e518,0x83ca30	20000000	1	1	1000000	1500
520	24	18	19	0x4473b8	0x84f338	0xc0001,0x180002,0x300004,0x600008,0xc00010,0x8c0020,0x140040,0x280080,0x500100,0xa00200,0x4c0400,0x980800,0x3c1000,0x782000,0xf04000,0xec8000,0xd50000,0xa60000	0x79461,0x8bca3,0x117946,0x22f28c,0x41e518,0x83ca30	20000000	0	0	1000000	1500
521	24	18	19	0x386735	0x78cf31	0xc0001,0x180002,0x300004,0x600008,0xc00010,0x8c0020,0x140040,0x280080,0x500100,0xa00200,0x4c0400,0x980800,0x3c1000,0x782000,0xf04000,0xec8000,0xd50000,0xa60000	0x79461,0x8bca3,0x117946,0x22f28c,0x41e518,0x83ca30	20000000	0	0	1000000	1500
522	24	18	19	0x65439f	0xce873b	0xc0001,0x180002,0x300004,0x600008,0xc00010,0x8c0020,0x140040,0x280080,0x500100,0xa00200,0x4c0400,0x980800,0x3c1000,0x782000,0xf04000,0xec8000,0xd50000,0xa60000	0x79461,0x8bca3,0x117946,0x22f28c,0x41e518,0x83ca30	20000000	0	0	1000000	1500
523	24	18	19	0x49cb70	0xb34b70	0xc0001,0x180002,0x300004,0x600008,0xc00010,0x8c0020,0x140040,0x280080,0x500100,0xa00200,0x4c0400,0x980800,0x3c1000,0x782000,0xf04000,0xec8000,0xd50000,0xa60000	0x79461,0x8bca3,0x117946,0x22f28c,0x41e518,0x83ca30	20000000	0	0	1000000	1500
524	24	18	19	0x1f8782	0x3b27a6	0xc0001,0x180002,0x300004,0x600008,0xc00010,0x8c0020,0x140040,0x280080,0x500100,0xa00200,0x4c0400,0x980800,0x3c1000,0x782000,0xf04000,0xec8000,0xd50000,0xa60000	0x79461,0x8bca3,0x117946,0x22f28c,0x41e518,0x83ca30	20000000	0	0	1000000	1500
525	24	18	19	0x2da643	0x5b4c87	0xc0001,0x180002,0x300004,0x600008,0xc00010,0x8c0020,0x140040,0x280080,0x500100,0xa00200,0x4c0400,0x980800,0x3c1000,0x782000,0xf04000,0xec8000,0xd50000,0xa60000	0x79461,0x8bca3,0x117946,0x22f28c,0x41e518,0x83ca30	20000000	0	0	1000000	1500
526	24	18	19	0x1a2119	0x3a211b	0xc0001,0x180002,0x300004,0x600008,0xc00010,0x8c0020,0x140040,0x280080,0x500100,0xa00200,0x4c0400,0x980800,0x3c1000,0x782000,0xf04000,0xec8000,0xd50000,0xa60000	0x79461,0x8bca3,0x117946,0x22f28c,0x41e518,0x83ca30	20000000	0	0	1000000	1500
527	24	18	19	0x79c929	0xf31128	0xc0001,0x180002,0x300004,0x600008,0xc00010,0x8c0020,0x140040,0x280080,0x500100,0xa00200,0x4c0400,0x980800,0x3c1000,0x782000,0xf04000,0xec8000,0xd50000,0xa60000	0x79461,0x8bca3,0x117946,0x22f28c,0x41e518,0x83ca30	20000000	0	0	1000000	1500
528	24	18	19	0x73abb4	0xe75754	0xc0001,0x180002,0x300004,0x600008,0xc00010,0x8c0020,0x140040,0x280080,0x500100,0xa00200,0x4c0400,0x980800,0x3c1000,0x782000,0xf04000,0xec8000,0xd50000,0xa60000	0x79461,0x8bca3,0x117946,0x22f28c,0x41e518,0x83ca30	20000000	0	0	1000000	1500
529	24	18	19	0x7c3ca5	0xf87ca5	0xc0001,0x180002,0x300004,0x600008,0xc00010,0x8c0020,0x140040,0x280080,0x500100,0xa00200,0x4c0400,0x980800,0x3c1000,0x782000,0xf04000,0xec8000,0xd50000,0xa60000	0x79461,0x8bca3,0x117946,0x22f28c,0x41e518,0x83ca30	20000000	0	0	1000000	1500
530	24	18	19	0x7ee735	0xfdee3b	0xc0001,0x180002,0x300004,0x600008,0xc00010,0x8c0020,0x140040,0x280080,0x500100,0xa00200,0x4c0400,0x980800,0x3c1000,0x782000,0xf04000,0xec8000,0xd50000,0xa60000	0x79461,0x8bca3,0x117946,0x22f28c,0x41e518,0x83ca30	20000000	0	0	1000000	1500
531	24	18	19	0x4432f9	0x872f9	0xc0001,0x180002,0x300004,0x600008,0xc00010,0x8c0020,0x140040,0x280080,0x500100,0xa00200,0x4c0400,0x980800,0x3c1000,0x782000,0xf04000,0xec8000,0xd50000,0xa60000	0x79461,0x8bca3,0x117946,0x22f28c,0x41e518,0x83ca30	20000000	0	0	1000000	1500
532	24	18	19	0x4857ea	0x90576a	0xc0001,0x180002,0x300004,0x600008,0xc00010,0x8c0020,0x140040,0x280080,0x500100,0xa00200,0x4c0400,0x980800,0x3c1000,0x782000,0xf04000,0xec8000,0xd50000,0xa60000	0x79461,0x8bca3,0x117946,0x22f28c,0x41e518,0x83ca30	20000000	0	0	1000000	1500
533	24	18	19	0xf2b7a	0x1cab6a	0xc0001,0x180002,0x300004,0x600008,0xc00010,0x8c0020,0x140040,0x280080,0x500100,0xa00200,0x4c0400,0x980800,0x3c1000,0x782000,0xf04000,0xec8000,0xd50000,0xa60000	0x79461,0x8bca3,0x117946,0x22f28c,0x41e518,0x83ca30	20000000	0	0	1000000	1500
534	24	18	19	0x3c233d	0x7847bc	0xc0001,0x180002,0x300004,0x600008,0xc00010,0x8c0020,0x140040,0x280080,0x500100,0xa00200,0x4c0400,0x980800,0x3c1000,0x782000,0xf04000,0xec8000,0xd50000,0xa60000	0x79461,0x8bca3,0x117946,0x22f28c,0x41e518,0x83ca30	20000000	0	0	1000000	1500
535	24	18	19	0xd3a9d	0x18773d	0xc0001,0x180002,0x300004,0x600008,0xc00010,0x8c0020,0x140040,0x280080,0x500100,0xa00200,0x4c0400,0x980800,0x3c1000,0x782000,0xf04000,0xec8000,0xd50000,0xa60000	0x79461,0x8bca3,0x117946,0x22f28c,0x41e518,0x83ca30	20000000	0	0	1000000	1500
536	24	18	19	0x1ac820	0x358822	0xc0001,0x180002,0x300004,0x600008,0xc00010,0x8c0020,0x140040,0x280080,0x500100,0xa00200,0x4c0400,0x980800,0x3c1000,0x782000,0xf04000,0xec8000,0xd50000,0xa60000	0x79461,0x8bca3,0x117946,0x22f28c,0x41e518,0x83ca30	20000000	0	0	1000000	1500
537	24	18	19	0x190629	0xb20e08	0xc0001,0x180002,0x300004,0x600008,0xc00010,0x8c0020,0x140040,0x280080,0x500100,0xa00200,0x4c0400,0x980800,0x3c1000,0x782000,0xf04000,0xec8000,0xd50000,0xa60000	0x79461,0x8bca3,0x117946,0x22f28c,0x41e518,0x83ca30	20000000	0	0	1000000	1500
538	24	18	19	0x56eecd	0xaddacd	0xc0001,0x180002,0x300004,0x600008,0xc00010,0x8c0020,0x140040,0x280080,0x500100,0xa00200,0x4c0400,0x980800,0x3c1000,0x782000,0xf04000,0xec8000,0xd50000,0xa60000	0x79461,0x8bca3,0x117946,0x22f28c,0x41e518,0x83ca30	20000000	0	0	1000000	1500
539	24	18	19	0x65434f	0xca868f	0xc0001,0x180002,0x300004,0x600008,0xc00010,0x8c0020,0x140040,0x280080,0x500100,0xa00200,0x4c0400,0x980800,0x3c1000,0x782000,0xf04000,0xec8000,0xd50000,0xa60000	0x79461,0x8bca3,0x117946,0x22f28c,0x41e518,0x83ca30	20000000	0	0	1000000	1500
540	24	18	19	0xa4300	0x148640	0xc0001,0x180002,0x300004,0x600008,0xc00010,0x8c0020,0x140040,0x280080,0x500100,0xa00200,0x4c0400,0x980800,0x3c1000,0x782000,0xf04000,0xec8000,0xd50000,0xa60000	0x79461,0x8bca3,0x117946,0x22f28c,0x41e518,0x83ca30	20000000	0	0	1000000	1500
541	24	18	19	0x7a4120	0xb40240	0xc0001,0x180002,0x300004,0x600008,0xc00010,0x8c0020,0x140040,0x280080,0x500100,0xa00200,0x4c0400,0x980800,0x3c1000,0x782000,0xf04000,0xec8000,0xd50000,0xa60000	0x79461,0x8bca3,0x117946,0x22f28c,0x41e518,0x83ca30	20000000	0	0	1000000	1500
542	24	18	19	0x649e9e	0xc93d2c	0xc0001,0x180002,0x300004,0x600008,0xc00010,0x8c0020,0x140040,0x280080,0x500100,0xa00200,0x4c0400,0x980800,0x3c1000,0x782000,0xf04000,0xec8000,0xd50000,0xa60000	0x79461,0x8bca3,0x117946,0x22f28c,0x41e518,0x83ca30	20000000	0	0	1000000	1500
543	24	18	19	0x27e50	0xb27e50	0xc0001,0x180002,0x300004,0x600008,0xc00010,0x8c0020,0x140040,0x280080,0x500100,0xa00200,0x4c0400,0x980800,0x3c1000,0x782000,0xf04000,0xec8000,0xd50000,0xa60000	0x79461,0x8bca3,0x117946,0x22f28c,0x41e518,0x83ca30	20000000	0	0	1000000	1500
544	24	18	19	0x232896	0x532896	0xc0001,0x180002,0x300004,0x600008,0xc00010,0x8c0020,0x140040,0x280080,0x500100,0xa00200,0x4c0400,0x980800,0x3c1000,0x782000,0xf04000,0xec8000,0xd50000,0xa60000	0x79461,0x8bca3,0x117946,0x22f28c,0x41e518,0x83ca30	20000000	0	0	1000000	1500
545	24	18	19	0x723b57	0xe23357	0xc0001,0x180002,0x300004,0x600008,0xc00010,0x8c0020,0x140040,0x280080,0x500100,0xa00200,0x4c0400,0x980800,0x3c1000,0x782000,0xf04000,0xec8000,0xd50000,0xa60000	0x79461,0x8bca3,0x117946,0x22f28c,0x41e518,0x83ca30	20000000	0	0	1000000	1500
546	24	18	19	0x52e8a3	0xa5f8a3	0xc0001,0x180002,0x300004,0x600008,0xc00010,0x8c0020,0x140040,0x280080,0x500100,0xa00200,0x4c0400,0x980800,0x3c1000,0x782000,0xf04000,0xec8000,0xd50000,0xa60000	0x79461,0x8bca3,0x117946,0x22f28c,0x41e518,0x83ca30	20000000	0	0	1000000	1500
547	24	18	19	0x489a4b	0x889a4b	0xc0001,0x180002,0x300004,0x600008,0xc00010,0x8c0020,0x140040,0x280080,0x500100,0xa00200,0x4c0400,0x980800,0x3c1000,0x782000,0xf04000,0xec8000,0xd50000,0xa60000	0x79461,0x8bca3,0x117946,0x22f28c,0x41e518,0x83ca30	20000000	0	0	1000000	1500
548	24	18	19	0xb60ab	0x14c953	0xc0001,0x180002,0x300004,0x600008,0xc00010,0x8c0020,0x140040,0x280080,0x500100,0xa00200,0x4c0400,0x980800,0x3c1000,0x782000,0xf04000,0xec8000,0xd50000,0xa60000	0x79461,0x8bca3,0x117946,0x22f28c,0x41e518,0x83ca30	20000000	0	0	1000000	1500
549	24	18	19	0x6e7639	0xde7639	0xc0001,0x180002,0x300004,0x600008,0xc00010,0x8c0020,0x140040,0x280080,0x500100,0xa00200,0x4c0400,0x980800,0x3c1000,0x782000,0xf04000,0xec8000,0xd50000,0xa60000	0x79461,0x8bca3,0x117946,0x22f28c,0x41e518,0x83ca30	20000000	0	0	1000000	1500
550	24	18	19	0x2b1600	0x5e3700	0xc0001,0x180002,0x300004,0x600008,0xc00010,0x8c0020,0x140040,0x280080,0x500100,0xa00200,0x4c0400,0x980800,0x3c1000,0x782000,0xf04000,0xec8000,0xd50000,0xa60000	0x79461,0x8bca3,0x117946,0x22f28c,0x41e518,0x83ca30	20000000	0	0	1000000	1500
551	24	18	19	0x714efe	0xe29d7e	0xc0001,0x180002,0x300004,0x600008,0xc00010,0x8c0020,0x140040,0x280080,0x500100,0xa00200,0x4c0400,0x980800,0x3c1000,0x782000,0xf04000,0xec8000,0xd50000,0xa60000	0x79461,0x8bca3,0x117946,0x22f28c,0x41e518,0x83ca30	20000000	0	0	1000000	1500
552	24	18	19	0x265751	0xccb751	0xc0001,0x180002,0x300004,0x600008,0xc00010,0x8c0020,0x140040,0x280080,0x500100,0xa00200,0x4c0400,0x980800,0x3c1000,0x782000,0xf04000,0xec8000,0xd50000,0xa60000	0x79461,0x8bca3,0x117946,0x22f28c,0x41e518,0x83ca30	20000000	0	0	1000000	1500
553	24	18	19	0x7dec64	0xfbc8c4	0xc0001,0x180002,0x300004,0x600008,0xc00010,0x8c0020,0x140040,0x280080,0x500100,0xa00200,0x4c0400,0x980800,0x3c1000,0x782000,0xf04000,0xec8000,0xd50000,0xa60000	0x79461,0x8bca3,0x117946,0x22f28c,0x41e518,0x83ca30	20000000	0	0	1000000	1500
554	24	18	19	0x1e24a0	0x3d2520	0xc0001,0x180002,0x300004,0x600008,0xc00010,0x8c0020,0x140040,0x280080,0x500100,0xa00200,0x4c0400,0x980800,0x3c1000,0x782000,0xf04000,0xec8000,0xd50000,0xa60000	0x79461,0x8bca3,0x117946,0x22f28c,0x41e518,0x83ca30	20000000	0	0	1000000	1500
555	24	18	19	0x35479b	0x6a879b	0xc0001,0x180002,0x300004,0x600008,0xc00010,0x8c0020,0x140040,0x280080,0x500100,0xa00200,0x4c0400,0x980800,0x3c1000,0x782000,0xf04000,0xec8000,0xd50000,0xa60000	0x79461,0x8bca3,0x117946,0x22f28c,0x41e518,0x83ca30	20000000	0	0	1000000	1500
556	24	18	19	0xcc7dc	0xcc7dc	0xc0001,0x180002,0x300004,0x600008,0xc00010,0x8c0020,0x140040,0x280080,0x500100,0xa00200,0x4c0400,0x980800,0x3c1000,0x782000,0xf04000,0xec8000,0xd50000,0xa60000	0x79461,0x8bca3,0x117946,0x22f28c,0x41e518,0x83ca30	20000000	0	0	1000000	1500
557	24	18	19	0x7f90f9	0xfb5089	0xc0001,0x180002,0x300004,0x600008,0xc00010,0x8c0020,0x140040,0x280080,0x500100,0xa00200,0x4c0400,0x980800,0x3c1000,0x782000,0xf04000,0xec8000,0xd50000,0xa60000	0x79461,0x8bca3,0x117946,0x22f28c,0x41e518,0x83ca30	20000000	0	0	1000000	1500
558	24	18	19	0x745ffb	0xe8bff3	0xc0001,0x180002,0x300004,0x600008,0xc00010,0x8c0020,0x140040,0x280080,0x500100,0xa00200,0x4c0400,0x980800,0x3c1000,0x782000,0xf04000,0xec8000,0xd50000,0xa60000	0x79461,0x8bca3,0x117946,0x22f28c,0x41e518,0x83ca30	20000000	0	0	1000000	1500
559	24	18	19	0x2e7370	0x4ed378	0xc0001,0x180002,0x300004,0x600008,0xc00010,0x8c0020,0x140040,0x280080,0x500100,0xa00200,0x4c0400,0x980800,0x3c1000,0x782000,0xf04000,0xec8000,0xd50000,0xa60000	0x79461,0x8bca3,0x117946,0x22f28c,0x41e518,0x83ca30	20000000	0	0	1000000	1500
560	24	18	19	0x22017c	0x44047c	0xc0001,0x180002,0x300004,0x600008,0xc00010,0x8c0020,0x140040,0x280080,0x500100,0xa00200,0x4c0400,0x980800,0x3c1000,0x782000,0xf04000,0xec8000,0xd50000,0xa60000	0x79461,0x8bca3,0x117946,0x22f28c,0x41e518,0x83ca30	20000000	0	0	1000000	1500
561	24	18	19	0x1bf43d	0xb7e8bd	0xc0001,0x180002,0x300004,0x600008,0xc00010,0x8c0020,0x140040,0x280080,0x500100,0xa00200,0x4c0400,0x980800,0x3c1000,0x782000,0xf04000,0xec8000,0xd50000,0xa60000	0x79461,0x8bca3,0x117946,0x22f28c,0x41e518,0x83ca30	20000000	0	0	1000000	1500
562	24	18	19	0x2c5db4	0x78bdb4	0xc0001,0x180002,0x300004,0x600008,0xc00010,0x8c0020,0x140040,0x280080,0x500100,0xa00200,0x4c0400,0x980800,0x3c1000,0x782000,0xf04000,0xec8000,0xd50000,0xa60000	0x79461,0x8bca3,0x117946,0x22f28c,0x41e518,0x83ca30	20000000	0	0	1000000	1500
563	24	18	19	0x47c670	0xcf8a74	0xc0001,0x180002,0x300004,0x600008,0xc00010,0x8c0020,0x140040,0x280080,0x500100,0xa00200,0x4c0400,0x980800,0x3c1000,0x782000,0xf04000,0xec8000,0xd50000,0xa60000	0x79461,0x8bca3,0x117946,0x22f28c,0x41e518,0x83ca30	20000000	0	0	1000000	1500
564	24	18	19	0x32a0	0x4032a0	0xc0001,0x180002,0x300004,0x600008,0xc00010,0x8c0020,0x140040,0x280080,0x500100,0xa00200,0x4c0400,0x980800,0x3c1000,0x782000,0xf04000,0xec8000,0xd50000,0xa60000	0x79461,0x8bca3,0x117946,0x22f28c,0x41e518,0x83ca30	20000000	0	0	1000000	1500
565	24	18	19	0x41ae1e	0x835a3e	0xc0001,0x180002,0x300004,0x600008,0xc00010,0x8c0020,0x140040,0x280080,0x500100,0xa00200,0x4c0400,0x980800,0x3c1000,0x782000,0xf04000,0xec8000,0xd50000,0xa60000	0x79461,0x8bca3,0x117946,0x22f28c,0x41e518,0x83ca30	20000000	0	0	1000000	1500
566	24	18	19	0x1fe931	0x9fe931	0xc0001,0x180002,0x300004,0x600008,0xc00010,0x8c0020,0x140040,0x280080,0x500100,0xa00200,0x4c0400,0x980800,0x3c1000,0x782000,0xf04000,0xec8000,0xd50000,0xa60000	0x79461,0x8bca3,0x117946,0x22f28c,0x41e518,0x83ca30	20000000	0	0	1000000	1500
567	24	18	19	0x74f261	0xc9e661	0xc0001,0x180002,0x300004,0x600008,0xc00010,0x8c0020,0x140040,0x280080,0x500100,0xa00200,0x4c0400,0x980800,0x3c1000,0x782000,0xf04000,0xec8000,0xd50000,0xa60000	0x79461,0x8bca3,0x117946,0x22f28c,0x41e518,0x83ca30	20000000	0	0	1000000	1500
568	24	18	19	0xa65fe	0xa65fe	0xc0001,0x180002,0x300004,0x600008,0xc00010,0x8c0020,0x140040,0x280080,0x500100,0xa00200,0x4c0400,0x980800,0x3c1000,0x782000,0xf04000,0xec8000,0xd50000,0xa60000	0x79461,0x8bca3,0x117946,0x22f28c,0x41e518,0x83ca30	20000000	0	0	1000000	1500
569	24	18	19	0x50e15e	0xa8e15e	0xc0001,0x180002,0x300004,0x600008,0xc00010,0x8c0020,0x140040,0x280080,0x500100,0xa00200,0x4c0400,0x980800,0x3c1000,0x782000,0xf04000,0xec8000,0xd50000,0xa60000	0x79461,0x8bca3,0x117946,0x22f28c,0x41e518,0x83ca30	20000000	0	0	1000000	1500
570	24	18	19	0x62bd0e	0xc2bd0e	0xc0001,0x180002,0x300004,0x600008,0xc00010,0x8c0020,0x140040,0x280080,0x500100,0xa00200,0x4c0400,0x980800,0x3c1000,0x782000,0xf04000,0xec8000,0xd50000,0xa60000	0x79461,0x8bca3,0x117946,0x22f28c,0x41e518,0x83ca30	20000000	0	0	1000000	1500
571	24	18	19	0x30aee4	0x605d80	0xc0001,0x180002,0x300004,0x600008,0xc00010,0x8c0020,0x140040,0x280080,0x500100,0xa00200,0x4c0400,0x980800,0x3c1000,0x782000,0xf04000,0xec8000,0xd50000,0xa60000	0x79461,0x8bca3,0x117946,0x22f28c,0x41e518,0x83ca30	20000000	0	0	1000000	1500
572	24	18	19	0x1b9bf0	0x7737d0	0xc0001,0x180002,0x300004,0x600008,0xc00010,0x8c0020,0x140040,0x280080,0x500100,0xa00200,0x4c0400,0x980800,0x3c1000,0x782000,0xf04000,0xec8000,0xd50000,0xa60000	0x79461,0x8bca3,0x117946,0x22f28c,0x41e518,0x83ca30	20000000	0	0	1000000	1500
573	24	18	19	0x1f5eef	0x3f5eef	0xc0001,0x180002,0x300004,0x600008,0xc00010,0x8c0020,0x140040,0x280080,0x500100,0xa00200,0x4c0400,0x980800,0x3c1000,0x782000,0xf04000,0xec8000,0xd50000,0xa60000	0x79461,0x8bca3,0x117946,0x22f28c,0x41e518,0x83ca30	20000000	0	0	1000000	1500
574	24	18	19	0x63fc89	0xc7f981	0xc0001,0x180002,0x300004,0x600008,0xc00010,0x8c0020,0x140040,0x280080,0x500100,0xa00200,0x4c0400,0x980800,0x3c1000,0x782000,0xf04000,0xec8000,0xd50000,0xa60000	0x79461,0x8bca3,0x117946,0x22f28c,0x41e518,0x83ca30	20000000	0	0	1000000	1500
575	24	18	19	0x306c49	0x60da49	0xc0001,0x180002,0x300004,0x600008,0xc00010,0x8c0020,0x140040,0x280080,0x500100,0xa00200,0x4c0400,0x980800,0x3c1000,0x782000,0xf04000,0xec8000,0xd50000,0xa60000	0x79461,0x8bca3,0x117946,0x22f28c,0x41e518,0x83ca30	20000000	0	0	1000000	1500
576	32	21	19	0x98f4d90	0x131e9b24	0x72000001,0x31200002,0xe0000004,0xe9600008,0x91000010,0x40a00020,0x27800040,0x49800080,0xdb600100,0xa5800200,0xe5c00400,0xe9800800,0xba001000,0xf4402000,0x8404000,0x79208000,0xfee10000,0x5de20000,0xe9240000,0x39280000,0x6a100000	0x2f812a,0x436508,0x830ee0,0x10e8fda,0x2111141,0x4032640,0x81fd988,0x100bb113,0x201dbe4f,0x4017adad,0x80053f1c	20000000	1	1	1000000	1500
577	32	21	19	0x7c18e1dd	0xf831c1df	0x800001,0x14600002,0x1e00004,0x7a00008,0xbbc00010,0x10e00020,0x8e200040,0x27600080,0xea600100,0xa1e00200,0xe4800400,0x13400800,0x56601000,0xe6c02000,0xcfc04000,0xacc08000,0x2c010000,0x84a20000,0x2d240000,0x4dc80000,0x5d700000	0x3613ee,0x58fbb6,0x8ae63d,0x11c4a9c,0x20079d8,0x41ff4ca,0x81dc150,0x10101832,0x2005a790,0x40187500,0x8002e750	20000000	1	1	1000000	1500
578	32	21	19	0x1c825347	0x34825967	0xa3800001,0x35c00002,0xa6c00004,0x4da00008,0xcb400010,0x9f400020,0x8a800040,0x19a00080,0x74200100,0xf9a00200,0x3c00400,0xf6800800,0x66001000,0x4b402000,0x64c04000,0xc1a08000,0x29210000,0x91a20000,0xa4640000,0xb5e80000,0xaab00000	0x3f8388,0x4c6436,0x9acecf,0x10ba6bb,0x2103c75,0x40c592e,0x81122f8,0x100a0ba2,0x201d5b07,0x4000fb18,0x801e8a75	20000000	1	1	1000000	1500
579	32	21	19	0x77c16297	0xebc06297	0x65200001,0xc2a00002,0xe6c00004,0x21e00008,0xfe200010,0xfc000020,0xa7200040,0x80200080,0xda400100,0x71600200,0x5c800400,0x11a00800,0xc4c01000,0xca202000,0x6fc04000,0x3b608000,0x3d610000,0x5f620000,0xb0040000,0xcee80000,0x5e500000	0x2baadb,0x5bd30c,0x885c0e,0x103ca49,0x21ae156,0x41b5475,0x81be530,0x10178f30,0x2005c27d,0x401a7737,0x800c31f6	20000000	1	1	1000000	1500
580	32	21	19	0x6cd918ec	0xd99918ec	0x72000001,0x31200002,0xe0000004,0xe9600008,0x91000010,0x40a00020,0x27800040,0x49800080,0xdb600100,0xa5800200,0xe5c00400,0xe9800800,0xba001000,0xf4402000,0x8404000,0x79208000,0xfee10000,0x5de20000,0xe9240000,0x39280000,0x6a100000	0x2f812a,0x436508,0x830ee0,0x10e8fda,0x2111141,0x4032640,0x81fd988,0x100bb113,0x201dbe4f,0x4017adad,0x80053f1c	20000000	1	1	1000000	1500
581	32	21	19	0xc056989	0x1809d309	0x800001,0x14600002,0x1e00004,0x7a00008,0xbbc00010,0x10e00020,0x8e200040,0x27600080,0xea600100,0xa1e00200,0xe4800400,0x13400800,0x56601000,0xe6c02000,0xcfc04000,0xacc08000,0x2c010000,0x84a20000,0x2d240000,0x4dc80000,0x5d700000	0x3613ee,0x58fbb6,0x8ae63d,0x11c4a9c,0x20079d8,0x41ff4ca,0x81dc150,0x10101832,0x2005a790,0x40187500,0x8002e750	20000000	1	1	1000000	1500
582	32	21	19	0x423b483a	0x8436883a	0xa3800001,0x35c00002,0xa6c00004,0x4da00008,0xcb400010,0x9f400020,0x8a800040,0x19a00080,0x74200100,0xf9a00200,0x3c00400,0xf6800800,0x66001000,0x4b402000,0x64c04000,0xc1a08000,0x29210000,0x91a20000,0xa4640000,0xb5e80000,0xaab00000	0x3f8388,0x4c6436,0x9acecf,0x10ba6bb,0x2103c75,0x40c592e,0x81122f8,0x100a0ba2,0x201d5b07,0x4000fb18,0x801e8a75	20000000	1	1	1000000	1500
583	32	21	19	0x575a7fb1	0xaeb4ff63	0x65200001,0xc2a00002,0xe6c00004,0x21e00008,0xfe200010,0xfc000020,0xa7200040,0x80200080,0xda400100,0x71600200,0x5c800400,0x11a00800,0xc4c01000,0xca202000,0x6fc04000,0x3b608000,0x3d610000,0x5f620000,0xb0040000,0xcee80000,0x5e500000	0x2baadb,0x5bd30c,0x885c0e,0x103ca49,0x21ae156,0x41b5475,0x81be530,0x10178f30,0x2005c27d,0x401a7737,0x800c31f6	20000000	1	1	1000000	1500
584	32	21	19	0x6c18363f	0xd830ec1b	0x72000001,0x31200002,0xe0000004,0xe9600008,0x91000010,0x40a00020,0x27800040,0x49800080,0xdb600100,0xa5800200,0xe5c00400,0xe9800800,0xba001000,0xf4402000,0x8404000,0x79208000,0xfee10000,0x5de20000,0xe9240000,0x39280000,0x6a100000	0x2f812a,0x436508,0x830ee0,0x10e8fda,0x2111141,0x4032640,0x81fd988,0x100bb113,0x201dbe4f,0x4017adad,0x80053f1c	20000000	0	0	1000000	1500
585	32	21	19	0x637cf0e4	0x567cf0e4	0x800001,0x14600002,0x1e00004,0x7a00008,0xbbc00010,0x10e00020,0x8e200040,0x27600080,0xea600100,0xa1e00200,0xe4800400,0x13400800,0x56601000,0xe6c02000,0xcfc04000,0xacc08000,0x2c010000,0x84a20000,0x2d240000,0x4dc80000,0x5d700000	0x3613ee,0x58fbb6,0x8ae63d,0x11c4a9c,0x20079d8,0x41ff4ca,0x81dc150,0x10101832,0x2005a790,0x40187500,0x8002e750	20000000	0	0	1000000	1500
586	32	21	19	0xb4ee2b6	0x169de2be	0xa3800001,0x35c00002,0xa6c00004,0x4da00008,0xcb400010,0x9f400020,0x8a800040,0x19a00080,0x74200100,0xf9a00200,0x3c00400,0xf6800800,0x66001000,0x4b402000,0x64c04000,0xc1a08000,0x29210000,0x91a20000,0xa4640000,0xb5e80000,0xaab00000	0x3f8388,0x4c6436,0x9acecf,0x10ba6bb,0x2103c75,0x40c592e,0x81122f8,0x100a0ba2,0x201d5b07,0x4000fb18,0x801e8a75	20000000	0	0	1000000	1500
587	32	21	19	0x3c63837	0x78c7057	0x65200001,0xc2a00002,0xe6c00004,0x21e00008,0xfe200010,0xfc000020,0xa7200040,0x80200080,0xda400100,0x71600200,0x5c800400,0x11a00800,0xc4c01000,0xca202000,0x6fc04000,0x3b608000,0x3d610000,0x5f620000,0xb0040000,0xcee80000,0x5e500000	0x2baadb,0x5bd30c,0x885c0e,0x103ca49,0x21ae156,0x41b5475,0x81be530,0x10178f30,0x2005c27d,0x401a7737,0x800c31f6	20000000	0	0	1000000	1500
588	32	21	19	0x71575227	0xe5575225	0x72000001,0x31200002,0xe0000004,0xe9600008,0x91000010,0x40a00020,0x27800040,0x49800080,0xdb600100,0xa5800200,0xe5c00400,0xe9800800,0xba001000,0xf4402000,0x8404000,0x79208000,0xfee10000,0x5de20000,0xe9240000,0x39280000,0x6a100000	0x2f812a,0x436508,0x830ee0,0x10e8fda,0x2111141,0x4032640,0x81fd988,0x100bb113,0x201dbe4f,0x4017adad,0x80053f1c	20000000	0	0	1000000	1500
589	32	21	19	0x1c15dd98	0x392badb8	0x800001,0x14600002,0x1e00004,0x7a00008,0xbbc00010,0x10e00020,0x8e200040,0x27600080,0xea600100,0xa1e00200,0xe4800400,0x13400800,0x56601000,0xe6c02000,0xcfc04000,0xacc08000,0x2c010000,0x84a20000,0x2d240000,0x4dc80000,0x5d700000	0x3613ee,0x58fbb6,0x8ae63d,0x11c4a9c,0x20079d8,0x41ff4ca,0x81dc150,0x10101832,0x2005a790,0x40187500,0x8002e750	20000000	0	0	1000000	1500
590	32	21	19	0x3e2cb154	0x7c596954	0xa3800001,0x35c00002,0xa6c00004,0x4da00008,0xcb400010,0x9f400020,0x8a800040,0x19a00080,0x74200100,0xf9a00200,0x3c00400,0xf6800800,0x66001000,0x4b402000,0x64c04000,0xc1a08000,0x29210000,0x91a20000,0xa4640000,0xb5e80000,0xaab00000	0x3f8388,0x4c6436,0x9acecf,0x10ba6bb,0x2103c75,0x40c592e,0x81122f8,0x100a0ba2,0x201d5b07,0x4000fb18,0x801e8a75	20000000	0	0	1000000	1500
591	32	21	19	0x13b33fcd	0x253337cc	0x65200001,0xc2a00002,0xe6c00004,0x21e00008,0xfe200010,0xfc000020,0xa7200040,0x80200080,0xda400100,0x71600200,0x5c800400,0x11a00800,0xc4c01000,0xca202000,0x6fc04000,0x3b608000,0x3d610000,0x5f620000,0xb0040000,0xcee80000,0x5e500000	0x2baadb,0x5bd30c,0x885c0e,0x103ca49,0x21ae156,0x41b5475,0x81be530,0x10178f30,0x2005c27d,0x401a7737,0x800c31f6	20000000	0	0	1000000	1500
592	32	21	19	0x44d58715	0xcad59595	0x72000001,0x31200002,0xe0000004,0xe9600008,0x91000010,0x40a00020,0x27800040,0x49800080,0xdb600100,0xa5800200,0xe5c00400,0xe9800800,0xba001000,0xf4402000,0x8404000,0x79208000,0xfee10000,0x5de20000,0xe9240000,0x39280000,0x6a100000	0x2f812a,0x436508,0x830ee0,0x10e8fda,0x2111141,0x4032640,0x81fd988,0x100bb113,0x201dbe4f,0x4017adad,0x80053f1c	20000000	0	0	1000000	1500
593	32	21	19	0x113bf55e	0x2277f55e	0x800001,0x14600002,0x1e00004,0x7a00008,0xbbc00010,0x10e00020,0x8e200040,0x27600080,0xea600100,0xa1e00200,0xe4800400,0x13400800,0x56601000,0xe6c02000,0xcfc04000,0xacc08000,0x2c010000,0x84a20000,0x2d240000,0x4dc80000,0x5d700000	0x3613ee,0x58fbb6,0x8ae63d,0x11c4a9c,0x20079d8,0x41ff4ca,0x81dc150,0x10101832,0x2005a790,0x40187500,0x8002e750	20000000	0	0	1000000	1500
594	32	21	19	0x202afb1c	0x4851d634	0xa3800001,0x35c00002,0xa6c00004,0x4da00008,0xcb400010,0x9f400020,0x8a800040,0x19a00080,0x74200100,0xf9a00200,0x3c00400,0xf6800800,0x66001000,0x4b402000,0x64c04000,0xc1a08000,0x29210000,0x91a20000,0xa4640000,0xb5e80000,0xaab00000	0x3f8388,0x4c6436,0x9acecf,0x10ba6bb,0x2103c75,0x40c592e,0x81122f8,0x100a0ba2,0x201d5b07,0x4000fb18,0x801e8a75	20000000	0	0	1000000	1500
595	32	21	19	0x37a727eb	0x6f4c4fd7	0x65200001,0xc2a00002,0xe6c00004,0x21e00008,0xfe200010,0xfc000020,0xa7200040,0x80200080,0xda400100,0x71600200,0x5c800400,0x11a00800,0xc4c01000,0xca202000,0x6fc04000,0x3b608000,0x3d610000,0x5f620000,0xb0040000,0xcee80000,0x5e500000	0x2baadb,0x5bd30c,0x885c0e,0x103ca49,0x21ae156,0x41b5475,0x81be530,0x10178f30,0x2005c27d,0x401a7737,0x800c31f6	20000000	0	0	1000000	1500
596	32	21	19	0x5694015e	0xd694015e	0x72000001,0x31200002,0xe0000004,0xe9600008,0x91000010,0x40a00020,0x27800040,0x49800080,0xdb600100,0xa5800200,0xe5c00400,0xe9800800,0xba001000,0xf4402000,0x8404000,0x79208000,0xfee10000,0x5de20000,0xe9240000,0x39280000,0x6a100000	0x2f812a,0x436508,0x830ee0,0x10e8fda,0x2111141,0x4032640,0x81fd988,0x100bb113,0x201dbe4f,0x4017adad,0x80053f1c	20000000	0	0	1000000	1500
597	32	21	19	0x7cff5de2	0xbcff5de2	0x800001,0x14600002,0x1e00004,0x7a00008,0xbbc00010,0x10e00020,0x8e200040,0x27600080,0xea600100,0xa1e00200,0xe4800400,0x13400800,0x56601000,0xe6c02000,0xcfc04000,0xacc08000,0x2c010000,0x84a20000,0x2d240000,0x4dc80000,0x5d700000	0x3613ee,0x58fbb6,0x8ae63d,0x11c4a9c,0x20079d8,0x41ff4ca,0x81dc150,0x10101832,0x2005a790,0x40187500,0x8002e750	20000000	0	0	1000000	1500
598	32	21	19	0x43b36d5e	0x23b36d5e	0xa3800001,0x35c00002,0xa6c00004,0x4da00008,0xcb400010,0x9f400020,0x8a800040,0x19a00080,0x74200100,0xf9a00200,0x3c00400,0xf6800800,0x66001000,0x4b402000,0x64c04000,0xc1a08000,0x29210000,0x91a20000,0xa4640000,0xb5e80000,0xaab00000	0x3f8388,0x4c6436,0x9acecf,0x10ba6bb,0x2103c75,0x40c592e,0x81122f8,0x100a0ba2,0x201d5b07,0x4000fb18,0x801e8a75	20000000	0	0	1000000	1500
599	32	21	19	0x2f401911	0x5e003911	0x65200001,0xc2a00002,0xe6c00004,0x21e00008,0xfe200010,0xfc000020,0xa7200040,0x80200080,0xda400100,0x71600200,0x5c800400,0x11a00800,0xc4c01000,0xca202000,0x6fc04000,0x3b608000,0x3d610000,0x5f620000,0xb0040000,0xcee80000,0x5e500000	0x2baadb,0x5bd30c,0x885c0e,0x103ca49,0x21ae156,0x41b5475,0x81be530,0x10178f30,0x2005c27d,0x401a7737,0x800c31f6	20000000	0	0	1000000	1500
600	32	21	19	0x4c26aa	0x2984d5e	0x72000001,0x31200002,0xe0000004,0xe9600008,0x91000010,0x40a00020,0x27800040,0x49800080,0xdb600100,0xa5800200,0xe5c00400,0xe9800800,0xba001000,0xf4402000,0x8404000,0x79208000,0xfee10000,0x5de20000,0xe9240000,0x39280000,0x6a100000	0x2f812a,0x436508,0x830ee0,0x10e8fda,0x2111141,0x4032640,0x81fd988,0x100bb113,0x201dbe4f,0x4017adad,0x80053f1c	20000000	0	0	1000000	1500
601	32	21	19	0x5aea7777	0xb4d4eef7	0x800001,0x14600002,0x1e00004,0x7a00008,0xbbc00010,0x10e00020,0x8e200040,0x27600080,0xea600100,0xa1e00200,0xe4800400,0x13400800,0x56601000,0xe6c02000,0xcfc04000,0xacc08000,0x2c010000,0x84a20000,0x2d240000,0x4dc80000,0x5d700000	0x3613ee,0x58fbb6,0x8ae63d,0x11c4a9c,0x20079d8,0x41ff4ca,0x81dc150,0x10101832,0x2005a790,0x40187500,0x8002e750	20000000	0	0	1000000	1500
602	32	21	19	0x1dec1bae	0x3fdc9bae	0xa3800001,0x35c00002,0xa6c00004,0x4da00008,0xcb400010,0x9f400020,0x8a800040,0x19a00080,0x74200100,0xf9a00200,0x3c00400,0xf6800800,0x66001000,0x4b402000,0x64c04000,0xc1a08000,0x29210000,0x91a20000,0xa4640000,0xb5e80000,0xaab00000	0x3f8388,0x4c6436,0x9acecf,0x10ba6bb,0x2103c75,0x40c592e,0x81122f8,0x100a0ba2,0x201d5b07,0x4000fb18,0x801e8a75	20000000	0	0	1000000	1500
603	32	21	19	0x5816d794	0xb016d784	0x65200001,0xc2a00002,0xe6c00004,0x21e00008,0xfe200010,0xfc000020,0xa7200040,0x80200080,0xda400100,0x71600200,0x5c800400,0x11a00800,0xc4c01000,0xca202000,0x6fc04000,0x3b608000,0x3d610000,0x5f620000,0xb0040000,0xcee80000,0x5e500000	0x2baadb,0x5bd30c,0x885c0e,0x103ca49,0x21ae156,0x41b5475,0x81be530,0x10178f30,0x2005c27d,0x401a7737,0x800c31f6	20000000	0	0	1000000	1500
604	32	21	19	0x7a244144	0xf64880ca	0x72000001,0x31200002,0xe0000004,0xe9600008,0x91000010,0x40a00020,0x27800040,0x49800080,0xdb600100,0xa5800200,0xe5c00400,0xe9800800,0xba001000,0xf4402000,0x8404000,0x79208000,0xfee10000,0x5de20000,0xe9240000,0x39280000,0x6a100000	0x2f812a,0x436508,0x830ee0,0x10e8fda,0x2111141,0x4032640,0x81fd988,0x100bb113,0x201dbe4f,0x4017adad,0x80053f1c	20000000	0	0	1000000	1500
605	32	21	19	0x13b006aa	0x676006a6	0x800001,0x14600002,0x1e00004,0x7a00008,0xbbc00010,0x10e00020,0x8e200040,0x27600080,0xea600100,0xa1e00200,0xe4800400,0x13400800,0x56601000,0xe6c02000,0xcfc04000,0xacc08000,0x2c010000,0x84a20000,0x2d240000,0x4dc80000,0x5d700000	0x3613ee,0x58fbb6,0x8ae63d,0x11c4a9c,0x20079d8,0x41ff4ca,0x81dc150,0x10101832,0x2005a790,0x40187500,0x8002e750	20000000	0	0	1000000	1500
606	32	21	19	0x5f4af2ca	0xbe8af2ca	0xa3800001,0x35c00002,0xa6c00004,0x4da00008,0xcb400010,0x9f400020,0x8a800040,0x19a00080,0x74200100,0xf9a00200,0x3c00400,0xf6800800,0x66001000,0x4b402000,0x64c04000,0xc1a08000,0x29210000,0x91a20000,0xa4640000,0xb5e80000,0xaab00000	0x3f8388,0x4c6436,0x9acecf,0x10ba6bb,0x2103c75,0x40c592e,0x81122f8,0x100a0ba2,0x201d5b07,0x4000fb18,0x801e8a75	20000000	0	0	1000000	1500
607	32	21	19	0x4cd8ce3f	0x9ad8ce3f	0x65200001,0xc2a00002,0xe6c00004,0x21e00008,0xfe200010,0xfc000020,0xa7200040,0x80200080,0xda400100,0x71600200,0x5c800400,0x11a00800,0xc4c01000,0xca202000,0x6fc04000,0x3b608000,0x3d610000,0x5f620000,0xb0040000,0xcee80000,0x5e500000	0x2baadb,0x5bd30c,0x885c0e,0x103ca49,0x21ae156,0x41b5475,0x81be530,0x10178f30,0x2005c27d,0x401a7737,0x800c31f6	20000000	0	0	1000000	1500
608	32	21	19	0x3104fc0d	0x6a09f80d	0x72000001,0x31200002,0xe0000004,0xe9600008,0x91000010,0x40a00020,0x27800040,0x49800080,0xdb600100,0xa5800200,0xe5c00400,0xe9800800,0xba001000,0xf4402000,0x8404000,0x79208000,0xfee10000,0x5de20000,0xe9240000,0x39280000,0x6a100000	0x2f812a,0x436508,0x830ee0,0x10e8fda,0x2111141,0x4032640,0x81fd988,0x100bb113,0x201dbe4f,0x4017adad,0x80053f1c	20000000	0	0	1000000	1500
609	32	21	19	0x2694d1c	0x4d39a3e	0x800001,0x14600002,0x1e00004,0x7a00008,0xbbc00010,0x10e00020,0x8e200040,0x27600080,0xea600100,0xa1e00200,0xe4800400,0x13400800,0x56601000,0xe6c02000,0xcfc04000,0xacc08000,0x2c010000,0x84a20000,0x2d240000,0x4dc80000,0x5d700000	0x3613ee,0x58fbb6,0x8ae63d,0x11c4a9c,0x20079d8,0x41ff4ca,0x81dc150,0x10101832,0x2005a790,0x40187500,0x8002e750	20000000	0	0	1000000	1500
610	32	21	19	0x77acfce	0x77acf4e	0xa3800001,0x35c00002,0xa6c00004,0x4da00008,0xcb400010,0x9f400020,0x8a800040,0x19a00080,0x74200100,0xf9a00200,0x3c00400,0xf6800800,0x66001000,0x4b402000,0x64c04000,0xc1a08000,0x29210000,0x91a20000,0xa4640000,0xb5e80000,0xaab00000	0x3f8388,0x4c6436,0x9acecf,0x10ba6bb,0x2103c75,0x40c592e,0x81122f8,0x100a0ba2,0x201d5b07,0x4000fb18,0x801e8a75	20000000	0	0	1000000	1500
611	32	21	19	0x7ff7d3af	0xffefc3af	0x65200001,0xc2a00002,0xe6c00004,0x21e00008,0xfe200010,0xfc000020,0xa7200040,0x80200080,0xda400100,0x71600200,0x5c800400,0x11a00800,0xc4c01000,0xca202000,0x6fc04000,0x3b608000,0x3d610000,0x5f620000,0xb0040000,0xcee80000,0x5e500000	0x2baadb,0x5bd30c,0x885c0e,0x103ca49,0x21ae156,0x41b5475,0x81be530,0x10178f30,0x2005c27d,0x401a7737,0x800c31f6	20000000	0	0	1000000	1500
612	32	21	19	0x16c925bd	0x25924b7d	0x72000001,0x31200002,0xe0000004,0xe9600008,0x91000010,0x40a00020,0x27800040,0x49800080,0xdb600100,0xa5800200,0xe5c00400,0xe9800800,0xba001000,0xf4402000,0x8404000,0x79208000,0xfee10000,0x5de20000,0xe9240000,0x39280000,0x6a100000	0x2f812a,0x436508,0x830ee0,0x10e8fda,0x2111141,0x4032640,0x81fd988,0x100bb113,0x201dbe4f,0x4017adad,0x80053f1c	20000000	0	0	1000000	1500
613	32	21	19	0x7fdafde	0x4efbafde	0x800001,0x14600002,0x1e00004,0x7a00008,0xbbc00010,0x10e00020,0x8e200040,0x27600080,0xea600100,0xa1e00200,0xe4800400,0x13400800,0x56601000,0xe6c02000,0xcfc04000,0xacc08000,0x2c010000,0x84a20000,0x2d240000,0x4dc80000,0x5d700000	0x3613ee,0x58fbb6,0x8ae63d,0x11c4a9c,0x20079d8,0x41ff4ca,0x81dc150,0x10101832,0x2005a790,0x40187500,0x8002e750	20000000	0	0	1000000	1500
614	32	21	19	0x257ffebd	0x497ffead	0xa3800001,0x35c00002,0xa6c00004,0x4da00008,0xcb400010,0x9f400020,0x8a800040,0x19a00080,0x74200100,0xf9a00200,0x3c00400,0xf6800800,0x66001000,0x4b402000,0x64c04000,0xc1a08000,0x29210000,0x91a20000,0xa4640000,0xb5e80000,0xaab00000	0x3f8388,0x4c6436,0x9acecf,0x10ba6bb,0x2103c75,0x40c592e,0x81122f8,0x100a0ba2,0x201d5b07,0x4000fb18,0x801e8a75	20000000	0	0	1000000	1500
615	32	21	19	0x35ac8a83	0x7b4912a7	0x65200001,0xc2a00002,0xe6c00004,0x21e00008,0xfe200010,0xfc000020,0xa7200040,0x80200080,0xda400100,0x71600200,0x5c800400,0x11a00800,0xc4c01000,0xca202000,0x6fc04000,0x3b608000,0x3d610000,0x5f620000,0xb0040000,0xcee80000,0x5e500000	0x2baadb,0x5bd30c,0x885c0e,0x103ca49,0x21ae156,0x41b5475,0x81be530,0x10178f30,0x2005c27d,0x401a7737,0x800c31f6	20000000	0	0	1000000	1500
616	32	21	19	0x62002f99	0xc5002f99	0x72000001,0x31200002,0xe0000004,0xe9600008,0x91000010,0x40a00020,0x27800040,0x49800080,0xdb600100,0xa5800200,0xe5c00400,0xe9800800,0xba001000,0xf4402000,0x8404000,0x79208000,0xfee10000,0x5de20000,0xe9240000,0x39280000,0x6a100000	0x2f812a,0x436508,0x830ee0,0x10e8fda,0x2111141,0x4032640,0x81fd988,0x100bb113,0x201dbe4f,0x4017adad,0x80053f1c	20000000	0	0	1000000	1500
617	32	21	19	0x792005e	0xf64809e	0x800001,0x14600002,0x1e00004,0x7a00008,0xbbc00010,0x10e00020,0x8e200040,0x27600080,0xea600100,0xa1e00200,0xe4800400,0x13400800,0x56601000,0xe6c02000,0xcfc04000,0xacc08000,0x2c010000,0x84a20000,0x2d240000,0x4dc80000,0x5d700000	0x3613ee,0x58fbb6,0x8ae63d,0x11c4a9c,0x20079d8,0x41ff4ca,0x81dc150,0x10101832,0x2005a790,0x40187500,0x8002e750	20000000	0	0	1000000	1500
618	32	21	19	0x31bbfa2c	0x2377ea2c	0xa3800001,0x35c00002,0xa6c00004,0x4da00008,0xcb400010,0x9f400020,0x8a800040,0x19a00080,0x74200100,0xf9a00200,0x3c00400,0xf6800800,0x66001000,0x4b402000,0x64c04000,0xc1a08000,0x29210000,0x91a20000,0xa4640000,0xb5e80000,0xaab00000	0x3f8388,0x4c6436,0x9acecf,0x10ba6bb,0x2103c75,0x40c592e,0x81122f8,0x100a0ba2,0x201d5b07,0x4000fb18,0x801e8a75	20000000	0	0	1000000	1500
619	32	21	19	0x73928d9f	0xb3928d9f	0x65200001,0xc2a00002,0xe6c00004,0x21e00008,0xfe200010,0xfc000020,0xa7200040,0x80200080,0xda400100,0x71600200,0x5c800400,0x11a00800,0xc4c01000,0xca202000,0x6fc04000,0x3b608000,0x3d610000,0x5f620000,0xb0040000,0xcee80000,0x5e500000	0x2baadb,0x5bd30c,0x885c0e,0x103ca49,0x21ae156,0x41b5475,0x81be530,0x10178f30,0x2005c27d,0x401a7737,0x800c31f6	20000000	0	0	1000000	1500
620	32	21	19	0x13a1e705	0x2743a705	0x72000001,0x31200002,0xe0000004,0xe9600008,0x91000010,0x40a00020,0x27800040,0x49800080,0xdb600100,0xa5800200,0xe5c00400,0xe9800800,0xba001000,0xf4402000,0x8404000,0x79208000,0xfee10000,0x5de20000,0xe9240000,0x39280000,0x6a100000	0x2f812a,0x436508,0x830ee0,0x10e8fda,0x2111141,0x4032640,0x81fd988,0x100bb113,0x201dbe4f,0x4017adad,0x80053f1c	20000000	0	0	1000000	1500
621	32	21	19	0x677ffd3a	0xcefbfd3a	0x800001,0x14600002,0x1e00004,0x7a00008,0xbbc00010,0x10e00020,0x8e200040,0x27600080,0xea600100,0xa1e00200,0xe4800400,0x13400800,0x56601000,0xe6c02000,0xcfc04000,0xacc08000,0x2c010000,0x84a20000,0x2d240000,0x4dc80000,0x5d700000	0x3613ee,0x58fbb6,0x8ae63d,0x11c4a9c,0x20079d8,0x41ff4ca,0x81dc150,0x10101832,0x2005a790,0x40187500,0x8002e750	20000000	0	0	1000000	1500
622	32	21	19	0x223e89f7	0x4a3ea9d7	0xa3800001,0x35c00002,0xa6c00004,0x4da00008,0xcb400010,0x9f400020,0x8a800040,0x19a00080,0x74200100,0xf9a00200,0x3c00400,0xf6800800,0x66001000,0x4b402000,0x64c04000,0xc1a08000,0x29210000,0x91a20000,0xa4640000,0xb5e80000,0xaab00000	0x3f8388,0x4c6436,0x9acecf,0x10ba6bb,0x2103c75,0x40c592e,0x81122f8,0x100a0ba2,0x201d5b07,0x4000fb18,0x801e8a75	20000000	0	0	1000000	1500
623	32	21	19	0x2b717e24	0x45707a24	0x65200001,0xc2a00002,0xe6c00004,0x21e00008,0xfe200010,0xfc000020,0xa7200040,0x80200080,0xda400100,0x71600200,0x5c800400,0x11a00800,0xc4c01000,0xca202000,0x6fc04000,0x3b608000,0x3d610000,0x5f620000,0xb0040000,0xcee80000,0x5e500000	0x2baadb,0x5bd30c,0x885c0e,0x103ca49,0x21ae156,0x41b5475,0x81be530,0x10178f30,0x2005c27d,0x401a7737,0x800c31f6	20000000	0	0	1000000	1500
624	32	21	19	0x79d10b88	0xfba217c8	0x72000001,0x31200002,0xe0000004,0xe9600008,0x91000010,0x40a00020,0x27800040,0x49800080,0xdb600100,0xa5800200,0xe5c00400,0xe9800800,0xba001000,0xf4402000,0x8404000,0x79208000,0xfee10000,0x5de20000,0xe9240000,0x39280000,0x6a100000	0x2f812a,0x436508,0x830ee0,0x10e8fda,0x2111141,0x4032640,0x81fd988,0x100bb113,0x201dbe4f,0x4017adad,0x80053f1c	20000000	0	0	1000000	1500
625	32	21	19	0x462b3236	0xc532236	0x800001,0x14600002,0x1e00004,0x7a00008,0xbbc00010,0x10e00020,0x8e200040,0x27600080,0xea600100,0xa1e00200,0xe4800400,0x13400800,0x56601000,0xe6c02000,0xcfc04000,0xacc08000,0x2c010000,0x84a20000,0x2d240000,0x4dc80000,0x5d700000	0x3613ee,0x58fbb6,0x8ae63d,0x11c4a9c,0x20079d8,0x41ff4ca,0x81dc150,0x10101832,0x2005a790,0x40187500,0x8002e750	20000000	0	0	1000000	1500
626	32	21	19	0x3c43190d	0x788eb609	0xa3800001,0x35c00002,0xa6c00004,0x4da00008,0xcb400010,0x9f400020,0x8a800040,0x19a00080,0x74200100,0xf9a00200,0x3c00400,0xf6800800,0x66001000,0x4b402000,0x64c04000,0xc1a08000,0x29210000,0x91a20000,0xa4640000,0xb5e80000,0xaab00000	0x3f8388,0x4c6436,0x9acecf,0x10ba6bb,0x2103c75,0x40c592e,0x81122f8,0x100a0ba2,0x201d5b07,0x4000fb18,0x801e8a75	20000000	0	0	1000000	1500
627	32	21	19	0x4ee84e70	0x9fe84e73	0x65200001,0xc2a00002,0xe6c00004,0x21e00008,0xfe200010,0xfc000020,0xa7200040,0x80200080,0xda400100,0x71600200,0x5c800400,0x11a00800,0xc4c01000,0xca202000,0x6fc04000,0x3b608000,0x3d610000,0x5f620000,0xb0040000,0xcee80000,0x5e500000	0x2baadb,0x5bd30c,0x885c0e,0x103ca49,0x21ae156,0x41b5475,0x81be530,0x10178f30,0x2005c27d,0x401a7737,0x800c31f6	20000000	0	0	1000000	1500
628	32	21	19	0x600be031	0xc017c931	0x72000001,0x31200002,0xe0000004,0xe9600008,0x91000010,0x40a00020,0x27800040,0x49800080,0xdb600100,0xa5800200,0xe5c00400,0xe9800800,0xba001000,0xf4402000,0x8404000,0x79208000,0xfee10000,0x5de20000,0xe9240000,0x39280000,0x6a100000	0x2f812a,0x436508,0x830ee0,0x10e8fda,0x2111141,0x4032640,0x81fd988,0x100bb113,0x201dbe4f,0x4017adad,0x80053f1c	20000000	0	0	1000000	1500
629	32	21	19	0xe90f4e7	0x1f22f4e7	0x800001,0x14600002,0x1e00004,0x7a00008,0xbbc00010,0x10e00020,0x8e200040,0x27600080,0xea600100,0xa1e00200,0xe4800400,0x13400800,0x56601000,0xe6c02000,0xcfc04000,0xacc08000,0x2c010000,0x84a20000,0x2d240000,0x4dc80000,0x5d700000	0x3613ee,0x58fbb6,0x8ae63d,0x11c4a9c,0x20079d8,0x41ff4ca,0x81dc150,0x10101832,0x2005a790,0x40187500,0x8002e750	20000000	0	0	1000000	1500
630	32	21	19	0x649d9be0	0xc97b17a0	0xa3800001,0x35c00002,0xa6c00004,0x4da00008,0xcb400010,0x9f400020,0x8a800040,0x19a00080,0x74200100,0xf9a00200,0x3c00400,0xf6800800,0x66001000,0x4b402000,0x64c04000,0xc1a08000,0x29210000,0x91a20000,0xa4640000,0xb5e80000,0xaab00000	0x3f8388,0x4c6436,0x9acecf,0x10ba6bb,0x2103c75,0x40c592e,0x81122f8,0x100a0ba2,0x201d5b07,0x4000fb18,0x801e8a75	20000000	0	0	1000000	1500
631	32	21	19	0x1ee52197	0x79ce432f	0x65200001,0xc2a00002,0xe6c00004,0x21e00008,0xfe200010,0xfc000020,0xa7200040,0x80200080,0xda400100,0x71600200,0x5c800400,0x11a00800,0xc4c01000,0xca202000,0x6fc04000,0x3b608000,0x3d610000,0x5f620000,0xb0040000,0xcee80000,0x5e500000	0x2baadb,0x5bd30c,0x885c0e,0x103ca49,0x21ae156,0x41b5475,0x81be530,0x10178f30,0x2005c27d,0x401a7737,0x800c31f6	20000000	0	0	1000000	1500
632	32	21	19	0x1ce7903a	0x80e7903a	0x72000001,0x31200002,0xe0000004,0xe9600008,0x91000010,0x40a00020,0x27800040,0x49800080,0xdb600100,0xa5800200,0xe5c00400,0xe9800800,0xba001000,0xf4402000,0x8404000,0x79208000,0xfee10000,0x5de20000,0xe9240000,0x39280000,0x6a100000	0x2f812a,0x436508,0x830ee0,0x10e8fda,0x2111141,0x4032640,0x81fd988,0x100bb113,0x201dbe4f,0x4017adad,0x80053f1c	20000000	0	0	1000000	1500
633	32	21	19	0x33108414	0x66228434	0x800001,0x14600002,0x1e00004,0x7a00008,0xbbc00010,0x10e00020,0x8e200040,0x27600080,0xea600100,0xa1e00200,0xe4800400,0x13400800,0x56601000,0xe6c02000,0xcfc04000,0xacc08000,0x2c010000,0x84a20000,0x2d240000,0x4dc80000,0x5d700000	0x3613ee,0x58fbb6,0x8ae63d,0x11c4a9c,0x20079d8,0x41ff4ca,0x81dc150,0x10101832,0x2005a790,0x40187500,0x8002e750	20000000	0	0	1000000	1500
634	32	21	19	0x5695d91c	0xad2b591c	0xa3800001,0x35c00002,0xa6c00004,0x4da00008,0xcb400010,0x9f400020,0x8a800040,0x19a00080,0x74200100,0xf9a00200,0x3c00400,0xf6800800,0x66001000,0x4b402000,0x64c04000,0xc1a08000,0x29210000,0x91a20000,0xa4640000,0xb5e80000,0xaab00000	0x3f8388,0x4c6436,0x9acecf,0x10ba6bb,0x2103c75,0x40c592e,0x81122f8,0x100a0ba2,0x201d5b07,0x4000fb18,0x801e8a75	20000000	0	0	1000000	1500
635	32	21	19	0x50a9c4e8	0xa15384e8	0x65200001,0xc2a00002,0xe6c00004,0x21e00008,0xfe200010,0xfc000020,0xa7200040,0x80200080,0xda400100,0x71600200,0x5c800400,0x11a00800,0xc4c01000,0xca202000,0x6fc04000,0x3b608000,0x3d610000,0x5f620000,0xb0040000,0xcee80000,0x5e500000	0x2baadb,0x5bd30c,0x885c0e,0x103ca49,0x21ae156,0x41b5475,0x81be530,0x10178f30,0x2005c27d,0x401a7737,0x800c31f6	20000000	0	0	1000000	1500
636	32	21	19	0x6c83d568	0xd883d568	0x72000001,0x31200002,0xe0000004,0xe9600008,0x91000010,0x40a00020,0x27800040,0x49800080,0xdb600100,0xa5800200,0xe5c00400,0xe9800800,0xba001000,0xf4402000,0x8404000,0x79208000,0xfee10000,0x5de20000,0xe9240000,0x39280000,0x6a100000	0x2f812a,0x436508,0x830ee0,0x10e8fda,0x2111141,0x4032640,0x81fd988,0x100bb113,0x201dbe4f,0x4017adad,0x80053f1c	20000000	0	0	1000000	1500
637	32	21	19	0x7c1d396	0x87d1d393	0x800001,0x14600002,0x1e00004,0x7a00008,0xbbc00010,0x10e00020,0x8e200040,0x27600080,0xea600100,0xa1e00200,0xe4800400,0x13400800,0x56601000,0xe6c02000,0xcfc04000,0xacc08000,0x2c010000,0x84a20000,0x2d240000,0x4dc80000,0x5d700000	0x3613ee,0x58fbb6,0x8ae63d,0x11c4a9c,0x20079d8,0x41ff4ca,0x81dc150,0x10101832,0x2005a790,0x40187500,0x8002e750	20000000	0	0	1000000	1500
638	32	21	19	0x16f28af2	0x2dec8af2	0xa3800001,0x35c00002,0xa6c00004,0x4da00008,0xcb400010,0x9f400020,0x8a800040,0x19a00080,0x74200100,0xf9a00200,0x3c00400,0xf6800800,0x66001000,0x4b402000,0x64c04000,0xc1a08000,0x29210000,0x91a20000,0xa4640000,0xb5e80000,0xaab00000	0x3f8388,0x4c6436,0x9acecf,0x10ba6bb,0x2103c75,0x40c592e,0x81122f8,0x100a0ba2,0x201d5b07,0x4000fb18,0x801e8a75	20000000	0	0	1000000	1500
639	32	21	19	0x5b0185ad	0xb6030969	0x65200001,0xc2a00002,0xe6c00004,0x21e00008,0xfe200010,0xfc000020,0xa7200040,0x80200080,0xda400100,0x71600200,0x5c800400,0x11a00800,0xc4c01000,0xca202000,0x6fc04000,0x3b608000,0x3d610000,0x5f620000,0xb0040000,0xcee80000,0x5e500000	0x2baadb,0x5bd30c,0x885c0e,0x103ca49,0x21ae156,0x41b5475,0x81be530,0x10178f30,0x2005c27d,0x401a7737,0x800c31f6	20000000	0	0	1000000	1500
640	32	24	19	0x364f6686	0x6e4f6296	0x3000001,0x9e000002,0x1c000004,0xf1000008,0xfe000010,0xb000020,0xf5000040,0xa3000080,0xa8000100,0x84000200,0x9d000400,0x14000800,0xdd001000,0x12002000,0x2c004000,0x77008000,0x35010000,0x17020000,0x37040000,0x9f080000,0x73100000,0x17200000,0x81400000,0x8f800000	0x1ff94e9,0x2bea0b3,0x4afde56,0x8885536,0x103fbc5e,0x2015c1d8,0x40109058,0x80c817da	20000000	0	1	1000000	1500
641	32	24	19	0x12763cba	0x227638bb	0xbd000001,0x94000002,0x1e000004,0x4b000008,0xc7000010,0x3a000020,0xc1000040,0xe5000080,0x55000100,0xe0000200,0x6d000400,0x5c000800,0xce001000,0xfc002000,0xde004000,0xeb008000,0xed010000,0xe8020000,0x2a040000,0x4d080000,0x6b100000,0x98200000,0x7400000,0x8c800000	0x15985d9,0x254d03c,0x4c97d97,0x8bffc2d,0x10206927,0x2017a6a1,0x401bffd8,0x80a3f2d3	20000000	0	1	1000000	1500
642	32	24	19	0x728d9065	0xe5189066	0x5c000001,0x33000002,0xe6000004,0xe3000008,0xc2000010,0x39000020,0xc6000040,0xbe000080,0xd000100,0x8b000200,0x15000400,0xe000800,0x55001000,0xce002000,0x97004000,0xc4008000,0xe2010000,0xb8020000,0x36040000,0xa6080000,0xf8100000,0xb2200000,0x69400000,0xc5800000	0x1c0572a,0x22d6ade,0x48cfdc5,0x8522ba1,0x103654a3,0x207f00ae,0x40d1b05d,0x80bbe2dc	20000000	0	1	1000000	1500
643	32	24	19	0x21f6f5b7	0x43edd5b7	0x49000001,0x2,0xe3000004,0xb8000008,0xc1000010,0x8d000020,0xd8000040,0xbf000080,0x3a000100,0xf1000200,0xe5000400,0xd5000800,0x44001000,0xfe002000,0xb3004000,0xc3008000,0xcc010000,0xc4020000,0xce040000,0x9b080000,0x57100000,0x49200000,0x91400000,0xb0800000	0x178ceb5,0x21ce184,0x4173ca0,0x82d21e9,0x10d86bc8,0x2080678c,0x4037be55,0x80cfeefc	20000000	0	1	1000000	1500
644	32	24	19	0x3b6b0b44	0x76eb0b45	0x3000001,0x9e000002,0x1c000004,0xf1000008,0xfe000010,0xb000020,0xf5000040,0xa3000080,0xa8000100,0x84000200,0x9d000400,0x14000800,0xdd001000,0x12002000,0x2c004000,0x77008000,0x35010000,0x17020000,0x37040000,0x9f080000,0x73100000,0x17200000,0x81400000,0x8f800000	0x1ff94e9,0x2bea0b3,0x4afde56,0x8885536,0x103fbc5e,0x2015c1d8,0x40109058,0x80c817da	20000000	0	1	1000000	1500
645	32	24	19	0x193c3f51	0x993c3f51	0xbd000001,0x94000002,0x1e000004,0x4b000008,0xc7000010,0x3a000020,0xc1000040,0xe5000080,0x55000100,0xe0000200,0x6d000400,0x5c000800,0xce001000,0xfc002000,0xde004000,0xeb008000,0xed010000,0xe8020000,0x2a040000,0x4d080000,0x6b100000,0x98200000,0x7400000,0x8c800000	0x15985d9,0x254d03c,0x4c97d97,0x8bffc2d,0x10206927,0x2017a6a1,0x401bffd8,0x80a3f2d3	20000000	0	1	1000000	1500
646	32	24	19	0x2c1fecc9	0xd817edc9	0x5c000001,0x33000002,0xe6000004,0xe3000008,0xc2000010,0x39000020,0xc6000040,0xbe000080,0xd000100,0x8b000200,0x15000400,0xe000800,0x55001000,0xce002000,0x97004000,0xc4008000,0xe2010000,0xb8020000,0x36040000,0xa6080000,0xf8100000,0xb2200000,0x69400000,0xc5800000	0x1c0572a,0x22d6ade,0x48cfdc5,0x8522ba1,0x103654a3,0x207f00ae,0x40d1b05d,0x80bbe2dc	20000000	0	1	1000000	1500
647	32	24	19	0x38eb21e5	0x71d643cd	0x49000001,0x2,0xe3000004,0xb8000008,0xc1000010,0x8d000020,0xd8000040,0xbf000080,0x3a000100,0xf1000200,0xe5000400,0xd5000800,0x44001000,0xfe002000,0xb3004000,0xc3008000,0xcc010000,0xc4020000,0xce040000,0x9b080000,0x57100000,0x49200000,0x91400000,0xb0800000	0x178ceb5,0x21ce184,0x4173ca0,0x82d21e9,0x10d86bc8,0x2080678c,0x4037be55,0x80cfeefc	20000000	0	1	1000000	1500
648	32	24	19	0x75f1f600	0xfbe3ec00	0x3000001,0x9e000002,0x1c000004,0xf1000008,0xfe000010,0xb000020,0xf5000040,0xa3000080,0xa8000100,0x84000200,0x9d000400,0x14000800,0xdd001000,0x12002000,0x2c004000,0x77008000,0x35010000,0x17020000,0x37040000,0x9f080000,0x73100000,0x17200000,0x81400000,0x8f800000	0x1ff94e9,0x2bea0b3,0x4afde56,0x8885536,0x103fbc5e,0x2015c1d8,0x40109058,0x80c817da	20000000	0	0	1000000	1500
649	32	24	19	0x6b427b11	0xd6a27a11	0xbd000001,0x94000002,0x1e000004,0x4b000008,0xc7000010,0x3a000020,0xc1000040,0xe5000080,0x55000100,0xe0000200,0x6d000400,0x5c000800,0xce001000,0xfc002000,0xde004000,0xeb008000,0xed010000,0xe8020000,0x2a040000,0x4d080000,0x6b100000,0x98200000,0x7400000,0x8c800000	0x15985d9,0x254d03c,0x4c97d97,0x8bffc2d,0x10206927,0x2017a6a1,0x401bffd8,0x80a3f2d3	20000000	0	0	1000000	1500
650	32	24	19	0x2f11be1b	0x5e91be1b	0x5c000001,0x33000002,0xe6000004,0xe3000008,0xc2000010,0x39000020,0xc6000040,0xbe000080,0xd000100,0x8b000200,0x15000400,0xe000800,0x55001000,0xce002000,0x97004000,0xc4008000,0xe2010000,0xb8020000,0x36040000,0xa6080000,0xf8100000,0xb2200000,0x69400000,0xc5800000	0x1c0572a,0x22d6ade,0x48cfdc5,0x8522ba1,0x103654a3,0x207f00ae,0x40d1b05d,0x80bbe2dc	20000000	0	0	1000000	1500
651	32	24	19	0x29299fb0	0x5d289fb0	0x49000001,0x2,0xe3000004,0xb8000008,0xc1000010,0x8d000020,0xd8000040,0xbf000080,0x3a000100,0xf1000200,0xe5000400,0xd5000800,0x44001000,0xfe002000,0xb3004000,0xc3008000,0xcc010000,0xc4020000,0xce040000,0x9b080000,0x57100000,0x49200000,0x91400000,0xb0800000	0x178ceb5,0x21ce184,0x4173ca0,0x82d21e9,0x10d86bc8,0x2080678c,0x4037be55,0x80cfeefc	20000000	0	0	1000000	1500
652	32	24	19	0x6ec93a0d	0xeecb1a1d	0x3000001,0x9e000002,0x1c000004,0xf1000008,0xfe000010,0xb000020,0xf5000040,0xa3000080,0xa8000100,0x84000200,0x9d000400,0x14000800,0xdd001000,0x12002000,0x2c004000,0x77008000,0x35010000,0x17020000,0x37040000,0x9f080000,0x73100000,0x17200000,0x81400000,0x8f800000	0x1ff94e9,0x2bea0b3,0x4afde56,0x8885536,0x103fbc5e,0x2015c1d8,0x40109058,0x80c817da	20000000	0	0	1000000	1500
653	32	24	19	0x584e898a	0x909d198a	0xbd000001,0x94000002,0x1e000004,0x4b000008,0xc7000010,0x3a000020,0xc1000040,0xe5000080,0x55000100,0xe0000200,0x6d000400,0x5c000800,0xce001000,0xfc002000,0xde004000,0xeb008000,0xed010000,0xe8020000,0x2a040000,0x4d080000,0x6b100000,0x98200000,0x7400000,0x8c800000	0x15985d9,0x254d03c,0x4c97d97,0x8bffc2d,0x10206927,0x2017a6a1,0x401bffd8,0x80a3f2d3	20000000	0	0	1000000	1500
654	32	24	19	0x4f873d10	0x9f8e7a30	0x5c000001,0x33000002,0xe6000004,0xe3000008,0xc2000010,0x39000020,0xc6000040,0xbe000080,0xd000100,0x8b000200,0x15000400,0xe000800,0x55001000,0xce002000,0x97004000,0xc4008000,0xe2010000,0xb8020000,0x36040000,0xa6080000,0xf8100000,0xb2200000,0x69400000,0xc5800000	0x1c0572a,0x22d6ade,0x48cfdc5,0x8522ba1,0x103654a3,0x207f00ae,0x40d1b05d,0x80bbe2dc	20000000	0	0	1000000	1500
655	32	24	19	0x1e5757ba	0x4a5757fa	0x49000001,0x2,0xe3000004,0xb8000008,0xc1000010,0x8d000020,0xd8000040,0xbf000080,0x3a000100,0xf1000200,0xe5000400,0xd5000800,0x44001000,0xfe002000,0xb3004000,0xc3008000,0xcc010000,0xc4020000,0xce040000,0x9b080000,0x57100000,0x49200000,0x91400000,0xb0800000	0x178ceb5,0x21ce184,0x4173ca0,0x82d21e9,0x10d86bc8,0x2080678c,0x4037be55,0x80cfeefc	20000000	0	0	1000000	1500
656	32	24	19	0x3d18458f	0x7a308a59	0x3000001,0x9e000002,0x1c000004,0xf1000008,0xfe000010,0xb000020,0xf5000040,0xa3000080,0xa8000100,0x84000200,0x9d000400,0x14000800,0xdd001000,0x12002000,0x2c004000,0x77008000,0x35010000,0x17020000,0x37040000,0x9f080000,0x73100000,0x17200000,0x81400000,0x8f800000	0x1ff94e9,0x2bea0b3,0x4afde56,0x8885536,0x103fbc5e,0x2015c1d8,0x40109058,0x80c817da	20000000	0	0	1000000	1500
657	32	24	19	0x16bdb42c	0x2d7a6c2c	0xbd000001,0x94000002,0x1e000004,0x4b000008,0xc7000010,0x3a000020,0xc1000040,0xe5000080,0x55000100,0xe0000200,0x6d000400,0x5c000800,0xce001000,0xfc002000,0xde004000,0xeb008000,0xed010000,0xe8020000,0x2a040000,0x4d080000,0x6b100000,0x98200000,0x7400000,0x8c800000	0x15985d9,0x254d03c,0x4c97d97,0x8bffc2d,0x10206927,0x2017a6a1,0x401bffd8,0x80a3f2d3	20000000	0	0	1000000	1500
658	32	24	19	0x3708c8ba	0x6e08c8ba	0x5c000001,0x33000002,0xe6000004,0xe3000008,0xc2000010,0x39000020,0xc6000040,0xbe000080,0xd000100,0x8b000200,0x15000400,0xe000800,0x55001000,0xce002000,0x97004000,0xc4008000,0xe2010000,0xb8020000,0x36040000,0xa6080000,0xf8100000,0xb2200000,0x69400000,0xc5800000	0x1c0572a,0x22d6ade,0x48cfdc5,0x8522ba1,0x103654a3,0x207f00ae,0x40d1b05d,0x80bbe2dc	20000000	0	0	1000000	1500
659	32	24	19	0x72aa6611	0xc554cc20	0x49000001,0x2,0xe3000004,0xb8000008,0xc1000010,0x8d000020,0xd8000040,0xbf000080,0x3a000100,0xf1000200,0xe5000400,0xd5000800,0x44001000,0xfe002000,0xb3004000,0xc3008000,0xcc010000,0xc4020000,0xce040000,0x9b080000,0x57100000,0x49200000,0x91400000,0xb0800000	0x178ceb5,0x21ce184,0x4173ca0,0x82d21e9,0x10d86bc8,0x2080678c,0x4037be55,0x80cfeefc	20000000	0	0	1000000	1500
660	32	24	19	0x73d2fe08	0xe7a2fe08	0x3000001,0x9e000002,0x1c000004,0xf1000008,0xfe000010,0xb000020,0xf5000040,0xa3000080,0xa8000100,0x84000200,0x9d000400,0x14000800,0xdd001000,0x12002000,0x2c004000,0x77008000,0x35010000,0x17020000,0x37040000,0x9f080000,0x73100000,0x17200000,0x81400000,0x8f800000	0x1ff94e9,0x2bea0b3,0x4afde56,0x8885536,0x103fbc5e,0x2015c1d8,0x40109058,0x80c817da	20000000	0	0	1000000	1500
661	32	24	19	0x6ca2e673	0xd145cc73	0xbd000001,0x94000002,0x1e000004,0x4b000008,0xc7000010,0x3a000020,0xc1000040,0xe5000080,0x55000100,0xe0000200,0x6d000400,0x5c000800,0xce001000,0xfc002000,0xde004000,0xeb008000,0xed010000,0xe8020000,0x2a040000,0x4d080000,0x6b100000,0x98200000,0x7400000,0x8c800000	0x15985d9,0x254d03c,0x4c97d97,0x8bffc2d,0x10206927,0x2017a6a1,0x401bffd8,0x80a3f2d3	20000000	0	0	1000000	1500
662	32	24	19	0x3ca11028	0x7ca1002a	0x5c000001,0x33000002,0xe6000004,0xe3000008,0xc2000010,0x39000020,0xc6000040,0xbe000080,0xd000100,0x8b000200,0x15000400,0xe000800,0x55001000,0xce002000,0x97004000,0xc4008000,0xe2010000,0xb8020000,0x36040000,0xa6080000,0xf8100000,0xb2200000,0x69400000,0xc5800000	0x1c0572a,0x22d6ade,0x48cfdc5,0x8522ba1,0x103654a3,0x207f00ae,0x40d1b05d,0x80bbe2dc	20000000	0	0	1000000	1500
663	32	24	19	0x737ba630	0xeef74c70	0x49000001,0x2,0xe3000004,0xb8000008,0xc1000010,0x8d000020,0xd8000040,0xbf000080,0x3a000100,0xf1000200,0xe5000400,0xd5000800,0x44001000,0xfe002000,0xb3004000,0xc3008000,0xcc010000,0xc4020000,0xce040000,0x9b080000,0x57100000,0x49200000,0x91400000,0xb0800000	0x178ceb5,0x21ce184,0x4173ca0,0x82d21e9,0x10d86bc8,0x2080678c,0x4037be55,0x80cfeefc	20000000	0	0	1000000	1500
664	32	24	19	0xf61f4b8	0xd61f4b8	0x3000001,0x9e000002,0x1c000004,0xf1000008,0xfe000010,0xb000020,0xf5000040,0xa3000080,0xa8000100,0x84000200,0x9d000400,0x14000800,0xdd001000,0x12002000,0x2c004000,0x77008000,0x35010000,0x17020000,0x37040000,0x9f080000,0x73100000,0x17200000,0x81400000,0x8f800000	0x1ff94e9,0x2bea0b3,0x4afde56,0x8885536,0x103fbc5e,0x2015c1d8,0x40109058,0x80c817da	20000000	0	0	1000000	1500
665	32	24	19	0x16435e06	0x2c86bc06	0xbd000001,0x94000002,0x1e000004,0x4b000008,0xc7000010,0x3a000020,0xc1000040,0xe5000080,0x55000100,0xe0000200,0x6d000400,0x5c000800,0xce001000,0xfc002000,0xde004000,0xeb008000,0xed010000,0xe8020000,0x2a040000,0x4d080000,0x6b100000,0x98200000,0x7400000,0x8c800000	0x15985d9,0x254d03c,0x4c97d97,0x8bffc2d,0x10206927,0x2017a6a1,0x401bffd8,0x80a3f2d3	20000000	0	0	1000000	1500
666	32	24	19	0x3067e55d	0x70cfc55d	0x5c000001,0x33000002,0xe6000004,0xe3000008,0xc2000010,0x39000020,0xc6000040,0xbe000080,0xd000100,0x8b000200,0x15000400,0xe000800,0x55001000,0xce002000,0x97004000,0xc4008000,0xe2010000,0xb8020000,0x36040000,0xa6080000,0xf8100000,0xb2200000,0x69400000,0xc5800000	0x1c0572a,0x22d6ade,0x48cfdc5,0x8522ba1,0x103654a3,0x207f00ae,0x40d1b05d,0x80bbe2dc	20000000	0	0	1000000	1500
667	32	24	19	0x5801a048	0x9101a048	0x49000001,0x2,0xe3000004,0xb8000008,0xc1000010,0x8d000020,0xd8000040,0xbf000080,0x3a000100,0xf1000200,0xe5000400,0xd5000800,0x44001000,0xfe002000,0xb3004000,0xc3008000,0xcc010000,0xc4020000,0xce040000,0x9b080000,0x57100000,0x49200000,0x91400000,0xb0800000	0x178ceb5,0x21ce184,0x4173ca0,0x82d21e9,0x10d86bc8,0x2080678c,0x4037be55,0x80cfeefc	20000000	0	0	1000000	1500
668	32	24	19	0x68b5070c	0xd14a050c	0x3000001,0x9e000002,0x1c000004,0xf1000008,0xfe000010,0xb000020,0xf5000040,0xa3000080,0xa8000100,0x84000200,0x9d000400,0x14000800,0xdd001000,0x12002000,0x2c004000,0x77008000,0x35010000,0x17020000,0x37040000,0x9f080000,0x73100000,0x17200000,0x81400000,0x8f800000	0x1ff94e9,0x2bea0b3,0x4afde56,0x8885536,0x103fbc5e,0x2015c1d8,0x40109058,0x80c817da	20000000	0	0	1000000	1500
669	32	24	19	0x73bd5479	0xe77b2479	0xbd000001,0x94000002,0x1e000004,0x4b000008,0xc7000010,0x3a000020,0xc1000040,0xe5000080,0x55000100,0xe0000200,0x6d000400,0x5c000800,0xce001000,0xfc002000,0xde004000,0xeb008000,0xed010000,0xe8020000,0x2a040000,0x4d080000,0x6b100000,0x98200000,0x7400000,0x8c800000	0x15985d9,0x254d03c,0x4c97d97,0x8bffc2d,0x10206927,0x2017a6a1,0x401bffd8,0x80a3f2d3	20000000	0	0	1000000	1500
670	32	24	19	0x7a92f9b2	0xf525f732	0x5c000001,0x33000002,0xe6000004,0xe3000008,0xc2000010,0x39000020,0xc6000040,0xbe000080,0xd000100,0x8b000200,0x15000400,0xe000800,0x55001000,0xce002000,0x97004000,0xc4008000,0xe2010000,0xb8020000,0x36040000,0xa6080000,0xf8100000,0xb2200000,0x69400000,0xc5800000	0x1c0572a,0x22d6ade,0x48cfdc5,0x8522ba1,0x103654a3,0x207f00ae,0x40d1b05d,0x80bbe2dc	20000000	0	0	1000000	1500
671	32	24	19	0x14fee12e	0x29fdc26e	0x49000001,0x2,0xe3000004,0xb8000008,0xc1000010,0x8d000020,0xd8000040,0xbf000080,0x3a000100,0xf1000200,0xe5000400,0xd5000800,0x44001000,0xfe002000,0xb3004000,0xc3008000,0xcc010000,0xc4020000,0xce040000,0x9b080000,0x57100000,0x49200000,0x91400000,0xb0800000	0x178ceb5,0x21ce184,0x4173ca0,0x82d21e9,0x10d86bc8,0x2080678c,0x4037be55,0x80cfeefc	20000000	0	0	1000000	1500
672	32	24	19	0x79d76999	0xbbd76989	0x3000001,0x9e000002,0x1c000004,0xf1000008,0xfe000010,0xb000020,0xf5000040,0xa3000080,0xa8000100,0x84000200,0x9d000400,0x14000800,0xdd001000,0x12002000,0x2c004000,0x77008000,0x35010000,0x17020000,0x37040000,0x9f080000,0x73100000,0x17200000,0x81400000,0x8f800000	0x1ff94e9,0x2bea0b3,0x4afde56,0x8885536,0x103fbc5e,0x2015c1d8,0x40109058,0x80c817da	20000000	0	0	1000000	1500
673	32	24	19	0x2f1091af	0x5c2919af	0xbd000001,0x94000002,0x1e000004,0x4b000008,0xc7000010,0x3a000020,0xc1000040,0xe5000080,0x55000100,0xe0000200,0x6d000400,0x5c000800,0xce001000,0xfc002000,0xde004000,0xeb008000,0xed010000,0xe8020000,0x2a040000,0x4d080000,0x6b100000,0x98200000,0x7400000,0x8c800000	0x15985d9,0x254d03c,0x4c97d97,0x8bffc2d,0x10206927,0x2017a6a1,0x401bffd8,0x80a3f2d3	20000000	0	0	1000000	1500
674	32	24	19	0x173ff11a	0xac3ff12a	0x5c000001,0x33000002,0xe6000004,0xe3000008,0xc2000010,0x39000020,0xc6000040,0xbe000080,0xd000100,0x8b000200,0x15000400,0xe000800,0x55001000,0xce002000,0x97004000,0xc4008000,0xe2010000,0xb8020000,0x36040000,0xa6080000,0xf8100000,0xb2200000,0x69400000,0xc5800000	0x1c0572a,0x22d6ade,0x48cfdc5,0x8522ba1,0x103654a3,0x207f00ae,0x40d1b05d,0x80bbe2dc	20000000	0	0	1000000	1500
675	32	24	19	0x3d27bd3d	0x7a47bd3d	0x49000001,0x2,0xe3000004,0xb8000008,0xc1000010,0x8d000020,0xd8000040,0xbf000080,0x3a000100,0xf1000200,0xe5000400,0xd5000800,0x44001000,0xfe002000,0xb3004000,0xc3008000,0xcc010000,0xc4020000,0xce040000,0x9b080000,0x57100000,0x49200000,0x91400000,0xb0800000	0x178ceb5,0x21ce184,0x4173ca0,0x82d21e9,0x10d86bc8,0x2080678c,0x4037be55,0x80cfeefc	20000000	0	0	1000000	1500
676	32	24	19	0x2198112b	0xc31811a9	0x3000001,0x9e000002,0x1c000004,0xf1000008,0xfe000010,0xb000020,0xf5000040,0xa3000080,0xa8000100,0x84000200,0x9d000400,0x14000800,0xdd001000,0x12002000,0x2c004000,0x77008000,0x35010000,0x17020000,0x37040000,0x9f080000,0x73100000,0x17200000,0x81400000,0x8f800000	0x1ff94e9,0x2bea0b3,0x4afde56,0x8885536,0x103fbc5e,0x2015c1d8,0x40109058,0x80c817da	20000000	0	0	1000000	1500
677	32	24	19	0x11dd43ab	0x23bd43ab	0xbd000001,0x94000002,0x1e000004,0x4b000008,0xc7000010,0x3a000020,0xc1000040,0xe5000080,0x55000100,0xe0000200,0x6d000400,0x5c000800,0xce001000,0xfc002000,0xde004000,0xeb008000,0xed010000,0xe8020000,0x2a040000,0x4d080000,0x6b100000,0x98200000,0x7400000,0x8c800000	0x15985d9,0x254d03c,0x4c97d97,0x8bffc2d,0x10206927,0x2017a6a1,0x401bffd8,0x80a3f2d3	20000000	0	0	1000000	1500
678	32	24	19	0x4a86cb8b	0x954e8993	0x5c000001,0x33000002,0xe6000004,0xe3000008,0xc2000010,0x39000020,0xc6000040,0xbe000080,0xd000100,0x8b000200,0x15000400,0xe000800,0x55001000,0xce002000,0x97004000,0xc4008000,0xe2010000,0xb8020000,0x36040000,0xa6080000,0xf8100000,0xb2200000,0x69400000,0xc5800000	0x1c0572a,0x22d6ade,0x48cfdc5,0x8522ba1,0x103654a3,0x207f00ae,0x40d1b05d,0x80bbe2dc	20000000	0	0	1000000	1500
679	32	24	19	0x368b5ba0	0xed06b360	0x49000001,0x2,0xe3000004,0xb8000008,0xc1000010,0x8d000020,0xd8000040,0xbf000080,0x3a000100,0xf1000200,0xe5000400,0xd5000800,0x44001000,0xfe002000,0xb3004000,0xc3008000,0xcc010000,0xc4020000,0xce040000,0x9b080000,0x57100000,0x49200000,0x91400000,0xb0800000	0x178ceb5,0x21ce184,0x4173ca0,0x82d21e9,0x10d86bc8,0x2080678c,0x4037be55,0x80cfeefc	20000000	0	0	1000000	1500
680	32	24	19	0x4ed06b8e	0x9cd46b8e	0x3000001,0x9e000002,0x1c000004,0xf1000008,0xfe000010,0xb000020,0xf5000040,0xa3000080,0xa8000100,0x84000200,0x9d000400,0x14000800,0xdd001000,0x12002000,0x2c004000,0x77008000,0x35010000,0x17020000,0x37040000,0x9f080000,0x73100000,0x17200000,0x81400000,0x8f800000	0x1ff94e9,0x2bea0b3,0x4afde56,0x8885536,0x103fbc5e,0x2015c1d8,0x40109058,0x80c817da	20000000	0	0	1000000	1500
681	32	24	19	0x3047c4e4	0x7047c4e4	0xbd000001,0x94000002,0x1e000004,0x4b000008,0xc7000010,0x3a000020,0xc1000040,0xe5000080,0x55000100,0xe0000200,0x6d000400,0x5c000800,0xce001000,0xfc002000,0xde004000,0xeb008000,0xed010000,0xe8020000,0x2a040000,0x4d080000,0x6b100000,0x98200000,0x7400000,0x8c800000	0x15985d9,0x254d03c,0x4c97d97,0x8bffc2d,0x10206927,0x2017a6a1,0x401bffd8,0x80a3f2d3	20000000	0	0	1000000	1500
682	32	24	19	0x12bc3d16	0x90bc3916	0x5c000001,0x33000002,0xe6000004,0xe3000008,0xc2000010,0x39000020,0xc6000040,0xbe000080,0xd000100,0x8b000200,0x15000400,0xe000800,0x55001000,0xce002000,0x97004000,0xc4008000,0xe2010000,0xb8020000,0x36040000,0xa6080000,0xf8100000,0xb2200000,0x69400000,0xc5800000	0x1c0572a,0x22d6ade,0x48cfdc5,0x8522ba1,0x103654a3,0x207f00ae,0x40d1b05d,0x80bbe2dc	20000000	0	0	1000000	1500
683	32	24	19	0x7d1f65f9	0xfa3ec5f9	0x49000001,0x2,0xe3000004,0xb8000008,0xc1000010,0x8d000020,0xd8000040,0xbf000080,0x3a000100,0xf1000200,0xe5000400,0xd5000800,0x44001000,0xfe002000,0xb3004000,0xc3008000,0xcc010000,0xc4020000,0xce040000,0x9b080000,0x57100000,0x49200000,0x91400000,0xb0800000	0x178ceb5,0x21ce184,0x4173ca0,0x82d21e9,0x10d86bc8,0x2080678c,0x4037be55,0x80cfeefc	20000000	0	0	1000000	1500
684	32	24	19	0xff51a3	0x1fea2a3	0x3000001,0x9e000002,0x1c000004,0xf1000008,0xfe000010,0xb000020,0xf5000040,0xa3000080,0xa8000100,0x84000200,0x9d000400,0x14000800,0xdd001000,0x12002000,0x2c004000,0x77008000,0x35010000,0x17020000,0x37040000,0x9f080000,0x73100000,0x17200000,0x81400000,0x8f800000	0x1ff94e9,0x2bea0b3,0x4afde56,0x8885536,0x103fbc5e,0x2015c1d8,0x40109058,0x80c817da	20000000	0	0	1000000	1500
685	32	24	19	0x34eec37c	0x699cc37c	0xbd000001,0x94000002,0x1e000004,0x4b000008,0xc7000010,0x3a000020,0xc1000040,0xe5000080,0x55000100,0xe0000200,0x6d000400,0x5c000800,0xce001000,0xfc002000,0xde004000,0xeb008000,0xed010000,0xe8020000,0x2a040000,0x4d080000,0x6b100000,0x98200000,0x7400000,0x8c800000	0x15985d9,0x254d03c,0x4c97d97,0x8bffc2d,0x10206927,0x2017a6a1,0x401bffd8,0x80a3f2d3	20000000	0	0	1000000	1500
686	32	24	19	0x7b94c7a9	0xf7298f51	0x5c000001,0x33000002,0xe6000004,0xe3000008,0xc2000010,0x39000020,0xc6000040,0xbe000080,0xd000100,0x8b000200,0x15000400,0xe000800,0x55001000,0xce002000,0x97004000,0xc4008000,0xe2010000,0xb8020000,0x36040000,0xa6080000,0xf8100000,0xb2200000,0x69400000,0xc5800000	0x1c0572a,0x22d6ade,0x48cfdc5,0x8522ba1,0x103654a3,0x207f00ae,0x40d1b05d,0x80bbe2dc	20000000	0	0	1000000	1500
687	32	24	19	0x499c6c6f	0x93b8d86f	0x49000001,0x2,0xe3000004,0xb8000008,0xc1000010,0x8d000020,0xd8000040,0xbf000080,0x3a000100,0xf1000200,0xe5000400,0xd5000800,0x44001000,0xfe002000,0xb3004000,0xc3008000,0xcc010000,0xc4020000,0xce040000,0x9b080000,0x57100000,0x49200000,0x91400000,0xb0800000	0x178ceb5,0x21ce184,0x4173ca0,0x82d21e9,0x10d86bc8,0x2080678c,0x4037be55,0x80cfeefc	20000000	0	0	1000000	1500
688	32	24	19	0x498b2b0e	0xb31e541c	0x3000001,0x9e000002,0x1c000004,0xf1000008,0xfe000010,0xb000020,0xf5000040,0xa3000080,0xa8000100,0x84000200,0x9d000400,0x14000800,0xdd001000,0x12002000,0x2c004000,0x77008000,0x35010000,0x17020000,0x37040000,0x9f080000,0x73100000,0x17200000,0x81400000,0x8f800000	0x1ff94e9,0x2bea0b3,0x4afde56,0x8885536,0x103fbc5e,0x2015c1d8,0x40109058,0x80c817da	20000000	0	0	1000000	1500
689	32	24	19	0x47feb9a	0x8fbeb1a	0xbd000001,0x94000002,0x1e000004,0x4b000008,0xc7000010,0x3a000020,0xc1000040,0xe5000080,0x55000100,0xe0000200,0x6d000400,0x5c000800,0xce001000,0xfc002000,0xde004000,0xeb008000,0xed010000,0xe8020000,0x2a040000,0x4d080000,0x6b100000,0x98200000,0x7400000,0x8c800000	0x15985d9,0x254d03c,0x4c97d97,0x8bffc2d,0x10206927,0x2017a6a1,0x401bffd8,0x80a3f2d3	20000000	0	0	1000000	1500
690	32	24	19	0x3aec109f	0x65dd109f	0x5c000001,0x33000002,0xe6000004,0xe3000008,0xc2000010,0x39000020,0xc6000040,0xbe000080,0xd000100,0x8b000200,0x15000400,0xe000800,0x55001000,0xce002000,0x97004000,0xc4008000,0xe2010000,0xb8020000,0x36040000,0xa6080000,0xf8100000,0xb2200000,0x69400000,0xc5800000	0x1c0572a,0x22d6ade,0x48cfdc5,0x8522ba1,0x103654a3,0x207f00ae,0x40d1b05d,0x80bbe2dc	20000000	0	0	1000000	1500
691	32	24	19	0x5dfa44a1	0x95fa44e1	0x49000001,0x2,0xe3000004,0xb8000008,0xc1000010,0x8d000020,0xd8000040,0xbf000080,0x3a000100,0xf1000200,0xe5000400,0xd5000800,0x44001000,0xfe002000,0xb3004000,0xc3008000,0xcc010000,0xc4020000,0xce040000,0x9b080000,0x57100000,0x49200000,0x91400000,0xb0800000	0x178ceb5,0x21ce184,0x4173ca0,0x82d21e9,0x10d86bc8,0x2080678c,0x4037be55,0x80cfeefc	20000000	0	0	1000000	1500
692	32	24	19	0x4a74b8bb	0x94e9717b	0x3000001,0x9e000002,0x1c000004,0xf1000008,0xfe000010,0xb000020,0xf5000040,0xa3000080,0xa8000100,0x84000200,0x9d000400,0x14000800,0xdd001000,0x12002000,0x2c004000,0x77008000,0x35010000,0x17020000,0x37040000,0x9f080000,0x73100000,0x17200000,0x81400000,0x8f800000	0x1ff94e9,0x2bea0b3,0x4afde56,0x8885536,0x103fbc5e,0x2015c1d8,0x40109058,0x80c817da	20000000	0	0	1000000	1500
693	32	24	19	0x35637229	0xd543d229	0xbd000001,0x94000002,0x1e000004,0x4b000008,0xc7000010,0x3a000020,0xc1000040,0xe5000080,0x55000100,0xe0000200,0x6d000400,0x5c000800,0xce001000,0xfc002000,0xde004000,0xeb008000,0xed010000,0xe8020000,0x2a040000,0x4d080000,0x6b100000,0x98200000,0x7400000,0x8c800000	0x15985d9,0x254d03c,0x4c97d97,0x8bffc2d,0x10206927,0x2017a6a1,0x401bffd8,0x80a3f2d3	20000000	0	0	1000000	1500
694	32	24	19	0x3ca52b62	0x7bce5ec6	0x5c000001,0x33000002,0xe6000004,0xe3000008,0xc2000010,0x39000020,0xc6000040,0xbe000080,0xd000100,0x8b000200,0x15000400,0xe000800,0x55001000,0xce002000,0x97004000,0xc4008000,0xe2010000,0xb8020000,0x36040000,0xa6080000,0xf8100000,0xb2200000,0x69400000,0xc5800000	0x1c0572a,0x22d6ade,0x48cfdc5,0x8522ba1,0x103654a3,0x207f00ae,0x40d1b05d,0x80bbe2dc	20000000	0	0	1000000	1500
695	32	24	19	0x559b725b	0x959b705b	0x49000001,0x2,0xe3000004,0xb8000008,0xc1000010,0x8d000020,0xd8000040,0xbf000080,0x3a000100,0xf1000200,0xe5000400,0xd5000800,0x44001000,0xfe002000,0xb3004000,0xc3008000,0xcc010000,0xc4020000,0xce040000,0x9b080000,0x57100000,0x49200000,0x91400000,0xb0800000	0x178ceb5,0x21ce184,0x4173ca0,0x82d21e9,0x10d86bc8,0x2080678c,0x4037be55,0x80cfeefc	20000000	0	0	1000000	1500
696	32	24	19	0x6ba9ca59	0xd752ca59	0x3000001,0x9e000002,0x1c000004,0xf1000008,0xfe000010,0xb000020,0xf5000040,0xa3000080,0xa8000100,0x84000200,0x9d000400,0x14000800,0xdd001000,0x12002000,0x2c004000,0x77008000,0x35010000,0x17020000,0x37040000,0x9f080000,0x73100000,0x17200000,0x81400000,0x8f800000	0x1ff94e9,0x2bea0b3,0x4afde56,0x8885536,0x103fbc5e,0x2015c1d8,0x40109058,0x80c817da	20000000	0	0	1000000	1500
697	32	24	19	0x39c41b33	0x739c1b33	0xbd000001,0x94000002,0x1e000004,0x4b000008,0xc7000010,0x3a000020,0xc1000040,0xe5000080,0x55000100,0xe0000200,0x6d000400,0x5c000800,0xce001000,0xfc002000,0xde004000,0xeb008000,0xed010000,0xe8020000,0x2a040000,0x4d080000,0x6b100000,0x98200000,0x7400000,0x8c800000	0x15985d9,0x254d03c,0x4c97d97,0x8bffc2d,0x10206927,0x2017a6a1,0x401bffd8,0x80a3f2d3	20000000	0	0	1000000	1500
698	32	24	19	0x2cf34a07	0x58e68a07	0x5c000001,0x33000002,0xe6000004,0xe3000008,0xc2000010,0x39000020,0xc6000040,0xbe000080,0xd000100,0x8b000200,0x15000400,0xe000800,0x55001000,0xce002000,0x97004000,0xc4008000,0xe2010000,0xb8020000,0x36040000,0xa6080000,0xf8100000,0xb2200000,0x69400000,0xc5800000	0x1c0572a,0x22d6ade,0x48cfdc5,0x8522ba1,0x103654a3,0x207f00ae,0x40d1b05d,0x80bbe2dc	20000000	0	0	1000000	1500
699	32	24	19	0x1f52422a	0x3ea48c56	0x49000001,0x2,0xe3000004,0xb8000008,0xc1000010,0x8d000020,0xd8000040,0xbf000080,0x3a000100,0xf1000200,0xe5000400,0xd5000800,0x44001000,0xfe002000,0xb3004000,0xc3008000,0xcc010000,0xc4020000,0xce040000,0x9b080000,0x57100000,0x49200000,0x91400000,0xb0800000	0x178ceb5,0x21ce184,0x4173ca0,0x82d21e9,0x10d86bc8,0x2080678c,0x4037be55,0x80cfeefc	20000000	0	0	1000000	1500
700	32	24	19	0x6c608318	0xd8c10658	0x3000001,0x9e000002,0x1c000004,0xf1000008,0xfe000010,0xb000020,0xf5000040,0xa3000080,0xa8000100,0x84000200,0x9d000400,0x14000800,0xdd001000,0x12002000,0x2c004000,0x77008000,0x35010000,0x17020000,0x37040000,0x9f080000,0x73100000,0x17200000,0x81400000,0x8f800000	0x1ff94e9,0x2bea0b3,0x4afde56,0x8885536,0x103fbc5e,0x2015c1d8,0x40109058,0x80c817da	20000000	0	0	1000000	1500
701	32	24	19	0x5526847c	0xab268478	0xbd000001,0x94000002,0x1e000004,0x4b000008,0xc7000010,0x3a000020,0xc1000040,0xe5000080,0x55000100,0xe0000200,0x6d000400,0x5c000800,0xce001000,0xfc002000,0xde004000,0xeb008000,0xed010000,0xe8020000,0x2a040000,0x4d080000,0x6b100000,0x98200000,0x7400000,0x8c800000	0x15985d9,0x254d03c,0x4c97d97,0x8bffc2d,0x10206927,0x2017a6a1,0x401bffd8,0x80a3f2d3	20000000	0	0	1000000	1500
702	32	24	19	0x46e3e26f	0x8dc7c26f	0x5c000001,0x33000002,0xe6000004,0xe3000008,0xc2000010,0x39000020,0xc6000040,0xbe000080,0xd000100,0x8b000200,0x15000400,0xe000800,0x55001000,0xce002000,0x97004000,0xc4008000,0xe2010000,0xb8020000,0x36040000,0xa6080000,0xf8100000,0xb2200000,0x69400000,0xc5800000	0x1c0572a,0x22d6ade,0x48cfdc5,0x8522ba1,0x103654a3,0x207f00ae,0x40d1b05d,0x80bbe2dc	20000000	0	0	1000000	1500
703	32	24	19	0x63d1a7b9	0xc7a1a7bd	0x49000001,0x2,0xe3000004,0xb8000008,0xc1000010,0x8d000020,0xd8000040,0xbf000080,0x3a000100,0xf1000200,0xe5000400,0xd5000800,0x44001000,0xfe002000,0xb3004000,0xc3008000,0xcc010000,0xc4020000,0xce040000,0x9b080000,0x57100000,0x49200000,0x91400000,0xb0800000	0x178ceb5,0x21ce184,0x4173ca0,0x82d21e9,0x10d86bc8,0x2080678c,0x4037be55,0x80cfeefc	20000000	0	0	1000000	1500
704	32	21	19	0x2ecbd8f7	0x5d97b1b7	0xa00001,0x1400002,0x2800004,0x5000008,0xa000010,0x14000020,0x28000040,0x50000080,0xa0000100,0x40a00200,0x81400400,0x2200800,0x4401000,0x8802000,0x11004000,0x22008000,0x44010000,0x88020000,0x10a40000,0x21480000,0x42900000	0x240a01,0x481402,0x942205,0x108440a,0x2108814,0x4011028,0x8022050,0x100440a0,0x20088140,0x40110280,0x80020500	20000000	1	1	1000000	1500
705	32	21	19	0x5c796fab	0xb8f2df5b	0xa00001,0x1400002,0x2800004,0x5000008,0xa000010,0x14000020,0x28000040,0x50000080,0xa0000100,0x40a00200,0x81400400,0x2200800,0x4401000,0x8802000,0x11004000,0x22008000,0x44010000,0x88020000,0x10a40000,0x21480000,0x42900000	0x240a01,0x481402,0x942205,0x108440a,0x2108814,0x4011028,0x8022050,0x100440a0,0x20088140,0x40110280,0x80020500	20000000	1	1	1000000	1500
706	32	21	19	0x7c2c08b2	0xf8581166	0xa00001,0x1400002,0x2800004,0x5000008,0xa000010,0x14000020,0x28000040,0x50000080,0xa0000100,0x40a00200,0x81400400,0x2200800,0x4401000,0x8802000,0x11004000,0x22008000,0x44010000,0x88020000,0x10a40000,0x21480000,0x42900000	0x240a01,0x481402,0x942205,0x108440a,0x2108814,0x4011028,0x8022050,0x100440a0,0x20088140,0x40110280,0x80020500	20000000	1	1	1000000	1500
707	32	21	19	0x49bd23b1	0xd36d23b1	0xa00001,0x1400002,0x2800004,0x5000008,0xa000010,0x14000020,0x28000040,0x50000080,0xa0000100,0x40a00200,0x81400400,0x2200800,0x4401000,0x8802000,0x11004000,0x22008000,0x44010000,0x88020000,0x10a40000,0x21480000,0x42900000	0x240a01,0x481402,0x942205,0x108440a,0x2108814,0x4011028,0x8022050,0x100440a0,0x20088140,0x40110280,0x80020500	20000000	1	1	1000000	1500
708	32	21	19	0x14c5c905	0x298b9305	0xa00001,0x1400002,0x2800004,0x5000008,0xa000010,0x14000020,0x28000040,0x50000080,0xa0000100,0x40a00200,0x81400400,0x2200800,0x4401000,0x8802000,0x11004000,0x22008000,0x44010000,0x88020000,0x10a40000,0x21480000,0x42900000	0x240a01,0x481402,0x942205,0x108440a,0x2108814,0x4011028,0x8022050,0x100440a0,0x20088140,0x40110280,0x80020500	20000000	1	1	1000000	1500
709	32	21	19	0xd713165	0x1ae23165	0xa00001,0x1400002,0x2800004,0x5000008,0xa000010,0x14000020,0x28000040,0x50000080,0xa0000100,0x40a00200,0x81400400,0x2200800,0x4401000,0x8802000,0x11004000,0x22008000,0x44010000,0x88020000,0x10a40000,0x21480000,0x42900000	0x240a01,0x481402,0x942205,0x108440a,0x2108814,0x4011028,0x8022050,0x100440a0,0x20088140,0x40110280,0x80020500	20000000	1	1	1000000	1500
710	32	21	19	0x5526e8df	0xd126f8df	0xa00001,0x1400002,0x2800004,0x5000008,0xa000010,0x14000020,0x28000040,0x50000080,0xa0000100,0x40a00200,0x81400400,0x2200800,0x4401000,0x8802000,0x11004000,0x22008000,0x44010000,0x88020000,0x10a40000,0x21480000,0x42900000	0x240a01,0x481402,0x942205,0x108440a,0x2108814,0x4011028,0x8022050,0x100440a0,0x20088140,0x40110280,0x80020500	20000000	1	1	1000000	1500
711	32	21	19	0x48e583	0x10908d87	0xa00001,0x1400002,0x2800004,0x5000008,0xa000010,0x14000020,0x28000040,0x50000080,0xa0000100,0x40a00200,0x81400400,0x2200800,0x4401000,0x8802000,0x11004000,0x22008000,0x44010000,0x88020000,0x10a40000,0x21480000,0x42900000	0x240a01,0x481402,0x942205,0x108440a,0x2108814,0x4011028,0x8022050,0x100440a0,0x20088140,0x40110280,0x80020500	20000000	1	1	1000000	1500
712	32	21	19	0x2e8d1184	0x4d1a1104	0xa00001,0x1400002,0x2800004,0x5000008,0xa000010,0x14000020,0x28000040,0x50000080,0xa0000100,0x40a00200,0x81400400,0x2200800,0x4401000,0x8802000,0x11004000,0x22008000,0x44010000,0x88020000,0x10a40000,0x21480000,0x42900000	0x240a01,0x481402,0x942205,0x108440a,0x2108814,0x4011028,0x8022050,0x100440a0,0x20088140,0x40110280,0x80020500	20000000	0	0	1000000	1500
713	32	21	19	0x4c1a3b08	0x98343e08	0xa00001,0x1400002,0x2800004,0x5000008,0xa000010,0x14000020,0x28000040,0x50000080,0xa0000100,0x40a00200,0x81400400,0x2200800,0x4401000,0x8802000,0x11004000,0x22008000,0x44010000,0x88020000,0x10a40000,0x21480000,0x42900000	0x240a01,0x481402,0x942205,0x108440a,0x2108814,0x4011028,0x8022050,0x100440a0,0x20088140,0x40110280,0x80020500	20000000	0	0	1000000	1500
714	32	21	19	0x1e76c465	0x3c6d88e9	0xa00001,0x1400002,0x2800004,0x5000008,0xa000010,0x14000020,0x28000040,0x50000080,0xa0000100,0x40a00200,0x81400400,0x2200800,0x4401000,0x8802000,0x11004000,0x22008000,0x44010000,0x88020000,0x10a40000,0x21480000,0x42900000	0x240a01,0x481402,0x942205,0x108440a,0x2108814,0x4011028,0x8022050,0x100440a0,0x20088140,0x40110280,0x80020500	20000000	0	0	1000000	1500
715	32	21	19	0x2cd99799	0x59d81799	0xa00001,0x1400002,0x2800004,0x5000008,0xa000010,0x14000020,0x28000040,0x50000080,0xa0000100,0x40a00200,0x81400400,0x2200800,0x4401000,0x8802000,0x11004000,0x22008000,0x44010000,0x88020000,0x10a40000,0x21480000,0x42900000	0x240a01,0x481402,0x942205,0x108440a,0x2108814,0x4011028,0x8022050,0x100440a0,0x20088140,0x40110280,0x80020500	20000000	0	0	1000000	1500
716	32	21	19	0x4e458086	0x9c8b8086	0xa00001,0x1400002,0x2800004,0x5000008,0xa000010,0x14000020,0x28000040,0x50000080,0xa0000100,0x40a00200,0x81400400,0x2200800,0x4401000,0x8802000,0x11004000,0x22008000,0x44010000,0x88020000,0x10a40000,0x21480000,0x42900000	0x240a01,0x481402,0x942205,0x108440a,0x2108814,0x4011028,0x8022050,0x100440a0,0x20088140,0x40110280,0x80020500	20000000	0	0	1000000	1500
717	32	21	19	0x63f420f8	0xe3ec41f8	0xa00001,0x1400002,0x2800004,0x5000008,0xa000010,0x14000020,0x28000040,0x50000080,0xa0000100,0x40a00200,0x81400400,0x2200800,0x4401000,0x8802000,0x11004000,0x22008000,0x44010000,0x88020000,0x10a40000,0x21480000,0x42900000	0x240a01,0x481402,0x942205,0x108440a,0x2108814,0x4011028,0x8022050,0x100440a0,0x20088140,0x40110280,0x80020500	20000000	0	0	1000000	1500
718	32	21	19	0x7e6576cb	0xfce556cb	0xa00001,0x1400002,0x2800004,0x5000008,0xa000010,0x14000020,0x28000040,0x50000080,0xa0000100,0x40a00200,0x81400400,0x2200800,0x4401000,0x8802000,0x11004000,0x22008000,0x44010000,0x88020000,0x10a40000,0x21480000,0x42900000	0x240a01,0x481402,0x942205,0x108440a,0x2108814,0x4011028,0x8022050,0x100440a0,0x20088140,0x40110280,0x80020500	20000000	0	0	1000000	1500
719	32	21	19	0x5d4d9316	0xbacd9316	0xa00001,0x1400002,0x2800004,0x5000008,0xa000010,0x14000020,0x28000040,0x50000080,0xa0000100,0x40a00200,0x81400400,0x2200800,0x4401000,0x8802000,0x11004000,0x22008000,0x44010000,0x88020000,0x10a40000,0x21480000,0x42900000	0x240a01,0x481402,0x942205,0x108440a,0x2108814,0x4011028,0x8022050,0x100440a0,0x20088140,0x40110280,0x80020500	20000000	0	0	1000000	1500
720	32	21	19	0x38c5fb7b	0x718bf6fb	0xa00001,0x1400002,0x2800004,0x5000008,0xa000010,0x14000020,0x28000040,0x50000080,0xa0000100,0x40a00200,0x81400400,0x2200800,0x4401000,0x8802000,0x11004000,0x22008000,0x44010000,0x88020000,0x10a40000,0x21480000,0x42900000	0x240a01,0x481402,0x942205,0x108440a,0x2108814,0x4011028,0x8022050,0x100440a0,0x20088140,0x40110280,0x80020500	20000000	0	0	1000000	1500
721	32	21	19	0x3372e40d	0x76a5c82d	0xa00001,0x1400002,0x2800004,0x5000008,0xa000010,0x14000020,0x28000040,0x50000080,0xa0000100,0x40a00200,0x81400400,0x2200800,0x4401000,0x8802000,0x11004000,0x22008000,0x44010000,0x88020000,0x10a40000,0x21480000,0x42900000	0x240a01,0x481402,0x942205,0x108440a,0x2108814,0x4011028,0x8022050,0x100440a0,0x20088140,0x40110280,0x80020500	20000000	0	0	1000000	1500
722	32	21	19	0x256b1e3d	0x4ac62e3d	0xa00001,0x1400002,0x2800004,0x5000008,0xa000010,0x14000020,0x28000040,0x50000080,0xa0000100,0x40a00200,0x81400400,0x2200800,0x4401000,0x8802000,0x11004000,0x22008000,0x44010000,0x88020000,0x10a40000,0x21480000,0x42900000	0x240a01,0x481402,0x942205,0x108440a,0x2108814,0x4011028,0x8022050,0x100440a0,0x20088140,0x40110280,0x80020500	20000000	0	0	1000000	1500
723	32	21	19	0x2a479320	0x948fa750	0xa00001,0x1400002,0x2800004,0x5000008,0xa000010,0x14000020,0x28000040,0x50000080,0xa0000100,0x40a00200,0x81400400,0x2200800,0x4401000,0x8802000,0x11004000,0x22008000,0x44010000,0x88020000,0x10a40000,0x21480000,0x42900000	0x240a01,0x481402,0x942205,0x108440a,0x2108814,0x4011028,0x8022050,0x100440a0,0x20088140,0x40110280,0x80020500	20000000	0	0	1000000	1500
724	32	21	19	0x7eeda38f	0xfdada3af	0xa00001,0x1400002,0x2800004,0x5000008,0xa000010,0x14000020,0x28000040,0x50000080,0xa0000100,0x40a00200,0x81400400,0x2200800,0x4401000,0x8802000,0x11004000,0x22008000,0x44010000,0x88020000,0x10a40000,0x21480000,0x42900000	0x240a01,0x481402,0x942205,0x108440a,0x2108814,0x4011028,0x8022050,0x100440a0,0x20088140,0x40110280,0x80020500	20000000	0	0	1000000	1500
725	32	21	19	0x1bdab93a	0x33bdf53a	0xa00001,0x1400002,0x2800004,0x5000008,0xa000010,0x14000020,0x28000040,0x50000080,0xa0000100,0x40a00200,0x81400400,0x2200800,0x4401000,0x8802000,0x11004000,0x22008000,0x44010000,0x88020000,0x10a40000,0x21480000,0x42900000	0x240a01,0x481402,0x942205,0x108440a,0x2108814,0x4011028,0x8022050,0x100440a0,0x20088140,0x40110280,0x80020500	20000000	0	0	1000000	1500
726	32	21	19	0x6a867531	0xd704eb31	0xa00001,0x1400002,0x2800004,0x5000008,0xa000010,0x14000020,0x28000040,0x50000080,0xa0000100,0x40a00200,0x81400400,0x2200800,0x4401000,0x8802000,0x11004000,0x22008000,0x44010000,0x88020000,0x10a40000,0x21480000,0x42900000	0x240a01,0x481402,0x942205,0x108440a,0x2108814,0x4011028,0x8022050,0x100440a0,0x20088140,0x40110280,0x80020500	20000000	0	0	1000000	1500
727	32	21	19	0x4a301961	0x946033c0	0xa00001,0x1400002,0x2800004,0x5000008,0xa000010,0x14000020,0x28000040,0x50000080,0xa0000100,0x40a00200,0x81400400,0x2200800,0x4401000,0x8802000,0x11004000,0x22008000,0x44010000,0x88020000,0x10a40000,0x21480000,0x42900000	0x240a01,0x481402,0x942205,0x108440a,0x2108814,0x4011028,0x8022050,0x100440a0,0x20088140,0x40110280,0x80020500	20000000	0	0	1000000	1500
728	32	21	19	0xd4fc620	0x1a4fc622	0xa00001,0x1400002,0x2800004,0x5000008,0xa000010,0x14000020,0x28000040,0x50000080,0xa0000100,0x40a00200,0x81400400,0x2200800,0x4401000,0x8802000,0x11004000,0x22008000,0x44010000,0x88020000,0x10a40000,0x21480000,0x42900000	0x240a01,0x481402,0x942205,0x108440a,0x2108814,0x4011028,0x8022050,0x100440a0,0x20088140,0x40110280,0x80020500	20000000	0	0	1000000	1500
729	32	21	19	0x23bbfe7f	0x63bbfe7f	0xa00001,0x1400002,0x2800004,0x5000008,0xa000010,0x14000020,0x28000040,0x50000080,0xa0000100,0x40a00200,0x81400400,0x2200800,0x4401000,0x8802000,0x11004000,0x22008000,0x44010000,0x88020000,0x10a40000,0x21480000,0x42900000	0x240a01,0x481402,0x942205,0x108440a,0x2108814,0x4011028,0x8022050,0x100440a0,0x20088140,0x40110280,0x80020500	20000000	0	0	1000000	1500
730	32	21	19	0x78b845b	0x47130cbb	0xa00001,0x1400002,0x2800004,0x5000008,0xa000010,0x14000020,0x28000040,0x50000080,0xa0000100,0x40a00200,0x81400400,0x2200800,0x4401000,0x8802000,0x11004000,0x22008000,0x44010000,0x88020000,0x10a40000,0x21480000,0x42900000	0x240a01,0x481402,0x942205,0x108440a,0x2108814,0x4011028,0x8022050,0x100440a0,0x20088140,0x40110280,0x80020500	20000000	0	0	1000000	1500
731	32	21	19	0x19288969	0x325112d5	0xa00001,0x1400002,0x2800004,0x5000008,0xa000010,0x14000020,0x28000040,0x50000080,0xa0000100,0x40a00200,0x81400400,0x2200800,0x4401000,0x8802000,0x11004000,0x22008000,0x44010000,0x88020000,0x10a40000,0x21480000,0x42900000	0x240a01,0x481402,0x942205,0x108440a,0x2108814,0x4011028,0x8022050,0x100440a0,0x20088140,0x40110280,0x80020500	20000000	0	0	1000000	1500
732	32	21	19	0x63fe8fc2	0xc3fe8fc2	0xa00001,0x1400002,0x2800004,0x5000008,0xa000010,0x14000020,0x28000040,0x50000080,0xa0000100,0x40a00200,0x81400400,0x2200800,0x4401000,0x8802000,0x11004000,0x22008000,0x44010000,0x88020000,0x10a40000,0x21480000,0x42900000	0x240a01,0x481402,0x942205,0x108440a,0x2108814,0x4011028,0x8022050,0x100440a0,0x20088140,0x40110280,0x80020500	20000000	0	0	1000000	1500
733	32	21	19	0x218359b6	0x6306b376	0xa00001,0x1400002,0x2800004,0x5000008,0xa000010,0x14000020,0x28000040,0x50000080,0xa0000100,0x40a00200,0x81400400,0x2200800,0x4401000,0x8802000,0x11004000,0x22008000,0x44010000,0x88020000,0x10a40000,0x21480000,0x42900000	0x240a01,0x481402,0x942205,0x108440a,0x2108814,0x4011028,0x8022050,0x100440a0,0x20088140,0x40110280,0x80020500	20000000	0	0	1000000	1500
734	32	21	19	0x36c6882f	0x6d8d003f	0xa00001,0x1400002,0x2800004,0x5000008,0xa000010,0x14000020,0x28000040,0x50000080,0xa0000100,0x40a00200,0x81400400,0x2200800,0x4401000,0x8802000,0x11004000,0x22008000,0x44010000,0x88020000,0x10a40000,0x21480000,0x42900000	0x240a01,0x481402,0x942205,0x108440a,0x2108814,0x4011028,0x8022050,0x100440a0,0x20088140,0x40110280,0x80020500	20000000	0	0	1000000	1500
735	32	21	19	0xea1d482	0x1d4354a2	0xa00001,0x1400002,0x2800004,0x5000008,0xa000010,0x14000020,0x28000040,0x50000080,0xa0000100,0x40a00200,0x81400400,0x2200800,0x4401000,0x8802000,0x11004000,0x22008000,0x44010000,0x88020000,0x10a40000,0x21480000,0x42900000	0x240a01,0x481402,0x942205,0x108440a,0x2108814,0x4011028,0x8022050,0x100440a0,0x20088140,0x40110280,0x80020500	20000000	0	0	1000000	1500
736	32	21	19	0x40251397	0x80493317	0xa00001,0x1400002,0x2800004,0x5000008,0xa000010,0x14000020,0x28000040,0x50000080,0xa0000100,0x40a00200,0x81400400,0x2200800,0x4401000,0x8802000,0x11004000,0x22008000,0x44010000,0x88020000,0x10a40000,0x21480000,0x42900000	0x240a01,0x481402,0x942205,0x108440a,0x2108814,0x4011028,0x8022050,0x100440a0,0x20088140,0x40110280,0x80020500	20000000	0	0	1000000	1500
737	32	21	19	0x7951e619	0xf351e619	0xa00001,0x1400002,0x2800004,0x5000008,0xa000010,0x14000020,0x28000040,0x50000080,0xa0000100,0x40a00200,0x81400400,0x2200800,0x4401000,0x8802000,0x11004000,0x22008000,0x44010000,0x88020000,0x10a40000,0x21480000,0x42900000	0x240a01,0x481402,0x942205,0x108440a,0x2108814,0x4011028,0x8022050,0x100440a0,0x20088140,0x40110280,0x80020500	20000000	0	0	1000000	1500
738	32	21	19	0x4be5bed2	0x97cb78f7	0xa00001,0x1400002,0x2800004,0x5000008,0xa000010,0x14000020,0x28000040,0x50000080,0xa0000100,0x40a00200,0x81400400,0x2200800,0x4401000,0x8802000,0x11004000,0x22008000,0x44010000,0x88020000,0x10a40000,0x21480000,0x42900000	0x240a01,0x481402,0x942205,0x108440a,0x2108814,0x4011028,0x8022050,0x100440a0,0x20088140,0x40110280,0x80020500	20000000	0	0	1000000	1500
739	32	21	19	0x766f297f	0xe66f2d7f	0xa00001,0x1400002,0x2800004,0x5000008,0xa000010,0x14000020,0x28000040,0x50000080,0xa0000100,0x40a00200,0x81400400,0x2200800,0x4401000,0x8802000,0x11004000,0x22008000,0x44010000,0x88020000,0x10a40000,0x21480000,0x42900000	0x240a01,0x481402,0x942205,0x108440a,0x2108814,0x4011028,0x8022050,0x100440a0,0x20088140,0x40110280,0x80020500	20000000	0	0	1000000	1500
740	32	21	19	0xa239b9a	0x1c279b0a	0xa00001,0x1400002,0x2800004,0x5000008,0xa000010,0x14000020,0x28000040,0x50000080,0xa0000100,0x40a00200,0x81400400,0x2200800,0x4401000,0x8802000,0x11004000,0x22008000,0x44010000,0x88020000,0x10a40000,0x21480000,0x42900000	0x240a01,0x481402,0x942205,0x108440a,0x2108814,0x4011028,0x8022050,0x100440a0,0x20088140,0x40110280,0x80020500	20000000	0	0	1000000	1500
741	32	21	19	0x782601d4	0x904c03a8	0xa00001,0x1400002,0x2800004,0x5000008,0xa000010,0x14000020,0x28000040,0x50000080,0xa0000100,0x40a00200,0x81400400,0x2200800,0x4401000,0x8802000,0x11004000,0x22008000,0x44010000,0x88020000,0x10a40000,0x21480000,0x42900000	0x240a01,0x481402,0x942205,0x108440a,0x2108814,0x4011028,0x8022050,0x100440a0,0x20088140,0x40110280,0x80020500	20000000	0	0	1000000	1500
742	32	21	19	0x5b91e9ce	0xa721f9ce	0xa00001,0x1400002,0x2800004,0x5000008,0xa000010,0x14000020,0x28000040,0x50000080,0xa0000100,0x40a00200,0x81400400,0x2200800,0x4401000,0x8802000,0x11004000,0x22008000,0x44010000,0x88020000,0x10a40000,0x21480000,0x42900000	0x240a01,0x481402,0x942205,0x108440a,0x2108814,0x4011028,0x8022050,0x100440a0,0x20088140,0x40110280,0x80020500	20000000	0	0	1000000	1500
743	32	21	19	0x239b8448	0x219b8448	0xa00001,0x1400002,0x2800004,0x5000008,0xa000010,0x14000020,0x28000040,0x50000080,0xa0000100,0x40a00200,0x81400400,0x2200800,0x4401000,0x8802000,0x11004000,0x22008000,0x44010000,0x88020000,0x10a40000,0x21480000,0x42900000	0x240a01,0x481402,0x942205,0x108440a,0x2108814,0x4011028,0x8022050,0x100440a0,0x20088140,0x40110280,0x80020500	20000000	0	0	1000000	1500
744	32	21	19	0x3ef44534	0x7ef44534	0xa00001,0x1400002,0x2800004,0x5000008,0xa000010,0x14000020,0x28000040,0x50000080,0xa0000100,0x40a00200,0x81400400,0x2200800,0x4401000,0x8802000,0x11004000,0x22008000,0x44010000,0x88020000,0x10a40000,0x21480000,0x42900000	0x240a01,0x481402,0x942205,0x108440a,0x2108814,0x4011028,0x8022050,0x100440a0,0x20088140,0x40110280,0x80020500	20000000	0	0	1000000	1500
745	32	21	19	0x61958805	0xc32b1045	0xa00001,0x1400002,0x2800004,0x5000008,0xa000010,0x14000020,0x28000040,0x50000080,0xa0000100,0x40a00200,0x81400400,0x2200800,0x4401000,0x8802000,0x11004000,0x22008000,0x44010000,0x88020000,0x10a40000,0x21480000,0x42900000	0x240a01,0x481402,0x942205,0x108440a,0x2108814,0x4011028,0x8022050,0x100440a0,0x20088140,0x40110280,0x80020500	20000000	0	0	1000000	1500
746	32	21	19	0x7683e955	0x6483a955	0xa00001,0x1400002,0x2800004,0x5000008,0xa000010,0x14000020,0x28000040,0x50000080,0xa0000100,0x40a00200,0x81400400,0x2200800,0x4401000,0x8802000,0x11004000,0x22008000,0x44010000,0x88020000,0x10a40000,0x21480000,0x42900000	0x240a01,0x481402,0x942205,0x108440a,0x2108814,0x4011028,0x8022050,0x100440a0,0x20088140,0x40110280,0x80020500	20000000	0	0	1000000	1500
747	32	21	19	0x76c43dbc	0xed087b78	0xa00001,0x1400002,0x2800004,0x5000008,0xa000010,0x14000020,0x28000040,0x50000080,0xa0000100,0x40a00200,0x81400400,0x2200800,0x4401000,0x8802000,0x11004000,0x22008000,0x44010000,0x88020000,0x10a40000,0x21480000,0x42900000	0x240a01,0x481402,0x942205,0x108440a,0x2108814,0x4011028,0x8022050,0x100440a0,0x20088140,0x40110280,0x80020500	20000000	0	0	1000000	1500
748	32	21	19	0x55cf5aa3	0xabce5aa3	0xa00001,0x1400002,0x2800004,0x5000008,0xa000010,0x14000020,0x28000040,0x50000080,0xa0000100,0x40a00200,0x81400400,0x2200800,0x4401000,0x8802000,0x11004000,0x22008000,0x44010000,0x88020000,0x10a40000,0x21480000,0x42900000	0x240a01,0x481402,0x942205,0x108440a,0x2108814,0x4011028,0x8022050,0x100440a0,0x20088140,0x40110280,0x80020500	20000000	0	0	1000000	1500
749	32	21	19	0xbbe25b6	0x177c25b6	0xa00001,0x1400002,0x2800004,0x5000008,0xa000010,0x14000020,0x28000040,0x50000080,0xa0000100,0x40a00200,0x81400400,0x2200800,0x4401000,0x8802000,0x11004000,0x22008000,0x44010000,0x88020000,0x10a40000,0x21480000,0x42900000	0x240a01,0x481402,0x942205,0x108440a,0x2108814,0x4011028,0x8022050,0x100440a0,0x20088140,0x40110280,0x80020500	20000000	0	0	1000000	1500
750	32	21	19	0x730894f7	0xe62894ff	0xa00001,0x1400002,0x2800004,0x5000008,0xa000010,0x14000020,0x28000040,0x50000080,0xa0000100,0x40a00200,0x81400400,0x2200800,0x4401000,0x8802000,0x11004000,0x22008000,0x44010000,0x88020000,0x10a40000,0x21480000,0x42900000	0x240a01,0x481402,0x942205,0x108440a,0x2108814,0x4011028,0x8022050,0x100440a0,0x20088140,0x40110280,0x80020500	20000000	0	0	1000000	1500
751	32	21	19	0x68ae25b6	0xd06e05be	0xa00001,0x1400002,0x2800004,0x5000008,0xa000010,0x14000020,0x28000040,0x50000080,0xa0000100,0x40a00200,0x81400400,0x2200800,0x4401000,0x8802000,0x11004000,0x22008000,0x44010000,0x88020000,0x10a40000,0x21480000,0x42900000	0x240a01,0x481402,0x942205,0x108440a,0x2108814,0x4011028,0x8022050,0x100440a0,0x20088140,0x40110280,0x80020500	20000000	0	0	1000000	1500
752	32	21	19	0x6a165b2a	0xc42c9e2a	0xa00001,0x1400002,0x2800004,0x5000008,0xa000010,0x14000020,0x28000040,0x50000080,0xa0000100,0x40a00200,0x81400400,0x2200800,0x4401000,0x8802000,0x11004000,0x22008000,0x44010000,0x88020000,0x10a40000,0x21480000,0x42900000	0x240a01,0x481402,0x942205,0x108440a,0x2108814,0x4011028,0x8022050,0x100440a0,0x20088140,0x40110280,0x80020500	20000000	0	0	1000000	1500
753	32	21	19	0x4e0e6b8f	0x841dabc7	0xa00001,0x1400002,0x2800004,0x5000008,0xa000010,0x14000020,0x28000040,0x50000080,0xa0000100,0x40a00200,0x81400400,0x2200800,0x4401000,0x8802000,0x11004000,0x22008000,0x44010000,0x88020000,0x10a40000,0x21480000,0x42900000	0x240a01,0x481402,0x942205,0x108440a,0x2108814,0x4011028,0x8022050,0x100440a0,0x20088140,0x40110280,0x80020500	20000000	0	0	1000000	1500
754	32	21	19	0x5c3f5478	0xb87f5578	0xa00001,0x1400002,0x2800004,0x5000008,0xa000010,0x14000020,0x28000040,0x50000080,0xa0000100,0x40a00200,0x81400400,0x2200800,0x4401000,0x8802000,0x11004000,0x22008000,0x44010000,0x88020000,0x10a40000,0x21480000,0x42900000	0x240a01,0x481402,0x942205,0x108440a,0x2108814,0x4011028,0x8022050,0x100440a0,0x20088140,0x40110280,0x80020500	20000000	0	0	1000000	1500
755	32	21	19	0x14ce1f63	0x219c3f63	0xa00001,0x1400002,0x2800004,0x5000008,0xa000010,0x14000020,0x28000040,0x50000080,0xa0000100,0x40a00200,0x81400400,0x2200800,0x4401000,0x8802000,0x11004000,0x22008000,0x44010000,0x88020000,0x10a40000,0x21480000,0x42900000	0x240a01,0x481402,0x942205,0x108440a,0x2108814,0x4011028,0x8022050,0x100440a0,0x20088140,0x40110280,0x80020500	20000000	0	0	1000000	1500
756	32	21	19	0x5839a4d5	0xb172a5d5	0xa00001,0x1400002,0x2800004,0x5000008,0xa000010,0x14000020,0x28000040,0x50000080,0xa0000100,0x40a00200,0x81400400,0x2200800,0x4401000,0x8802000,0x11004000,0x22008000,0x44010000,0x88020000,0x10a40000,0x21480000,0x42900000	0x240a01,0x481402,0x942205,0x108440a,0x2108814,0x4011028,0x8022050,0x100440a0,0x20088140,0x40110280,0x80020500	20000000	0	0	1000000	1500
757	32	21	19	0x6fdad012	0xd7dad012	0xa00001,0x1400002,0x2800004,0x5000008,0xa000010,0x14000020,0x28000040,0x50000080,0xa0000100,0x40a00200,0x81400400,0x2200800,0x4401000,0x8802000,0x11004000,0x22008000,0x44010000,0x88020000,0x10a40000,0x21480000,0x42900000	0x240a01,0x481402,0x942205,0x108440a,0x2108814,0x4011028,0x8022050,0x100440a0,0x20088140,0x40110280,0x80020500	20000000	0	0	1000000	1500
758	32	21	19	0x2a013bab	0x54027357	0xa00001,0x1400002,0x2800004,0x5000008,0xa000010,0x14000020,0x28000040,0x50000080,0xa0000100,0x40a00200,0x81400400,0x2200800,0x4401000,0x8802000,0x11004000,0x22008000,0x44010000,0x88020000,0x10a40000,0x21480000,0x42900000	0x240a01,0x481402,0x942205,0x108440a,0x2108814,0x4011028,0x8022050,0x100440a0,0x20088140,0x40110280,0x80020500	20000000	0	0	1000000	1500
759	32	21	19	0x11692e4f	0x22d25ccf	0xa00001,0x1400002,0x2800004,0x5000008,0xa000010,0x14000020,0x28000040,0x50000080,0xa0000100,0x40a00200,0x81400400,0x2200800,0x4401000,0x8802000,0x11004000,0x22008000,0x44010000,0x88020000,0x10a40000,0x21480000,0x42900000	0x240a01,0x481402,0x942205,0x108440a,0x2108814,0x4011028,0x8022050,0x100440a0,0x20088140,0x40110280,0x80020500	20000000	0	0	1000000	1500
760	32	21	19	0x6b0b8693	0xd68ba283	0xa00001,0x1400002,0x2800004,0x5000008,0xa000010,0x14000020,0x28000040,0x50000080,0xa0000100,0x40a00200,0x81400400,0x2200800,0x4401000,0x8802000,0x11004000,0x22008000,0x44010000,0x88020000,0x10a40000,0x21480000,0x42900000	0x240a01,0x481402,0x942205,0x108440a,0x2108814,0x4011028,0x8022050,0x100440a0,0x20088140,0x40110280,0x80020500	20000000	0	0	1000000	1500
761	32	21	19	0x7beecce7	0xc6dc9bd7	0xa00001,0x1400002,0x2800004,0x5000008,0xa000010,0x14000020,0x28000040,0x50000080,0xa0000100,0x40a00200,0x81400400,0x2200800,0x4401000,0x8802000,0x11004000,0x22008000,0x44010000,0x88020000,0x10a40000,0x21480000,0x42900000	0x240a01,0x481402,0x942205,0x108440a,0x2108814,0x4011028,0x8022050,0x100440a0,0x20088140,0x40110280,0x80020500	20000000	0	0	1000000	1500
762	32	21	19	0x3e857d	0x7d02d9	0xa00001,0x1400002,0x2800004,0x5000008,0xa000010,0x14000020,0x28000040,0x50000080,0xa0000100,0x40a00200,0x81400400,0x2200800,0x4401000,0x8802000,0x11004000,0x22008000,0x44010000,0x88020000,0x10a40000,0x21480000,0x42900000	0x240a01,0x481402,0x942205,0x108440a,0x2108814,0x4011028,0x8022050,0x100440a0,0x20088140,0x40110280,0x80020500	20000000	0	0	1000000	1500
763	32	21	19	0x5a2d93b	0x5a2d13b	0xa00001,0x1400002,0x2800004,0x5000008,0xa000010,0x14000020,0x28000040,0x50000080,0xa0000100,0x40a00200,0x81400400,0x2200800,0x4401000,0x8802000,0x11004000,0x22008000,0x44010000,0x88020000,0x10a40000,0x21480000,0x42900000	0x240a01,0x481402,0x942205,0x108440a,0x2108814,0x4011028,0x8022050,0x100440a0,0x20088140,0x40110280,0x80020500	20000000	0	0	1000000	1500
764	32	21	19	0x6f4cd72	0xf9cd72	0xa00001,0x1400002,0x2800004,0x5000008,0xa000010,0x14000020,0x28000040,0x50000080,0xa0000100,0x40a00200,0x81400400,0x2200800,0x4401000,0x8802000,0x11004000,0x22008000,0x44010000,0x88020000,0x10a40000,0x21480000,0x42900000	0x240a01,0x481402,0x942205,0x108440a,0x2108814,0x4011028,0x8022050,0x100440a0,0x20088140,0x40110280,0x80020500	20000000	0	0	1000000	1500
765	32	21	19	0x162801b	0x2c1221b	0xa00001,0x1400002,0x2800004,0x5000008,0xa000010,0x14000020,0x28000040,0x50000080,0xa0000100,0x40a00200,0x81400400,0x2200800,0x4401000,0x8802000,0x11004000,0x22008000,0x44010000,0x88020000,0x10a40000,0x21480000,0x42900000	0x240a01,0x481402,0x942205,0x108440a,0x2108814,0x4011028,0x8022050,0x100440a0,0x20088140,0x40110280,0x80020500	20000000	0	0	1000000	1500
766	32	21	19	0x551f4e0	0x8551f462	0xa00001,0x1400002,0x2800004,0x5000008,0xa000010,0x14000020,0x28000040,0x50000080,0xa0000100,0x40a00200,0x81400400,0x2200800,0x4401000,0x8802000,0x11004000,0x22008000,0x44010000,0x88020000,0x10a40000,0x21480000,0x42900000	0x240a01,0x481402,0x942205,0x108440a,0x2108814,0x4011028,0x8022050,0x100440a0,0x20088140,0x40110280,0x80020500	20000000	0	0	1000000	1500
767	32	21	19	0x5510940	0xaa22940	0xa00001,0x1400002,0x2800004,0x5000008,0xa000010,0x14000020,0x28000040,0x50000080,0xa0000100,0x40a00200,0x81400400,0x2200800,0x4401000,0x8802000,0x11004000,0x22008000,0x44010000,0x88020000,0x10a40000,0x21480000,0x42900000	0x240a01,0x481402,0x942205,0x108440a,0x2108814,0x4011028,0x8022050,0x100440a0,0x20088140,0x40110280,0x80020500	20000000	0	0	1000000	1500
768	32	24	19	0x18feee92	0x31fdce92	0x7000001,0xe000002,0x1c000004,0x38000008,0x70000010,0xe0000020,0xc7000040,0x89000080,0x15000100,0x2a000200,0x54000400,0xa8000800,0x57001000,0xae002000,0x5b004000,0xb6008000,0x6b010000,0xd6020000,0xab040000,0x51080000,0xa2100000,0x43200000,0x86400000,0xb800000	0x1ad51c1,0x2f7f243,0x442b547,0x8856a8e,0x100ad51c,0x2015aa38,0x402b5470,0x8056a8e0	20000000	0	1	1000000	1500
769	32	24	19	0x3075e543	0x60f5e543	0x7000001,0xe000002,0x1c000004,0x38000008,0x70000010,0xe0000020,0xc7000040,0x89000080,0x15000100,0x2a000200,0x54000400,0xa8000800,0x57001000,0xae002000,0x5b004000,0xb6008000,0x6b010000,0xd6020000,0xab040000,0x51080000,0xa2100000,0x43200000,0x86400000,0xb800000	0x1ad51c1,0x2f7f243,0x442b547,0x8856a8e,0x100ad51c,0x2015aa38,0x402b5470,0x8056a8e0	20000000	0	1	1000000	1500
770	32	24	19	0x23d1d973	0x47a3b2f3	0x7000001,0xe000002,0x1c000004,0x38000008,0x70000010,0xe0000020,0xc7000040,0x89000080,0x15000100,0x2a000200,0x54000400,0xa8000800,0x57001000,0xae002000,0x5b004000,0xb6008000,0x6b010000,0xd6020000,0xab040000,0x51080000,0xa2100000,0x43200000,0x86400000,0xb800000	0x1ad51c1,0x2f7f243,0x442b547,0x8856a8e,0x100ad51c,0x2015aa38,0x402b5470,0x8056a8e0	20000000	0	1	1000000	1500
771	32	24	19	0x161e0edb	0x2c7c1ddb	0x7000001,0xe000002,0x1c000004,0x38000008,0x70000010,0xe0000020,0xc7000040,0x89000080,0x15000100,0x2a000200,0x54000400,0xa8000800,0x57001000,0xae002000,0x5b004000,0xb6008000,0x6b010000,0xd6020000,0xab040000,0x51080000,0xa2100000,0x43200000,0x86400000,0xb800000	0x1ad51c1,0x2f7f243,0x442b547,0x8856a8e,0x100ad51c,0x2015aa38,0x402b5470,0x8056a8e0	20000000	0	1	1000000	1500
772	32	24	19	0x42bc2669	0x85784dd9	0x7000001,0xe000002,0x1c000004,0x38000008,0x70000010,0xe0000020,0xc7000040,0x89000080,0x15000100,0x2a000200,0x54000400,0xa8000800,0x57001000,0xae002000,0x5b004000,0xb6008000,0x6b010000,0xd6020000,0xab040000,0x51080000,0xa2100000,0x43200000,0x86400000,0xb800000	0x1ad51c1,0x2f7f243,0x442b547,0x8856a8e,0x100ad51c,0x2015aa38,0x402b5470,0x8056a8e0	20000000	0	1	1000000	1500
773	32	24	19	0x4f3ffaf0	0x966fbaf1	0x7000001,0xe000002,0x1c000004,0x38000008,0x70000010,0xe0000020,0xc7000040,0x89000080,0x15000100,0x2a000200,0x54000400,0xa8000800,0x57001000,0xae002000,0x5b004000,0xb6008000,0x6b010000,0xd6020000,0xab040000,0x51080000,0xa2100000,0x43200000,0x86400000,0xb800000	0x1ad51c1,0x2f7f243,0x442b547,0x8856a8e,0x100ad51c,0x2015aa38,0x402b5470,0x8056a8e0	20000000	0	1	1000000	1500
774	32	24	19	0x566138f7	0xb6e13877	0x7000001,0xe000002,0x1c000004,0x38000008,0x70000010,0xe0000020,0xc7000040,0x89000080,0x15000100,0x2a000200,0x54000400,0xa8000800,0x57001000,0xae002000,0x5b004000,0xb6008000,0x6b010000,0xd6020000,0xab040000,0x51080000,0xa2100000,0x43200000,0x86400000,0xb800000	0x1ad51c1,0x2f7f243,0x442b547,0x8856a8e,0x100ad51c,0x2015aa38,0x402b5470,0x8056a8e0	20000000	0	1	1000000	1500
775	32	24	19	0x2718cbe0	0x4e38c9e0	0x7000001,0xe000002,0x1c000004,0x38000008,0x70000010,0xe0000020,0xc7000040,0x89000080,0x15000100,0x2a000200,0x54000400,0xa8000800,0x57001000,0xae002000,0x5b004000,0xb6008000,0x6b010000,0xd6020000,0xab040000,0x51080000,0xa2100000,0x43200000,0x86400000,0xb800000	0x1ad51c1,0x2f7f243,0x442b547,0x8856a8e,0x100ad51c,0x2015aa38,0x402b5470,0x8056a8e0	20000000	0	1	1000000	1500
776	32	24	19	0x3ed3bd3f	0x3da25a0f	0x7000001,0xe000002,0x1c000004,0x38000008,0x70000010,0xe0000020,0xc7000040,0x89000080,0x15000100,0x2a000200,0x54000400,0xa8000800,0x57001000,0xae002000,0x5b004000,0xb6008000,0x6b010000,0xd6020000,0xab040000,0x51080000,0xa2100000,0x43200000,0x86400000,0xb800000	0x1ad51c1,0x2f7f243,0x442b547,0x8856a8e,0x100ad51c,0x2015aa38,0x402b5470,0x8056a8e0	20000000	0	0	1000000	1500
777	32	24	19	0x387b2a0	0x71f66a0	0x7000001,0xe000002,0x1c000004,0x38000008,0x70000010,0xe0000020,0xc7000040,0x89000080,0x15000100,0x2a000200,0x54000400,0xa8000800,0x57001000,0xae002000,0x5b004000,0xb6008000,0x6b010000,0xd6020000,0xab040000,0x51080000,0xa2100000,0x43200000,0x86400000,0xb800000	0x1ad51c1,0x2f7f243,0x442b547,0x8856a8e,0x100ad51c,0x2015aa38,0x402b5470,0x8056a8e0	20000000	0	0	1000000	1500
778	32	24	19	0x762141f	0xcec4941f	0x7000001,0xe000002,0x1c000004,0x38000008,0x70000010,0xe0000020,0xc7000040,0x89000080,0x15000100,0x2a000200,0x54000400,0xa8000800,0x57001000,0xae002000,0x5b004000,0xb6008000,0x6b010000,0xd6020000,0xab040000,0x51080000,0xa2100000,0x43200000,0x86400000,0xb800000	0x1ad51c1,0x2f7f243,0x442b547,0x8856a8e,0x100ad51c,0x2015aa38,0x402b5470,0x8056a8e0	20000000	0	0	1000000	1500
779	32	24	19	0x5fd8d135	0xffb1a275	0x7000001,0xe000002,0x1c000004,0x38000008,0x70000010,0xe0000020,0xc7000040,0x89000080,0x15000100,0x2a000200,0x54000400,0xa8000800,0x57001000,0xae002000,0x5b004000,0xb6008000,0x6b010000,0xd6020000,0xab040000,0x51080000,0xa2100000,0x43200000,0x86400000,0xb800000	0x1ad51c1,0x2f7f243,0x442b547,0x8856a8e,0x100ad51c,0x2015aa38,0x402b5470,0x8056a8e0	20000000	0	0	1000000	1500
780	32	24	19	0x77a7ed5	0x4efcfdd5	0x7000001,0xe000002,0x1c000004,0x38000008,0x70000010,0xe0000020,0xc7000040,0x89000080,0x15000100,0x2a000200,0x54000400,0xa8000800,0x57001000,0xae002000,0x5b004000,0xb6008000,0x6b010000,0xd6020000,0xab040000,0x51080000,0xa2100000,0x43200000,0x86400000,0xb800000	0x1ad51c1,0x2f7f243,0x442b547,0x8856a8e,0x100ad51c,0x2015aa38,0x402b5470,0x8056a8e0	20000000	0	0	1000000	1500
781	32	24	19	0x562cf637	0xac59ec6e	0x7000001,0xe000002,0x1c000004,0x38000008,0x70000010,0xe0000020,0xc7000040,0x89000080,0x15000100,0x2a000200,0x54000400,0xa8000800,0x57001000,0xae002000,0x5b004000,0xb6008000,0x6b010000,0xd6020000,0xab040000,0x51080000,0xa2100000,0x43200000,0x86400000,0xb800000	0x1ad51c1,0x2f7f243,0x442b547,0x8856a8e,0x100ad51c,0x2015aa38,0x402b5470,0x8056a8e0	20000000	0	0	1000000	1500
782	32	24	19	0x2fe42289	0x5fca4519	0x7000001,0xe000002,0x1c000004,0x38000008,0x70000010,0xe0000020,0xc7000040,0x89000080,0x15000100,0x2a000200,0x54000400,0xa8000800,0x57001000,0xae002000,0x5b004000,0xb6008000,0x6b010000,0xd6020000,0xab040000,0x51080000,0xa2100000,0x43200000,0x86400000,0xb800000	0x1ad51c1,0x2f7f243,0x442b547,0x8856a8e,0x100ad51c,0x2015aa38,0x402b5470,0x8056a8e0	20000000	0	0	1000000	1500
783	32	24	19	0x6e588bba	0xdcb156ba	0x7000001,0xe000002,0x1c000004,0x38000008,0x70000010,0xe0000020,0xc7000040,0x89000080,0x15000100,0x2a000200,0x54000400,0xa8000800,0x57001000,0xae002000,0x5b004000,0xb6008000,0x6b010000,0xd6020000,0xab040000,0x51080000,0xa2100000,0x43200000,0x86400000,0xb800000	0x1ad51c1,0x2f7f243,0x442b547,0x8856a8e,0x100ad51c,0x2015aa38,0x402b5470,0x8056a8e0	20000000	0	0	1000000	1500
784	32	24	19	0x29259957	0x724b32f7	0x7000001,0xe000002,0x1c000004,0x38000008,0x70000010,0xe0000020,0xc7000040,0x89000080,0x15000100,0x2a000200,0x54000400,0xa8000800,0x57001000,0xae002000,0x5b004000,0xb6008000,0x6b010000,0xd6020000,0xab040000,0x51080000,0xa2100000,0x43200000,0x86400000,0xb800000	0x1ad51c1,0x2f7f243,0x442b547,0x8856a8e,0x100ad51c,0x2015aa38,0x402b5470,0x8056a8e0	20000000	0	0	1000000	1500
785	32	24	19	0x1ea8d8bb	0x3d51b1bb	0x7000001,0xe000002,0x1c000004,0x38000008,0x70000010,0xe0000020,0xc7000040,0x89000080,0x15000100,0x2a000200,0x54000400,0xa8000800,0x57001000,0xae002000,0x5b004000,0xb6008000,0x6b010000,0xd6020000,0xab040000,0x51080000,0xa2100000,0x43200000,0x86400000,0xb800000	0x1ad51c1,0x2f7f243,0x442b547,0x8856a8e,0x100ad51c,0x2015aa38,0x402b5470,0x8056a8e0	20000000	0	0	1000000	1500
786	32	24	19	0x5c679fe4	0xb8cf1be4	0x7000001,0xe000002,0x1c000004,0x38000008,0x70000010,0xe0000020,0xc7000040,0x89000080,0x15000100,0x2a000200,0x54000400,0xa8000800,0x57001000,0xae002000,0x5b004000,0xb6008000,0x6b010000,0xd6020000,0xab040000,0x51080000,0xa2100000,0x43200000,0x86400000,0xb800000	0x1ad51c1,0x2f7f243,0x442b547,0x8856a8e,0x100ad51c,0x2015aa38,0x402b5470,0x8056a8e0	20000000	0	0	1000000	1500
787	32	24	19	0x1a2c2b1d	0x74ec291d	0x7000001,0xe000002,0x1c000004,0x38000008,0x70000010,0xe0000020,0xc7000040,0x89000080,0x15000100,0x2a000200,0x54000400,0xa8000800,0x57001000,0xae002000,0x5b004000,0xb6008000,0x6b010000,0xd6020000,0xab040000,0x51080000,0xa2100000,0x43200000,0x86400000,0xb800000	0x1ad51c1,0x2f7f243,0x442b547,0x8856a8e,0x100ad51c,0x2015aa38,0x402b5470,0x8056a8e0	20000000	0	0	1000000	1500
788	32	24	19	0x6acc215e	0xd518215e	0x7000001,0xe000002,0x1c000004,0x38000008,0x70000010,0xe0000020,0xc7000040,0x89000080,0x15000100,0x2a000200,0x54000400,0xa8000800,0x57001000,0xae002000,0x5b004000,0xb6008000,0x6b010000,0xd6020000,0xab040000,0x51080000,0xa2100000,0x43200000,0x86400000,0xb800000	0x1ad51c1,0x2f7f243,0x442b547,0x8856a8e,0x100ad51c,0x2015aa38,0x402b5470,0x8056a8e0	20000000	0	0	1000000	1500
789	32	24	19	0x7f54e3d0	0xfee1c79c	0x7000001,0xe000002,0x1c000004,0x38000008,0x70000010,0xe0000020,0xc7000040,0x89000080,0x15000100,0x2a000200,0x54000400,0xa8000800,0x57001000,0xae002000,0x5b004000,0xb6008000,0x6b010000,0xd6020000,0xab040000,0x51080000,0xa2100000,0x43200000,0x86400000,0xb800000	0x1ad51c1,0x2f7f243,0x442b547,0x8856a8e,0x100ad51c,0x2015aa38,0x402b5470,0x8056a8e0	20000000	0	0	1000000	1500
790	32	24	19	0x5c31047b	0x9c310477	0x7000001,0xe000002,0x1c000004,0x38000008,0x70000010,0xe0000020,0xc7000040,0x89000080,0x15000100,0x2a000200,0x54000400,0xa8000800,0x57001000,0xae002000,0x5b004000,0xb6008000,0x6b010000,0xd6020000,0xab040000,0x51080000,0xa2100000,0x43200000,0x86400000,0xb800000	0x1ad51c1,0x2f7f243,0x442b547,0x8856a8e,0x100ad51c,0x2015aa38,0x402b5470,0x8056a8e0	20000000	0	0	1000000	1500
791	32	24	19	0x4acb8a0	0x4acb8a8	0x7000001,0xe000002,0x1c000004,0x38000008,0x70000010,0xe0000020,0xc7000040,0x89000080,0x15000100,0x2a000200,0x54000400,0xa8000800,0x57001000,0xae002000,0x5b004000,0xb6008000,0x6b010000,0xd6020000,0xab040000,0x51080000,0xa2100000,0x43200000,0x86400000,0xb800000	0x1ad51c1,0x2f7f243,0x442b547,0x8856a8e,0x100ad51c,0x2015aa38,0x402b5470,0x8056a8e0	20000000	0	0	1000000	1500
792	32	24	19	0x465cd22d	0x8d5cd22d	0x7000001,0xe000002,0x1c000004,0x38000008,0x70000010,0xe0000020,0xc7000040,0x89000080,0x15000100,0x2a000200,0x54000400,0xa8000800,0x57001000,0xae002000,0x5b004000,0xb6008000,0x6b010000,0xd6020000,0xab040000,0x51080000,0xa2100000,0x43200000,0x86400000,0xb800000	0x1ad51c1,0x2f7f243,0x442b547,0x8856a8e,0x100ad51c,0x2015aa38,0x402b5470,0x8056a8e0	20000000	0	0	1000000	1500
793	32	24	19	0x5bf2aeec	0xb7e559da	0x7000001,0xe000002,0x1c000004,0x38000008,0x70000010,0xe0000020,0xc7000040,0x89000080,0x15000100,0x2a000200,0x54000400,0xa8000800,0x57001000,0xae002000,0x5b004000,0xb6008000,0x6b010000,0xd6020000,0xab040000,0x51080000,0xa2100000,0x43200000,0x86400000,0xb800000	0x1ad51c1,0x2f7f243,0x442b547,0x8856a8e,0x100ad51c,0x2015aa38,0x402b5470,0x8056a8e0	20000000	0	0	1000000	1500
794	32	24	19	0x72af2b0c	0xe55e162c	0x7000001,0xe000002,0x1c000004,0x38000008,0x70000010,0xe0000020,0xc7000040,0x89000080,0x15000100,0x2a000200,0x54000400,0xa8000800,0x57001000,0xae002000,0x5b004000,0xb6008000,0x6b010000,0xd6020000,0xab040000,0x51080000,0xa2100000,0x43200000,0x86400000,0xb800000	0x1ad51c1,0x2f7f243,0x442b547,0x8856a8e,0x100ad51c,0x2015aa38,0x402b5470,0x8056a8e0	20000000	0	0	1000000	1500
795	32	24	19	0x113d8c00	0x627b0d00	0x7000001,0xe000002,0x1c000004,0x38000008,0x70000010,0xe0000020,0xc7000040,0x89000080,0x15000100,0x2a000200,0x54000400,0xa8000800,0x57001000,0xae002000,0x5b004000,0xb6008000,0x6b010000,0xd6020000,0xab040000,0x51080000,0xa2100000,0x43200000,0x86400000,0xb800000	0x1ad51c1,0x2f7f243,0x442b547,0x8856a8e,0x100ad51c,0x2015aa38,0x402b5470,0x8056a8e0	20000000	0	0	1000000	1500
796	32	24	19	0x4e61efaf	0x9cc5eeaf	0x7000001,0xe000002,0x1c000004,0x38000008,0x70000010,0xe0000020,0xc7000040,0x89000080,0x15000100,0x2a000200,0x54000400,0xa8000800,0x57001000,0xae002000,0x5b004000,0xb6008000,0x6b010000,0xd6020000,0xab040000,0x51080000,0xa2100000,0x43200000,0x86400000,0xb800000	0x1ad51c1,0x2f7f243,0x442b547,0x8856a8e,0x100ad51c,0x2015aa38,0x402b5470,0x8056a8e0	20000000	0	0	1000000	1500
797	32	24	19	0x739749f9	0xe73e92f9	0x7000001,0xe000002,0x1c000004,0x38000008,0x70000010,0xe0000020,0xc7000040,0x89000080,0x15000100,0x2a000200,0x54000400,0xa8000800,0x57001000,0xae002000,0x5b004000,0xb6008000,0x6b010000,0xd6020000,0xab040000,0x51080000,0xa2100000,0x43200000,0x86400000,0xb800000	0x1ad51c1,0x2f7f243,0x442b547,0x8856a8e,0x100ad51c,0x2015aa38,0x402b5470,0x8056a8e0	20000000	0	0	1000000	1500
798	32	24	19	0x73545d53	0xe288bba3	0x7000001,0xe000002,0x1c000004,0x38000008,0x70000010,0xe0000020,0xc7000040,0x89000080,0x15000100,0x2a000200,0x54000400,0xa8000800,0x57001000,0xae002000,0x5b004000,0xb6008000,0x6b010000,0xd6020000,0xab040000,0x51080000,0xa2100000,0x43200000,0x86400000,0xb800000	0x1ad51c1,0x2f7f243,0x442b547,0x8856a8e,0x100ad51c,0x2015aa38,0x402b5470,0x8056a8e0	20000000	0	0	1000000	1500
799	32	24	19	0x74e2acaa	0xf4e2bcaa	0x7000001,0xe000002,0x1c000004,0x38000008,0x70000010,0xe0000020,0xc7000040,0x89000080,0x15000100,0x2a000200,0x54000400,0xa8000800,0x57001000,0xae002000,0x5b004000,0xb6008000,0x6b010000,0xd6020000,0xab040000,0x51080000,0xa2100000,0x43200000,0x86400000,0xb800000	0x1ad51c1,0x2f7f243,0x442b547,0x8856a8e,0x100ad51c,0x2015aa38,0x402b5470,0x8056a8e0	20000000	0	0	1000000	1500
800	32	24	19	0x2376a11e	0x46f6a11e	0x7000001,0xe000002,0x1c000004,0x38000008,0x70000010,0xe0000020,0xc7000040,0x89000080,0x15000100,0x2a000200,0x54000400,0xa8000800,0x57001000,0xae002000,0x5b004000,0xb6008000,0x6b010000,0xd6020000,0xab040000,0x51080000,0xa2100000,0x43200000,0x86400000,0xb800000	0x1ad51c1,0x2f7f243,0x442b547,0x8856a8e,0x100ad51c,0x2015aa38,0x402b5470,0x8056a8e0	20000000	0	0	1000000	1500
801	32	24	19	0x2f107782	0x5e606d82	0x7000001,0xe000002,0x1c000004,0x38000008,0x70000010,0xe0000020,0xc7000040,0x89000080,0x15000100,0x2a000200,0x54000400,0xa8000800,0x57001000,0xae002000,0x5b004000,0xb6008000,0x6b010000,0xd6020000,0xab040000,0x51080000,0xa2100000,0x43200000,0x86400000,0xb800000	0x1ad51c1,0x2f7f243,0x442b547,0x8856a8e,0x100ad51c,0x2015aa38,0x402b5470,0x8056a8e0	20000000	0	0	1000000	1500
802	32	24	19	0x62e8d38	0xc5d0a64	0x7000001,0xe000002,0x1c000004,0x38000008,0x70000010,0xe0000020,0xc7000040,0x89000080,0x15000100,0x2a000200,0x54000400,0xa8000800,0x57001000,0xae002000,0x5b004000,0xb6008000,0x6b010000,0xd6020000,0xab040000,0x51080000,0xa2100000,0x43200000,0x86400000,0xb800000	0x1ad51c1,0x2f7f243,0x442b547,0x8856a8e,0x100ad51c,0x2015aa38,0x402b5470,0x8056a8e0	20000000	0	0	1000000	1500
803	32	24	19	0x5335354e	0xa66b6b4e	0x7000001,0xe000002,0x1c000004,0x38000008,0x70000010,0xe0000020,0xc7000040,0x89000080,0x15000100,0x2a000200,0x54000400,0xa8000800,0x57001000,0xae002000,0x5b004000,0xb6008000,0x6b010000,0xd6020000,0xab040000,0x51080000,0xa2100000,0x43200000,0x86400000,0xb800000	0x1ad51c1,0x2f7f243,0x442b547,0x8856a8e,0x100ad51c,0x2015aa38,0x402b5470,0x8056a8e0	20000000	0	0	1000000	1500
804	32	24	19	0x7a983fca	0xba983fca	0x7000001,0xe000002,0x1c000004,0x38000008,0x70000010,0xe0000020,0xc7000040,0x89000080,0x15000100,0x2a000200,0x54000400,0xa8000800,0x57001000,0xae002000,0x5b004000,0xb6008000,0x6b010000,0xd6020000,0xab040000,0x51080000,0xa2100000,0x43200000,0x86400000,0xb800000	0x1ad51c1,0x2f7f243,0x442b547,0x8856a8e,0x100ad51c,0x2015aa38,0x402b5470,0x8056a8e0	20000000	0	0	1000000	1500
805	32	24	19	0x181965b5	0x702365bd	0x7000001,0xe000002,0x1c000004,0x38000008,0x70000010,0xe0000020,0xc7000040,0x89000080,0x15000100,0x2a000200,0x54000400,0xa8000800,0x57001000,0xae002000,0x5b004000,0xb6008000,0x6b010000,0xd6020000,0xab040000,0x51080000,0xa2100000,0x43200000,0x86400000,0xb800000	0x1ad51c1,0x2f7f243,0x442b547,0x8856a8e,0x100ad51c,0x2015aa38,0x402b5470,0x8056a8e0	20000000	0	0	1000000	1500
806	32	24	19	0x459b3d67	0x8b367ad3	0x7000001,0xe000002,0x1c000004,0x38000008,0x70000010,0xe0000020,0xc7000040,0x89000080,0x15000100,0x2a000200,0x54000400,0xa8000800,0x57001000,0xae002000,0x5b004000,0xb6008000,0x6b010000,0xd6020000,0xab040000,0x51080000,0xa2100000,0x43200000,0x86400000,0xb800000	0x1ad51c1,0x2f7f243,0x442b547,0x8856a8e,0x100ad51c,0x2015aa38,0x402b5470,0x8056a8e0	20000000	0	0	1000000	1500
807	32	24	19	0x6c707ed6	0xd8e0fd96	0x7000001,0xe000002,0x1c000004,0x38000008,0x70000010,0xe0000020,0xc7000040,0x89000080,0x15000100,0x2a000200,0x54000400,0xa8000800,0x57001000,0xae002000,0x5b004000,0xb6008000,0x6b010000,0xd6020000,0xab040000,0x51080000,0xa2100000,0x43200000,0x86400000,0xb800000	0x1ad51c1,0x2f7f243,0x442b547,0x8856a8e,0x100ad51c,0x2015aa38,0x402b5470,0x8056a8e0	20000000	0	0	1000000	1500
808	32	24	19	0x60da4e46	0xc4364e46	0x7000001,0xe000002,0x1c000004,0x38000008,0x70000010,0xe0000020,0xc7000040,0x89000080,0x15000100,0x2a000200,0x54000400,0xa8000800,0x57001000,0xae002000,0x5b004000,0xb6008000,0x6b010000,0xd6020000,0xab040000,0x51080000,0xa2100000,0x43200000,0x86400000,0xb800000	0x1ad51c1,0x2f7f243,0x442b547,0x8856a8e,0x100ad51c,0x2015aa38,0x402b5470,0x8056a8e0	20000000	0	0	1000000	1500
809	32	24	19	0x4877f575	0x90eff575	0x7000001,0xe000002,0x1c000004,0x38000008,0x70000010,0xe0000020,0xc7000040,0x89000080,0x15000100,0x2a000200,0x54000400,0xa8000800,0x57001000,0xae002000,0x5b004000,0xb6008000,0x6b010000,0xd6020000,0xab040000,0x51080000,0xa2100000,0x43200000,0x86400000,0xb800000	0x1ad51c1,0x2f7f243,0x442b547,0x8856a8e,0x100ad51c,0x2015aa38,0x402b5470,0x8056a8e0	20000000	0	0	1000000	1500
810	32	24	19	0x43229e1d	0xa6457e5d	0x7000001,0xe000002,0x1c000004,0x38000008,0x70000010,0xe0000020,0xc7000040,0x89000080,0x15000100,0x2a000200,0x54000400,0xa8000800,0x57001000,0xae002000,0x5b004000,0xb6008000,0x6b010000,0xd6020000,0xab040000,0x51080000,0xa2100000,0x43200000,0x86400000,0xb800000	0x1ad51c1,0x2f7f243,0x442b547,0x8856a8e,0x100ad51c,0x2015aa38,0x402b5470,0x8056a8e0	20000000	0	0	1000000	1500
811	32	24	19	0x36eaf413	0x6dd56a27	0x7000001,0xe000002,0x1c000004,0x38000008,0x70000010,0xe0000020,0xc7000040,0x89000080,0x15000100,0x2a000200,0x54000400,0xa8000800,0x57001000,0xae002000,0x5b004000,0xb6008000,0x6b010000,0xd6020000,0xab040000,0x51080000,0xa2100000,0x43200000,0x86400000,0xb800000	0x1ad51c1,0x2f7f243,0x442b547,0x8856a8e,0x100ad51c,0x2015aa38,0x402b5470,0x8056a8e0	20000000	0	0	1000000	1500
812	32	24	19	0x32beca6c	0x557d956c	0x7000001,0xe000002,0x1c000004,0x38000008,0x70000010,0xe0000020,0xc7000040,0x89000080,0x15000100,0x2a000200,0x54000400,0xa8000800,0x57001000,0xae002000,0x5b004000,0xb6008000,0x6b010000,0xd6020000,0xab040000,0x51080000,0xa2100000,0x43200000,0x86400000,0xb800000	0x1ad51c1,0x2f7f243,0x442b547,0x8856a8e,0x100ad51c,0x2015aa38,0x402b5470,0x8056a8e0	20000000	0	0	1000000	1500
813	32	24	19	0x19796e75	0x32d2dced	0x7000001,0xe000002,0x1c000004,0x38000008,0x70000010,0xe0000020,0xc7000040,0x89000080,0x15000100,0x2a000200,0x54000400,0xa8000800,0x57001000,0xae002000,0x5b004000,0xb6008000,0x6b010000,0xd6020000,0xab040000,0x51080000,0xa2100000,0x43200000,0x86400000,0xb800000	0x1ad51c1,0x2f7f243,0x442b547,0x8856a8e,0x100ad51c,0x2015aa38,0x402b5470,0x8056a8e0	20000000	0	0	1000000	1500
814	32	24	19	0xf5058df	0x14b0a1ff	0x7000001,0xe000002,0x1c000004,0x38000008,0x70000010,0xe0000020,0xc7000040,0x89000080,0x15000100,0x2a000200,0x54000400,0xa8000800,0x57001000,0xae002000,0x5b004000,0xb6008000,0x6b010000,0xd6020000,0xab040000,0x51080000,0xa2100000,0x43200000,0x86400000,0xb800000	0x1ad51c1,0x2f7f243,0x442b547,0x8856a8e,0x100ad51c,0x2015aa38,0x402b5470,0x8056a8e0	20000000	0	0	1000000	1500
815	32	24	19	0x7b42d1ab	0xf64ad1ab	0x7000001,0xe000002,0x1c000004,0x38000008,0x70000010,0xe0000020,0xc7000040,0x89000080,0x15000100,0x2a000200,0x54000400,0xa8000800,0x57001000,0xae002000,0x5b004000,0xb6008000,0x6b010000,0xd6020000,0xab040000,0x51080000,0xa2100000,0x43200000,0x86400000,0xb800000	0x1ad51c1,0x2f7f243,0x442b547,0x8856a8e,0x100ad51c,0x2015aa38,0x402b5470,0x8056a8e0	20000000	0	0	1000000	1500
816	32	24	19	0x68f61040	0xd0fe1040	0x7000001,0xe000002,0x1c000004,0x38000008,0x70000010,0xe0000020,0xc7000040,0x89000080,0x15000100,0x2a000200,0x54000400,0xa8000800,0x57001000,0xae002000,0x5b004000,0xb6008000,0x6b010000,0xd6020000,0xab040000,0x51080000,0xa2100000,0x43200000,0x86400000,0xb800000	0x1ad51c1,0x2f7f243,0x442b547,0x8856a8e,0x100ad51c,0x2015aa38,0x402b5470,0x8056a8e0	20000000	0	0	1000000	1500
817	32	24	19	0x22a37f6f	0x4546eed7	0x7000001,0xe000002,0x1c000004,0x38000008,0x70000010,0xe0000020,0xc7000040,0x89000080,0x15000100,0x2a000200,0x54000400,0xa8000800,0x57001000,0xae002000,0x5b004000,0xb6008000,0x6b010000,0xd6020000,0xab040000,0x51080000,0xa2100000,0x43200000,0x86400000,0xb800000	0x1ad51c1,0x2f7f243,0x442b547,0x8856a8e,0x100ad51c,0x2015aa38,0x402b5470,0x8056a8e0	20000000	0	0	1000000	1500
818	32	24	19	0x62839943	0xc5079c43	0x7000001,0xe000002,0x1c000004,0x38000008,0x70000010,0xe0000020,0xc7000040,0x89000080,0x15000100,0x2a000200,0x54000400,0xa8000800,0x57001000,0xae002000,0x5b004000,0xb6008000,0x6b010000,0xd6020000,0xab040000,0x51080000,0xa2100000,0x43200000,0x86400000,0xb800000	0x1ad51c1,0x2f7f243,0x442b547,0x8856a8e,0x100ad51c,0x2015aa38,0x402b5470,0x8056a8e0	20000000	0	0	1000000	1500
819	32	24	19	0x51956ff6	0xd1957ef6	0x7000001,0xe000002,0x1c000004,0x38000008,0x70000010,0xe0000020,0xc7000040,0x89000080,0x15000100,0x2a000200,0x54000400,0xa8000800,0x57001000,0xae002000,0x5b004000,0xb6008000,0x6b010000,0xd6020000,0xab040000,0x51080000,0xa2100000,0x43200000,0x86400000,0xb800000	0x1ad51c1,0x2f7f243,0x442b547,0x8856a8e,0x100ad51c,0x2015aa38,0x402b5470,0x8056a8e0	20000000	0	0	1000000	1500
820	32	24	19	0x6afe1dde	0xeafe1dde	0x7000001,0xe000002,0x1c000004,0x38000008,0x70000010,0xe0000020,0xc7000040,0x89000080,0x15000100,0x2a000200,0x54000400,0xa8000800,0x57001000,0xae002000,0x5b004000,0xb6008000,0x6b010000,0xd6020000,0xab040000,0x51080000,0xa2100000,0x43200000,0x86400000,0xb800000	0x1ad51c1,0x2f7f243,0x442b547,0x8856a8e,0x100ad51c,0x2015aa38,0x402b5470,0x8056a8e0	20000000	0	0	1000000	1500
821	32	24	19	0xc598e60	0x8b32e60	0x7000001,0xe000002,0x1c000004,0x38000008,0x70000010,0xe0000020,0xc7000040,0x89000080,0x15000100,0x2a000200,0x54000400,0xa8000800,0x57001000,0xae002000,0x5b004000,0xb6008000,0x6b010000,0xd6020000,0xab040000,0x51080000,0xa2100000,0x43200000,0x86400000,0xb800000	0x1ad51c1,0x2f7f243,0x442b547,0x8856a8e,0x100ad51c,0x2015aa38,0x402b5470,0x8056a8e0	20000000	0	0	1000000	1500
822	32	24	19	0x9caa99	0x1395531	0x7000001,0xe000002,0x1c000004,0x38000008,0x70000010,0xe0000020,0xc7000040,0x89000080,0x15000100,0x2a000200,0x54000400,0xa8000800,0x57001000,0xae002000,0x5b004000,0xb6008000,0x6b010000,0xd6020000,0xab040000,0x51080000,0xa2100000,0x43200000,0x86400000,0xb800000	0x1ad51c1,0x2f7f243,0x442b547,0x8856a8e,0x100ad51c,0x2015aa38,0x402b5470,0x8056a8e0	20000000	0	0	1000000	1500
823	32	24	19	0x58c73d16	0xb8cf3d16	0x7000001,0xe000002,0x1c000004,0x38000008,0x70000010,0xe0000020,0xc7000040,0x89000080,0x15000100,0x2a000200,0x54000400,0xa8000800,0x57001000,0xae002000,0x5b004000,0xb6008000,0x6b010000,0xd6020000,0xab040000,0x51080000,0xa2100000,0x43200000,0x86400000,0xb800000	0x1ad51c1,0x2f7f243,0x442b547,0x8856a8e,0x100ad51c,0x2015aa38,0x402b5470,0x8056a8e0	20000000	0	0	1000000	1500
824	32	24	19	0x2e1c9bfc	0x5cb99bfc	0x7000001,0xe000002,0x1c000004,0x38000008,0x70000010,0xe0000020,0xc7000040,0x89000080,0x15000100,0x2a000200,0x54000400,0xa8000800,0x57001000,0xae002000,0x5b004000,0xb6008000,0x6b010000,0xd6020000,0xab040000,0x51080000,0xa2100000,0x43200000,0x86400000,0xb800000	0x1ad51c1,0x2f7f243,0x442b547,0x8856a8e,0x100ad51c,0x2015aa38,0x402b5470,0x8056a8e0	20000000	0	0	1000000	1500
825	32	24	19	0x7a0df76e	0xf48df76a	0x7000001,0xe000002,0x1c000004,0x38000008,0x70000010,0xe0000020,0xc7000040,0x89000080,0x15000100,0x2a000200,0x54000400,0xa8000800,0x57001000,0xae002000,0x5b004000,0xb6008000,0x6b010000,0xd6020000,0xab040000,0x51080000,0xa2100000,0x43200000,0x86400000,0xb800000	0x1ad51c1,0x2f7f243,0x442b547,0x8856a8e,0x100ad51c,0x2015aa38,0x402b5470,0x8056a8e0	20000000	0	0	1000000	1500
826	32	24	19	0x5d1b4e75	0xba361ced	0x7000001,0xe000002,0x1c000004,0x38000008,0x70000010,0xe0000020,0xc7000040,0x89000080,0x15000100,0x2a000200,0x54000400,0xa8000800,0x57001000,0xae002000,0x5b004000,0xb6008000,0x6b010000,0xd6020000,0xab040000,0x51080000,0xa2100000,0x43200000,0x86400000,0xb800000	0x1ad51c1,0x2f7f243,0x442b547,0x8856a8e,0x100ad51c,0x2015aa38,0x402b5470,0x8056a8e0	20000000	0	0	1000000	1500
827	32	24	19	0x75411cd7	0xca811ed7	0x7000001,0xe000002,0x1c000004,0x38000008,0x70000010,0xe0000020,0xc7000040,0x89000080,0x15000100,0x2a000200,0x54000400,0xa8000800,0x57001000,0xae002000,0x5b004000,0xb6008000,0x6b010000,0xd6020000,0xab040000,0x51080000,0xa2100000,0x43200000,0x86400000,0xb800000	0x1ad51c1,0x2f7f243,0x442b547,0x8856a8e,0x100ad51c,0x2015aa38,0x402b5470,0x8056a8e0	20000000	0	0	1000000	1500
828	32	24	19	0xdd6bca6	0x1b96bca7	0x7000001,0xe000002,0x1c000004,0x38000008,0x70000010,0xe0000020,0xc7000040,0x89000080,0x15000100,0x2a000200,0x54000400,0xa8000800,0x57001000,0xae002000,0x5b004000,0xb6008000,0x6b010000,0xd6020000,0xab040000,0x51080000,0xa2100000,0x43200000,0x86400000,0xb800000	0x1ad51c1,0x2f7f243,0x442b547,0x8856a8e,0x100ad51c,0x2015aa38,0x402b5470,0x8056a8e0	20000000	0	0	1000000	1500
829	32	24	19	0x99be7a6	0x199ba3a6	0x7000001,0xe000002,0x1c000004,0x38000008,0x70000010,0xe0000020,0xc7000040,0x89000080,0x15000100,0x2a000200,0x54000400,0xa8000800,0x57001000,0xae002000,0x5b004000,0xb6008000,0x6b010000,0xd6020000,0xab040000,0x51080000,0xa2100000,0x43200000,0x86400000,0xb800000	0x1ad51c1,0x2f7f243,0x442b547,0x8856a8e,0x100ad51c,0x2015aa38,0x402b5470,0x8056a8e0	20000000	0	0	1000000	1500
830	32	24	19	0xfedd51	0x1eedd51	0x7000001,0xe000002,0x1c000004,0x38000008,0x70000010,0xe0000020,0xc7000040,0x89000080,0x15000100,0x2a000200,0x54000400,0xa8000800,0x57001000,0xae002000,0x5b004000,0xb6008000,0x6b010000,0xd6020000,0xab040000,0x51080000,0xa2100000,0x43200000,0x86400000,0xb800000	0x1ad51c1,0x2f7f243,0x442b547,0x8856a8e,0x100ad51c,0x2015aa38,0x402b5470,0x8056a8e0	20000000	0	0	1000000	1500
831	32	24	19	0x7a3a971d	0x7476873d	0x7000001,0xe000002,0x1c000004,0x38000008,0x70000010,0xe0000020,0xc7000040,0x89000080,0x15000100,0x2a000200,0x54000400,0xa8000800,0x57001000,0xae002000,0x5b004000,0xb6008000,0x6b010000,0xd6020000,0xab040000,0x51080000,0xa2100000,0x43200000,0x86400000,0xb800000	0x1ad51c1,0x2f7f243,0x442b547,0x8856a8e,0x100ad51c,0x2015aa38,0x402b5470,0x8056a8e0	20000000	0	0	1000000	1500
832	32	26	19	0x352e7998	0x6a5cf33a	0xf,0x33,0x55,0x96,0x303,0x505,0x906,0x1111,0x2112,0x4114,0x8117,0x30003,0x50005,0x90006,0x110011,0x210012,0x410014,0x810017,0x1010101,0x2010102,0x4010104,0x8010107,0x10010110,0x20010113,0x40010115,0x80010116	0xaaaaaaaa,0xcccccccc,0xf0f0f0f0,0xff00ff00,0xffff0000,0xffffffff	20000000	0	1	1000000	1500
833	32	26	19	0x6c045e91	0xd80c3511	0xf,0x33,0x55,0x96,0x303,0x505,0x906,0x1111,0x2112,0x4114,0x8117,0x30003,0x50005,0x90006,0x110011,0x210012,0x410014,0x810017,0x1010101,0x2010102,0x4010104,0x8010107,0x10010110,0x20010113,0x40010115,0x80010116	0xaaaaaaaa,0xcccccccc,0xf0f0f0f0,0xff00ff00,0xffff0000,0xffffffff	20000000	0	1	1000000	1500
834	32	26	19	0x562eb10f	0xac2eb10f	0xf,0x33,0x55,0x96,0x303,0x505,0x906,0x1111,0x2112,0x4114,0x8117,0x30003,0x50005,0x90006,0x110011,0x210012,0x410014,0x810017,0x1010101,0x2010102,0x4010104,0x8010107,0x10010110,0x20010113,0x40010115,0x80010116	0xaaaaaaaa,0xcccccccc,0xf0f0f0f0,0xff00ff00,0xffff0000,0xffffffff	20000000	0	1	1000000	1500
835	32	26	19	0x89258a6	0x1124b287	0xf,0x33,0x55,0x96,0x303,0x505,0x906,0x1111,0x2112,0x4114,0x8117,0x30003,0x50005,0x90006,0x110011,0x210012,0x410014,0x810017,0x1010101,0x2010102,0x4010104,0x8010107,0x10010110,0x20010113,0x40010115,0x80010116	0xaaaaaaaa,0xcccccccc,0xf0f0f0f0,0xff00ff00,0xffff0000,0xffffffff	20000000	0	1	1000000	1500
836	32	26	19	0x3e88a6e2	0x7b30a6e2	0xf,0x33,0x55,0x96,0x303,0x505,0x906,0x1111,0x2112,0x4114,0x8117,0x30003,0x50005,0x90006,0x110011,0x210012,0x410014,0x810017,0x1010101,0x2010102,0x4010104,0x8010107,0x10010110,0x20010113,0x40010115,0x80010116	0xaaaaaaaa,0xcccccccc,0xf0f0f0f0,0xff00ff00,0xffff0000,0xffffffff	20000000	0	1	1000000	1500
837	32	26	19	0xa4d00b0	0x124d00a0	0xf,0x33,0x55,0x96,0x303,0x505,0x906,0x1111,0x2112,0x4114,0x8117,0x30003,0x50005,0x90006,0x110011,0x210012,0x410014,0x810017,0x1010101,0x2010102,0x4010104,0x8010107,0x10010110,0x20010113,0x40010115,0x80010116	0xaaaaaaaa,0xcccccccc,0xf0f0f0f0,0xff00ff00,0xffff0000,0xffffffff	20000000	0	1	1000000	1500
838	32	26	19	0x73b19b41	0xe7633541	0xf,0x33,0x55,0x96,0x303,0x505,0x906,0x1111,0x2112,0x4114,0x8117,0x30003,0x50005,0x90006,0x110011,0x210012,0x410014,0x810017,0x1010101,0x2010102,0x4010104,0x8010107,0x10010110,0x20010113,0x40010115,0x80010116	0xaaaaaaaa,0xcccccccc,0xf0f0f0f0,0xff00ff00,0xffff0000,0xffffffff	20000000	0	1	1000000	1500
839	32	26	19	0x1253c2f4	0x2253d2f6	0xf,0x33,0x55,0x96,0x303,0x505,0x906,0x1111,0x2112,0x4114,0x8117,0x30003,0x50005,0x90006,0x110011,0x210012,0x410014,0x810017,0x1010101,0x2010102,0x4010104,0x8010107,0x10010110,0x20010113,0x40010115,0x80010116	0xaaaaaaaa,0xcccccccc,0xf0f0f0f0,0xff00ff00,0xffff0000,0xffffffff	20000000	0	1	1000000	1500
840	32	26	19	0x7b5e799e	0x7f5ed99e	0xf,0x33,0x55,0x96,0x303,0x505,0x906,0x1111,0x2112,0x4114,0x8117,0x30003,0x50005,0x90006,0x110011,0x210012,0x410014,0x810017,0x1010101,0x2010102,0x4010104,0x8010107,0x10010110,0x20010113,0x40010115,0x80010116	0xaaaaaaaa,0xcccccccc,0xf0f0f0f0,0xff00ff00,0xffff0000,0xffffffff	20000000	0	0	1000000	1500
841	32	26	19	0x548155c3	0xd4d15593	0xf,0x33,0x55,0x96,0x303,0x505,0x906,0x1111,0x2112,0x4114,0x8117,0x30003,0x50005,0x90006,0x110011,0x210012,0x410014,0x810017,0x1010101,0x2010102,0x4010104,0x8010107,0x10010110,0x20010113,0x40010115,0x80010116	0xaaaaaaaa,0xcccccccc,0xf0f0f0f0,0xff00ff00,0xffff0000,0xffffffff	20000000	0	0	1000000	1500
842	32	26	19	0x49151720	0x922a9720	0xf,0x33,0x55,0x96,0x303,0x505,0x906,0x1111,0x2112,0x4114,0x8117,0x30003,0x50005,0x90006,0x110011,0x210012,0x410014,0x810017,0x1010101,0x2010102,0x4010104,0x8010107,0x10010110,0x20010113,0x40010115,0x80010116	0xaaaaaaaa,0xcccccccc,0xf0f0f0f0,0xff00ff00,0xffff0000,0xffffffff	20000000	0	0	1000000	1500
843	32	26	19	0x456a8c3d	0x8bdd187d	0xf,0x33,0x55,0x96,0x303,0x505,0x906,0x1111,0x2112,0x4114,0x8117,0x30003,0x50005,0x90006,0x110011,0x210012,0x410014,0x810017,0x1010101,0x2010102,0x4010104,0x8010107,0x10010110,0x20010113,0x40010115,0x80010116	0xaaaaaaaa,0xcccccccc,0xf0f0f0f0,0xff00ff00,0xffff0000,0xffffffff	20000000	0	0	1000000	1500
844	32	26	19	0x651c2901	0x8a342901	0xf,0x33,0x55,0x96,0x303,0x505,0x906,0x1111,0x2112,0x4114,0x8117,0x30003,0x50005,0x90006,0x110011,0x210012,0x410014,0x810017,0x1010101,0x2010102,0x4010104,0x8010107,0x10010110,0x20010113,0x40010115,0x80010116	0xaaaaaaaa,0xcccccccc,0xf0f0f0f0,0xff00ff00,0xffff0000,0xffffffff	20000000	0	0	1000000	1500
845	32	26	19	0x35bbaff	0x435bbaf7	0xf,0x33,0x55,0x96,0x303,0x505,0x906,0x1111,0x2112,0x4114,0x8117,0x30003,0x50005,0x90006,0x110011,0x210012,0x410014,0x810017,0x1010101,0x2010102,0x4010104,0x8010107,0x10010110,0x20010113,0x40010115,0x80010116	0xaaaaaaaa,0xcccccccc,0xf0f0f0f0,0xff00ff00,0xffff0000,0xffffffff	20000000	0	0	1000000	1500
846	32	26	19	0x25cd7880	0x45cdf880	0xf,0x33,0x55,0x96,0x303,0x505,0x906,0x1111,0x2112,0x4114,0x8117,0x30003,0x50005,0x90006,0x110011,0x210012,0x410014,0x810017,0x1010101,0x2010102,0x4010104,0x8010107,0x10010110,0x20010113,0x40010115,0x80010116	0xaaaaaaaa,0xcccccccc,0xf0f0f0f0,0xff00ff00,0xffff0000,0xffffffff	20000000	0	0	1000000	1500
847	32	26	19	0x4db854bf	0x9b7054bf	0xf,0x33,0x55,0x96,0x303,0x505,0x906,0x1111,0x2112,0x4114,0x8117,0x30003,0x50005,0x90006,0x110011,0x210012,0x410014,0x810017,0x1010101,0x2010102,0x4010104,0x8010107,0x10010110,0x20010113,0x40010115,0x80010116	0xaaaaaaaa,0xcccccccc,0xf0f0f0f0,0xff00ff00,0xffff0000,0xffffffff	20000000	0	0	1000000	1500
848	32	26	19	0xe9ab5f3	0x1e9ab4f3	0xf,0x33,0x55,0x96,0x303,0x505,0x906,0x1111,0x2112,0x4114,0x8117,0x30003,0x50005,0x90006,0x110011,0x210012,0x410014,0x810017,0x1010101,0x2010102,0x4010104,0x8010107,0x10010110,0x20010113,0x40010115,0x80010116	0xaaaaaaaa,0xcccccccc,0xf0f0f0f0,0xff00ff00,0xffff0000,0xffffffff	20000000	0	0	1000000	1500
849	32	26	19	0x5486d400	0xaa8ed400	0xf,0x33,0x55,0x96,0x303,0x505,0x906,0x1111,0x2112,0x4114,0x8117,0x30003,0x50005,0x90006,0x110011,0x210012,0x410014,0x810017,0x1010101,0x2010102,0x4010104,0x8010107,0x10010110,0x20010113,0x40010115,0x80010116	0xaaaaaaaa,0xcccccccc,0xf0f0f0f0,0xff00ff00,0xffff0000,0xffffffff	20000000	0	0	1000000	1500
850	32	26	19	0x2a8d13f0	0x554d17f0	0xf,0x33,0x55,0x96,0x303,0x505,0x906,0x1111,0x2112,0x4114,0x8117,0x30003,0x50005,0x90006,0x110011,0x210012,0x410014,0x810017,0x1010101,0x2010102,0x4010104,0x8010107,0x10010110,0x20010113,0x40010115,0x80010116	0xaaaaaaaa,0xcccccccc,0xf0f0f0f0,0xff00ff00,0xffff0000,0xffffffff	20000000	0	0	1000000	1500
851	32	26	19	0x5021ebec	0xa4456bec	0xf,0x33,0x55,0x96,0x303,0x505,0x906,0x1111,0x2112,0x4114,0x8117,0x30003,0x50005,0x90006,0x110011,0x210012,0x410014,0x810017,0x1010101,0x2010102,0x4010104,0x8010107,0x10010110,0x20010113,0x40010115,0x80010116	0xaaaaaaaa,0xcccccccc,0xf0f0f0f0,0xff00ff00,0xffff0000,0xffffffff	20000000	0	0	1000000	1500
852	32	26	19	0x4441da7b	0x88c35a78	0xf,0x33,0x55,0x96,0x303,0x505,0x906,0x1111,0x2112,0x4114,0x8117,0x30003,0x50005,0x90006,0x110011,0x210012,0x410014,0x810017,0x1010101,0x2010102,0x4010104,0x8010107,0x10010110,0x20010113,0x40010115,0x80010116	0xaaaaaaaa,0xcccccccc,0xf0f0f0f0,0xff00ff00,0xffff0000,0xffffffff	20000000	0	0	1000000	1500
853	32	26	19	0x5254c6b6	0xa4a446b6	0xf,0x33,0x55,0x96,0x303,0x505,0x906,0x1111,0x2112,0x4114,0x8117,0x30003,0x50005,0x90006,0x110011,0x210012,0x410014,0x810017,0x1010101,0x2010102,0x4010104,0x8010107,0x10010110,0x20010113,0x40010115,0x80010116	0xaaaaaaaa,0xcccccccc,0xf0f0f0f0,0xff00ff00,0xffff0000,0xffffffff	20000000	0	0	1000000	1500
854	32	26	19	0x7676aad1	0xccedaad1	0xf,0x33,0x55,0x96,0x303,0x505,0x906,0x1111,0x2112,0x4114,0x8117,0x30003,0x50005,0x90006,0x110011,0x210012,0x410014,0x810017,0x1010101,0x2010102,0x4010104,0x8010107,0x10010110,0x20010113,0x40010115,0x80010116	0xaaaaaaaa,0xcccccccc,0xf0f0f0f0,0xff00ff00,0xffff0000,0xffffffff	20000000	0	0	1000000	1500
855	32	26	19	0x2ab52d33	0x556a5a6a	0xf,0x33,0x55,0x96,0x303,0x505,0x906,0x1111,0x2112,0x4114,0x8117,0x30003,0x50005,0x90006,0x110011,0x210012,0x410014,0x810017,0x1010101,0x2010102,0x4010104,0x8010107,0x10010110,0x20010113,0x40010115,0x80010116	0xaaaaaaaa,0xcccccccc,0xf0f0f0f0,0xff00ff00,0xffff0000,0xffffffff	20000000	0	0	1000000	1500
856	32	26	19	0x42744468	0x84e8e8d1	0xf,0x33,0x55,0x96,0x303,0x505,0x906,0x1111,0x2112,0x4114,0x8117,0x30003,0x50005,0x90006,0x110011,0x210012,0x410014,0x810017,0x1010101,0x2010102,0x4010104,0x8010107,0x10010110,0x20010113,0x40010115,0x80010116	0xaaaaaaaa,0xcccccccc,0xf0f0f0f0,0xff00ff00,0xffff0000,0xffffffff	20000000	0	0	1000000	1500
857	32	26	19	0x3d5b6a2a	0x7ab6da2a	0xf,0x33,0x55,0x96,0x303,0x505,0x906,0x1111,0x2112,0x4114,0x8117,0x30003,0x50005,0x90006,0x110011,0x210012,0x410014,0x810017,0x1010101,0x2010102,0x4010104,0x8010107,0x10010110,0x20010113,0x40010115,0x80010116	0xaaaaaaaa,0xcccccccc,0xf0f0f0f0,0xff00ff00,0xffff0000,0xffffffff	20000000	0	0	1000000	1500
858	32	26	19	0x26695396	0x48d29a96	0xf,0x33,0x55,0x96,0x303,0x505,0x906,0x1111,0x2112,0x4114,0x8117,0x30003,0x50005,0x90006,0x110011,0x210012,0x410014,0x810017,0x1010101,0x2010102,0x4010104,0x8010107,0x10010110,0x20010113,0x40010115,0x80010116	0xaaaaaaaa,0xcccccccc,0xf0f0f0f0,0xff00ff00,0xffff0000,0xffffffff	20000000	0	0	1000000	1500
859	32	26	19	0x4c1a13de	0x3834379e	0xf,0x33,0x55,0x96,0x303,0x505,0x906,0x1111,0x2112,0x4114,0x8117,0x30003,0x50005,0x90006,0x110011,0x210012,0x410014,0x810017,0x1010101,0x2010102,0x4010104,0x8010107,0x10010110,0x20010113,0x40010115,0x80010116	0xaaaaaaaa,0xcccccccc,0xf0f0f0f0,0xff00ff00,0xffff0000,0xffffffff	20000000	0	0	1000000	1500
860	32	26	19	0x977030f	0x12ee030f	0xf,0x33,0x55,0x96,0x303,0x505,0x906,0x1111,0x2112,0x4114,0x8117,0x30003,0x50005,0x90006,0x110011,0x210012,0x410014,0x810017,0x1010101,0x2010102,0x4010104,0x8010107,0x10010110,0x20010113,0x40010115,0x80010116	0xaaaaaaaa,0xcccccccc,0xf0f0f0f0,0xff00ff00,0xffff0000,0xffffffff	20000000	0	0	1000000	1500
861	32	26	19	0x2a9c1ee4	0xaa9c1ee4	0xf,0x33,0x55,0x96,0x303,0x505,0x906,0x1111,0x2112,0x4114,0x8117,0x30003,0x50005,0x90006,0x110011,0x210012,0x410014,0x810017,0x1010101,0x2010102,0x4010104,0x8010107,0x10010110,0x20010113,0x40010115,0x80010116	0xaaaaaaaa,0xcccccccc,0xf0f0f0f0,0xff00ff00,0xffff0000,0xffffffff	20000000	0	0	1000000	1500
862	32	26	19	0x6d0346f1	0xda0b46f1	0xf,0x33,0x55,0x96,0x303,0x505,0x906,0x1111,0x2112,0x4114,0x8117,0x30003,0x50005,0x90006,0x110011,0x210012,0x410014,0x810017,0x1010101,0x2010102,0x4010104,0x8010107,0x10010110,0x20010113,0x40010115,0x80010116	0xaaaaaaaa,0xcccccccc,0xf0f0f0f0,0xff00ff00,0xffff0000,0xffffffff	20000000	0	0	1000000	1500
863	32	26	19	0x6e572aaf	0x6e572a2f	0xf,0x33,0x55,0x96,0x303,0x505,0x906,0x1111,0x2112,0x4114,0x8117,0x30003,0x50005,0x90006,0x110011,0x210012,0x410014,0x810017,0x1010101,0x2010102,0x4010104,0x8010107,0x10010110,0x20010113,0x40010115,0x80010116	0xaaaaaaaa,0xcccccccc,0xf0f0f0f0,0xff00ff00,0xffff0000,0xffffffff	20000000	0	0	1000000	1500
864	32	26	19	0x7e652600	0x7dca4700	0xf,0x33,0x55,0x96,0x303,0x505,0x906,0x1111,0x2112,0x4114,0x8117,0x30003,0x50005,0x90006,0x110011,0x210012,0x410014,0x810017,0x1010101,0x2010102,0x4010104,0x8010107,0x10010110,0x20010113,0x40010115,0x80010116	0xaaaaaaaa,0xcccccccc,0xf0f0f0f0,0xff00ff00,0xffff0000,0xffffffff	20000000	0	0	1000000	1500
865	32	26	19	0x26137851	0x4c235851	0xf,0x33,0x55,0x96,0x303,0x505,0x906,0x1111,0x2112,0x4114,0x8117,0x30003,0x50005,0x90006,0x110011,0x210012,0x410014,0x810017,0x1010101,0x2010102,0x4010104,0x8010107,0x10010110,0x20010113,0x40010115,0x80010116	0xaaaaaaaa,0xcccccccc,0xf0f0f0f0,0xff00ff00,0xffff0000,0xffffffff	20000000	0	0	1000000	1500
866	32	26	19	0xabad63a	0xbbad632	0xf,0x33,0x55,0x96,0x303,0x505,0x906,0x1111,0x2112,0x4114,0x8117,0x30003,0x50005,0x90006,0x110011,0x210012,0x410014,0x810017,0x1010101,0x2010102,0x4010104,0x8010107,0x10010110,0x20010113,0x40010115,0x80010116	0xaaaaaaaa,0xcccccccc,0xf0f0f0f0,0xff00ff00,0xffff0000,0xffffffff	20000000	0	0	1000000	1500
867	32	26	19	0x682bcdba	0x902bed9a	0xf,0x33,0x55,0x96,0x303,0x505,0x906,0x1111,0x2112,0x4114,0x8117,0x30003,0x50005,0x90006,0x110011,0x210012,0x410014,0x810017,0x1010101,0x2010102,0x4010104,0x8010107,0x10010110,0x20010113,0x40010115,0x80010116	0xaaaaaaaa,0xcccccccc,0xf0f0f0f0,0xff00ff00,0xffff0000,0xffffffff	20000000	0	0	1000000	1500
868	32	26	19	0x4750dbea	0x8e90dbca	0xf,0x33,0x55,0x96,0x303,0x505,0x906,0x1111,0x2112,0x4114,0x8117,0x30003,0x50005,0x90006,0x110011,0x210012,0x410014,0x810017,0x1010101,0x2010102,0x4010104,0x8010107,0x10010110,0x20010113,0x40010115,0x80010116	0xaaaaaaaa,0xcccccccc,0xf0f0f0f0,0xff00ff00,0xffff0000,0xffffffff	20000000	0	0	1000000	1500
869	32	26	19	0x25e52b4f	0x4bca534b	0xf,0x33,0x55,0x96,0x303,0x505,0x906,0x1111,0x2112,0x4114,0x8117,0x30003,0x50005,0x90006,0x110011,0x210012,0x410014,0x810017,0x1010101,0x2010102,0x4010104,0x8010107,0x10010110,0x20010113,0x40010115,0x80010116	0xaaaaaaaa,0xcccccccc,0xf0f0f0f0,0xff00ff00,0xffff0000,0xffffffff	20000000	0	0	1000000	1500
870	32	26	19	0x502f76dc	0xa45eecbc	0xf,0x33,0x55,0x96,0x303,0x505,0x906,0x1111,0x2112,0x4114,0x8117,0x30003,0x50005,0x90006,0x110011,0x210012,0x410014,0x810017,0x1010101,0x2010102,0x4010104,0x8010107,0x10010110,0x20010113,0x40010115,0x80010116	0xaaaaaaaa,0xcccccccc,0xf0f0f0f0,0xff00ff00,0xffff0000,0xffffffff	20000000	0	0	1000000	1500
871	32	26	19	0x340090ad	0xe803275a	0xf,0x33,0x55,0x96,0x303,0x505,0x906,0x1111,0x2112,0x4114,0x8117,0x30003,0x50005,0x90006,0x110011,0x210012,0x410014,0x810017,0x1010101,0x2010102,0x4010104,0x8010107,0x10010110,0x20010113,0x40010115,0x80010116	0xaaaaaaaa,0xcccccccc,0xf0f0f0f0,0xff00ff00,0xffff0000,0xffffffff	20000000	0	0	1000000	1500
872	32	26	19	0x6d53b060	0xdaad7061	0xf,0x33,0x55,0x96,0x303,0x505,0x906,0x1111,0x2112,0x4114,0x8117,0x30003,0x50005,0x90006,0x110011,0x210012,0x410014,0x810017,0x1010101,0x2010102,0x4010104,0x8010107,0x10010110,0x20010113,0x40010115,0x80010116	0xaaaaaaaa,0xcccccccc,0xf0f0f0f0,0xff00ff00,0xffff0000,0xffffffff	20000000	0	0	1000000	1500
873	32	26	19	0x97c733b	0x1058e53b	0xf,0x33,0x55,0x96,0x303,0x505,0x906,0x1111,0x2112,0x4114,0x8117,0x30003,0x50005,0x90006,0x110011,0x210012,0x410014,0x810017,0x1010101,0x2010102,0x4010104,0x8010107,0x10010110,0x20010113,0x40010115,0x80010116	0xaaaaaaaa,0xcccccccc,0xf0f0f0f0,0xff00ff00,0xffff0000,0xffffffff	20000000	0	0	1000000	1500
874	32	26	19	0x3a55462b	0x70ad466b	0xf,0x33,0x55,0x96,0x303,0x505,0x906,0x1111,0x2112,0x4114,0x8117,0x30003,0x50005,0x90006,0x110011,0x210012,0x410014,0x810017,0x1010101,0x2010102,0x4010104,0x8010107,0x10010110,0x20010113,0x40010115,0x80010116	0xaaaaaaaa,0xcccccccc,0xf0f0f0f0,0xff00ff00,0xffff0000,0xffffffff	20000000	0	0	1000000	1500
875	32	26	19	0x2f53462f	0x5a53442b	0xf,0x33,0x55,0x96,0x303,0x505,0x906,0x1111,0x2112,0x4114,0x8117,0x30003,0x50005,0x90006,0x110011,0x210012,0x410014,0x810017,0x1010101,0x2010102,0x4010104,0x8010107,0x10010110,0x20010113,0x40010115,0x80010116	0xaaaaaaaa,0xcccccccc,0xf0f0f0f0,0xff00ff00,0xffff0000,0xffffffff	20000000	0	0	1000000	1500
876	32	26	19	0x3ef2b33c	0x7de4663c	0xf,0x33,0x55,0x96,0x303,0x505,0x906,0x1111,0x2112,0x4114,0x8117,0x30003,0x50005,0x90006,0x110011,0x210012,0x410014,0x810017,0x1010101,0x2010102,0x4010104,0x8010107,0x10010110,0x20010113,0x40010115,0x80010116	0xaaaaaaaa,0xcccccccc,0xf0f0f0f0,0xff00ff00,0xffff0000,0xffffffff	20000000	0	0	1000000	1500
877	32	26	19	0x5b28f83f	0xb668f8bf	0xf,0x33,0x55,0x96,0x303,0x505,0x906,0x1111,0x2112,0x4114,0x8117,0x30003,0x50005,0x90006,0x110011,0x210012,0x410014,0x810017,0x1010101,0x2010102,0x4010104,0x8010107,0x10010110,0x20010113,0x40010115,0x80010116	0xaaaaaaaa,0xcccccccc,0xf0f0f0f0,0xff00ff00,0xffff0000,0xffffffff	20000000	0	0	1000000	1500
878	32	26	19	0x31736858	0x62e6d098	0xf,0x33,0x55,0x96,0x303,0x505,0x906,0x1111,0x2112,0x4114,0x8117,0x30003,0x50005,0x90006,0x110011,0x210012,0x410014,0x810017,0x1010101,0x2010102,0x4010104,0x8010107,0x10010110,0x20010113,0x40010115,0x80010116	0xaaaaaaaa,0xcccccccc,0xf0f0f0f0,0xff00ff00,0xffff0000,0xffffffff	20000000	0	0	1000000	1500
879	32	26	19	0x6d52c317	0xdaad9215	0xf,0x33,0x55,0x96,0x303,0x505,0x906,0x1111,0x2112,0x4114,0x8117,0x30003,0x50005,0x90006,0x110011,0x210012,0x410014,0x810017,0x1010101,0x2010102,0x4010104,0x8010107,0x10010110,0x20010113,0x40010115,0x80010116	0xaaaaaaaa,0xcccccccc,0xf0f0f0f0,0xff00ff00,0xffff0000,0xffffffff	20000000	0	0	1000000	1500
880	32	26	19	0x61b79fcf	0xc36f5fcf	0xf,0x33,0x55,0x96,0x303,0x505,0x906,0x1111,0x2112,0x4114,0x8117,0x30003,0x50005,0x90006,0x110011,0x210012,0x410014,0x810017,0x1010101,0x2010102,0x4010104,0x8010107,0x10010110,0x20010113,0x40010115,0x80010116	0xaaaaaaaa,0xcccccccc,0xf0f0f0f0,0xff00ff00,0xffff0000,0xffffffff	20000000	0	0	1000000	1500
881	32	26	19	0x5031c8c3	0x4031c8e3	0xf,0x33,0x55,0x96,0x303,0x505,0x906,0x1111,0x2112,0x4114,0x8117,0x30003,0x50005,0x90006,0x110011,0x210012,0x410014,0x810017,0x1010101,0x2010102,0x4010104,0x8010107,0x10010110,0x20010113,0x40010115,0x80010116	0xaaaaaaaa,0xcccccccc,0xf0f0f0f0,0xff00ff00,0xffff0000,0xffffffff	20000000	0	0	1000000	1500
882	32	26	19	0x374dbcfa	0x6e9b79ea	0xf,0x33,0x55,0x96,0x303,0x505,0x906,0x1111,0x2112,0x4114,0x8117,0x30003,0x50005,0x90006,0x110011,0x210012,0x410014,0x810017,0x1010101,0x2010102,0x4010104,0x8010107,0x10010110,0x20010113,0x40010115,0x80010116	0xaaaaaaaa,0xcccccccc,0xf0f0f0f0,0xff00ff00,0xffff0000,0xffffffff	20000000	0	0	1000000	1500
883	32	26	19	0x4099f6b1	0x8139f6b1	0xf,0x33,0x55,0x96,0x303,0x505,0x906,0x1111,0x2112,0x4114,0x8117,0x30003,0x50005,0x90006,0x110011,0x210012,0x410014,0x810017,0x1010101,0x2010102,0x4010104,0x8010107,0x10010110,0x20010113,0x40010115,0x80010116	0xaaaaaaaa,0xcccccccc,0xf0f0f0f0,0xff00ff00,0xffff0000,0xffffffff	20000000	0	0	1000000	1500
884	32	26	19	0x474ed47b	0x874ed47b	0xf,0x33,0x55,0x96,0x303,0x505,0x906,0x1111,0x2112,0x4114,0x8117,0x30003,0x50005,0x90006,0x110011,0x210012,0x410014,0x810017,0x1010101,0x2010102,0x4010104,0x8010107,0x10010110,0x20010113,0x40010115,0x80010116	0xaaaaaaaa,0xcccccccc,0xf0f0f0f0,0xff00ff00,0xffff0000,0xffffffff	20000000	0	0	1000000	1500
885	32	26	19	0x48013248	0x91043258	0xf,0x33,0x55,0x96,0x303,0x505,0x906,0x1111,0x2112,0x4114,0x8117,0x30003,0x50005,0x90006,0x110011,0x210012,0x410014,0x810017,0x1010101,0x2010102,0x4010104,0x8010107,0x10010110,0x20010113,0x40010115,0x80010116	0xaaaaaaaa,0xcccccccc,0xf0f0f0f0,0xff00ff00,0xffff0000,0xffffffff	20000000	0	0	1000000	1500
886	32	26	19	0x10fb0fe	0x29da2fe	0xf,0x33,0x55,0x96,0x303,0x505,0x906,0x1111,0x2112,0x4114,0x8117,0x30003,0x50005,0x90006,0x110011,0x210012,0x410014,0x810017,0x1010101,0x2010102,0x4010104,0x8010107,0x10010110,0x20010113,0x40010115,0x80010116	0xaaaaaaaa,0xcccccccc,0xf0f0f0f0,0xff00ff00,0xffff0000,0xffffffff	20000000	0	0	1000000	1500
887	32	26	19	0x6f584e27	0xde999c4d	0xf,0x33,0x55,0x96,0x303,0x505,0x906,0x1111,0x2112,0x4114,0x8117,0x30003,0x50005,0x90006,0x110011,0x210012,0x410014,0x810017,0x1010101,0x2010102,0x4010104,0x8010107,0x10010110,0x20010113,0x40010115,0x80010116	0xaaaaaaaa,0xcccccccc,0xf0f0f0f0,0xff00ff00,0xffff0000,0xffffffff	20000000	0	0	1000000	1500
888	32	26	19	0x5c63bdad	0xb8e77b4d	0xf,0x33,0x55,0x96,0x303,0x505,0x906,0x1111,0x2112,0x4114,0x8117,0x30003,0x50005,0x90006,0x110011,0x210012,0x410014,0x810017,0x1010101,0x2010102,0x4010104,0x8010107,0x10010110,0x20010113,0x40010115,0x80010116	0xaaaaaaaa,0xcccccccc,0xf0f0f0f0,0xff00ff00,0xffff0000,0xffffffff	20000000	0	0	1000000	1500
889	32	26	19	0x522321f4	0xa44643f4	0xf,0x33,0x55,0x96,0x303,0x505,0x906,0x1111,0x2112,0x4114,0x8117,0x30003,0x50005,0x90006,0x110011,0x210012,0x410014,0x810017,0x1010101,0x2010102,0x4010104,0x8010107,0x10010110,0x20010113,0x40010115,0x80010116	0xaaaaaaaa,0xcccccccc,0xf0f0f0f0,0xff00ff00,0xffff0000,0xffffffff	20000000	0	0	1000000	1500
890	32	26	19	0x67883220	0xcf9c2224	0xf,0x33,0x55,0x96,0x303,0x505,0x906,0x1111,0x2112,0x4114,0x8117,0x30003,0x50005,0x90006,0x110011,0x210012,0x410014,0x810017,0x1010101,0x2010102,0x4010104,0x8010107,0x10010110,0x20010113,0x40010115,0x80010116	0xaaaaaaaa,0xcccccccc,0xf0f0f0f0,0xff00ff00,0xffff0000,0xffffffff	20000000	0	0	1000000	1500
891	32	26	19	0x97ce800	0x129ce800	0xf,0x33,0x55,0x96,0x303,0x505,0x906,0x1111,0x2112,0x4114,0x8117,0x30003,0x50005,0x90006,0x110011,0x210012,0x410014,0x810017,0x1010101,0x2010102,0x4010104,0x8010107,0x10010110,0x20010113,0x40010115,0x80010116	0xaaaaaaaa,0xcccccccc,0xf0f0f0f0,0xff00ff00,0xffff0000,0xffffffff	20000000	0	0	1000000	1500
892	32	26	19	0x66af106a	0xcd5e20da	0xf,0x33,0x55,0x96,0x303,0x505,0x906,0x1111,0x2112,0x4114,0x8117,0x30003,0x50005,0x90006,0x110011,0x210012,0x410014,0x810017,0x1010101,0x2010102,0x4010104,0x8010107,0x10010110,0x20010113,0x40010115,0x80010116	0xaaaaaaaa,0xcccccccc,0xf0f0f0f0,0xff00ff00,0xffff0000,0xffffffff	20000000	0	0	1000000	1500
893	32	26	19	0x777712da	0xeeee12de	0xf,0x33,0x55,0x96,0x303,0x505,0x906,0x1111,0x2112,0x4114,0x8117,0x30003,0x50005,0x90006,0x110011,0x210012,0x410014,0x810017,0x1010101,0x2010102,0x4010104,0x8010107,0x10010110,0x20010113,0x40010115,0x80010116	0xaaaaaaaa,0xcccccccc,0xf0f0f0f0,0xff00ff00,0xffff0000,0xffffffff	20000000	0	0	1000000	1500
894	32	26	19	0x16399fbf	0x2c731fbf	0xf,0x33,0x55,0x96,0x303,0x505,0x906,0x1111,0x2112,0x4114,0x8117,0x30003,0x50005,0x90006,0x110011,0x210012,0x410014,0x810017,0x1010101,0x2010102,0x4010104,0x8010107,0x10010110,0x20010113,0x40010115,0x80010116	0xaaaaaaaa,0xcccccccc,0xf0f0f0f0,0xff00ff00,0xffff0000,0xffffffff	20000000	0	0	1000000	1500
895	32	26	19	0x75db24f6	0xefb689ec	0xf,0x33,0x55,0x96,0x303,0x505,0x906,0x1111,0x2112,0x4114,0x8117,0x30003,0x50005,0x90006,0x110011,0x210012,0x410014,0x810017,0x1010101,0x2010102,0x4010104,0x8010107,0x10010110,0x20010113,0x40010115,0x80010116	0xaaaaaaaa,0xcccccccc,0xf0f0f0f0,0xff00ff00,0xffff0000,0xffffffff	20000000	0	0	1000000	1500
896	32	21	19	0x68383b6b	0xd07076d3	0x72000001,0x31200002,0xe0000004,0xe9600008,0x91000010,0x40a00020,0x27800040,0x49800080,0xdb600100,0xa5800200,0xe5c00400,0xe9800800,0xba001000,0xf4402000,0x8404000,0x79208000,0xfee10000,0x5de20000,0xe9240000,0x39280000,0x6a100000	0x2f812a,0x436508,0x830ee0,0x10e8fda,0x2111141,0x4032640,0x81fd988,0x100bb113,0x201dbe4f,0x4017adad,0x80053f1c	20000000	1	1	1000000	1500
897	32	21	19	0x2025ad2c	0x4025ad2c	0x800001,0x14600002,0x1e00004,0x7a00008,0xbbc00010,0x10e00020,0x8e200040,0x27600080,0xea600100,0xa1e00200,0xe4800400,0x13400800,0x56601000,0xe6c02000,0xcfc04000,0xacc08000,0x2c010000,0x84a20000,0x2d240000,0x4dc80000,0x5d700000	0x3613ee,0x58fbb6,0x8ae63d,0x11c4a9c,0x20079d8,0x41ff4ca,0x81dc150,0x10101832,0x2005a790,0x40187500,0x8002e750	20000000	1	1	1000000	1500
898	32	21	19	0x236487b5	0xa36487b5	0xa3800001,0x35c00002,0xa6c00004,0x4da00008,0xcb400010,0x9f400020,0x8a800040,0x19a00080,0x74200100,0xf9a00200,0x3c00400,0xf6800800,0x66001000,0x4b402000,0x64c04000,0xc1a08000,0x29210000,0x91a20000,0xa4640000,0xb5e80000,0xaab00000	0x3f8388,0x4c6436,0x9acecf,0x10ba6bb,0x2103c75,0x40c592e,0x81122f8,0x100a0ba2,0x201d5b07,0x4000fb18,0x801e8a75	20000000	1	1	1000000	1500
899	32	21	19	0xdec1aaa	0x1bdc1aaa	0x65200001,0xc2a00002,0xe6c00004,0x21e00008,0xfe200010,0xfc000020,0xa7200040,0x80200080,0xda400100,0x71600200,0x5c800400,0x11a00800,0xc4c01000,0xca202000,0x6fc04000,0x3b608000,0x3d610000,0x5f620000,0xb0040000,0xcee80000,0x5e500000	0x2baadb,0x5bd30c,0x885c0e,0x103ca49,0x21ae156,0x41b5475,0x81be530,0x10178f30,0x2005c27d,0x401a7737,0x800c31f6	20000000	1	1	1000000	1500
900	32	21	19	0x47290a6	0xce590a6	0x72000001,0x31200002,0xe0000004,0xe9600008,0x91000010,0x40a00020,0x27800040,0x49800080,0xdb600100,0xa5800200,0xe5c00400,0xe9800800,0xba001000,0xf4402000,0x8404000,0x79208000,0xfee10000,0x5de20000,0xe9240000,0x39280000,0x6a100000	0x2f812a,0x436508,0x830ee0,0x10e8fda,0x2111141,0x4032640,0x81fd988,0x100bb113,0x201dbe4f,0x4017adad,0x80053f1c	20000000	1	1	1000000	1500
901	32	21	19	0x93f3ea4	0x527e7d48	0x800001,0x14600002,0x1e00004,0x7a00008,0xbbc00010,0x10e00020,0x8e200040,0x27600080,0xea600100,0xa1e00200,0xe4800400,0x13400800,0x56601000,0xe6c02000,0xcfc04000,0xacc08000,0x2c010000,0x84a20000,0x2d240000,0x4dc80000,0x5d700000	0x3613ee,0x58fbb6,0x8ae63d,0x11c4a9c,0x20079d8,0x41ff4ca,0x81dc150,0x10101832,0x2005a790,0x40187500,0x8002e750	20000000	1	1	1000000	1500
902	32	21	19	0x14bda4	0x297ca4	0xa3800001,0x35c00002,0xa6c00004,0x4da00008,0xcb400010,0x9f400020,0x8a800040,0x19a00080,0x74200100,0xf9a00200,0x3c00400,0xf6800800,0x66001000,0x4b402000,0x64c04000,0xc1a08000,0x29210000,0x91a20000,0xa4640000,0xb5e80000,0xaab00000	0x3f8388,0x4c6436,0x9acecf,0x10ba6bb,0x2103c75,0x40c592e,0x81122f8,0x100a0ba2,0x201d5b07,0x4000fb18,0x801e8a75	20000000	1	1	1000000	1500
903	32	21	19	0x2cb19616	0x51631616	0x65200001,0xc2a00002,0xe6c00004,0x21e00008,0xfe200010,0xfc000020,0xa7200040,0x80200080,0xda400100,0x71600200,0x5c800400,0x11a00800,0xc4c01000,0xca202000,0x6fc04000,0x3b608000,0x3d610000,0x5f620000,0xb0040000,0xcee80000,0x5e500000	0x2baadb,0x5bd30c,0x885c0e,0x103ca49,0x21ae156,0x41b5475,0x81be530,0x10178f30,0x2005c27d,0x401a7737,0x800c31f6	20000000	1	1	1000000	1500
904	32	21	19	0x7be23b81	0xf7a27ba1	0x72000001,0x31200002,0xe0000004,0xe9600008,0x91000010,0x40a00020,0x27800040,0x49800080,0xdb600100,0xa5800200,0xe5c00400,0xe9800800,0xba001000,0xf4402000,0x8404000,0x79208000,0xfee10000,0x5de20000,0xe9240000,0x39280000,0x6a100000	0x2f812a,0x436508,0x830ee0,0x10e8fda,0x2111141,0x4032640,0x81fd988,0x100bb113,0x201dbe4f,0x4017adad,0x80053f1c	20000000	0	0	1000000	1500
905	32	21	19	0x47ee0e6a	0x8fce3e6a	0x800001,0x14600002,0x1e00004,0x7a00008,0xbbc00010,0x10e00020,0x8e200040,0x27600080,0xea600100,0xa1e00200,0xe4800400,0x13400800,0x56601000,0xe6c02000,0xcfc04000,0xacc08000,0x2c010000,0x84a20000,0x2d240000,0x4dc80000,0x5d700000	0x3613ee,0x58fbb6,0x8ae63d,0x11c4a9c,0x20079d8,0x41ff4ca,0x81dc150,0x10101832,0x2005a790,0x40187500,0x8002e750	20000000	0	0	1000000	1500
906	32	21	19	0x523a8f1f	0xa4f50f17	0xa3800001,0x35c00002,0xa6c00004,0x4da00008,0xcb400010,0x9f400020,0x8a800040,0x19a00080,0x74200100,0xf9a00200,0x3c00400,0xf6800800,0x66001000,0x4b402000,0x64c04000,0xc1a08000,0x29210000,0x91a20000,0xa4640000,0xb5e80000,0xaab00000	0x3f8388,0x4c6436,0x9acecf,0x10ba6bb,0x2103c75,0x40c592e,0x81122f8,0x100a0ba2,0x201d5b07,0x4000fb18,0x801e8a75	20000000	0	0	1000000	1500
907	32	21	19	0x5b193ef0	0x963279e4	0x65200001,0xc2a00002,0xe6c00004,0x21e00008,0xfe200010,0xfc000020,0xa7200040,0x80200080,0xda400100,0x71600200,0x5c800400,0x11a00800,0xc4c01000,0xca202000,0x6fc04000,0x3b608000,0x3d610000,0x5f620000,0xb0040000,0xcee80000,0x5e500000	0x2baadb,0x5bd30c,0x885c0e,0x103ca49,0x21ae156,0x41b5475,0x81be530,0x10178f30,0x2005c27d,0x401a7737,0x800c31f6	20000000	0	0	1000000	1500
908	32	21	19	0x1665b670	0x2cc92e50	0x72000001,0x31200002,0xe0000004,0xe9600008,0x91000010,0x40a00020,0x27800040,0x49800080,0xdb600100,0xa5800200,0xe5c00400,0xe9800800,0xba001000,0xf4402000,0x8404000,0x79208000,0xfee10000,0x5de20000,0xe9240000,0x39280000,0x6a100000	0x2f812a,0x436508,0x830ee0,0x10e8fda,0x2111141,0x4032640,0x81fd988,0x100bb113,0x201dbe4f,0x4017adad,0x80053f1c	20000000	0	0	1000000	1500
909	32	21	19	0x4ca9667f	0x91526e7f	0x800001,0x14600002,0x1e00004,0x7a00008,0xbbc00010,0x10e00020,0x8e200040,0x27600080,0xea600100,0xa1e00200,0xe4800400,0x13400800,0x56601000,0xe6c02000,0xcfc04000,0xacc08000,0x2c010000,0x84a20000,0x2d240000,0x4dc80000,0x5d700000	0x3613ee,0x58fbb6,0x8ae63d,0x11c4a9c,0x20079d8,0x41ff4ca,0x81dc150,0x10101832,0x2005a790,0x40187500,0x8002e750	20000000	0	0	1000000	1500
910	32	21	19	0x87da8ca	0x30fba8ca	0xa3800001,0x35c00002,0xa6c00004,0x4da00008,0xcb400010,0x9f400020,0x8a800040,0x19a00080,0x74200100,0xf9a00200,0x3c00400,0xf6800800,0x66001000,0x4b402000,0x64c04000,0xc1a08000,0x29210000,0x91a20000,0xa4640000,0xb5e80000,0xaab00000	0x3f8388,0x4c6436,0x9acecf,0x10ba6bb,0x2103c75,0x40c592e,0x81122f8,0x100a0ba2,0x201d5b07,0x4000fb18,0x801e8a75	20000000	0	0	1000000	1500
911	32	21	19	0x22270930	0x4f1130	0x65200001,0xc2a00002,0xe6c00004,0x21e00008,0xfe200010,0xfc000020,0xa7200040,0x80200080,0xda400100,0x71600200,0x5c800400,0x11a00800,0xc4c01000,0xca202000,0x6fc04000,0x3b608000,0x3d610000,0x5f620000,0xb0040000,0xcee80000,0x5e500000	0x2baadb,0x5bd30c,0x885c0e,0x103ca49,0x21ae156,0x41b5475,0x81be530,0x10178f30,0x2005c27d,0x401a7737,0x800c31f6	20000000	0	0	1000000	1500
912	32	21	19	0x544e0bb9	0xb84e83bb	0x72000001,0x31200002,0xe0000004,0xe9600008,0x91000010,0x40a00020,0x27800040,0x49800080,0xdb600100,0xa5800200,0xe5c00400,0xe9800800,0xba001000,0xf4402000,0x8404000,0x79208000,0xfee10000,0x5de20000,0xe9240000,0x39280000,0x6a100000	0x2f812a,0x436508,0x830ee0,0x10e8fda,0x2111141,0x4032640,0x81fd988,0x100bb113,0x201dbe4f,0x4017adad,0x80053f1c	20000000	0	0	1000000	1500
913	32	21	19	0x6c8dd959	0x511b8919	0x800001,0x14600002,0x1e00004,0x7a00008,0xbbc00010,0x10e00020,0x8e200040,0x27600080,0xea600100,0xa1e00200,0xe4800400,0x13400800,0x56601000,0xe6c02000,0xcfc04000,0xacc08000,0x2c010000,0x84a20000,0x2d240000,0x4dc80000,0x5d700000	0x3613ee,0x58fbb6,0x8ae63d,0x11c4a9c,0x20079d8,0x41ff4ca,0x81dc150,0x10101832,0x2005a790,0x40187500,0x8002e750	20000000	0	0	1000000	1500
914	32	21	19	0x31784e32	0xe3f84232	0xa3800001,0x35c00002,0xa6c00004,0x4da00008,0xcb400010,0x9f400020,0x8a800040,0x19a00080,0x74200100,0xf9a00200,0x3c00400,0xf6800800,0x66001000,0x4b402000,0x64c04000,0xc1a08000,0x29210000,0x91a20000,0xa4640000,0xb5e80000,0xaab00000	0x3f8388,0x4c6436,0x9acecf,0x10ba6bb,0x2103c75,0x40c592e,0x81122f8,0x100a0ba2,0x201d5b07,0x4000fb18,0x801e8a75	20000000	0	0	1000000	1500
915	32	21	19	0x64a1f8ea	0xd94a78ea	0x65200001,0xc2a00002,0xe6c00004,0x21e00008,0xfe200010,0xfc000020,0xa7200040,0x80200080,0xda400100,0x71600200,0x5c800400,0x11a00800,0xc4c01000,0xca202000,0x6fc04000,0x3b608000,0x3d610000,0x5f620000,0xb0040000,0xcee80000,0x5e500000	0x2baadb,0x5bd30c,0x885c0e,0x103ca49,0x21ae156,0x41b5475,0x81be530,0x10178f30,0x2005c27d,0x401a7737,0x800c31f6	20000000	0	0	1000000	1500
916	32	24	19	0x1e4c59f8	0x364c59f8	0x3000001,0x9e000002,0x1c000004,0xf1000008,0xfe000010,0xb000020,0xf5000040,0xa3000080,0xa8000100,0x84000200,0x9d000400,0x14000800,0xdd001000,0x12002000,0x2c004000,0x77008000,0x35010000,0x17020000,0x37040000,0x9f080000,0x73100000,0x17200000,0x81400000,0x8f800000	0x1ff94e9,0x2bea0b3,0x4afde56,0x8885536,0x103fbc5e,0x2015c1d8,0x40109058,0x80c817da	20000000	0	1	1000000	1500
917	32	24	19	0x394744b7	0x728f44b7	0xbd000001,0x94000002,0x1e000004,0x4b000008,0xc7000010,0x3a000020,0xc1000040,0xe5000080,0x55000100,0xe0000200,0x6d000400,0x5c000800,0xce001000,0xfc002000,0xde004000,0xeb008000,0xed010000,0xe8020000,0x2a040000,0x4d080000,0x6b100000,0x98200000,0x7400000,0x8c800000	0x15985d9,0x254d03c,0x4c97d97,0x8bffc2d,0x10206927,0x2017a6a1,0x401bffd8,0x80a3f2d3	20000000	0	1	1000000	1500
918	32	24	19	0x1a3a8a18	0x343a8a18	0x5c000001,0x33000002,0xe6000004,0xe3000008,0xc2000010,0x39000020,0xc6000040,0xbe000080,0xd000100,0x8b000200,0x15000400,0xe000800,0x55001000,0xce002000,0x97004000,0xc4008000,0xe2010000,0xb8020000,0x36040000,0xa6080000,0xf8100000,0xb2200000,0x69400000,0xc5800000	0x1c0572a,0x22d6ade,0x48cfdc5,0x8522ba1,0x103654a3,0x207f00ae,0x40d1b05d,0x80bbe2dc	20000000	0	1	1000000	1500
919	32	24	19	0x6f66bfe	0x16f66bfe	0x49000001,0x2,0xe3000004,0xb8000008,0xc1000010,0x8d000020,0xd8000040,0xbf000080,0x3a000100,0xf1000200,0xe5000400,0xd5000800,0x44001000,0xfe002000,0xb3004000,0xc3008000,0xcc010000,0xc4020000,0xce040000,0x9b080000,0x57100000,0x49200000,0x91400000,0xb0800000	0x178ceb5,0x21ce184,0x4173ca0,0x82d21e9,0x10d86bc8,0x2080678c,0x4037be55,0x80cfeefc	20000000	0	1	1000000	1500
920	32	24	19	0x7bbc178b	0xf79c178b	0x3000001,0x9e000002,0x1c000004,0xf1000008,0xfe000010,0xb000020,0xf5000040,0xa3000080,0xa8000100,0x84000200,0x9d000400,0x14000800,0xdd001000,0x12002000,0x2c004000,0x77008000,0x35010000,0x17020000,0x37040000,0x9f080000,0x73100000,0x17200000,0x81400000,0x8f800000	0x1ff94e9,0x2bea0b3,0x4afde56,0x8885536,0x103fbc5e,0x2015c1d8,0x40109058,0x80c817da	20000000	0	1	1000000	1500
921	32	24	19	0x2fa3c4b5	0x5f47c4b7	0xbd000001,0x94000002,0x1e000004,0x4b000008,0xc7000010,0x3a000020,0xc1000040,0xe5000080,0x55000100,0xe0000200,0x6d000400,0x5c000800,0xce001000,0xfc002000,0xde004000,0xeb008000,0xed010000,0xe8020000,0x2a040000,0x4d080000,0x6b100000,0x98200000,0x7400000,0x8c800000	0x15985d9,0x254d03c,0x4c97d97,0x8bffc2d,0x10206927,0x2017a6a1,0x401bffd8,0x80a3f2d3	20000000	0	1	1000000	1500
922	32	24	19	0x7b3b27ae	0xf6fb27ae	0x5c000001,0x33000002,0xe6000004,0xe3000008,0xc2000010,0x39000020,0xc6000040,0xbe000080,0xd000100,0x8b000200,0x15000400,0xe000800,0x55001000,0xce002000,0x97004000,0xc4008000,0xe2010000,0xb8020000,0x36040000,0xa6080000,0xf8100000,0xb2200000,0x69400000,0xc5800000	0x1c0572a,0x22d6ade,0x48cfdc5,0x8522ba1,0x103654a3,0x207f00ae,0x40d1b05d,0x80bbe2dc	20000000	0	1	1000000	1500
923	32	24	19	0x5110acb3	0xa2215833	0x49000001,0x2,0xe3000004,0xb8000008,0xc1000010,0x8d000020,0xd8000040,0xbf000080,0x3a000100,0xf1000200,0xe5000400,0xd5000800,0x44001000,0xfe002000,0xb3004000,0xc3008000,0xcc010000,0xc4020000,0xce040000,0x9b080000,0x57100000,0x49200000,0x91400000,0xb0800000	0x178ceb5,0x21ce184,0x4173ca0,0x82d21e9,0x10d86bc8,0x2080678c,0x4037be55,0x80cfeefc	20000000	0	1	1000000	1500
924	32	24	19	0x41ef749c	0x83defadc	0x3000001,0x9e000002,0x1c000004,0xf1000008,0xfe000010,0xb000020,0xf5000040,0xa3000080,0xa8000100,0x84000200,0x9d000400,0x14000800,0xdd001000,0x12002000,0x2c004000,0x77008000,0x35010000,0x17020000,0x37040000,0x9f080000,0x73100000,0x17200000,0x81400000,0x8f800000	0x1ff94e9,0x2bea0b3,0x4afde56,0x8885536,0x103fbc5e,0x2015c1d8,0x40109058,0x80c817da	20000000	0	0	1000000	1500
925	32	24	19	0x4a59142	0x8449142	0xbd000001,0x94000002,0x1e000004,0x4b000008,0xc7000010,0x3a000020,0xc1000040,0xe5000080,0x55000100,0xe0000200,0x6d000400,0x5c000800,0xce001000,0xfc002000,0xde004000,0xeb008000,0xed010000,0xe8020000,0x2a040000,0x4d080000,0x6b100000,0x98200000,0x7400000,0x8c800000	0x15985d9,0x254d03c,0x4c97d97,0x8bffc2d,0x10206927,0x2017a6a1,0x401bffd8,0x80a3f2d3	20000000	0	0	1000000	1500
926	32	24	19	0x2a0074a0	0x5402e4a8	0x5c000001,0x33000002,0xe6000004,0xe3000008,0xc2000010,0x39000020,0xc6000040,0xbe000080,0xd000100,0x8b000200,0x15000400,0xe000800,0x55001000,0xce002000,0x97004000,0xc4008000,0xe2010000,0xb8020000,0x36040000,0xa6080000,0xf8100000,0xb2200000,0x69400000,0xc5800000	0x1c0572a,0x22d6ade,0x48cfdc5,0x8522ba1,0x103654a3,0x207f00ae,0x40d1b05d,0x80bbe2dc	20000000	0	0	1000000	1500
927	32	24	19	0x6e10d5a3	0x5650d5a3	0x49000001,0x2,0xe3000004,0xb8000008,0xc1000010,0x8d000020,0xd8000040,0xbf000080,0x3a000100,0xf1000200,0xe5000400,0xd5000800,0x44001000,0xfe002000,0xb3004000,0xc3008000,0xcc010000,0xc4020000,0xce040000,0x9b080000,0x57100000,0x49200000,0x91400000,0xb0800000	0x178ceb5,0x21ce184,0x4173ca0,0x82d21e9,0x10d86bc8,0x2080678c,0x4037be55,0x80cfeefc	20000000	0	0	1000000	1500
928	32	24	19	0x652ed8f1	0xe21db8f1	0x3000001,0x9e000002,0x1c000004,0xf1000008,0xfe000010,0xb000020,0xf5000040,0xa3000080,0xa8000100,0x84000200,0x9d000400,0x14000800,0xdd001000,0x12002000,0x2c004000,0x77008000,0x35010000,0x17020000,0x37040000,0x9f080000,0x73100000,0x17200000,0x81400000,0x8f800000	0x1ff94e9,0x2bea0b3,0x4afde56,0x8885536,0x103fbc5e,0x2015c1d8,0x40109058,0x80c817da	20000000	0	0	1000000	1500
929	32	24	19	0x346fb01f	0x3c6db017	0xbd000001,0x94000002,0x1e000004,0x4b000008,0xc7000010,0x3a000020,0xc1000040,0xe5000080,0x55000100,0xe0000200,0x6d000400,0x5c000800,0xce001000,0xfc002000,0xde004000,0xeb008000,0xed010000,0xe8020000,0x2a040000,0x4d080000,0x6b100000,0x98200000,0x7400000,0x8c800000	0x15985d9,0x254d03c,0x4c97d97,0x8bffc2d,0x10206927,0x2017a6a1,0x401bffd8,0x80a3f2d3	20000000	0	0	1000000	1500
930	32	24	19	0x66b80776	0xfd700ece	0x5c000001,0x33000002,0xe6000004,0xe3000008,0xc2000010,0x39000020,0xc6000040,0xbe000080,0xd000100,0x8b000200,0x15000400,0xe000800,0x55001000,0xce002000,0x97004000,0xc4008000,0xe2010000,0xb8020000,0x36040000,0xa6080000,0xf8100000,0xb2200000,0x69400000,0xc5800000	0x1c0572a,0x22d6ade,0x48cfdc5,0x8522ba1,0x103654a3,0x207f00ae,0x40d1b05d,0x80bbe2dc	20000000	0	0	1000000	1500
931	32	24	19	0x4f13e3b2	0x9e33a392	0x49000001,0x2,0xe3000004,0xb8000008,0xc1000010,0x8d000020,0xd8000040,0xbf000080,0x3a000100,0xf1000200,0xe5000400,0xd5000800,0x44001000,0xfe002000,0xb3004000,0xc3008000,0xcc010000,0xc4020000,0xce040000,0x9b080000,0x57100000,0x49200000,0x91400000,0xb0800000	0x178ceb5,0x21ce184,0x4173ca0,0x82d21e9,0x10d86bc8,0x2080678c,0x4037be55,0x80cfeefc	20000000	0	0	1000000	1500
932	32	24	19	0x6ff55ee6	0xdff5ca66	0x3000001,0x9e000002,0x1c000004,0xf1000008,0xfe000010,0xb000020,0xf5000040,0xa3000080,0xa8000100,0x84000200,0x9d000400,0x14000800,0xdd001000,0x12002000,0x2c004000,0x77008000,0x35010000,0x17020000,0x37040000,0x9f080000,0x73100000,0x17200000,0x81400000,0x8f800000	0x1ff94e9,0x2bea0b3,0x4afde56,0x8885536,0x103fbc5e,0x2015c1d8,0x40109058,0x80c817da	20000000	0	0	1000000	1500
933	32	24	19	0x17dec660	0x6fb78c64	0xbd000001,0x94000002,0x1e000004,0x4b000008,0xc7000010,0x3a000020,0xc1000040,0xe5000080,0x55000100,0xe0000200,0x6d000400,0x5c000800,0xce001000,0xfc002000,0xde004000,0xeb008000,0xed010000,0xe8020000,0x2a040000,0x4d080000,0x6b100000,0x98200000,0x7400000,0x8c800000	0x15985d9,0x254d03c,0x4c97d97,0x8bffc2d,0x10206927,0x2017a6a1,0x401bffd8,0x80a3f2d3	20000000	0	0	1000000	1500
934	32	24	19	0x6caa42d8	0xdd5462ca	0x5c000001,0x33000002,0xe6000004,0xe3000008,0xc2000010,0x39000020,0xc6000040,0xbe000080,0xd000100,0x8b000200,0x15000400,0xe000800,0x55001000,0xce002000,0x97004000,0xc4008000,0xe2010000,0xb8020000,0x36040000,0xa6080000,0xf8100000,0xb2200000,0x69400000,0xc5800000	0x1c0572a,0x22d6ade,0x48cfdc5,0x8522ba1,0x103654a3,0x207f00ae,0x40d1b05d,0x80bbe2dc	20000000	0	0	1000000	1500
935	32	24	19	0x73d3c913	0xf6b5a913	0x49000001,0x2,0xe3000004,0xb8000008,0xc1000010,0x8d000020,0xd8000040,0xbf000080,0x3a000100,0xf1000200,0xe5000400,0xd5000800,0x44001000,0xfe002000,0xb3004000,0xc3008000,0xcc010000,0xc4020000,0xce040000,0x9b080000,0x57100000,0x49200000,0x91400000,0xb0800000	0x178ceb5,0x21ce184,0x4173ca0,0x82d21e9,0x10d86bc8,0x2080678c,0x4037be55,0x80cfeefc	20000000	0	0	1000000	1500
936	32	21	19	0x61b88954	0xc3788954	0xa00001,0x1400002,0x2800004,0x5000008,0xa000010,0x14000020,0x28000040,0x50000080,0xa0000100,0x40a00200,0x81400400,0x2200800,0x4401000,0x8802000,0x11004000,0x22008000,0x44010000,0x88020000,0x10a40000,0x21480000,0x42900000	0x240a01,0x481402,0x942205,0x108440a,0x2108814,0x4011028,0x8022050,0x100440a0,0x20088140,0x40110280,0x80020500	20000000	1	1	1000000	1500
937	32	21	19	0x5f96b9a5	0xbf2db9a5	0xa00001,0x1400002,0x2800004,0x5000008,0xa000010,0x14000020,0x28000040,0x50000080,0xa0000100,0x40a00200,0x81400400,0x2200800,0x4401000,0x8802000,0x11004000,0x22008000,0x44010000,0x88020000,0x10a40000,0x21480000,0x42900000	0x240a01,0x481402,0x942205,0x108440a,0x2108814,0x4011028,0x8022050,0x100440a0,0x20088140,0x40110280,0x80020500	20000000	1	1	1000000	1500
938	32	21	19	0x575eb6ac	0xaebd6eac	0xa00001,0x1400002,0x2800004,0x5000008,0xa000010,0x14000020,0x28000040,0x50000080,0xa0000100,0x40a00200,0x81400400,0x2200800,0x4401000,0x8802000,0x11004000,0x22008000,0x44010000,0x88020000,0x10a40000,0x21480000,0x42900000	0x240a01,0x481402,0x942205,0x108440a,0x2108814,0x4011028,0x8022050,0x100440a0,0x20088140,0x40110280,0x80020500	20000000	1	1	1000000	1500
939	32	21	19	0x293f0e4e	0x527f0e4e	0xa00001,0x1400002,0x2800004,0x5000008,0xa000010,0x14000020,0x28000040,0x50000080,0xa0000100,0x40a00200,0x81400400,0x2200800,0x4401000,0x8802000,0x11004000,0x22008000,0x44010000,0x88020000,0x10a40000,0x21480000,0x42900000	0x240a01,0x481402,0x942205,0x108440a,0x2108814,0x4011028,0x8022050,0x100440a0,0x20088140,0x40110280,0x80020500	20000000	1	1	1000000	1500
940	32	21	19	0x22cd2b3d	0x458a533d	0xa00001,0x1400002,0x2800004,0x5000008,0xa000010,0x14000020,0x28000040,0x50000080,0xa0000100,0x40a00200,0x81400400,0x2200800,0x4401000,0x8802000,0x11004000,0x22008000,0x44010000,0x88020000,0x10a40000,0x21480000,0x42900000	0x240a01,0x481402,0x942205,0x108440a,0x2108814,0x4011028,0x8022050,0x100440a0,0x20088140,0x40110280,0x80020500	20000000	1	1	1000000	1500
941	32	21	19	0x13f4b9d5	0x26f6b9d5	0xa00001,0x1400002,0x2800004,0x5000008,0xa000010,0x14000020,0x28000040,0x50000080,0xa0000100,0x40a00200,0x81400400,0x2200800,0x4401000,0x8802000,0x11004000,0x22008000,0x44010000,0x88020000,0x10a40000,0x21480000,0x42900000	0x240a01,0x481402,0x942205,0x108440a,0x2108814,0x4011028,0x8022050,0x100440a0,0x20088140,0x40110280,0x80020500	20000000	1	1	1000000	1500
942	32	21	19	0x57934068	0xa6934068	0xa00001,0x1400002,0x2800004,0x5000008,0xa000010,0x14000020,0x28000040,0x50000080,0xa0000100,0x40a00200,0x81400400,0x2200800,0x4401000,0x8802000,0x11004000,0x22008000,0x44010000,0x88020000,0x10a40000,0x21480000,0x42900000	0x240a01,0x481402,0x942205,0x108440a,0x2108814,0x4011028,0x8022050,0x100440a0,0x20088140,0x40110280,0x80020500	20000000	1	1	1000000	1500
943	32	21	19	0x7f2b9275	0xff2b9075	0xa00001,0x1400002,0x2800004,0x5000008,0xa000010,0x14000020,0x28000040,0x50000080,0xa0000100,0x40a00200,0x81400400,0x2200800,0x4401000,0x8802000,0x11004000,0x22008000,0x44010000,0x88020000,0x10a40000,0x21480000,0x42900000	0x240a01,0x481402,0x942205,0x108440a,0x2108814,0x4011028,0x8022050,0x100440a0,0x20088140,0x40110280,0x80020500	20000000	1	1	1000000	1500
944	32	21	19	0x4cb0fe70	0x9990be70	0xa00001,0x1400002,0x2800004,0x5000008,0xa000010,0x14000020,0x28000040,0x50000080,0xa0000100,0x40a00200,0x81400400,0x2200800,0x4401000,0x8802000,0x11004000,0x22008000,0x44010000,0x88020000,0x10a40000,0x21480000,0x42900000	0x240a01,0x481402,0x942205,0x108440a,0x2108814,0x4011028,0x8022050,0x100440a0,0x20088140,0x40110280,0x80020500	20000000	0	0	1000000	1500
945	32	21	19	0x2ede43a4	0x5ece4324	0xa00001,0x1400002,0x2800004,0x5000008,0xa000010,0x14000020,0x28000040,0x50000080,0xa0000100,0x40a00200,0x81400400,0x2200800,0x4401000,0x8802000,0x11004000,0x22008000,0x44010000,0x88020000,0x10a40000,0x21480000,0x42900000	0x240a01,0x481402,0x942205,0x108440a,0x2108814,0x4011028,0x8022050,0x100440a0,0x20088140,0x40110280,0x80020500	20000000	0	0	1000000	1500
946	32	21	19	0x6c9eed91	0xb93eed91	0xa00001,0x1400002,0x2800004,0x5000008,0xa000010,0x14000020,0x28000040,0x50000080,0xa0000100,0x40a00200,0x81400400,0x2200800,0x4401000,0x8802000,0x11004000,0x22008000,0x44010000,0x88020000,0x10a40000,0x21480000,0x42900000	0x240a01,0x481402,0x942205,0x108440a,0x2108814,0x4011028,0x8022050,0x100440a0,0x20088140,0x40110280,0x80020500	20000000	0	0	1000000	1500
947	32	21	19	0x4bc8bcad	0x8bc8bc0d	0xa00001,0x1400002,0x2800004,0x5000008,0xa000010,0x14000020,0x28000040,0x50000080,0xa0000100,0x40a00200,0x81400400,0x2200800,0x4401000,0x8802000,0x11004000,0x22008000,0x44010000,0x88020000,0x10a40000,0x21480000,0x42900000	0x240a01,0x481402,0x942205,0x108440a,0x2108814,0x4011028,0x8022050,0x100440a0,0x20088140,0x40110280,0x80020500	20000000	0	0	1000000	1500
948	32	21	19	0x52b272a2	0xa56a32aa	0xa00001,0x1400002,0x2800004,0x5000008,0xa000010,0x14000020,0x28000040,0x50000080,0xa0000100,0x40a00200,0x81400400,0x2200800,0x4401000,0x8802000,0x11004000,0x22008000,0x44010000,0x88020000,0x10a40000,0x21480000,0x42900000	0x240a01,0x481402,0x942205,0x108440a,0x2108814,0x4011028,0x8022050,0x100440a0,0x20088140,0x40110280,0x80020500	20000000	0	0	1000000	1500
949	32	21	19	0x7551ff2	0xc511fe2	0xa00001,0x1400002,0x2800004,0x5000008,0xa000010,0x14000020,0x28000040,0x50000080,0xa0000100,0x40a00200,0x81400400,0x2200800,0x4401000,0x8802000,0x11004000,0x22008000,0x44010000,0x88020000,0x10a40000,0x21480000,0x42900000	0x240a01,0x481402,0x942205,0x108440a,0x2108814,0x4011028,0x8022050,0x100440a0,0x20088140,0x40110280,0x80020500	20000000	0	0	1000000	1500
950	32	21	19	0x4ad015c6	0x956129c6	0xa00001,0x1400002,0x2800004,0x5000008,0xa000010,0x14000020,0x28000040,0x50000080,0xa0000100,0x40a00200,0x81400400,0x2200800,0x4401000,0x8802000,0x11004000,0x22008000,0x44010000,0x88020000,0x10a40000,0x21480000,0x42900000	0x240a01,0x481402,0x942205,0x108440a,0x2108814,0x4011028,0x8022050,0x100440a0,0x20088140,0x40110280,0x80020500	20000000	0	0	1000000	1500
951	32	21	19	0x1cf0badc	0x39e09a9d	0xa00001,0x1400002,0x2800004,0x5000008,0xa000010,0x14000020,0x28000040,0x50000080,0xa0000100,0x40a00200,0x81400400,0x2200800,0x4401000,0x8802000,0x11004000,0x22008000,0x44010000,0x88020000,0x10a40000,0x21480000,0x42900000	0x240a01,0x481402,0x942205,0x108440a,0x2108814,0x4011028,0x8022050,0x100440a0,0x20088140,0x40110280,0x80020500	20000000	0	0	1000000	1500
952	32	21	19	0x4e95aaa6	0x9d4b55a0	0xa00001,0x1400002,0x2800004,0x5000008,0xa000010,0x14000020,0x28000040,0x50000080,0xa0000100,0x40a00200,0x81400400,0x2200800,0x4401000,0x8802000,0x11004000,0x22008000,0x44010000,0x88020000,0x10a40000,0x21480000,0x42900000	0x240a01,0x481402,0x942205,0x108440a,0x2108814,0x4011028,0x8022050,0x100440a0,0x20088140,0x40110280,0x80020500	20000000	0	0	1000000	1500
953	32	21	19	0x600a78b6	0xc03cf6b7	0xa00001,0x1400002,0x2800004,0x5000008,0xa000010,0x14000020,0x28000040,0x50000080,0xa0000100,0x40a00200,0x81400400,0x2200800,0x4401000,0x8802000,0x11004000,0x22008000,0x44010000,0x88020000,0x10a40000,0x21480000,0x42900000	0x240a01,0x481402,0x942205,0x108440a,0x2108814,0x4011028,0x8022050,0x100440a0,0x20088140,0x40110280,0x80020500	20000000	0	0	1000000	1500
954	32	21	19	0x6f105ba9	0xded05bec	0xa00001,0x1400002,0x2800004,0x5000008,0xa000010,0x14000020,0x28000040,0x50000080,0xa0000100,0x40a00200,0x81400400,0x2200800,0x4401000,0x8802000,0x11004000,0x22008000,0x44010000,0x88020000,0x10a40000,0x21480000,0x42900000	0x240a01,0x481402,0x942205,0x108440a,0x2108814,0x4011028,0x8022050,0x100440a0,0x20088140,0x40110280,0x80020500	20000000	0	0	1000000	1500
955	32	21	19	0x66613dc2	0xc48a7582	0xa00001,0x1400002,0x2800004,0x5000008,0xa000010,0x14000020,0x28000040,0x50000080,0xa0000100,0x40a00200,0x81400400,0x2200800,0x4401000,0x8802000,0x11004000,0x22008000,0x44010000,0x88020000,0x10a40000,0x21480000,0x42900000	0x240a01,0x481402,0x942205,0x108440a,0x2108814,0x4011028,0x8022050,0x100440a0,0x20088140,0x40110280,0x80020500	20000000	0	0	1000000	1500
956	32	24	19	0xba431bf	0x1748636f	0x7000001,0xe000002,0x1c000004,0x38000008,0x70000010,0xe0000020,0xc7000040,0x89000080,0x15000100,0x2a000200,0x54000400,0xa8000800,0x57001000,0xae002000,0x5b004000,0xb6008000,0x6b010000,0xd6020000,0xab040000,0x51080000,0xa2100000,0x43200000,0x86400000,0xb800000	0x1ad51c1,0x2f7f243,0x442b547,0x8856a8e,0x100ad51c,0x2015aa38,0x402b5470,0x8056a8e0	20000000	0	1	1000000	1500
957	32	24	19	0x2a3bf669	0x5477e669	0x7000001,0xe000002,0x1c000004,0x38000008,0x70000010,0xe0000020,0xc7000040,0x89000080,0x15000100,0x2a000200,0x54000400,0xa8000800,0x57001000,0xae002000,0x5b004000,0xb6008000,0x6b010000,0xd6020000,0xab040000,0x51080000,0xa2100000,0x43200000,0x86400000,0xb800000	0x1ad51c1,0x2f7f243,0x442b547,0x8856a8e,0x100ad51c,0x2015aa38,0x402b5470,0x8056a8e0	20000000	0	1	1000000	1500
958	32	24	19	0x328f32fc	0x658f32fc	0x7000001,0xe000002,0x1c000004,0x38000008,0x70000010,0xe0000020,0xc7000040,0x89000080,0x15000100,0x2a000200,0x54000400,0xa8000800,0x57001000,0xae002000,0x5b004000,0xb6008000,0x6b010000,0xd6020000,0xab040000,0x51080000,0xa2100000,0x43200000,0x86400000,0xb800000	0x1ad51c1,0x2f7f243,0x442b547,0x8856a8e,0x100ad51c,0x2015aa38,0x402b5470,0x8056a8e0	20000000	0	1	1000000	1500
959	32	24	19	0x140605de	0x280605de	0x7000001,0xe000002,0x1c000004,0x38000008,0x70000010,0xe0000020,0xc7000040,0x89000080,0x15000100,0x2a000200,0x54000400,0xa8000800,0x57001000,0xae002000,0x5b004000,0xb6008000,0x6b010000,0xd6020000,0xab040000,0x51080000,0xa2100000,0x43200000,0x86400000,0xb800000	0x1ad51c1,0x2f7f243,0x442b547,0x8856a8e,0x100ad51c,0x2015aa38,0x402b5470,0x8056a8e0	20000000	0	1	1000000	1500
960	32	24	19	0x7cf7bdae	0xf9ed7b5c	0x7000001,0xe000002,0x1c000004,0x38000008,0x70000010,0xe0000020,0xc7000040,0x89000080,0x15000100,0x2a000200,0x54000400,0xa8000800,0x57001000,0xae002000,0x5b004000,0xb6008000,0x6b010000,0xd6020000,0xab040000,0x51080000,0xa2100000,0x43200000,0x86400000,0xb800000	0x1ad51c1,0x2f7f243,0x442b547,0x8856a8e,0x100ad51c,0x2015aa38,0x402b5470,0x8056a8e0	20000000	0	1	1000000	1500
961	32	24	19	0x7d47795d	0xfa8ef97d	0x7000001,0xe000002,0x1c000004,0x38000008,0x70000010,0xe0000020,0xc7000040,0x89000080,0x15000100,0x2a000200,0x54000400,0xa8000800,0x57001000,0xae002000,0x5b004000,0xb6008000,0x6b010000,0xd6020000,0xab040000,0x51080000,0xa2100000,0x43200000,0x86400000,0xb800000	0x1ad51c1,0x2f7f243,0x442b547,0x8856a8e,0x100ad51c,0x2015aa38,0x402b5470,0x8056a8e0	20000000	0	1	1000000	1500
962	32	24	19	0x17c42dd	0x817c42cd	0x7000001,0xe000002,0x1c000004,0x38000008,0x70000010,0xe0000020,0xc7000040,0x89000080,0x15000100,0x2a000200,0x54000400,0xa8000800,0x57001000,0xae002000,0x5b004000,0xb6008000,0x6b010000,0xd6020000,0xab040000,0x51080000,0xa2100000,0x43200000,0x86400000,0xb800000	0x1ad51c1,0x2f7f243,0x442b547,0x8856a8e,0x100ad51c,0x2015aa38,0x402b5470,0x8056a8e0	20000000	0	1	1000000	1500
963	32	24	19	0x61a25052	0xc244a092	0x7000001,0xe000002,0x1c000004,0x38000008,0x70000010,0xe0000020,0xc7000040,0x89000080,0x15000100,0x2a000200,0x54000400,0xa8000800,0x57001000,0xae002000,0x5b004000,0xb6008000,0x6b010000,0xd6020000,0xab040000,0x51080000,0xa2100000,0x43200000,0x86400000,0xb800000	0x1ad51c1,0x2f7f243,0x442b547,0x8856a8e,0x100ad51c,0x2015aa38,0x402b5470,0x8056a8e0	20000000	0	1	1000000	1500
964	32	24	19	0x40bd7b2a	0x80bddb2a	0x7000001,0xe000002,0x1c000004,0x38000008,0x70000010,0xe0000020,0xc7000040,0x89000080,0x15000100,0x2a000200,0x54000400,0xa8000800,0x57001000,0xae002000,0x5b004000,0xb6008000,0x6b010000,0xd6020000,0xab040000,0x51080000,0xa2100000,0x43200000,0x86400000,0xb800000	0x1ad51c1,0x2f7f243,0x442b547,0x8856a8e,0x100ad51c,0x2015aa38,0x402b5470,0x8056a8e0	20000000	0	0	1000000	1500
965	32	24	19	0x5e789e8f	0xbe799e9f	0x7000001,0xe000002,0x1c000004,0x38000008,0x70000010,0xe0000020,0xc7000040,0x89000080,0x15000100,0x2a000200,0x54000400,0xa8000800,0x57001000,0xae002000,0x5b004000,0xb6008000,0x6b010000,0xd6020000,0xab040000,0x51080000,0xa2100000,0x43200000,0x86400000,0xb800000	0x1ad51c1,0x2f7f243,0x442b547,0x8856a8e,0x100ad51c,0x2015aa38,0x402b5470,0x8056a8e0	20000000	0	0	1000000	1500
966	32	24	19	0x19337348	0x3266e34b	0x7000001,0xe000002,0x1c000004,0x38000008,0x70000010,0xe0000020,0xc7000040,0x89000080,0x15000100,0x2a000200,0x54000400,0xa8000800,0x57001000,0xae002000,0x5b004000,0xb6008000,0x6b010000,0xd6020000,0xab040000,0x51080000,0xa2100000,0x43200000,0x86400000,0xb800000	0x1ad51c1,0x2f7f243,0x442b547,0x8856a8e,0x100ad51c,0x2015aa38,0x402b5470,0x8056a8e0	20000000	0	0	1000000	1500
967	32	24	19	0x3701d638	0x6e09d630	0x7000001,0xe000002,0x1c000004,0x38000008,0x70000010,0xe0000020,0xc7000040,0x89000080,0x15000100,0x2a000200,0x54000400,0xa8000800,0x57001000,0xae002000,0x5b004000,0xb6008000,0x6b010000,0xd6020000,0xab040000,0x51080000,0xa2100000,0x43200000,0x86400000,0xb800000	0x1ad51c1,0x2f7f243,0x442b547,0x8856a8e,0x100ad51c,0x2015aa38,0x402b5470,0x8056a8e0	20000000	0	0	1000000	1500
968	32	24	19	0x79a76654	0xb3436e54	0x7000001,0xe000002,0x1c000004,0x38000008,0x70000010,0xe0000020,0xc7000040,0x89000080,0x15000100,0x2a000200,0x54000400,0xa8000800,0x57001000,0xae002000,0x5b004000,0xb6008000,0x6b010000,0xd6020000,0xab040000,0x51080000,0xa2100000,0x43200000,0x86400000,0xb800000	0x1ad51c1,0x2f7f243,0x442b547,0x8856a8e,0x100ad51c,0x2015aa38,0x402b5470,0x8056a8e0	20000000	0	0	1000000	1500
969	32	24	19	0x14f60907	0x29cc120d	0x7000001,0xe000002,0x1c000004,0x38000008,0x70000010,0xe0000020,0xc7000040,0x89000080,0x15000100,0x2a000200,0x54000400,0xa8000800,0x57001000,0xae002000,0x5b004000,0xb6008000,0x6b010000,0xd6020000,0xab040000,0x51080000,0xa2100000,0x43200000,0x86400000,0xb800000	0x1ad51c1,0x2f7f243,0x442b547,0x8856a8e,0x100ad51c,0x2015aa38,0x402b5470,0x8056a8e0	20000000	0	0	1000000	1500
970	32	24	19	0x6ae16eab	0xd7c96fa9	0x7000001,0xe000002,0x1c000004,0x38000008,0x70000010,0xe0000020,0xc7000040,0x89000080,0x15000100,0x2a000200,0x54000400,0xa8000800,0x57001000,0xae002000,0x5b004000,0xb6008000,0x6b010000,0xd6020000,0xab040000,0x51080000,0xa2100000,0x43200000,0x86400000,0xb800000	0x1ad51c1,0x2f7f243,0x442b547,0x8856a8e,0x100ad51c,0x2015aa38,0x402b5470,0x8056a8e0	20000000	0	0	1000000	1500
971	32	24	19	0x1d06cfd2	0x3706cbd2	0x7000001,0xe000002,0x1c000004,0x38000008,0x70000010,0xe0000020,0xc7000040,0x89000080,0x15000100,0x2a000200,0x54000400,0xa8000800,0x57001000,0xae002000,0x5b004000,0xb6008000,0x6b010000,0xd6020000,0xab040000,0x51080000,0xa2100000,0x43200000,0x86400000,0xb800000	0x1ad51c1,0x2f7f243,0x442b547,0x8856a8e,0x100ad51c,0x2015aa38,0x402b5470,0x8056a8e0	20000000	0	0	1000000	1500
972	32	24	19	0x488e865c	0x89150cb2	0x7000001,0xe000002,0x1c000004,0x38000008,0x70000010,0xe0000020,0xc7000040,0x89000080,0x15000100,0x2a000200,0x54000400,0xa8000800,0x57001000,0xae002000,0x5b004000,0xb6008000,0x6b010000,0xd6020000,0xab040000,0x51080000,0xa2100000,0x43200000,0x86400000,0xb800000	0x1ad51c1,0x2f7f243,0x442b547,0x8856a8e,0x100ad51c,0x2015aa38,0x402b5470,0x8056a8e0	20000000	0	0	1000000	1500
973	32	24	19	0x13085589	0x271a5519	0x7000001,0xe000002,0x1c000004,0x38000008,0x70000010,0xe0000020,0xc7000040,0x89000080,0x15000100,0x2a000200,0x54000400,0xa8000800,0x57001000,0xae002000,0x5b004000,0xb6008000,0x6b010000,0xd6020000,0xab040000,0x51080000,0xa2100000,0x43200000,0x86400000,0xb800000	0x1ad51c1,0x2f7f243,0x442b547,0x8856a8e,0x100ad51c,0x2015aa38,0x402b5470,0x8056a8e0	20000000	0	0	1000000	1500
974	32	24	19	0x7dfa58a4	0xfbf030a1	0x7000001,0xe000002,0x1c000004,0x38000008,0x70000010,0xe0000020,0xc7000040,0x89000080,0x15000100,0x2a000200,0x54000400,0xa8000800,0x57001000,0xae002000,0x5b004000,0xb6008000,0x6b010000,0xd6020000,0xab040000,0x51080000,0xa2100000,0x43200000,0x86400000,0xb800000	0x1ad51c1,0x2f7f243,0x442b547,0x8856a8e,0x100ad51c,0x2015aa38,0x402b5470,0x8056a8e0	20000000	0	0	1000000	1500
975	32	24	19	0x3fb3012d	0x792b012d	0x7000001,0xe000002,0x1c000004,0x38000008,0x70000010,0xe0000020,0xc7000040,0x89000080,0x15000100,0x2a000200,0x54000400,0xa8000800,0x57001000,0xae002000,0x5b004000,0xb6008000,0x6b010000,0xd6020000,0xab040000,0x51080000,0xa2100000,0x43200000,0x86400000,0xb800000	0x1ad51c1,0x2f7f243,0x442b547,0x8856a8e,0x100ad51c,0x2015aa38,0x402b5470,0x8056a8e0	20000000	0	0	1000000	1500
976	32	26	19	0x744ec563	0xe84ec563	0xf,0x33,0x55,0x96,0x303,0x505,0x906,0x1111,0x2112,0x4114,0x8117,0x30003,0x50005,0x90006,0x110011,0x210012,0x410014,0x810017,0x1010101,0x2010102,0x4010104,0x8010107,0x10010110,0x20010113,0x40010115,0x80010116	0xaaaaaaaa,0xcccccccc,0xf0f0f0f0,0xff00ff00,0xffff0000,0xffffffff	20000000	0	1	1000000	1500
977	32	26	19	0x2bb82816	0x5770a816	0xf,0x33,0x55,0x96,0x303,0x505,0x906,0x1111,0x2112,0x4114,0x8117,0x30003,0x50005,0x90006,0x110011,0x210012,0x410014,0x810017,0x1010101,0x2010102,0x4010104,0x8010107,0x10010110,0x20010113,0x40010115,0x80010116	0xaaaaaaaa,0xcccccccc,0xf0f0f0f0,0xff00ff00,0xffff0000,0xffffffff	20000000	0	1	1000000	1500
978	32	26	19	0x7eca1efd	0xfd943efd	0xf,0x33,0x55,0x96,0x303,0x505,0x906,0x1111,0x2112,0x4114,0x8117,0x30003,0x50005,0x90006,0x110011,0x210012,0x410014,0x810017,0x1010101,0x2010102,0x4010104,0x8010107,0x10010110,0x20010113,0x40010115,0x80010116	0xaaaaaaaa,0xcccccccc,0xf0f0f0f0,0xff00ff00,0xffff0000,0xffffffff	20000000	0	1	1000000	1500
979	32	26	19	0x14b1ee48	0x24b1ee48	0xf,0x33,0x55,0x96,0x303,0x505,0x906,0x1111,0x2112,0x4114,0x8117,0x30003,0x50005,0x90006,0x110011,0x210012,0x410014,0x810017,0x1010101,0x2010102,0x4010104,0x8010107,0x10010110,0x20010113,0x40010115,0x80010116	0xaaaaaaaa,0xcccccccc,0xf0f0f0f0,0xff00ff00,0xffff0000,0xffffffff	20000000	0	1	1000000	1500
980	32	26	19	0x1c5c31d	0x38b031d	0xf,0x33,0x55,0x96,0x303,0x505,0x906,0x1111,0x2112,0x4114,0x8117,0x30003,0x50005,0x90006,0x110011,0x210012,0x410014,0x810017,0x1010101,0x2010102,0x4010104,0x8010107,0x10010110,0x20010113,0x40010115,0x80010116	0xaaaaaaaa,0xcccccccc,0xf0f0f0f0,0xff00ff00,0xffff0000,0xffffffff	20000000	0	1	1000000	1500
981	32	26	19	0x24cd9306	0x499b2604	0xf,0x33,0x55,0x96,0x303,0x505,0x906,0x1111,0x2112,0x4114,0x8117,0x30003,0x50005,0x90006,0x110011,0x210012,0x410014,0x810017,0x1010101,0x2010102,0x4010104,0x8010107,0x10010110,0x20010113,0x40010115,0x80010116	0xaaaaaaaa,0xcccccccc,0xf0f0f0f0,0xff00ff00,0xffff0000,0xffffffff	20000000	0	1	1000000	1500
982	32	26	19	0x6ef04584	0xdde18b84	0xf,0x33,0x55,0x96,0x303,0x505,0x906,0x1111,0x2112,0x4114,0x8117,0x30003,0x50005,0x90006,0x110011,0x210012,0x410014,0x810017,0x1010101,0x2010102,0x4010104,0x8010107,0x10010110,0x20010113,0x40010115,0x80010116	0xaaaaaaaa,0xcccccccc,0xf0f0f0f0,0xff00ff00,0xffff0000,0xffffffff	20000000	0	1	1000000	1500
983	32	26	19	0x18fcf0f7	0x18fcf0d7	0xf,0x33,0x55,0x96,0x303,0x505,0x906,0x1111,0x2112,0x4114,0x8117,0x30003,0x50005,0x90006,0x110011,0x210012,0x410014,0x810017,0x1010101,0x2010102,0x4010104,0x8010107,0x10010110,0x20010113,0x40010115,0x80010116	0xaaaaaaaa,0xcccccccc,0xf0f0f0f0,0xff00ff00,0xffff0000,0xffffffff	20000000	0	1	1000000	1500
984	32	26	19	0x6ea43c49	0xdd5c3c4d	0xf,0x33,0x55,0x96,0x303,0x505,0x906,0x1111,0x2112,0x4114,0x8117,0x30003,0x50005,0x90006,0x110011,0x210012,0x410014,0x810017,0x1010101,0x2010102,0x4010104,0x8010107,0x10010110,0x20010113,0x40010115,0x80010116	0xaaaaaaaa,0xcccccccc,0xf0f0f0f0,0xff00ff00,0xffff0000,0xffffffff	20000000	0	0	1000000	1500
985	32	26	19	0x18cf05fa	0x319e0ef4	0xf,0x33,0x55,0x96,0x303,0x505,0x906,0x1111,0x2112,0x4114,0x8117,0x30003,0x50005,0x90006,0x110011,0x210012,0x410014,0x810017,0x1010101,0x2010102,0x4010104,0x8010107,0x10010110,0x20010113,0x40010115,0x80010116	0xaaaaaaaa,0xcccccccc,0xf0f0f0f0,0xff00ff00,0xffff0000,0xffffffff	20000000	0	0	1000000	1500
986	32	26	19	0x449022a0	0x892032a8	0xf,0x33,0x55,0x96,0x303,0x505,0x906,0x1111,0x2112,0x4114,0x8117,0x30003,0x50005,0x90006,0x110011,0x210012,0x410014,0x810017,0x1010101,0x2010102,0x4010104,0x8010107,0x10010110,0x20010113,0x40010115,0x80010116	0xaaaaaaaa,0xcccccccc,0xf0f0f0f0,0xff00ff00,0xffff0000,0xffffffff	20000000	0	0	1000000	1500
987	32	26	19	0x5f691e72	0xfa691e72	0xf,0x33,0x55,0x96,0x303,0x505,0x906,0x1111,0x2112,0x4114,0x8117,0x30003,0x50005,0x90006,0x110011,0x210012,0x410014,0x810017,0x1010101,0x2010102,0x4010104,0x8010107,0x10010110,0x20010113,0x40010115,0x80010116	0xaaaaaaaa,0xcccccccc,0xf0f0f0f0,0xff00ff00,0xffff0000,0xffffffff	20000000	0	0	1000000	1500
988	32	26	19	0x220e2fee	0x55145fee	0xf,0x33,0x55,0x96,0x303,0x505,0x906,0x1111,0x2112,0x4114,0x8117,0x30003,0x50005,0x90006,0x110011,0x210012,0x410014,0x810017,0x1010101,0x2010102,0x4010104,0x8010107,0x10010110,0x20010113,0x40010115,0x80010116	0xaaaaaaaa,0xcccccccc,0xf0f0f0f0,0xff00ff00,0xffff0000,0xffffffff	20000000	0	0	1000000	1500
989	32	26	19	0x2de7b464	0x5b8f4ca4	0xf,0x33,0x55,0x96,0x303,0x505,0x906,0x1111,0x2112,0x4114,0x8117,0x30003,0x50005,0x90006,0x110011,0x210012,0x410014,0x810017,0x1010101,0x2010102,0x4010104,0x8010107,0x10010110,0x20010113,0x40010115,0x80010116	0xaaaaaaaa,0xcccccccc,0xf0f0f0f0,0xff00ff00,0xffff0000,0xffffffff	20000000	0	0	1000000	1500
990	32	26	19	0xe877353	0xaa877153	0xf,0x33,0x55,0x96,0x303,0x505,0x906,0x1111,0x2112,0x4114,0x8117,0x30003,0x50005,0x90006,0x110011,0x210012,0x410014,0x810017,0x1010101,0x2010102,0x4010104,0x8010107,0x10010110,0x20010113,0x40010115,0x80010116	0xaaaaaaaa,0xcccccccc,0xf0f0f0f0,0xff00ff00,0xffff0000,0xffffffff	20000000	0	0	1000000	1500
991	32	26	19	0x1b7f675	0x336fedeb	0xf,0x33,0x55,0x96,0x303,0x505,0x906,0x1111,0x2112,0x4114,0x8117,0x30003,0x50005,0x90006,0x110011,0x210012,0x410014,0x810017,0x1010101,0x2010102,0x4010104,0x8010107,0x10010110,0x20010113,0x40010115,0x80010116	0xaaaaaaaa,0xcccccccc,0xf0f0f0f0,0xff00ff00,0xffff0000,0xffffffff	20000000	0	0	1000000	1500
992	32	26	19	0x112f611b	0x612f681a	0xf,0x33,0x55,0x96,0x303,0x505,0x906,0x1111,0x2112,0x4114,0x8117,0x30003,0x50005,0x90006,0x110011,0x210012,0x410014,0x810017,0x1010101,0x2010102,0x4010104,0x8010107,0x10010110,0x20010113,0x40010115,0x80010116	0xaaaaaaaa,0xcccccccc,0xf0f0f0f0,0xff00ff00,0xffff0000,0xffffffff	20000000	0	0	1000000	1500
993	32	26	19	0x2e8cd835	0x5d19b694	0xf,0x33,0x55,0x96,0x303,0x505,0x906,0x1111,0x2112,0x4114,0x8117,0x30003,0x50005,0x90006,0x110011,0x210012,0x410014,0x810017,0x1010101,0x2010102,0x4010104,0x8010107,0x10010110,0x20010113,0x40010115,0x80010116	0xaaaaaaaa,0xcccccccc,0xf0f0f0f0,0xff00ff00,0xffff0000,0xffffffff	20000000	0	0	1000000	1500
994	32	26	19	0x63d9a946	0xe5d9a1c7	0xf,0x33,0x55,0x96,0x303,0x505,0x906,0x1111,0x2112,0x4114,0x8117,0x30003,0x50005,0x90006,0x110011,0x210012,0x410014,0x810017,0x1010101,0x2010102,0x4010104,0x8010107,0x10010110,0x20010113,0x40010115,0x80010116	0xaaaaaaaa,0xcccccccc,0xf0f0f0f0,0xff00ff00,0xffff0000,0xffffffff	20000000	0	0	1000000	1500
995	32	26	19	0x1646211b	0x3c8e6a1b	0xf,0x33,0x55,0x96,0x303,0x505,0x906,0x1111,0x2112,0x4114,0x8117,0x30003,0x50005,0x90006,0x110011,0x210012,0x410014,0x810017,0x1010101,0x2010102,0x4010104,0x8010107,0x10010110,0x20010113,0x40010115,0x80010116	0xaaaaaaaa,0xcccccccc,0xf0f0f0f0,0xff00ff00,0xffff0000,0xffffffff	20000000	0	0	1000000	1500
