trial_id,trial_kind,cell_id,trial_index,trial_seed,code_instance,code_seed,family,rate_label,n,k,rate,p_num,p_den,p_s,transmitted_word_hex,observation_hex,deletion_position,observed_error_weight,forced_error_weight,theorem_offset,theorem_stop_shell_cap,max_generated_attempts,run_exhaustive,run_branch,branch_node_cap,branch_time_ms,code_size,generator_rows_hex,parity_check_rows_hex,code_construction
0,natural,n16_k11_random_systematic_linear_R2_3,0,1108666843682771030,0,5644894991930625670,random_systematic_linear,R2_3,16,11,0.6875,1,20,0.05,0x21db,0x21db,15,0,,1,0,20000000,True,True,1000000,1500,2048,"0xe001,0xc802,0x4804,0x2808,0x8810,0x8820,0x8840,0xc880,0xe900,0xba00,0x9400","0xbfe,0x1600,0x2309,0x4187,0x87f3",dense systematic parity map; seed=5644894991930625670
1,natural,n16_k11_random_systematic_linear_R2_3,1,9235320778967549675,1,1370888506566975946,random_systematic_linear,R2_3,16,11,0.6875,1,20,0.05,0x195a,0xc5a,8,0,,1,0,20000000,True,True,1000000,1500,2048,"0xb001,0x8002,0xc804,0x6008,0xc810,0x3820,0x5040,0x8080,0x6100,0x5200,0x2400","0x834,0x1261,0x2529,0x435c,0x8097",dense systematic parity map; seed=1370888506566975946
2,natural,n16_k11_random_systematic_linear_R2_3,2,16408972048460692248,2,11625355266590740925,random_systematic_linear,R2_3,16,11,0.6875,1,20,0.05,0x8ada,0x5ada,14,1,,1,1,20000000,True,True,1000000,1500,2048,"0xe801,0x3002,0x1804,0x4808,0xb010,0x5820,0xb040,0xa080,0x900,0x5200,0x6400","0x92d,0x1276,0x24d3,0x4629,0x80d1",dense systematic parity map; seed=11625355266590740925
3,natural,n16_k11_random_systematic_linear_R2_3,3,36756737541360857,3,3483529925568382885,random_systematic_linear,R2_3,16,11,0.6875,1,20,0.05,0x3a2b,0x1c2b,9,0,,1,0,20000000,True,True,1000000,1500,2048,"0x2801,0x2802,0x3804,0x4008,0xd010,0x9020,0xf040,0x3080,0xb900,0xea00,0x8c00","0xf07,0x11f4,0x23c7,0x4258,0x8770",dense systematic parity map; seed=3483529925568382885
4,natural,n16_k11_random_systematic_linear_R2_3,4,14751145405662823440,0,5644894991930625670,random_systematic_linear,R2_3,16,11,0.6875,1,20,0.05,0xaf4a,0x57a2,3,0,,1,0,20000000,True,True,1000000,1500,2048,"0xe001,0xc802,0x4804,0x2808,0x8810,0x8820,0x8840,0xc880,0xe900,0xba00,0x9400","0xbfe,0x1600,0x2309,0x4187,0x87f3",dense systematic parity map; seed=5644894991930625670
5,natural,n16_k11_random_systematic_linear_R2_3,5,6337100520531395474,1,1370888506566975946,random_systematic_linear,R2_3,16,11,0.6875,1,20,0.05,0xd969,0x6da1,3,2,,1,2,20000000,True,True,1000000,1500,2048,"0xb001,0x8002,0xc804,0x6008,0xc810,0x3820,0x5040,0x8080,0x6100,0x5200,0x2400","0x834,0x1261,0x2529,0x435c,0x8097",dense systematic parity map; seed=1370888506566975946
6,natural,n16_k11_random_systematic_linear_R2_3,6,5760580849667870238,2,11625355266590740925,random_systematic_linear,R2_3,16,11,0.6875,1,20,0.05,0xea7,0x6a7,10,0,,1,0,20000000,True,True,1000000,1500,2048,"0xe801,0x3002,0x1804,0x4808,0xb010,0x5820,0xb040,0xa080,0x900,0x5200,0x6400","0x92d,0x1276,0x24d3,0x4629,0x80d1",dense systematic parity map; seed=11625355266590740925
7,natural,n16_k11_random_systematic_linear_R2_3,7,2181632642283355067,3,3483529925568382885,random_systematic_linear,R2_3,16,11,0.6875,1,20,0.05,0x31a2,0x19c2,5,1,,1,1,20000000,True,True,1000000,1500,2048,"0x2801,0x2802,0x3804,0x4008,0xd010,0x9020,0xf040,0x3080,0xb900,0xea00,0x8c00","0xf07,0x11f4,0x23c7,0x4258,0x8770",dense systematic parity map; seed=3483529925568382885
8,natural,n16_k11_random_systematic_linear_R2_3,8,5726140483634442587,0,5644894991930625670,random_systematic_linear,R2_3,16,11,0.6875,1,20,0.05,0xe9b9,0x7139,11,1,,1,1,20000000,True,True,1000000,1500,2048,"0xe001,0xc802,0x4804,0x2808,0x8810,0x8820,0x8840,0xc880,0xe900,0xba00,0x9400","0xbfe,0x1600,0x2309,0x4187,0x87f3",dense systematic parity map; seed=5644894991930625670
9,natural,n16_k11_random_systematic_linear_R2_3,9,13124099064954499303,1,1370888506566975946,random_systematic_linear,R2_3,16,11,0.6875,1,20,0.05,0xb7b9,0x5fb9,10,1,,1,1,20000000,True,True,1000000,1500,2048,"0xb001,0x8002,0xc804,0x6008,0xc810,0x3820,0x5040,0x8080,0x6100,0x5200,0x2400","0x834,0x1261,0x2529,0x435c,0x8097",dense systematic parity map; seed=1370888506566975946
10,natural,n16_k11_random_systematic_linear_R2_3,10,14833181510536034480,2,11625355266590740925,random_systematic_linear,R2_3,16,11,0.6875,1,20,0.05,0xb884,0x7884,14,0,,1,0,20000000,True,True,1000000,1500,2048,"0xe801,0x3002,0x1804,0x4808,0xb010,0x5820,0xb040,0xa080,0x900,0x5200,0x6400","0x92d,0x1276,0x24d3,0x4629,0x80d1",dense systematic parity map; seed=11625355266590740925
11,natural,n16_k11_random_systematic_linear_R2_3,11,2247939173195059307,3,3483529925568382885,random_systematic_linear,R2_3,16,11,0.6875,1,20,0.05,0x6d5f,0x36af,5,1,,1,1,20000000,True,True,1000000,1500,2048,"0x2801,0x2802,0x3804,0x4008,0xd010,0x9020,0xf040,0x3080,0xb900,0xea00,0x8c00","0xf07,0x11f4,0x23c7,0x4258,0x8770",dense systematic parity map; seed=3483529925568382885
12,natural,n16_k11_random_systematic_linear_R2_3,12,2207437008169275001,0,5644894991930625670,random_systematic_linear,R2_3,16,11,0.6875,1,20,0.05,0xcf46,0x67b3,0,1,,1,1,20000000,True,True,1000000,1500,2048,"0xe001,0xc802,0x4804,0x2808,0x8810,0x8820,0x8840,0xc880,0xe900,0xba00,0x9400","0xbfe,0x1600,0x2309,0x4187,0x87f3",dense systematic parity map; seed=5644894991930625670
13,natural,n16_k11_random_systematic_linear_R2_3,13,7483063554525249439,1,1370888506566975946,random_systematic_linear,R2_3,16,11,0.6875,1,20,0.05,0x66d,0x337,1,0,,1,0,20000000,True,True,1000000,1500,2048,"0xb001,0x8002,0xc804,0x6008,0xc810,0x3820,0x5040,0x8080,0x6100,0x5200,0x2400","0x834,0x1261,0x2529,0x435c,0x8097",dense systematic parity map; seed=1370888506566975946
14,natural,n16_k11_random_systematic_linear_R2_3,14,8554767298082299126,2,11625355266590740925,random_systematic_linear,R2_3,16,11,0.6875,1,20,0.05,0xfe4a,0x7e4a,14,0,,1,0,20000000,True,True,1000000,1500,2048,"0xe801,0x3002,0x1804,0x4808,0xb010,0x5820,0xb040,0xa080,0x900,0x5200,0x6400","0x92d,0x1276,0x24d3,0x4629,0x80d1",dense systematic parity map; seed=11625355266590740925
15,natural,n16_k11_random_systematic_linear_R2_3,15,1992780842447901396,3,3483529925568382885,random_systematic_linear,R2_3,16,11,0.6875,1,20,0.05,0x5117,0x2097,6,1,,1,1,20000000,True,True,1000000,1500,2048,"0x2801,0x2802,0x3804,0x4008,0xd010,0x9020,0xf040,0x3080,0xb900,0xea00,0x8c00","0xf07,0x11f4,0x23c7,0x4258,0x8770",dense systematic parity map; seed=3483529925568382885
16,natural,n16_k11_random_systematic_linear_R2_3,16,10434779837781124020,0,5644894991930625670,random_systematic_linear,R2_3,16,11,0.6875,1,20,0.05,0x9d88,0x4ec8,4,0,,1,0,20000000,True,True,1000000,1500,2048,"0xe001,0xc802,0x4804,0x2808,0x8810,0x8820,0x8840,0xc880,0xe900,0xba00,0x9400","0xbfe,0x1600,0x2309,0x4187,0x87f3",dense systematic parity map; seed=5644894991930625670
17,natural,n16_k11_random_systematic_linear_R2_3,17,13199256699026281517,1,1370888506566975946,random_systematic_linear,R2_3,16,11,0.6875,1,20,0.05,0xf813,0x7e13,9,1,,1,1,20000000,True,True,1000000,1500,2048,"0xb001,0x8002,0xc804,0x6008,0xc810,0x3820,0x5040,0x8080,0x6100,0x5200,0x2400","0x834,0x1261,0x2529,0x435c,0x8097",dense systematic parity map; seed=1370888506566975946
18,natural,n16_k11_random_systematic_linear_R2_3,18,13671820670858729038,2,11625355266590740925,random_systematic_linear,R2_3,16,11,0.6875,1,20,0.05,0x46af,0x22af,9,0,,1,0,20000000,True,True,1000000,1500,2048,"0xe801,0x3002,0x1804,0x4808,0xb010,0x5820,0xb040,0xa080,0x900,0x5200,0x6400","0x92d,0x1276,0x24d3,0x4629,0x80d1",dense systematic parity map; seed=11625355266590740925
19,natural,n16_k11_random_systematic_linear_R2_3,19,5857288869755150943,3,3483529925568382885,random_systematic_linear,R2_3,16,11,0.6875,1,20,0.05,0xbf5b,0x3f53,15,1,,1,1,20000000,True,True,1000000,1500,2048,"0x2801,0x2802,0x3804,0x4008,0xd010,0x9020,0xf040,0x3080,0xb900,0xea00,0x8c00","0xf07,0x11f4,0x23c7,0x4258,0x8770",dense systematic parity map; seed=3483529925568382885
20,natural,n16_k11_random_systematic_linear_R2_3,20,4289353071737457087,0,5644894991930625670,random_systematic_linear,R2_3,16,11,0.6875,1,20,0.05,0x3b71,0x1b71,12,0,,1,0,20000000,True,True,1000000,1500,2048,"0xe001,0xc802,0x4804,0x2808,0x8810,0x8820,0x8840,0xc880,0xe900,0xba00,0x9400","0xbfe,0x1600,0x2309,0x4187,0x87f3",dense systematic parity map; seed=5644894991930625670
21,natural,n16_k11_random_systematic_linear_R2_3,21,13672135896226973810,1,1370888506566975946,random_systematic_linear,R2_3,16,11,0.6875,1,20,0.05,0xd216,0x693a,1,2,,1,2,20000000,True,True,1000000,1500,2048,"0xb001,0x8002,0xc804,0x6008,0xc810,0x3820,0x5040,0x8080,0x6100,0x5200,0x2400","0x834,0x1261,0x2529,0x435c,0x8097",dense systematic parity map; seed=1370888506566975946
22,natural,n16_k11_random_systematic_linear_R2_3,22,2073411281356593727,2,11625355266590740925,random_systematic_linear,R2_3,16,11,0.6875,1,20,0.05,0x4cbe,0x26de,4,1,,1,1,20000000,True,True,1000000,1500,2048,"0xe801,0x3002,0x1804,0x4808,0xb010,0x5820,0xb040,0xa080,0x900,0x5200,0x6400","0x92d,0x1276,0x24d3,0x4629,0x80d1",dense systematic parity map; seed=11625355266590740925
23,natural,n16_k11_random_systematic_linear_R2_3,23,3949131681617276120,3,3483529925568382885,random_systematic_linear,R2_3,16,11,0.6875,1,20,0.05,0xcb49,0x6349,11,0,,1,0,20000000,True,True,1000000,1500,2048,"0x2801,0x2802,0x3804,0x4008,0xd010,0x9020,0xf040,0x3080,0xb900,0xea00,0x8c00","0xf07,0x11f4,0x23c7,0x4258,0x8770",dense systematic parity map; seed=3483529925568382885
24,natural,n16_k11_random_systematic_linear_R2_3,24,17574132046276031432,0,5644894991930625670,random_systematic_linear,R2_3,16,11,0.6875,1,20,0.05,0x638,0x238,15,1,,1,1,20000000,True,True,1000000,1500,2048,"0xe001,0xc802,0x4804,0x2808,0x8810,0x8820,0x8840,0xc880,0xe900,0xba00,0x9400","0xbfe,0x1600,0x2309,0x4187,0x87f3",dense systematic parity map; seed=5644894991930625670
25,natural,n16_k11_random_systematic_linear_R2_3,25,7585234894383803209,1,1370888506566975946,random_systematic_linear,R2_3,16,11,0.6875,1,20,0.05,0x69ea,0x35ea,10,0,,1,0,20000000,True,True,1000000,1500,2048,"0xb001,0x8002,0xc804,0x6008,0xc810,0x3820,0x5040,0x8080,0x6100,0x5200,0x2400","0x834,0x1261,0x2529,0x435c,0x8097",dense systematic parity map; seed=1370888506566975946
26,natural,n16_k11_random_systematic_linear_R2_3,26,10157929823036528466,2,11625355266590740925,random_systematic_linear,R2_3,16,11,0.6875,1,20,0.05,0x60b6,0x30b6,11,0,,1,0,20000000,True,True,1000000,1500,2048,"0xe801,0x3002,0x1804,0x4808,0xb010,0x5820,0xb040,0xa080,0x900,0x5200,0x6400","0x92d,0x1276,0x24d3,0x4629,0x80d1",dense systematic parity map; seed=11625355266590740925
27,natural,n16_k11_random_systematic_linear_R2_3,27,8184589306279901884,3,3483529925568382885,random_systematic_linear,R2_3,16,11,0.6875,1,20,0.05,0x801d,0x4019,9,1,,1,1,20000000,True,True,1000000,1500,2048,"0x2801,0x2802,0x3804,0x4008,0xd010,0x9020,0xf040,0x3080,0xb900,0xea00,0x8c00","0xf07,0x11f4,0x23c7,0x4258,0x8770",dense systematic parity map; seed=3483529925568382885
28,natural,n16_k11_random_systematic_linear_R2_3,28,6137286364791786923,0,5644894991930625670,random_systematic_linear,R2_3,16,11,0.6875,1,20,0.05,0x5d2e,0x2e96,2,0,,1,0,20000000,True,True,1000000,1500,2048,"0xe001,0xc802,0x4804,0x2808,0x8810,0x8820,0x8840,0xc880,0xe900,0xba00,0x9400","0xbfe,0x1600,0x2309,0x4187,0x87f3",dense systematic parity map; seed=5644894991930625670
29,natural,n16_k11_random_systematic_linear_R2_3,29,1779426767471354277,1,1370888506566975946,random_systematic_linear,R2_3,16,11,0.6875,1,20,0.05,0xfd7d,0x7ebd,3,0,,1,0,20000000,True,True,1000000,1500,2048,"0xb001,0x8002,0xc804,0x6008,0xc810,0x3820,0x5040,0x8080,0x6100,0x5200,0x2400","0x834,0x1261,0x2529,0x435c,0x8097",dense systematic parity map; seed=1370888506566975946
30,natural,n16_k11_random_systematic_linear_R2_3,30,3128793636354868272,2,11625355266590740925,random_systematic_linear,R2_3,16,11,0.6875,1,20,0.05,0x651d,0x310d,10,1,,1,1,20000000,True,True,1000000,1500,2048,"0xe801,0x3002,0x1804,0x4808,0xb010,0x5820,0xb040,0xa080,0x900,0x5200,0x6400","0x92d,0x1276,0x24d3,0x4629,0x80d1",dense systematic parity map; seed=11625355266590740925
31,natural,n16_k11_random_systematic_linear_R2_3,31,18274562848596615408,3,3483529925568382885,random_systematic_linear,R2_3,16,11,0.6875,1,20,0.05,0x93c0,0x49e0,1,0,,1,0,20000000,True,True,1000000,1500,2048,"0x2801,0x2802,0x3804,0x4008,0xd010,0x9020,0xf040,0x3080,0xb900,0xea00,0x8c00","0xf07,0x11f4,0x23c7,0x4258,0x8770",dense systematic parity map; seed=3483529925568382885
32,natural,n16_k11_random_systematic_linear_R2_3,32,9604616528702519062,0,5644894991930625670,random_systematic_linear,R2_3,16,11,0.6875,1,20,0.05,0x66b6,0x335e,5,1,,1,1,20000000,True,True,1000000,1500,2048,"0xe001,0xc802,0x4804,0x2808,0x8810,0x8820,0x8840,0xc880,0xe900,0xba00,0x9400","0xbfe,0x1600,0x2309,0x4187,0x87f3",dense systematic parity map; seed=5644894991930625670
33,natural,n16_k11_random_systematic_linear_R2_3,33,6785280317265274417,1,1370888506566975946,random_systematic_linear,R2_3,16,11,0.6875,1,20,0.05,0x501f,0x280f,3,0,,1,0,20000000,True,True,1000000,1500,2048,"0xb001,0x8002,0xc804,0x6008,0xc810,0x3820,0x5040,0x8080,0x6100,0x5200,0x2400","0x834,0x1261,0x2529,0x435c,0x8097",dense systematic parity map; seed=1370888506566975946
34,natural,n16_k11_random_systematic_linear_R2_3,34,10538963577839687750,2,11625355266590740925,random_systematic_linear,R2_3,16,11,0.6875,1,20,0.05,0x55a7,0x2ad7,4,0,,1,0,20000000,True,True,1000000,1500,2048,"0xe801,0x3002,0x1804,0x4808,0xb010,0x5820,0xb040,0xa080,0x900,0x5200,0x6400","0x92d,0x1276,0x24d3,0x4629,0x80d1",dense systematic parity map; seed=11625355266590740925
35,natural,n16_k11_random_systematic_linear_R2_3,35,935393735005545218,3,3483529925568382885,random_systematic_linear,R2_3,16,11,0.6875,1,20,0.05,0x574f,0x3ba7,2,1,,1,1,20000000,True,True,1000000,1500,2048,"0x2801,0x2802,0x3804,0x4008,0xd010,0x9020,0xf040,0x3080,0xb900,0xea00,0x8c00","0xf07,0x11f4,0x23c7,0x4258,0x8770",dense systematic parity map; seed=3483529925568382885
36,natural,n16_k11_random_systematic_linear_R2_3,36,2504073307401807371,0,5644894991930625670,random_systematic_linear,R2_3,16,11,0.6875,1,20,0.05,0xc168,0x4168,14,0,,1,0,20000000,True,True,1000000,1500,2048,"0xe001,0xc802,0x4804,0x2808,0x8810,0x8820,0x8840,0xc880,0xe900,0xba00,0x9400","0xbfe,0x1600,0x2309,0x4187,0x87f3",dense systematic parity map; seed=5644894991930625670
37,natural,n16_k11_random_systematic_linear_R2_3,37,14128857994556545447,1,1370888506566975946,random_systematic_linear,R2_3,16,11,0.6875,1,20,0.05,0xc892,0x6406,9,3,,1,3,20000000,True,True,1000000,1500,2048,"0xb001,0x8002,0xc804,0x6008,0xc810,0x3820,0x5040,0x8080,0x6100,0x5200,0x2400","0x834,0x1261,0x2529,0x435c,0x8097",dense systematic parity map; seed=1370888506566975946
38,natural,n16_k11_random_systematic_linear_R2_3,38,8229484550037291494,2,11625355266590740925,random_systematic_linear,R2_3,16,11,0.6875,1,20,0.05,0xdb6,0x45b6,10,1,,1,1,20000000,True,True,1000000,1500,2048,"0xe801,0x3002,0x1804,0x4808,0xb010,0x5820,0xb040,0xa080,0x900,0x5200,0x6400","0x92d,0x1276,0x24d3,0x4629,0x80d1",dense systematic parity map; seed=11625355266590740925
39,natural,n16_k11_random_systematic_linear_R2_3,39,5789424893985425170,3,3483529925568382885,random_systematic_linear,R2_3,16,11,0.6875,1,20,0.05,0x3422,0x5422,13,1,,1,1,20000000,True,True,1000000,1500,2048,"0x2801,0x2802,0x3804,0x4008,0xd010,0x9020,0xf040,0x3080,0xb900,0xea00,0x8c00","0xf07,0x11f4,0x23c7,0x4258,0x8770",dense systematic parity map; seed=3483529925568382885
40,natural,n16_k11_random_systematic_linear_R2_3,40,5751830127291405795,0,5644894991930625670,random_systematic_linear,R2_3,16,11,0.6875,1,20,0.05,0x3d29,0x1ea9,7,0,,1,0,20000000,True,True,1000000,1500,2048,"0xe001,0xc802,0x4804,0x2808,0x8810,0x8820,0x8840,0xc880,0xe900,0xba00,0x9400","0xbfe,0x1600,0x2309,0x4187,0x87f3",dense systematic parity map; seed=5644894991930625670
41,natural,n16_k11_random_systematic_linear_R2_3,41,18107349321979180547,1,1370888506566975946,random_systematic_linear,R2_3,16,11,0.6875,1,20,0.05,0x62de,0x317e,5,0,,1,0,20000000,True,True,1000000,1500,2048,"0xb001,0x8002,0xc804,0x6008,0xc810,0x3820,0x5040,0x8080,0x6100,0x5200,0x2400","0x834,0x1261,0x2529,0x435c,0x8097",dense systematic parity map; seed=1370888506566975946
42,natural,n16_k11_random_systematic_linear_R2_3,42,7841764969694937150,2,11625355266590740925,random_systematic_linear,R2_3,16,11,0.6875,1,20,0.05,0x8a5,0x8a5,12,0,,1,0,20000000,True,True,1000000,1500,2048,"0xe801,0x3002,0x1804,0x4808,0xb010,0x5820,0xb040,0xa080,0x900,0x5200,0x6400","0x92d,0x1276,0x24d3,0x4629,0x80d1",dense systematic parity map; seed=11625355266590740925
43,natural,n16_k11_random_systematic_linear_R2_3,43,1470712302220704850,3,3483529925568382885,random_systematic_linear,R2_3,16,11,0.6875,1,20,0.05,0x8026,0x4012,2,0,,1,0,20000000,True,True,1000000,1500,2048,"0x2801,0x2802,0x3804,0x4008,0xd010,0x9020,0xf040,0x3080,0xb900,0xea00,0x8c00","0xf07,0x11f4,0x23c7,0x4258,0x8770",dense systematic parity map; seed=3483529925568382885
44,natural,n16_k11_random_systematic_linear_R2_3,44,3680229472219596309,0,5644894991930625670,random_systematic_linear,R2_3,16,11,0.6875,1,20,0.05,0x79d,0x18c,3,3,,1,3,20000000,True,True,1000000,1500,2048,"0xe001,0xc802,0x4804,0x2808,0x8810,0x8820,0x8840,0xc880,0xe900,0xba00,0x9400","0xbfe,0x1600,0x2309,0x4187,0x87f3",dense systematic parity map; seed=5644894991930625670
45,natural,n16_k11_random_systematic_linear_R2_3,45,15097227416754119136,1,1370888506566975946,random_systematic_linear,R2_3,16,11,0.6875,1,20,0.05,0xd355,0x5375,15,1,,1,1,20000000,True,True,1000000,1500,2048,"0xb001,0x8002,0xc804,0x6008,0xc810,0x3820,0x5040,0x8080,0x6100,0x5200,0x2400","0x834,0x1261,0x2529,0x435c,0x8097",dense systematic parity map; seed=1370888506566975946
46,natural,n16_k11_random_systematic_linear_R2_3,46,14193301958052561048,2,11625355266590740925,random_systematic_linear,R2_3,16,11,0.6875,1,20,0.05,0x9266,0x4946,7,1,,1,1,20000000,True,True,1000000,1500,2048,"0xe801,0x3002,0x1804,0x4808,0xb010,0x5820,0xb040,0xa080,0x900,0x5200,0x6400","0x92d,0x1276,0x24d3,0x4629,0x80d1",dense systematic parity map; seed=11625355266590740925
47,natural,n16_k11_random_systematic_linear_R2_3,47,13311268918375145683,3,3483529925568382885,random_systematic_linear,R2_3,16,11,0.6875,1,20,0.05,0xea00,0x7504,0,1,,1,1,20000000,True,True,1000000,1500,2048,"0x2801,0x2802,0x3804,0x4008,0xd010,0x9020,0xf040,0x3080,0xb900,0xea00,0x8c00","0xf07,0x11f4,0x23c7,0x4258,0x8770",dense systematic parity map; seed=3483529925568382885
48,natural,n16_k11_random_systematic_linear_R2_3,48,2366692013793088979,0,5644894991930625670,random_systematic_linear,R2_3,16,11,0.6875,1,20,0.05,0xee7f,0x7677,9,1,,1,1,20000000,True,True,1000000,1500,2048,"0xe001,0xc802,0x4804,0x2808,0x8810,0x8820,0x8840,0xc880,0xe900,0xba00,0x9400","0xbfe,0x1600,0x2309,0x4187,0x87f3",dense systematic parity map; seed=5644894991930625670
49,natural,n16_k11_random_systematic_linear_R2_3,49,9845773840275722747,1,1370888506566975946,random_systematic_linear,R2_3,16,11,0.6875,1,20,0.05,0xd8a8,0x6d58,4,1,,1,1,20000000,True,True,1000000,1500,2048,"0xb001,0x8002,0xc804,0x6008,0xc810,0x3820,0x5040,0x8080,0x6100,0x5200,0x2400","0x834,0x1261,0x2529,0x435c,0x8097",dense systematic parity map; seed=1370888506566975946
50,natural,n16_k11_random_systematic_linear_R2_3,50,6416723884317097272,2,11625355266590740925,random_systematic_linear,R2_3,16,11,0.6875,1,20,0.05,0xd9c7,0x6dc7,10,0,,1,0,20000000,True,True,1000000,1500,2048,"0xe801,0x3002,0x1804,0x4808,0xb010,0x5820,0xb040,0xa080,0x900,0x5200,0x6400","0x92d,0x1276,0x24d3,0x4629,0x80d1",dense systematic parity map; seed=11625355266590740925
51,natural,n16_k11_random_systematic_linear_R2_3,51,5619370234793666378,3,3483529925568382885,random_systematic_linear,R2_3,16,11,0.6875,1,20,0.05,0x43e8,0x21e4,1,1,,1,1,20000000,True,True,1000000,1500,2048,"0x2801,0x2802,0x3804,0x4008,0xd010,0x9020,0xf040,0x3080,0xb900,0xea00,0x8c00","0xf07,0x11f4,0x23c7,0x4258,0x8770",dense systematic parity map; seed=3483529925568382885
52,natural,n16_k11_random_systematic_linear_R2_3,52,440601789502518760,0,5644894991930625670,random_systematic_linear,R2_3,16,11,0.6875,1,20,0.05,0x61a9,0x30a9,11,1,,1,1,20000000,True,True,1000000,1500,2048,"0xe001,0xc802,0x4804,0x2808,0x8810,0x8820,0x8840,0xc880,0xe900,0xba00,0x9400","0xbfe,0x1600,0x2309,0x4187,0x87f3",dense systematic parity map; seed=5644894991930625670
53,natural,n16_k11_random_systematic_linear_R2_3,53,6444301291497463946,1,1370888506566975946,random_systematic_linear,R2_3,16,11,0.6875,1,20,0.05,0xb35d,0x59af,1,0,,1,0,20000000,True,True,1000000,1500,2048,"0xb001,0x8002,0xc804,0x6008,0xc810,0x3820,0x5040,0x8080,0x6100,0x5200,0x2400","0x834,0x1261,0x2529,0x435c,0x8097",dense systematic parity map; seed=1370888506566975946
54,natural,n16_k11_random_systematic_linear_R2_3,54,17033998296383453635,2,11625355266590740925,random_systematic_linear,R2_3,16,11,0.6875,1,20,0.05,0xc22,0x612,3,0,,1,0,20000000,True,True,1000000,1500,2048,"0xe801,0x3002,0x1804,0x4808,0xb010,0x5820,0xb040,0xa080,0x900,0x5200,0x6400","0x92d,0x1276,0x24d3,0x4629,0x80d1",dense systematic parity map; seed=11625355266590740925
55,natural,n16_k11_random_systematic_linear_R2_3,55,16444353243073446957,3,3483529925568382885,random_systematic_linear,R2_3,16,11,0.6875,1,20,0.05,0xa5ce,0x65ce,13,1,,1,1,20000000,True,True,1000000,1500,2048,"0x2801,0x2802,0x3804,0x4008,0xd010,0x9020,0xf040,0x3080,0xb900,0xea00,0x8c00","0xf07,0x11f4,0x23c7,0x4258,0x8770",dense systematic parity map; seed=3483529925568382885
56,natural,n16_k11_random_systematic_linear_R2_3,56,17729768231146686131,0,5644894991930625670,random_systematic_linear,R2_3,16,11,0.6875,1,20,0.05,0x14b4,0xa74,6,0,,1,0,20000000,True,True,1000000,1500,2048,"0xe001,0xc802,0x4804,0x2808,0x8810,0x8820,0x8840,0xc880,0xe900,0xba00,0x9400","0xbfe,0x1600,0x2309,0x4187,0x87f3",dense systematic parity map; seed=5644894991930625670
57,natural,n16_k11_random_systematic_linear_R2_3,57,6028869026611681377,1,1370888506566975946,random_systematic_linear,R2_3,16,11,0.6875,1,20,0.05,0x195a,0xd5a,9,0,,1,0,20000000,True,True,1000000,1500,2048,"0xb001,0x8002,0xc804,0x6008,0xc810,0x3820,0x5040,0x8080,0x6100,0x5200,0x2400","0x834,0x1261,0x2529,0x435c,0x8097",dense systematic parity map; seed=1370888506566975946
58,natural,n16_k11_random_systematic_linear_R2_3,58,13050544159020041023,2,11625355266590740925,random_systematic_linear,R2_3,16,11,0.6875,1,20,0.05,0x8530,0x42b2,7,1,,1,1,20000000,True,True,1000000,1500,2048,"0xe801,0x3002,0x1804,0x4808,0xb010,0x5820,0xb040,0xa080,0x900,0x5200,0x6400","0x92d,0x1276,0x24d3,0x4629,0x80d1",dense systematic parity map; seed=11625355266590740925
59,natural,n16_k11_random_systematic_linear_R2_3,59,47363196487324385,3,3483529925568382885,random_systematic_linear,R2_3,16,11,0.6875,1,20,0.05,0xbd9a,0x7eca,6,2,,1,2,20000000,True,True,1000000,1500,2048,"0x2801,0x2802,0x3804,0x4008,0xd010,0x9020,0xf040,0x3080,0xb900,0xea00,0x8c00","0xf07,0x11f4,0x23c7,0x4258,0x8770",dense systematic parity map; seed=3483529925568382885
60,natural,n16_k11_random_systematic_linear_R2_3,60,7970025236554602532,0,5644894991930625670,random_systematic_linear,R2_3,16,11,0.6875,1,20,0.05,0xd50e,0x640e,12,1,,1,1,20000000,True,True,1000000,1500,2048,"0xe001,0xc802,0x4804,0x2808,0x8810,0x8820,0x8840,0xc880,0xe900,0xba00,0x9400","0xbfe,0x1600,0x2309,0x4187,0x87f3",dense systematic parity map; seed=5644894991930625670
61,natural,n16_k11_random_systematic_linear_R2_3,61,9953312617770589545,1,1370888506566975946,random_systematic_linear,R2_3,16,11,0.6875,1,20,0.05,0xb438,0x521c,2,1,,1,1,20000000,True,True,1000000,1500,2048,"0xb001,0x8002,0xc804,0x6008,0xc810,0x3820,0x5040,0x8080,0x6100,0x5200,0x2400","0x834,0x1261,0x2529,0x435c,0x8097",dense systematic parity map; seed=1370888506566975946
62,natural,n16_k11_random_systematic_linear_R2_3,62,10350801530438237699,2,11625355266590740925,random_systematic_linear,R2_3,16,11,0.6875,1,20,0.05,0xb9f8,0x5cfc,0,0,,1,0,20000000,True,True,1000000,1500,2048,"0xe801,0x3002,0x1804,0x4808,0xb010,0x5820,0xb040,0xa080,0x900,0x5200,0x6400","0x92d,0x1276,0x24d3,0x4629,0x80d1",dense systematic parity map; seed=11625355266590740925
63,natural,n16_k11_random_systematic_linear_R2_3,63,16104676421707929610,3,3483529925568382885,random_systematic_linear,R2_3,16,11,0.6875,1,20,0.05,0x2db9,0x14cd,1,2,,1,2,20000000,True,True,1000000,1500,2048,"0x2801,0x2802,0x3804,0x4008,0xd010,0x9020,0xf040,0x3080,0xb900,0xea00,0x8c00","0xf07,0x11f4,0x23c7,0x4258,0x8770",dense systematic parity map; seed=3483529925568382885
64,natural,n16_k12_random_systematic_linear_R3_4,0,10030766436158136385,0,6353639967348245354,random_systematic_linear,R3_4,16,12,0.75,1,20,0.05,0x5401,0x2401,12,0,,1,0,20000000,True,True,1000000,1500,4096,"0x1001,0xc002,0xe004,0xe008,0x3010,0x3020,0x3040,0x5080,0xb100,0xd200,0x4400,0xe800","0x13f1,0x297c,0x4e8e,0x8b0e",dense systematic parity map; seed=6353639967348245354
65,natural,n16_k12_random_systematic_linear_R3_4,1,11159230633608224824,1,10368385958851496420,random_systematic_linear,R3_4,16,12,0.75,1,20,0.05,0x3687,0x3697,15,1,,1,1,20000000,True,True,1000000,1500,4096,"0x6001,0x7002,0x7004,0x2008,0xb010,0x8020,0x4040,0x5080,0xd100,0x9200,0x9400,0xa800","0x1796,0x281f,0x41c7,0x8f30",dense systematic parity map; seed=10368385958851496420
66,natural,n16_k12_random_systematic_linear_R3_4,2,627333075950586156,2,11435125274047640917,random_systematic_linear,R3_4,16,12,0.75,1,20,0.05,0xebe2,0x75f2,4,0,,1,0,20000000,True,True,1000000,1500,4096,"0x1001,0x2,0xf004,0xb008,0x6010,0x9020,0x5040,0x5080,0x7100,0x5200,0x9400,0x5800","0x1fed,0x211c,0x4bd4,0x842c",dense systematic parity map; seed=11435125274047640917
67,natural,n16_k12_random_systematic_linear_R3_4,3,75492695815007559,3,3064915566546722591,random_systematic_linear,R3_4,16,12,0.75,1,20,0.05,0x4e2f,0x2f17,3,1,,1,1,20000000,True,True,1000000,1500,4096,"0x3001,0xc002,0x9004,0xb008,0xa010,0x3020,0x1040,0x8080,0x5100,0x200,0x9400,0x3800","0x1d6d,0x2839,0x4102,0x849e",dense systematic parity map; seed=3064915566546722591
68,natural,n16_k12_random_systematic_linear_R3_4,4,9755898576234972370,0,6353639967348245354,random_systematic_linear,R3_4,16,12,0.75,1,20,0.05,0x8646,0x4326,4,0,,1,0,20000000,True,True,1000000,1500,4096,"0x1001,0xc002,0xe004,0xe008,0x3010,0x3020,0x3040,0x5080,0xb100,0xd200,0x4400,0xe800","0x13f1,0x297c,0x4e8e,0x8b0e",dense systematic parity map; seed=6353639967348245354
69,natural,n16_k12_random_systematic_linear_R3_4,5,6083688249291996936,1,10368385958851496420,random_systematic_linear,R3_4,16,12,0.75,1,20,0.05,0x9563,0x4ae3,7,0,,1,0,20000000,True,True,1000000,1500,4096,"0x6001,0x7002,0x7004,0x2008,0xb010,0x8020,0x4040,0x5080,0xd100,0x9200,0x9400,0xa800","0x1796,0x281f,0x41c7,0x8f30",dense systematic parity map; seed=10368385958851496420
70,natural,n16_k12_random_systematic_linear_R3_4,6,1863365510623068408,2,11435125274047640917,random_systematic_linear,R3_4,16,12,0.75,1,20,0.05,0x8098,0x288,15,2,,1,2,20000000,True,True,1000000,1500,4096,"0x1001,0x2,0xf004,0xb008,0x6010,0x9020,0x5040,0x5080,0x7100,0x5200,0x9400,0x5800","0x1fed,0x211c,0x4bd4,0x842c",dense systematic parity map; seed=11435125274047640917
71,natural,n16_k12_random_systematic_linear_R3_4,7,7897127250542357339,3,3064915566546722591,random_systematic_linear,R3_4,16,12,0.75,1,20,0.05,0x338e,0x31c7,0,2,,1,2,20000000,True,True,1000000,1500,4096,"0x3001,0xc002,0x9004,0xb008,0xa010,0x3020,0x1040,0x8080,0x5100,0x200,0x9400,0x3800","0x1d6d,0x2839,0x4102,0x849e",dense systematic parity map; seed=3064915566546722591
72,natural,n16_k12_random_systematic_linear_R3_4,8,6120706615517898715,0,6353639967348245354,random_systematic_linear,R3_4,16,12,0.75,1,20,0.05,0x741c,0x3e1c,8,1,,1,1,20000000,True,True,1000000,1500,4096,"0x1001,0xc002,0xe004,0xe008,0x3010,0x3020,0x3040,0x5080,0xb100,0xd200,0x4400,0xe800","0x13f1,0x297c,0x4e8e,0x8b0e",dense systematic parity map; seed=6353639967348245354
73,natural,n16_k12_random_systematic_linear_R3_4,9,13246602107532158853,1,10368385958851496420,random_systematic_linear,R3_4,16,12,0.75,1,20,0.05,0xa061,0x5061,10,0,,1,0,20000000,True,True,1000000,1500,4096,"0x6001,0x7002,0x7004,0x2008,0xb010,0x8020,0x4040,0x5080,0xd100,0x9200,0x9400,0xa800","0x1796,0x281f,0x41c7,0x8f30",dense systematic parity map; seed=10368385958851496420
74,natural,n16_k12_random_systematic_linear_R3_4,10,5330920190988422164,2,11435125274047640917,random_systematic_linear,R3_4,16,12,0.75,1,20,0.05,0x59e5,0x3de5,10,1,,1,1,20000000,True,True,1000000,1500,4096,"0x1001,0x2,0xf004,0xb008,0x6010,0x9020,0x5040,0x5080,0x7100,0x5200,0x9400,0x5800","0x1fed,0x211c,0x4bd4,0x842c",dense systematic parity map; seed=11435125274047640917
75,natural,n16_k12_random_systematic_linear_R3_4,11,2171278276428589288,3,3064915566546722591,random_systematic_linear,R3_4,16,12,0.75,1,20,0.05,0x213e,0x109e,1,0,,1,0,20000000,True,True,1000000,1500,4096,"0x3001,0xc002,0x9004,0xb008,0xa010,0x3020,0x1040,0x8080,0x5100,0x200,0x9400,0x3800","0x1d6d,0x2839,0x4102,0x849e",dense systematic parity map; seed=3064915566546722591
76,natural,n16_k12_random_systematic_linear_R3_4,12,9977238021107329334,0,6353639967348245354,random_systematic_linear,R3_4,16,12,0.75,1,20,0.05,0x743b,0x343b,13,0,,1,0,20000000,True,True,1000000,1500,4096,"0x1001,0xc002,0xe004,0xe008,0x3010,0x3020,0x3040,0x5080,0xb100,0xd200,0x4400,0xe800","0x13f1,0x297c,0x4e8e,0x8b0e",dense systematic parity map; seed=6353639967348245354
77,natural,n16_k12_random_systematic_linear_R3_4,13,4687749477586890015,1,10368385958851496420,random_systematic_linear,R3_4,16,12,0.75,1,20,0.05,0x4d5a,0x25da,10,1,,1,1,20000000,True,True,1000000,1500,4096,"0x6001,0x7002,0x7004,0x2008,0xb010,0x8020,0x4040,0x5080,0xd100,0x9200,0x9400,0xa800","0x1796,0x281f,0x41c7,0x8f30",dense systematic parity map; seed=10368385958851496420
78,natural,n16_k12_random_systematic_linear_R3_4,14,11833693305377247311,2,11435125274047640917,random_systematic_linear,R3_4,16,12,0.75,1,20,0.05,0x4ea1,0x26a3,12,2,,1,2,20000000,True,True,1000000,1500,4096,"0x1001,0x2,0xf004,0xb008,0x6010,0x9020,0x5040,0x5080,0x7100,0x5200,0x9400,0x5800","0x1fed,0x211c,0x4bd4,0x842c",dense systematic parity map; seed=11435125274047640917
79,natural,n16_k12_random_systematic_linear_R3_4,15,13101281199141395526,3,3064915566546722591,random_systematic_linear,R3_4,16,12,0.75,1,20,0.05,0x7aa3,0x3d51,0,0,,1,0,20000000,True,True,1000000,1500,4096,"0x3001,0xc002,0x9004,0xb008,0xa010,0x3020,0x1040,0x8080,0x5100,0x200,0x9400,0x3800","0x1d6d,0x2839,0x4102,0x849e",dense systematic parity map; seed=3064915566546722591
80,natural,n16_k12_random_systematic_linear_R3_4,16,4528803443256077789,0,6353639967348245354,random_systematic_linear,R3_4,16,12,0.75,1,20,0.05,0x1b8e,0x4d8e,7,1,,1,1,20000000,True,True,1000000,1500,4096,"0x1001,0xc002,0xe004,0xe008,0x3010,0x3020,0x3040,0x5080,0xb100,0xd200,0x4400,0xe800","0x13f1,0x297c,0x4e8e,0x8b0e",dense systematic parity map; seed=6353639967348245354
81,natural,n16_k12_random_systematic_linear_R3_4,17,1719024539576675253,1,10368385958851496420,random_systematic_linear,R3_4,16,12,0.75,1,20,0.05,0xedc5,0x76c5,6,0,,1,0,20000000,True,True,1000000,1500,4096,"0x6001,0x7002,0x7004,0x2008,0xb010,0x8020,0x4040,0x5080,0xd100,0x9200,0x9400,0xa800","0x1796,0x281f,0x41c7,0x8f30",dense systematic parity map; seed=10368385958851496420
82,natural,n16_k12_random_systematic_linear_R3_4,18,16448838741329449718,2,11435125274047640917,random_systematic_linear,R3_4,16,12,0.75,1,20,0.05,0xa42b,0x5417,2,2,,1,2,20000000,True,True,1000000,1500,4096,"0x1001,0x2,0xf004,0xb008,0x6010,0x9020,0x5040,0x5080,0x7100,0x5200,0x9400,0x5800","0x1fed,0x211c,0x4bd4,0x842c",dense systematic parity map; seed=11435125274047640917
83,natural,n16_k12_random_systematic_linear_R3_4,19,11880182848256253017,3,3064915566546722591,random_systematic_linear,R3_4,16,12,0.75,1,20,0.05,0xeb44,0x6804,15,3,,1,3,20000000,True,True,1000000,1500,4096,"0x3001,0xc002,0x9004,0xb008,0xa010,0x3020,0x1040,0x8080,0x5100,0x200,0x9400,0x3800","0x1d6d,0x2839,0x4102,0x849e",dense systematic parity map; seed=3064915566546722591
84,natural,n16_k12_random_systematic_linear_R3_4,20,12730407614396143273,0,6353639967348245354,random_systematic_linear,R3_4,16,12,0.75,1,20,0.05,0x181e,0xc0e,4,0,,1,0,20000000,True,True,1000000,1500,4096,"0x1001,0xc002,0xe004,0xe008,0x3010,0x3020,0x3040,0x5080,0xb100,0xd200,0x4400,0xe800","0x13f1,0x297c,0x4e8e,0x8b0e",dense systematic parity map; seed=6353639967348245354
85,natural,n16_k12_random_systematic_linear_R3_4,21,2566712392117948855,1,10368385958851496420,random_systematic_linear,R3_4,16,12,0.75,1,20,0.05,0x453d,0x229d,4,0,,1,0,20000000,True,True,1000000,1500,4096,"0x6001,0x7002,0x7004,0x2008,0xb010,0x8020,0x4040,0x5080,0xd100,0x9200,0x9400,0xa800","0x1796,0x281f,0x41c7,0x8f30",dense systematic parity map; seed=10368385958851496420
86,natural,n16_k12_random_systematic_linear_R3_4,22,14112277684223939936,2,11435125274047640917,random_systematic_linear,R3_4,16,12,0.75,1,20,0.05,0x1eac,0x3fad,9,4,,1,4,20000000,True,True,1000000,1500,4096,"0x1001,0x2,0xf004,0xb008,0x6010,0x9020,0x5040,0x5080,0x7100,0x5200,0x9400,0x5800","0x1fed,0x211c,0x4bd4,0x842c",dense systematic parity map; seed=11435125274047640917
87,natural,n16_k12_random_systematic_linear_R3_4,23,17820903511410174786,3,3064915566546722591,random_systematic_linear,R3_4,16,12,0.75,1,20,0.05,0x527f,0x793f,3,2,,1,2,20000000,True,True,1000000,1500,4096,"0x3001,0xc002,0x9004,0xb008,0xa010,0x3020,0x1040,0x8080,0x5100,0x200,0x9400,0x3800","0x1d6d,0x2839,0x4102,0x849e",dense systematic parity map; seed=3064915566546722591
88,natural,n16_k12_random_systematic_linear_R3_4,24,10950219618924926854,0,6353639967348245354,random_systematic_linear,R3_4,16,12,0.75,1,20,0.05,0xa61c,0x529e,9,2,,1,2,20000000,True,True,1000000,1500,4096,"0x1001,0xc002,0xe004,0xe008,0x3010,0x3020,0x3040,0x5080,0xb100,0xd200,0x4400,0xe800","0x13f1,0x297c,0x4e8e,0x8b0e",dense systematic parity map; seed=6353639967348245354
89,natural,n16_k12_random_systematic_linear_R3_4,25,3951942430137954948,1,10368385958851496420,random_systematic_linear,R3_4,16,12,0.75,1,20,0.05,0xa7c7,0x73e7,4,1,,1,1,20000000,True,True,1000000,1500,4096,"0x6001,0x7002,0x7004,0x2008,0xb010,0x8020,0x4040,0x5080,0xd100,0x9200,0x9400,0xa800","0x1796,0x281f,0x41c7,0x8f30",dense systematic parity map; seed=10368385958851496420
90,natural,n16_k12_random_systematic_linear_R3_4,26,14657345658892353822,2,11435125274047640917,random_systematic_linear,R3_4,16,12,0.75,1,20,0.05,0xb734,0x5b1a,1,1,,1,1,20000000,True,True,1000000,1500,4096,"0x1001,0x2,0xf004,0xb008,0x6010,0x9020,0x5040,0x5080,0x7100,0x5200,0x9400,0x5800","0x1fed,0x211c,0x4bd4,0x842c",dense systematic parity map; seed=11435125274047640917
91,natural,n16_k12_random_systematic_linear_R3_4,27,10779451009294320348,3,3064915566546722591,random_systematic_linear,R3_4,16,12,0.75,1,20,0.05,0x14b4,0xcb4,11,0,,1,0,20000000,True,True,1000000,1500,4096,"0x3001,0xc002,0x9004,0xb008,0xa010,0x3020,0x1040,0x8080,0x5100,0x200,0x9400,0x3800","0x1d6d,0x2839,0x4102,0x849e",dense systematic parity map; seed=3064915566546722591
92,natural,n16_k12_random_systematic_linear_R3_4,28,15722950674334150586,0,6353639967348245354,random_systematic_linear,R3_4,16,12,0.75,1,20,0.05,0x9e04,0x4f44,10,2,,1,2,20000000,True,True,1000000,1500,4096,"0x1001,0xc002,0xe004,0xe008,0x3010,0x3020,0x3040,0x5080,0xb100,0xd200,0x4400,0xe800","0x13f1,0x297c,0x4e8e,0x8b0e",dense systematic parity map; seed=6353639967348245354
93,natural,n16_k12_random_systematic_linear_R3_4,29,10220237463195743429,1,10368385958851496420,random_systematic_linear,R3_4,16,12,0.75,1,20,0.05,0x3768,0x3768,15,0,,1,0,20000000,True,True,1000000,1500,4096,"0x6001,0x7002,0x7004,0x2008,0xb010,0x8020,0x4040,0x5080,0xd100,0x9200,0x9400,0xa800","0x1796,0x281f,0x41c7,0x8f30",dense systematic parity map; seed=10368385958851496420
94,natural,n16_k12_random_systematic_linear_R3_4,30,13251374162311690801,2,11435125274047640917,random_systematic_linear,R3_4,16,12,0.75,1,20,0.05,0xe49e,0x724e,1,0,,1,0,20000000,True,True,1000000,1500,4096,"0x1001,0x2,0xf004,0xb008,0x6010,0x9020,0x5040,0x5080,0x7100,0x5200,0x9400,0x5800","0x1fed,0x211c,0x4bd4,0x842c",dense systematic parity map; seed=11435125274047640917
95,natural,n16_k12_random_systematic_linear_R3_4,31,8497713721251151152,3,3064915566546722591,random_systematic_linear,R3_4,16,12,0.75,1,20,0.05,0x43c9,0x21d9,13,2,,1,2,20000000,True,True,1000000,1500,4096,"0x3001,0xc002,0x9004,0xb008,0xa010,0x3020,0x1040,0x8080,0x5100,0x200,0x9400,0x3800","0x1d6d,0x2839,0x4102,0x849e",dense systematic parity map; seed=3064915566546722591
96,natural,n16_k12_random_systematic_linear_R3_4,32,14564327563936217861,0,6353639967348245354,random_systematic_linear,R3_4,16,12,0.75,1,20,0.05,0x5900,0x6000,2,4,,1,4,20000000,True,True,1000000,1500,4096,"0x1001,0xc002,0xe004,0xe008,0x3010,0x3020,0x3040,0x5080,0xb100,0xd200,0x4400,0xe800","0x13f1,0x297c,0x4e8e,0x8b0e",dense systematic parity map; seed=6353639967348245354
97,natural,n16_k12_random_systematic_linear_R3_4,33,11495567070719825011,1,10368385958851496420,random_systematic_linear,R3_4,16,12,0.75,1,20,0.05,0x8403,0x4203,2,0,,1,0,20000000,True,True,1000000,1500,4096,"0x6001,0x7002,0x7004,0x2008,0xb010,0x8020,0x4040,0x5080,0xd100,0x9200,0x9400,0xa800","0x1796,0x281f,0x41c7,0x8f30",dense systematic parity map; seed=10368385958851496420
98,natural,n16_k12_random_systematic_linear_R3_4,34,8500666596223553847,2,11435125274047640917,random_systematic_linear,R3_4,16,12,0.75,1,20,0.05,0xfe10,0x7e10,15,0,,1,0,20000000,True,True,1000000,1500,4096,"0x1001,0x2,0xf004,0xb008,0x6010,0x9020,0x5040,0x5080,0x7100,0x5200,0x9400,0x5800","0x1fed,0x211c,0x4bd4,0x842c",dense systematic parity map; seed=11435125274047640917
99,natural,n16_k12_random_systematic_linear_R3_4,35,5290168818547325004,3,3064915566546722591,random_systematic_linear,R3_4,16,12,0.75,1,20,0.05,0x8484,0x5244,6,1,,1,1,20000000,True,True,1000000,1500,4096,"0x3001,0xc002,0x9004,0xb008,0xa010,0x3020,0x1040,0x8080,0x5100,0x200,0x9400,0x3800","0x1d6d,0x2839,0x4102,0x849e",dense systematic parity map; seed=3064915566546722591
100,natural,n16_k12_random_systematic_linear_R3_4,36,1754968185860605704,0,6353639967348245354,random_systematic_linear,R3_4,16,12,0.75,1,20,0.05,0xe23b,0x723b,11,0,,1,0,20000000,True,True,1000000,1500,4096,"0x1001,0xc002,0xe004,0xe008,0x3010,0x3020,0x3040,0x5080,0xb100,0xd200,0x4400,0xe800","0x13f1,0x297c,0x4e8e,0x8b0e",dense systematic parity map; seed=6353639967348245354
101,natural,n16_k12_random_systematic_linear_R3_4,37,11057168686722827623,1,10368385958851496420,random_systematic_linear,R3_4,16,12,0.75,1,20,0.05,0xf6da,0x5eda,11,1,,1,1,20000000,True,True,1000000,1500,4096,"0x6001,0x7002,0x7004,0x2008,0xb010,0x8020,0x4040,0x5080,0xd100,0x9200,0x9400,0xa800","0x1796,0x281f,0x41c7,0x8f30",dense systematic parity map; seed=10368385958851496420
102,natural,n16_k12_random_systematic_linear_R3_4,38,5078308727004932244,2,11435125274047640917,random_systematic_linear,R3_4,16,12,0.75,1,20,0.05,0x337a,0x19ba,4,0,,1,0,20000000,True,True,1000000,1500,4096,"0x1001,0x2,0xf004,0xb008,0x6010,0x9020,0x5040,0x5080,0x7100,0x5200,0x9400,0x5800","0x1fed,0x211c,0x4bd4,0x842c",dense systematic parity map; seed=11435125274047640917
103,natural,n16_k12_random_systematic_linear_R3_4,39,2993374054779014624,3,3064915566546722591,random_systematic_linear,R3_4,16,12,0.75,1,20,0.05,0x3a15,0x1a15,13,0,,1,0,20000000,True,True,1000000,1500,4096,"0x3001,0xc002,0x9004,0xb008,0xa010,0x3020,0x1040,0x8080,0x5100,0x200,0x9400,0x3800","0x1d6d,0x2839,0x4102,0x849e",dense systematic parity map; seed=3064915566546722591
104,natural,n16_k12_random_systematic_linear_R3_4,40,1896527119167102526,0,6353639967348245354,random_systematic_linear,R3_4,16,12,0.75,1,20,0.05,0x5e5a,0x2f12,7,2,,1,2,20000000,True,True,1000000,1500,4096,"0x1001,0xc002,0xe004,0xe008,0x3010,0x3020,0x3040,0x5080,0xb100,0xd200,0x4400,0xe800","0x13f1,0x297c,0x4e8e,0x8b0e",dense systematic parity map; seed=6353639967348245354
105,natural,n16_k12_random_systematic_linear_R3_4,41,5852679386647884194,1,10368385958851496420,random_systematic_linear,R3_4,16,12,0.75,1,20,0.05,0x23b0,0x53b0,10,1,,1,1,20000000,True,True,1000000,1500,4096,"0x6001,0x7002,0x7004,0x2008,0xb010,0x8020,0x4040,0x5080,0xd100,0x9200,0x9400,0xa800","0x1796,0x281f,0x41c7,0x8f30",dense systematic parity map; seed=10368385958851496420
106,natural,n16_k12_random_systematic_linear_R3_4,42,13467761298955181505,2,11435125274047640917,random_systematic_linear,R3_4,16,12,0.75,1,20,0.05,0x9a22,0x4f22,7,1,,1,1,20000000,True,True,1000000,1500,4096,"0x1001,0x2,0xf004,0xb008,0x6010,0x9020,0x5040,0x5080,0x7100,0x5200,0x9400,0x5800","0x1fed,0x211c,0x4bd4,0x842c",dense systematic parity map; seed=11435125274047640917
107,natural,n16_k12_random_systematic_linear_R3_4,43,2455110335338900452,3,3064915566546722591,random_systematic_linear,R3_4,16,12,0.75,1,20,0.05,0x51f0,0x28d0,6,1,,1,1,20000000,True,True,1000000,1500,4096,"0x3001,0xc002,0x9004,0xb008,0xa010,0x3020,0x1040,0x8080,0x5100,0x200,0x9400,0x3800","0x1d6d,0x2839,0x4102,0x849e",dense systematic parity map; seed=3064915566546722591
108,natural,n16_k12_random_systematic_linear_R3_4,44,4557657900148399495,0,6353639967348245354,random_systematic_linear,R3_4,16,12,0.75,1,20,0.05,0xec9a,0x6c9a,12,1,,1,1,20000000,True,True,1000000,1500,4096,"0x1001,0xc002,0xe004,0xe008,0x3010,0x3020,0x3040,0x5080,0xb100,0xd200,0x4400,0xe800","0x13f1,0x297c,0x4e8e,0x8b0e",dense systematic parity map; seed=6353639967348245354
109,natural,n16_k12_random_systematic_linear_R3_4,45,3461575490815549214,1,10368385958851496420,random_systematic_linear,R3_4,16,12,0.75,1,20,0.05,0xaca9,0x5655,1,0,,1,0,20000000,True,True,1000000,1500,4096,"0x6001,0x7002,0x7004,0x2008,0xb010,0x8020,0x4040,0x5080,0xd100,0x9200,0x9400,0xa800","0x1796,0x281f,0x41c7,0x8f30",dense systematic parity map; seed=10368385958851496420
110,natural,n16_k12_random_systematic_linear_R3_4,46,13910455082116152286,2,11435125274047640917,random_systematic_linear,R3_4,16,12,0.75,1,20,0.05,0x4eee,0x2777,0,0,,1,0,20000000,True,True,1000000,1500,4096,"0x1001,0x2,0xf004,0xb008,0x6010,0x9020,0x5040,0x5080,0x7100,0x5200,0x9400,0x5800","0x1fed,0x211c,0x4bd4,0x842c",dense systematic parity map; seed=11435125274047640917
111,natural,n16_k12_random_systematic_linear_R3_4,47,14193003825358760792,3,3064915566546722591,random_systematic_linear,R3_4,16,12,0.75,1,20,0.05,0x8c90,0x4648,0,0,,1,0,20000000,True,True,1000000,1500,4096,"0x3001,0xc002,0x9004,0xb008,0xa010,0x3020,0x1040,0x8080,0x5100,0x200,0x9400,0x3800","0x1d6d,0x2839,0x4102,0x849e",dense systematic parity map; seed=3064915566546722591
112,natural,n16_k12_random_systematic_linear_R3_4,48,12233617904213875607,0,6353639967348245354,random_systematic_linear,R3_4,16,12,0.75,1,20,0.05,0x7c5f,0x3e0f,6,1,,1,1,20000000,True,True,1000000,1500,4096,"0x1001,0xc002,0xe004,0xe008,0x3010,0x3020,0x3040,0x5080,0xb100,0xd200,0x4400,0xe800","0x13f1,0x297c,0x4e8e,0x8b0e",dense systematic parity map; seed=6353639967348245354
113,natural,n16_k12_random_systematic_linear_R3_4,49,16454027341512914518,1,10368385958851496420,random_systematic_linear,R3_4,16,12,0.75,1,20,0.05,0xa6a2,0x5350,1,0,,1,0,20000000,True,True,1000000,1500,4096,"0x6001,0x7002,0x7004,0x2008,0xb010,0x8020,0x4040,0x5080,0xd100,0x9200,0x9400,0xa800","0x1796,0x281f,0x41c7,0x8f30",dense systematic parity map; seed=10368385958851496420
114,natural,n16_k12_random_systematic_linear_R3_4,50,14773726821151951302,2,11435125274047640917,random_systematic_linear,R3_4,16,12,0.75,1,20,0.05,0x97de,0x4bee,4,0,,1,0,20000000,True,True,1000000,1500,4096,"0x1001,0x2,0xf004,0xb008,0x6010,0x9020,0x5040,0x5080,0x7100,0x5200,0x9400,0x5800","0x1fed,0x211c,0x4bd4,0x842c",dense systematic parity map; seed=11435125274047640917
115,natural,n16_k12_random_systematic_linear_R3_4,51,15488377453830762822,3,3064915566546722591,random_systematic_linear,R3_4,16,12,0.75,1,20,0.05,0xf0c7,0x7857,7,1,,1,1,20000000,True,True,1000000,1500,4096,"0x3001,0xc002,0x9004,0xb008,0xa010,0x3020,0x1040,0x8080,0x5100,0x200,0x9400,0x3800","0x1d6d,0x2839,0x4102,0x849e",dense systematic parity map; seed=3064915566546722591
116,natural,n16_k12_random_systematic_linear_R3_4,52,15695907439734244243,0,6353639967348245354,random_systematic_linear,R3_4,16,12,0.75,1,20,0.05,0x19f,0x20cf,4,1,,1,1,20000000,True,True,1000000,1500,4096,"0x1001,0xc002,0xe004,0xe008,0x3010,0x3020,0x3040,0x5080,0xb100,0xd200,0x4400,0xe800","0x13f1,0x297c,0x4e8e,0x8b0e",dense systematic parity map; seed=6353639967348245354
117,natural,n16_k12_random_systematic_linear_R3_4,53,12398478315609580701,1,10368385958851496420,random_systematic_linear,R3_4,16,12,0.75,1,20,0.05,0x93d4,0x4bf4,11,1,,1,1,20000000,True,True,1000000,1500,4096,"0x6001,0x7002,0x7004,0x2008,0xb010,0x8020,0x4040,0x5080,0xd100,0x9200,0x9400,0xa800","0x1796,0x281f,0x41c7,0x8f30",dense systematic parity map; seed=10368385958851496420
118,natural,n16_k12_random_systematic_linear_R3_4,54,2555919880642476835,2,11435125274047640917,random_systematic_linear,R3_4,16,12,0.75,1,20,0.05,0xe271,0x5251,11,2,,1,2,20000000,True,True,1000000,1500,4096,"0x1001,0x2,0xf004,0xb008,0x6010,0x9020,0x5040,0x5080,0x7100,0x5200,0x9400,0x5800","0x1fed,0x211c,0x4bd4,0x842c",dense systematic parity map; seed=11435125274047640917
119,natural,n16_k12_random_systematic_linear_R3_4,55,7802152754519970263,3,3064915566546722591,random_systematic_linear,R3_4,16,12,0.75,1,20,0.05,0x1ae,0x8d6,1,1,,1,1,20000000,True,True,1000000,1500,4096,"0x3001,0xc002,0x9004,0xb008,0xa010,0x3020,0x1040,0x8080,0x5100,0x200,0x9400,0x3800","0x1d6d,0x2839,0x4102,0x849e",dense systematic parity map; seed=3064915566546722591
120,natural,n16_k12_random_systematic_linear_R3_4,56,12439065672996371261,0,6353639967348245354,random_systematic_linear,R3_4,16,12,0.75,1,20,0.05,0x440c,0x220c,9,0,,1,0,20000000,True,True,1000000,1500,4096,"0x1001,0xc002,0xe004,0xe008,0x3010,0x3020,0x3040,0x5080,0xb100,0xd200,0x4400,0xe800","0x13f1,0x297c,0x4e8e,0x8b0e",dense systematic parity map; seed=6353639967348245354
121,natural,n16_k12_random_systematic_linear_R3_4,57,17850549375842835156,1,10368385958851496420,random_systematic_linear,R3_4,16,12,0.75,1,20,0.05,0xae8a,0x574a,5,0,,1,0,20000000,True,True,1000000,1500,4096,"0x6001,0x7002,0x7004,0x2008,0xb010,0x8020,0x4040,0x5080,0xd100,0x9200,0x9400,0xa800","0x1796,0x281f,0x41c7,0x8f30",dense systematic parity map; seed=10368385958851496420
122,natural,n16_k12_random_systematic_linear_R3_4,58,1041165112396151131,2,11435125274047640917,random_systematic_linear,R3_4,16,12,0.75,1,20,0.05,0xee27,0x5327,6,2,,1,2,20000000,True,True,1000000,1500,4096,"0x1001,0x2,0xf004,0xb008,0x6010,0x9020,0x5040,0x5080,0x7100,0x5200,0x9400,0x5800","0x1fed,0x211c,0x4bd4,0x842c",dense systematic parity map; seed=11435125274047640917
123,natural,n16_k12_random_systematic_linear_R3_4,59,435441555085304992,3,3064915566546722591,random_systematic_linear,R3_4,16,12,0.75,1,20,0.05,0x6a7f,0x3a7f,12,0,,1,0,20000000,True,True,1000000,1500,4096,"0x3001,0xc002,0x9004,0xb008,0xa010,0x3020,0x1040,0x8080,0x5100,0x200,0x9400,0x3800","0x1d6d,0x2839,0x4102,0x849e",dense systematic parity map; seed=3064915566546722591
124,natural,n16_k12_random_systematic_linear_R3_4,60,8003444825941189161,0,6353639967348245354,random_systematic_linear,R3_4,16,12,0.75,1,20,0.05,0x40ed,0x2075,2,0,,1,0,20000000,True,True,1000000,1500,4096,"0x1001,0xc002,0xe004,0xe008,0x3010,0x3020,0x3040,0x5080,0xb100,0xd200,0x4400,0xe800","0x13f1,0x297c,0x4e8e,0x8b0e",dense systematic parity map; seed=6353639967348245354
125,natural,n16_k12_random_systematic_linear_R3_4,61,10931524942035111491,1,10368385958851496420,random_systematic_linear,R3_4,16,12,0.75,1,20,0.05,0x7761,0x3b61,10,0,,1,0,20000000,True,True,1000000,1500,4096,"0x6001,0x7002,0x7004,0x2008,0xb010,0x8020,0x4040,0x5080,0xd100,0x9200,0x9400,0xa800","0x1796,0x281f,0x41c7,0x8f30",dense systematic parity map; seed=10368385958851496420
126,natural,n16_k12_random_systematic_linear_R3_4,62,2294261216953399204,2,11435125274047640917,random_systematic_linear,R3_4,16,12,0.75,1,20,0.05,0xc171,0x6071,8,0,,1,0,20000000,True,True,1000000,1500,4096,"0x1001,0x2,0xf004,0xb008,0x6010,0x9020,0x5040,0x5080,0x7100,0x5200,0x9400,0x5800","0x1fed,0x211c,0x4bd4,0x842c",dense systematic parity map; seed=11435125274047640917
127,natural,n16_k12_random_systematic_linear_R3_4,63,16804226290152682139,3,3064915566546722591,random_systematic_linear,R3_4,16,12,0.75,1,20,0.05,0xd7fd,0x6bf5,3,1,,1,1,20000000,True,True,1000000,1500,4096,"0x3001,0xc002,0x9004,0xb008,0xa010,0x3020,0x1040,0x8080,0x5100,0x200,0x9400,0x3800","0x1d6d,0x2839,0x4102,0x849e",dense systematic parity map; seed=3064915566546722591
128,natural,n16_k11_crc_defined_linear_R2_3,0,4171449822003031022,0,0,crc_defined_linear,R2_3,16,11,0.6875,1,20,0.05,0x5459,0x2a25,1,1,,1,1,20000000,True,True,1000000,1500,2048,"0x2801,0x5002,0xa004,0x6808,0xd010,0x8820,0x3840,0x7080,0xe100,0xea00,0xfc00","0xe69,0x14d2,0x27cd,0x479a,0x8734",systematic cyclic code from degree-5 polynomial 0x25
129,natural,n16_k11_crc_defined_linear_R2_3,1,8376617859265060278,0,0,crc_defined_linear,R2_3,16,11,0.6875,1,20,0.05,0x2cce,0x6ce,8,1,,1,1,20000000,True,True,1000000,1500,2048,"0x2801,0x5002,0xa004,0x6808,0xd010,0x8820,0x3840,0x7080,0xe100,0xea00,0xfc00","0xe69,0x14d2,0x27cd,0x479a,0x8734",systematic cyclic code from degree-5 polynomial 0x25
130,natural,n16_k11_crc_defined_linear_R2_3,2,13151859625172536591,0,0,crc_defined_linear,R2_3,16,11,0.6875,1,20,0.05,0x252f,0x132f,9,0,,1,0,20000000,True,True,1000000,1500,2048,"0x2801,0x5002,0xa004,0x6808,0xd010,0x8820,0x3840,0x7080,0xe100,0xea00,0xfc00","0xe69,0x14d2,0x27cd,0x479a,0x8734",systematic cyclic code from degree-5 polynomial 0x25
131,natural,n16_k11_crc_defined_linear_R2_3,3,17547151950882333778,0,0,crc_defined_linear,R2_3,16,11,0.6875,1,20,0.05,0xc3d2,0x61e8,1,0,,1,0,20000000,True,True,1000000,1500,2048,"0x2801,0x5002,0xa004,0x6808,0xd010,0x8820,0x3840,0x7080,0xe100,0xea00,0xfc00","0xe69,0x14d2,0x27cd,0x479a,0x8734",systematic cyclic code from degree-5 polynomial 0x25
132,natural,n16_k11_crc_defined_linear_R2_3,4,10150296485496227223,0,0,crc_defined_linear,R2_3,16,11,0.6875,1,20,0.05,0x2fb6,0x2fb6,15,0,,1,0,20000000,True,True,1000000,1500,2048,"0x2801,0x5002,0xa004,0x6808,0xd010,0x8820,0x3840,0x7080,0xe100,0xea00,0xfc00","0xe69,0x14d2,0x27cd,0x479a,0x8734",systematic cyclic code from degree-5 polynomial 0x25
133,natural,n16_k11_crc_defined_linear_R2_3,5,3856176383202473585,0,0,crc_defined_linear,R2_3,16,11,0.6875,1,20,0.05,0x317f,0x1b7b,11,2,,1,2,20000000,True,True,1000000,1500,2048,"0x2801,0x5002,0xa004,0x6808,0xd010,0x8820,0x3840,0x7080,0xe100,0xea00,0xfc00","0xe69,0x14d2,0x27cd,0x479a,0x8734",systematic cyclic code from degree-5 polynomial 0x25
134,natural,n16_k11_crc_defined_linear_R2_3,6,17670298174176567611,0,0,crc_defined_linear,R2_3,16,11,0.6875,1,20,0.05,0x4236,0x2136,8,0,,1,0,20000000,True,True,1000000,1500,2048,"0x2801,0x5002,0xa004,0x6808,0xd010,0x8820,0x3840,0x7080,0xe100,0xea00,0xfc00","0xe69,0x14d2,0x27cd,0x479a,0x8734",systematic cyclic code from degree-5 polynomial 0x25
135,natural,n16_k11_crc_defined_linear_R2_3,7,4854293349532393761,0,0,crc_defined_linear,R2_3,16,11,0.6875,1,20,0.05,0x954f,0x554f,14,0,,1,0,20000000,True,True,1000000,1500,2048,"0x2801,0x5002,0xa004,0x6808,0xd010,0x8820,0x3840,0x7080,0xe100,0xea00,0xfc00","0xe69,0x14d2,0x27cd,0x479a,0x8734",systematic cyclic code from degree-5 polynomial 0x25
136,natural,n16_k11_crc_defined_linear_R2_3,8,1057521055289465459,0,0,crc_defined_linear,R2_3,16,11,0.6875,1,20,0.05,0x4bd7,0x2bd7,14,1,,1,1,20000000,True,True,1000000,1500,2048,"0x2801,0x5002,0xa004,0x6808,0xd010,0x8820,0x3840,0x7080,0xe100,0xea00,0xfc00","0xe69,0x14d2,0x27cd,0x479a,0x8734",systematic cyclic code from degree-5 polynomial 0x25
137,natural,n16_k11_crc_defined_linear_R2_3,9,13719873806473048202,0,0,crc_defined_linear,R2_3,16,11,0.6875,1,20,0.05,0xf34,0x734,9,0,,1,0,20000000,True,True,1000000,1500,2048,"0x2801,0x5002,0xa004,0x6808,0xd010,0x8820,0x3840,0x7080,0xe100,0xea00,0xfc00","0xe69,0x14d2,0x27cd,0x479a,0x8734",systematic cyclic code from degree-5 polynomial 0x25
138,natural,n16_k11_crc_defined_linear_R2_3,10,15293036992530478829,0,0,crc_defined_linear,R2_3,16,11,0.6875,1,20,0.05,0xc08f,0x604f,4,0,,1,0,20000000,True,True,1000000,1500,2048,"0x2801,0x5002,0xa004,0x6808,0xd010,0x8820,0x3840,0x7080,0xe100,0xea00,0xfc00","0xe69,0x14d2,0x27cd,0x479a,0x8734",systematic cyclic code from degree-5 polynomial 0x25
139,natural,n16_k11_crc_defined_linear_R2_3,11,17703817492107319349,0,0,crc_defined_linear,R2_3,16,11,0.6875,1,20,0.05,0x7961,0x3d69,9,1,,1,1,20000000,True,True,1000000,1500,2048,"0x2801,0x5002,0xa004,0x6808,0xd010,0x8820,0x3840,0x7080,0xe100,0xea00,0xfc00","0xe69,0x14d2,0x27cd,0x479a,0x8734",systematic cyclic code from degree-5 polynomial 0x25
140,natural,n16_k11_crc_defined_linear_R2_3,12,6940504184959541974,0,0,crc_defined_linear,R2_3,16,11,0.6875,1,20,0.05,0xfcfb,0x7cfb,12,0,,1,0,20000000,True,True,1000000,1500,2048,"0x2801,0x5002,0xa004,0x6808,0xd010,0x8820,0x3840,0x7080,0xe100,0xea00,0xfc00","0xe69,0x14d2,0x27cd,0x479a,0x8734",systematic cyclic code from degree-5 polynomial 0x25
141,natural,n16_k11_crc_defined_linear_R2_3,13,14607515305846727049,0,0,crc_defined_linear,R2_3,16,11,0.6875,1,20,0.05,0xae8c,0x5e8c,10,1,,1,1,20000000,True,True,1000000,1500,2048,"0x2801,0x5002,0xa004,0x6808,0xd010,0x8820,0x3840,0x7080,0xe100,0xea00,0xfc00","0xe69,0x14d2,0x27cd,0x479a,0x8734",systematic cyclic code from degree-5 polynomial 0x25
142,natural,n16_k11_crc_defined_linear_R2_3,14,14791923848210883782,0,0,crc_defined_linear,R2_3,16,11,0.6875,1,20,0.05,0x5315,0x98a,0,1,,1,1,20000000,True,True,1000000,1500,2048,"0x2801,0x5002,0xa004,0x6808,0xd010,0x8820,0x3840,0x7080,0xe100,0xea00,0xfc00","0xe69,0x14d2,0x27cd,0x479a,0x8734",systematic cyclic code from degree-5 polynomial 0x25
143,natural,n16_k11_crc_defined_linear_R2_3,15,18425208253652197770,0,0,crc_defined_linear,R2_3,16,11,0.6875,1,20,0.05,0xabb5,0x5bb5,12,0,,1,0,20000000,True,True,1000000,1500,2048,"0x2801,0x5002,0xa004,0x6808,0xd010,0x8820,0x3840,0x7080,0xe100,0xea00,0xfc00","0xe69,0x14d2,0x27cd,0x479a,0x8734",systematic cyclic code from degree-5 polynomial 0x25
144,natural,n16_k11_crc_defined_linear_R2_3,16,9480840572738627854,0,0,crc_defined_linear,R2_3,16,11,0.6875,1,20,0.05,0xc224,0x62a4,12,1,,1,1,20000000,True,True,1000000,1500,2048,"0x2801,0x5002,0xa004,0x6808,0xd010,0x8820,0x3840,0x7080,0xe100,0xea00,0xfc00","0xe69,0x14d2,0x27cd,0x479a,0x8734",systematic cyclic code from degree-5 polynomial 0x25
145,natural,n16_k11_crc_defined_linear_R2_3,17,957431074823833411,0,0,crc_defined_linear,R2_3,16,11,0.6875,1,20,0.05,0x466d,0x226d,10,0,,1,0,20000000,True,True,1000000,1500,2048,"0x2801,0x5002,0xa004,0x6808,0xd010,0x8820,0x3840,0x7080,0xe100,0xea00,0xfc00","0xe69,0x14d2,0x27cd,0x479a,0x8734",systematic cyclic code from degree-5 polynomial 0x25
146,natural,n16_k11_crc_defined_linear_R2_3,18,11349412992252243211,0,0,crc_defined_linear,R2_3,16,11,0.6875,1,20,0.05,0x6a12,0x770a,3,2,,1,2,20000000,True,True,1000000,1500,2048,"0x2801,0x5002,0xa004,0x6808,0xd010,0x8820,0x3840,0x7080,0xe100,0xea00,0xfc00","0xe69,0x14d2,0x27cd,0x479a,0x8734",systematic cyclic code from degree-5 polynomial 0x25
147,natural,n16_k11_crc_defined_linear_R2_3,19,2852831251291710314,0,0,crc_defined_linear,R2_3,16,11,0.6875,1,20,0.05,0x3ec,0x1fc,4,0,,1,0,20000000,True,True,1000000,1500,2048,"0x2801,0x5002,0xa004,0x6808,0xd010,0x8820,0x3840,0x7080,0xe100,0xea00,0xfc00","0xe69,0x14d2,0x27cd,0x479a,0x8734",systematic cyclic code from degree-5 polynomial 0x25
148,natural,n16_k11_crc_defined_linear_R2_3,20,14492895266305546621,0,0,crc_defined_linear,R2_3,16,11,0.6875,1,20,0.05,0xf3ea,0x79f8,4,1,,1,1,20000000,True,True,1000000,1500,2048,"0x2801,0x5002,0xa004,0x6808,0xd010,0x8820,0x3840,0x7080,0xe100,0xea00,0xfc00","0xe69,0x14d2,0x27cd,0x479a,0x8734",systematic cyclic code from degree-5 polynomial 0x25
149,natural,n16_k11_crc_defined_linear_R2_3,21,9676167003468807791,0,0,crc_defined_linear,R2_3,16,11,0.6875,1,20,0.05,0xbfe5,0x5ef1,2,1,,1,1,20000000,True,True,1000000,1500,2048,"0x2801,0x5002,0xa004,0x6808,0xd010,0x8820,0x3840,0x7080,0xe100,0xea00,0xfc00","0xe69,0x14d2,0x27cd,0x479a,0x8734",systematic cyclic code from degree-5 polynomial 0x25
150,natural,n16_k11_crc_defined_linear_R2_3,22,14027469325977006992,0,0,crc_defined_linear,R2_3,16,11,0.6875,1,20,0.05,0xfe8e,0x7e8e,10,0,,1,0,20000000,True,True,1000000,1500,2048,"0x2801,0x5002,0xa004,0x6808,0xd010,0x8820,0x3840,0x7080,0xe100,0xea00,0xfc00","0xe69,0x14d2,0x27cd,0x479a,0x8734",systematic cyclic code from degree-5 polynomial 0x25
151,natural,n16_k11_crc_defined_linear_R2_3,23,1566370970325787781,0,0,crc_defined_linear,R2_3,16,11,0.6875,1,20,0.05,0xccc3,0x6743,6,1,,1,1,20000000,True,True,1000000,1500,2048,"0x2801,0x5002,0xa004,0x6808,0xd010,0x8820,0x3840,0x7080,0xe100,0xea00,0xfc00","0xe69,0x14d2,0x27cd,0x479a,0x8734",systematic cyclic code from degree-5 polynomial 0x25
152,natural,n16_k11_crc_defined_linear_R2_3,24,17874506400944170366,0,0,crc_defined_linear,R2_3,16,11,0.6875,1,20,0.05,0xda1d,0x6a15,11,1,,1,1,20000000,True,True,1000000,1500,2048,"0x2801,0x5002,0xa004,0x6808,0xd010,0x8820,0x3840,0x7080,0xe100,0xea00,0xfc00","0xe69,0x14d2,0x27cd,0x479a,0x8734",systematic cyclic code from degree-5 polynomial 0x25
153,natural,n16_k11_crc_defined_linear_R2_3,25,3971421108722198300,0,0,crc_defined_linear,R2_3,16,11,0.6875,1,20,0.05,0x290c,0x1484,3,0,,1,0,20000000,True,True,1000000,1500,2048,"0x2801,0x5002,0xa004,0x6808,0xd010,0x8820,0x3840,0x7080,0xe100,0xea00,0xfc00","0xe69,0x14d2,0x27cd,0x479a,0x8734",systematic cyclic code from degree-5 polynomial 0x25
154,natural,n16_k11_crc_defined_linear_R2_3,26,17062868057029080264,0,0,crc_defined_linear,R2_3,16,11,0.6875,1,20,0.05,0x4936,0x41e,3,2,,1,2,20000000,True,True,1000000,1500,2048,"0x2801,0x5002,0xa004,0x6808,0xd010,0x8820,0x3840,0x7080,0xe100,0xea00,0xfc00","0xe69,0x14d2,0x27cd,0x479a,0x8734",systematic cyclic code from degree-5 polynomial 0x25
155,natural,n16_k11_crc_defined_linear_R2_3,27,17947143663791431834,0,0,crc_defined_linear,R2_3,16,11,0.6875,1,20,0.05,0x62db,0x3169,0,1,,1,1,20000000,True,True,1000000,1500,2048,"0x2801,0x5002,0xa004,0x6808,0xd010,0x8820,0x3840,0x7080,0xe100,0xea00,0xfc00","0xe69,0x14d2,0x27cd,0x479a,0x8734",systematic cyclic code from degree-5 polynomial 0x25
156,natural,n16_k11_crc_defined_linear_R2_3,28,5160361474857632326,0,0,crc_defined_linear,R2_3,16,11,0.6875,1,20,0.05,0x89b9,0x44dd,1,0,,1,0,20000000,True,True,1000000,1500,2048,"0x2801,0x5002,0xa004,0x6808,0xd010,0x8820,0x3840,0x7080,0xe100,0xea00,0xfc00","0xe69,0x14d2,0x27cd,0x479a,0x8734",systematic cyclic code from degree-5 polynomial 0x25
157,natural,n16_k11_crc_defined_linear_R2_3,29,7133200645507534830,0,0,crc_defined_linear,R2_3,16,11,0.6875,1,20,0.05,0xefad,0x77d7,1,0,,1,0,20000000,True,True,1000000,1500,2048,"0x2801,0x5002,0xa004,0x6808,0xd010,0x8820,0x3840,0x7080,0xe100,0xea00,0xfc00","0xe69,0x14d2,0x27cd,0x479a,0x8734",systematic cyclic code from degree-5 polynomial 0x25
158,natural,n16_k11_crc_defined_linear_R2_3,30,14236811808314087285,0,0,crc_defined_linear,R2_3,16,11,0.6875,1,20,0.05,0x7508,0x3a88,6,0,,1,0,20000000,True,True,1000000,1500,2048,"0x2801,0x5002,0xa004,0x6808,0xd010,0x8820,0x3840,0x7080,0xe100,0xea00,0xfc00","0xe69,0x14d2,0x27cd,0x479a,0x8734",systematic cyclic code from degree-5 polynomial 0x25
159,natural,n16_k11_crc_defined_linear_R2_3,31,16426237480445120828,0,0,crc_defined_linear,R2_3,16,11,0.6875,1,20,0.05,0x11fd,0x1afd,2,2,,1,2,20000000,True,True,1000000,1500,2048,"0x2801,0x5002,0xa004,0x6808,0xd010,0x8820,0x3840,0x7080,0xe100,0xea00,0xfc00","0xe69,0x14d2,0x27cd,0x479a,0x8734",systematic cyclic code from degree-5 polynomial 0x25
160,natural,n16_k11_crc_defined_linear_R2_3,32,16550984281960024769,0,0,crc_defined_linear,R2_3,16,11,0.6875,1,20,0.05,0x127e,0x93e,5,0,,1,0,20000000,True,True,1000000,1500,2048,"0x2801,0x5002,0xa004,0x6808,0xd010,0x8820,0x3840,0x7080,0xe100,0xea00,0xfc00","0xe69,0x14d2,0x27cd,0x479a,0x8734",systematic cyclic code from degree-5 polynomial 0x25
161,natural,n16_k11_crc_defined_linear_R2_3,33,2075200455103683399,0,0,crc_defined_linear,R2_3,16,11,0.6875,1,20,0.05,0x8d76,0x44ba,1,1,,1,1,20000000,True,True,1000000,1500,2048,"0x2801,0x5002,0xa004,0x6808,0xd010,0x8820,0x3840,0x7080,0xe100,0xea00,0xfc00","0xe69,0x14d2,0x27cd,0x479a,0x8734",systematic cyclic code from degree-5 polynomial 0x25
162,natural,n16_k11_crc_defined_linear_R2_3,34,14970685788827332512,0,0,crc_defined_linear,R2_3,16,11,0.6875,1,20,0.05,0x7244,0x3944,7,0,,1,0,20000000,True,True,1000000,1500,2048,"0x2801,0x5002,0xa004,0x6808,0xd010,0x8820,0x3840,0x7080,0xe100,0xea00,0xfc00","0xe69,0x14d2,0x27cd,0x479a,0x8734",systematic cyclic code from degree-5 polynomial 0x25
163,natural,n16_k11_crc_defined_linear_R2_3,35,6745124981435832046,0,0,crc_defined_linear,R2_3,16,11,0.6875,1,20,0.05,0x950,0x950,13,0,,1,0,20000000,True,True,1000000,1500,2048,"0x2801,0x5002,0xa004,0x6808,0xd010,0x8820,0x3840,0x7080,0xe100,0xea00,0xfc00","0xe69,0x14d2,0x27cd,0x479a,0x8734",systematic cyclic code from degree-5 polynomial 0x25
164,natural,n16_k11_crc_defined_linear_R2_3,36,9671939135864957124,0,0,crc_defined_linear,R2_3,16,11,0.6875,1,20,0.05,0x7ccc,0x3e64,2,0,,1,0,20000000,True,True,1000000,1500,2048,"0x2801,0x5002,0xa004,0x6808,0xd010,0x8820,0x3840,0x7080,0xe100,0xea00,0xfc00","0xe69,0x14d2,0x27cd,0x479a,0x8734",systematic cyclic code from degree-5 polynomial 0x25
165,natural,n16_k11_crc_defined_linear_R2_3,37,8607179066790944192,0,0,crc_defined_linear,R2_3,16,11,0.6875,1,20,0.05,0x6137,0x2173,14,2,,1,2,20000000,True,True,1000000,1500,2048,"0x2801,0x5002,0xa004,0x6808,0xd010,0x8820,0x3840,0x7080,0xe100,0xea00,0xfc00","0xe69,0x14d2,0x27cd,0x479a,0x8734",systematic cyclic code from degree-5 polynomial 0x25
166,natural,n16_k11_crc_defined_linear_R2_3,38,2128726568198911852,0,0,crc_defined_linear,R2_3,16,11,0.6875,1,20,0.05,0xb48a,0x548a,13,0,,1,0,20000000,True,True,1000000,1500,2048,"0x2801,0x5002,0xa004,0x6808,0xd010,0x8820,0x3840,0x7080,0xe100,0xea00,0xfc00","0xe69,0x14d2,0x27cd,0x479a,0x8734",systematic cyclic code from degree-5 polynomial 0x25
167,natural,n16_k11_crc_defined_linear_R2_3,39,16625347268860856043,0,0,crc_defined_linear,R2_3,16,11,0.6875,1,20,0.05,0x8544,0x42a4,5,0,,1,0,20000000,True,True,1000000,1500,2048,"0x2801,0x5002,0xa004,0x6808,0xd010,0x8820,0x3840,0x7080,0xe100,0xea00,0xfc00","0xe69,0x14d2,0x27cd,0x479a,0x8734",systematic cyclic code from degree-5 polynomial 0x25
168,natural,n16_k11_crc_defined_linear_R2_3,40,15233255453647800831,0,0,crc_defined_linear,R2_3,16,11,0.6875,1,20,0.05,0x236e,0x116e,9,0,,1,0,20000000,True,True,1000000,1500,2048,"0x2801,0x5002,0xa004,0x6808,0xd010,0x8820,0x3840,0x7080,0xe100,0xea00,0xfc00","0xe69,0x14d2,0x27cd,0x479a,0x8734",systematic cyclic code from degree-5 polynomial 0x25
169,natural,n16_k11_crc_defined_linear_R2_3,41,16409383149174086403,0,0,crc_defined_linear,R2_3,16,11,0.6875,1,20,0.05,0x3e6e,0x1f36,2,0,,1,0,20000000,True,True,1000000,1500,2048,"0x2801,0x5002,0xa004,0x6808,0xd010,0x8820,0x3840,0x7080,0xe100,0xea00,0xfc00","0xe69,0x14d2,0x27cd,0x479a,0x8734",systematic cyclic code from degree-5 polynomial 0x25
170,natural,n16_k11_crc_defined_linear_R2_3,42,4319515058346351299,0,0,crc_defined_linear,R2_3,16,11,0.6875,1,20,0.05,0x3bac,0x1dec,6,0,,1,0,20000000,True,True,1000000,1500,2048,"0x2801,0x5002,0xa004,0x6808,0xd010,0x8820,0x3840,0x7080,0xe100,0xea00,0xfc00","0xe69,0x14d2,0x27cd,0x479a,0x8734",systematic cyclic code from degree-5 polynomial 0x25
171,natural,n16_k11_crc_defined_linear_R2_3,43,15212171744773998585,0,0,crc_defined_linear,R2_3,16,11,0.6875,1,20,0.05,0x6614,0x2614,14,0,,1,0,20000000,True,True,1000000,1500,2048,"0x2801,0x5002,0xa004,0x6808,0xd010,0x8820,0x3840,0x7080,0xe100,0xea00,0xfc00","0xe69,0x14d2,0x27cd,0x479a,0x8734",systematic cyclic code from degree-5 polynomial 0x25
172,natural,n16_k11_crc_defined_linear_R2_3,44,6722181742851229145,0,0,crc_defined_linear,R2_3,16,11,0.6875,1,20,0.05,0xe473,0x6463,13,1,,1,1,20000000,True,True,1000000,1500,2048,"0x2801,0x5002,0xa004,0x6808,0xd010,0x8820,0x3840,0x7080,0xe100,0xea00,0xfc00","0xe69,0x14d2,0x27cd,0x479a,0x8734",systematic cyclic code from degree-5 polynomial 0x25
173,natural,n16_k11_crc_defined_linear_R2_3,45,11737342550638128196,0,0,crc_defined_linear,R2_3,16,11,0.6875,1,20,0.05,0x72bf,0x395f,4,0,,1,0,20000000,True,True,1000000,1500,2048,"0x2801,0x5002,0xa004,0x6808,0xd010,0x8820,0x3840,0x7080,0xe100,0xea00,0xfc00","0xe69,0x14d2,0x27cd,0x479a,0x8734",systematic cyclic code from degree-5 polynomial 0x25
174,natural,n16_k11_crc_defined_linear_R2_3,46,17230044907726487639,0,0,crc_defined_linear,R2_3,16,11,0.6875,1,20,0.05,0x7ae2,0x2be2,12,2,,1,2,20000000,True,True,1000000,1500,2048,"0x2801,0x5002,0xa004,0x6808,0xd010,0x8820,0x3840,0x7080,0xe100,0xea00,0xfc00","0xe69,0x14d2,0x27cd,0x479a,0x8734",systematic cyclic code from degree-5 polynomial 0x25
175,natural,n16_k11_crc_defined_linear_R2_3,47,3963343625752455363,0,0,crc_defined_linear,R2_3,16,11,0.6875,1,20,0.05,0x1e83,0xac3,11,2,,1,2,20000000,True,True,1000000,1500,2048,"0x2801,0x5002,0xa004,0x6808,0xd010,0x8820,0x3840,0x7080,0xe100,0xea00,0xfc00","0xe69,0x14d2,0x27cd,0x479a,0x8734",systematic cyclic code from degree-5 polynomial 0x25
176,natural,n16_k11_crc_defined_linear_R2_3,48,1681192143421231398,0,0,crc_defined_linear,R2_3,16,11,0.6875,1,20,0.05,0x4fc6,0x2f46,12,1,,1,1,20000000,True,True,1000000,1500,2048,"0x2801,0x5002,0xa004,0x6808,0xd010,0x8820,0x3840,0x7080,0xe100,0xea00,0xfc00","0xe69,0x14d2,0x27cd,0x479a,0x8734",systematic cyclic code from degree-5 polynomial 0x25
177,natural,n16_k11_crc_defined_linear_R2_3,49,8323569688806486319,0,0,crc_defined_linear,R2_3,16,11,0.6875,1,20,0.05,0x664,0x654,14,2,,1,2,20000000,True,True,1000000,1500,2048,"0x2801,0x5002,0xa004,0x6808,0xd010,0x8820,0x3840,0x7080,0xe100,0xea00,0xfc00","0xe69,0x14d2,0x27cd,0x479a,0x8734",systematic cyclic code from degree-5 polynomial 0x25
178,natural,n16_k11_crc_defined_linear_R2_3,50,13131765936980454404,0,0,crc_defined_linear,R2_3,16,11,0.6875,1,20,0.05,0xe9ec,0x78bc,7,4,,1,4,20000000,True,True,1000000,1500,2048,"0x2801,0x5002,0xa004,0x6808,0xd010,0x8820,0x3840,0x7080,0xe100,0xea00,0xfc00","0xe69,0x14d2,0x27cd,0x479a,0x8734",systematic cyclic code from degree-5 polynomial 0x25
179,natural,n16_k11_crc_defined_linear_R2_3,51,942142570395601337,0,0,crc_defined_linear,R2_3,16,11,0.6875,1,20,0.05,0xce68,0x6e68,13,0,,1,0,20000000,True,True,1000000,1500,2048,"0x2801,0x5002,0xa004,0x6808,0xd010,0x8820,0x3840,0x7080,0xe100,0xea00,0xfc00","0xe69,0x14d2,0x27cd,0x479a,0x8734",systematic cyclic code from degree-5 polynomial 0x25
180,natural,n16_k11_crc_defined_linear_R2_3,52,16517531722363225438,0,0,crc_defined_linear,R2_3,16,11,0.6875,1,20,0.05,0xcbe0,0x65e2,6,1,,1,1,20000000,True,True,1000000,1500,2048,"0x2801,0x5002,0xa004,0x6808,0xd010,0x8820,0x3840,0x7080,0xe100,0xea00,0xfc00","0xe69,0x14d2,0x27cd,0x479a,0x8734",systematic cyclic code from degree-5 polynomial 0x25
181,natural,n16_k11_crc_defined_linear_R2_3,53,6645201021188144877,0,0,crc_defined_linear,R2_3,16,11,0.6875,1,20,0.05,0x98f5,0x4cf5,10,0,,1,0,20000000,True,True,1000000,1500,2048,"0x2801,0x5002,0xa004,0x6808,0xd010,0x8820,0x3840,0x7080,0xe100,0xea00,0xfc00","0xe69,0x14d2,0x27cd,0x479a,0x8734",systematic cyclic code from degree-5 polynomial 0x25
182,natural,n16_k11_crc_defined_linear_R2_3,54,17810201454378951705,0,0,crc_defined_linear,R2_3,16,11,0.6875,1,20,0.05,0xf432,0x7a19,1,1,,1,1,20000000,True,True,1000000,1500,2048,"0x2801,0x5002,0xa004,0x6808,0xd010,0x8820,0x3840,0x7080,0xe100,0xea00,0xfc00","0xe69,0x14d2,0x27cd,0x479a,0x8734",systematic cyclic code from degree-5 polynomial 0x25
183,natural,n16_k11_crc_defined_linear_R2_3,55,4909534672102295672,0,0,crc_defined_linear,R2_3,16,11,0.6875,1,20,0.05,0x4936,0x2136,12,1,,1,1,20000000,True,True,1000000,1500,2048,"0x2801,0x5002,0xa004,0x6808,0xd010,0x8820,0x3840,0x7080,0xe100,0xea00,0xfc00","0xe69,0x14d2,0x27cd,0x479a,0x8734",systematic cyclic code from degree-5 polynomial 0x25
184,natural,n16_k11_crc_defined_linear_R2_3,56,5638688182753543263,0,0,crc_defined_linear,R2_3,16,11,0.6875,1,20,0.05,0x30ac,0x182c,7,0,,1,0,20000000,True,True,1000000,1500,2048,"0x2801,0x5002,0xa004,0x6808,0xd010,0x8820,0x3840,0x7080,0xe100,0xea00,0xfc00","0xe69,0x14d2,0x27cd,0x479a,0x8734",systematic cyclic code from degree-5 polynomial 0x25
185,natural,n16_k11_crc_defined_linear_R2_3,57,6260172654176056638,0,0,crc_defined_linear,R2_3,16,11,0.6875,1,20,0.05,0xced9,0x66d9,11,0,,1,0,20000000,True,True,1000000,1500,2048,"0x2801,0x5002,0xa004,0x6808,0xd010,0x8820,0x3840,0x7080,0xe100,0xea00,0xfc00","0xe69,0x14d2,0x27cd,0x479a,0x8734",systematic cyclic code from degree-5 polynomial 0x25
186,natural,n16_k11_crc_defined_linear_R2_3,58,5686254846160190257,0,0,crc_defined_linear,R2_3,16,11,0.6875,1,20,0.05,0x3c9,0x4165,2,2,,1,2,20000000,True,True,1000000,1500,2048,"0x2801,0x5002,0xa004,0x6808,0xd010,0x8820,0x3840,0x7080,0xe100,0xea00,0xfc00","0xe69,0x14d2,0x27cd,0x479a,0x8734",systematic cyclic code from degree-5 polynomial 0x25
187,natural,n16_k11_crc_defined_linear_R2_3,59,14812740026602676117,0,0,crc_defined_linear,R2_3,16,11,0.6875,1,20,0.05,0x76c1,0x3b61,3,0,,1,0,20000000,True,True,1000000,1500,2048,"0x2801,0x5002,0xa004,0x6808,0xd010,0x8820,0x3840,0x7080,0xe100,0xea00,0xfc00","0xe69,0x14d2,0x27cd,0x479a,0x8734",systematic cyclic code from degree-5 polynomial 0x25
188,natural,n16_k11_crc_defined_linear_R2_3,60,2402822754082039325,0,0,crc_defined_linear,R2_3,16,11,0.6875,1,20,0.05,0xea6f,0x7535,1,1,,1,1,20000000,True,True,1000000,1500,2048,"0x2801,0x5002,0xa004,0x6808,0xd010,0x8820,0x3840,0x7080,0xe100,0xea00,0xfc00","0xe69,0x14d2,0x27cd,0x479a,0x8734",systematic cyclic code from degree-5 polynomial 0x25
189,natural,n16_k11_crc_defined_linear_R2_3,61,16787932636009558595,0,0,crc_defined_linear,R2_3,16,11,0.6875,1,20,0.05,0xd22f,0x292f,7,1,,1,1,20000000,True,True,1000000,1500,2048,"0x2801,0x5002,0xa004,0x6808,0xd010,0x8820,0x3840,0x7080,0xe100,0xea00,0xfc00","0xe69,0x14d2,0x27cd,0x479a,0x8734",systematic cyclic code from degree-5 polynomial 0x25
190,natural,n16_k11_crc_defined_linear_R2_3,62,16518994039690786070,0,0,crc_defined_linear,R2_3,16,11,0.6875,1,20,0.05,0xc2df,0x616f,3,0,,1,0,20000000,True,True,1000000,1500,2048,"0x2801,0x5002,0xa004,0x6808,0xd010,0x8820,0x3840,0x7080,0xe100,0xea00,0xfc00","0xe69,0x14d2,0x27cd,0x479a,0x8734",systematic cyclic code from degree-5 polynomial 0x25
191,natural,n16_k11_crc_defined_linear_R2_3,63,1227178199490624422,0,0,crc_defined_linear,R2_3,16,11,0.6875,1,20,0.05,0x75d6,0x3ad6,8,0,,1,0,20000000,True,True,1000000,1500,2048,"0x2801,0x5002,0xa004,0x6808,0xd010,0x8820,0x3840,0x7080,0xe100,0xea00,0xfc00","0xe69,0x14d2,0x27cd,0x479a,0x8734",systematic cyclic code from degree-5 polynomial 0x25
192,natural,n16_k12_crc_defined_linear_R3_4,0,8562978698504138415,0,0,crc_defined_linear,R3_4,16,12,0.75,1,20,0.05,0x1d1,0x1e9,3,1,,1,1,20000000,True,True,1000000,1500,4096,"0x3001,0x6002,0xc004,0xb008,0x5010,0xa020,0x7040,0xe080,0xf100,0xd200,0x9400,0x1800","0x1f59,0x21eb,0x43d6,0x87ac",systematic cyclic code from degree-4 polynomial 0x13
193,natural,n16_k12_crc_defined_linear_R3_4,1,14846247810682880073,0,0,crc_defined_linear,R3_4,16,12,0.75,1,20,0.05,0xf91d,0x791d,15,0,,1,0,20000000,True,True,1000000,1500,4096,"0x3001,0x6002,0xc004,0xb008,0x5010,0xa020,0x7040,0xe080,0xf100,0xd200,0x9400,0x1800","0x1f59,0x21eb,0x43d6,0x87ac",systematic cyclic code from degree-4 polynomial 0x13
194,natural,n16_k12_crc_defined_linear_R3_4,2,1764582965130395105,0,0,crc_defined_linear,R3_4,16,12,0.75,1,20,0.05,0x734f,0x6347,15,2,,1,2,20000000,True,True,1000000,1500,4096,"0x3001,0x6002,0xc004,0xb008,0x5010,0xa020,0x7040,0xe080,0xf100,0xd200,0x9400,0x1800","0x1f59,0x21eb,0x43d6,0x87ac",systematic cyclic code from degree-4 polynomial 0x13
195,natural,n16_k12_crc_defined_linear_R3_4,3,7785482121312398007,0,0,crc_defined_linear,R3_4,16,12,0.75,1,20,0.05,0x32ea,0x19ea,8,0,,1,0,20000000,True,True,1000000,1500,4096,"0x3001,0x6002,0xc004,0xb008,0x5010,0xa020,0x7040,0xe080,0xf100,0xd200,0x9400,0x1800","0x1f59,0x21eb,0x43d6,0x87ac",systematic cyclic code from degree-4 polynomial 0x13
196,natural,n16_k12_crc_defined_linear_R3_4,4,12004880363840743325,0,0,crc_defined_linear,R3_4,16,12,0.75,1,20,0.05,0x9ee5,0xf67,5,2,,1,2,20000000,True,True,1000000,1500,4096,"0x3001,0x6002,0xc004,0xb008,0x5010,0xa020,0x7040,0xe080,0xf100,0xd200,0x9400,0x1800","0x1f59,0x21eb,0x43d6,0x87ac",systematic cyclic code from degree-4 polynomial 0x13
197,natural,n16_k12_crc_defined_linear_R3_4,5,14662300199834436377,0,0,crc_defined_linear,R3_4,16,12,0.75,1,20,0.05,0x737a,0x39bf,2,1,,1,1,20000000,True,True,1000000,1500,4096,"0x3001,0x6002,0xc004,0xb008,0x5010,0xa020,0x7040,0xe080,0xf100,0xd200,0x9400,0x1800","0x1f59,0x21eb,0x43d6,0x87ac",systematic cyclic code from degree-4 polynomial 0x13
198,natural,n16_k12_crc_defined_linear_R3_4,6,609553901015889044,0,0,crc_defined_linear,R3_4,16,12,0.75,1,20,0.05,0x440a,0x240a,12,0,,1,0,20000000,True,True,1000000,1500,4096,"0x3001,0x6002,0xc004,0xb008,0x5010,0xa020,0x7040,0xe080,0xf100,0xd200,0x9400,0x1800","0x1f59,0x21eb,0x43d6,0x87ac",systematic cyclic code from degree-4 polynomial 0x13
199,natural,n16_k12_crc_defined_linear_R3_4,7,4191170895853499406,0,0,crc_defined_linear,R3_4,16,12,0.75,1,20,0.05,0x4eef,0xeef,14,0,,1,0,20000000,True,True,1000000,1500,4096,"0x3001,0x6002,0xc004,0xb008,0x5010,0xa020,0x7040,0xe080,0xf100,0xd200,0x9400,0x1800","0x1f59,0x21eb,0x43d6,0x87ac",systematic cyclic code from degree-4 polynomial 0x13
200,natural,n16_k12_crc_defined_linear_R3_4,8,11080970214349902250,0,0,crc_defined_linear,R3_4,16,12,0.75,1,20,0.05,0x4207,0x2903,0,1,,1,1,20000000,True,True,1000000,1500,4096,"0x3001,0x6002,0xc004,0xb008,0x5010,0xa020,0x7040,0xe080,0xf100,0xd200,0x9400,0x1800","0x1f59,0x21eb,0x43d6,0x87ac",systematic cyclic code from degree-4 polynomial 0x13
201,natural,n16_k12_crc_defined_linear_R3_4,9,15715080244220815706,0,0,crc_defined_linear,R3_4,16,12,0.75,1,20,0.05,0x413d,0x2179,10,2,,1,2,20000000,True,True,1000000,1500,4096,"0x3001,0x6002,0xc004,0xb008,0x5010,0xa020,0x7040,0xe080,0xf100,0xd200,0x9400,0x1800","0x1f59,0x21eb,0x43d6,0x87ac",systematic cyclic code from degree-4 polynomial 0x13
202,natural,n16_k12_crc_defined_linear_R3_4,10,3753523223079385368,0,0,crc_defined_linear,R3_4,16,12,0.75,1,20,0.05,0xff25,0x7f25,15,0,,1,0,20000000,True,True,1000000,1500,4096,"0x3001,0x6002,0xc004,0xb008,0x5010,0xa020,0x7040,0xe080,0xf100,0xd200,0x9400,0x1800","0x1f59,0x21eb,0x43d6,0x87ac",systematic cyclic code from degree-4 polynomial 0x13
203,natural,n16_k12_crc_defined_linear_R3_4,11,14148006451442759274,0,0,crc_defined_linear,R3_4,16,12,0.75,1,20,0.05,0xad19,0x5689,4,0,,1,0,20000000,True,True,1000000,1500,4096,"0x3001,0x6002,0xc004,0xb008,0x5010,0xa020,0x7040,0xe080,0xf100,0xd200,0x9400,0x1800","0x1f59,0x21eb,0x43d6,0x87ac",systematic cyclic code from degree-4 polynomial 0x13
204,natural,n16_k12_crc_defined_linear_R3_4,12,14366645971789666370,0,0,crc_defined_linear,R3_4,16,12,0.75,1,20,0.05,0xb6b,0x45b7,2,1,,1,1,20000000,True,True,1000000,1500,4096,"0x3001,0x6002,0xc004,0xb008,0x5010,0xa020,0x7040,0xe080,0xf100,0xd200,0x9400,0x1800","0x1f59,0x21eb,0x43d6,0x87ac",systematic cyclic code from degree-4 polynomial 0x13
205,natural,n16_k12_crc_defined_linear_R3_4,13,18321378552998613256,0,0,crc_defined_linear,R3_4,16,12,0.75,1,20,0.05,0x9400,0x4a00,4,0,,1,0,20000000,True,True,1000000,1500,4096,"0x3001,0x6002,0xc004,0xb008,0x5010,0xa020,0x7040,0xe080,0xf100,0xd200,0x9400,0x1800","0x1f59,0x21eb,0x43d6,0x87ac",systematic cyclic code from degree-4 polynomial 0x13
206,natural,n16_k12_crc_defined_linear_R3_4,14,1321346328750278752,0,0,crc_defined_linear,R3_4,16,12,0.75,1,20,0.05,0x5b9a,0x2a1a,11,2,,1,2,20000000,True,True,1000000,1500,4096,"0x3001,0x6002,0xc004,0xb008,0x5010,0xa020,0x7040,0xe080,0xf100,0xd200,0x9400,0x1800","0x1f59,0x21eb,0x43d6,0x87ac",systematic cyclic code from degree-4 polynomial 0x13
207,natural,n16_k12_crc_defined_linear_R3_4,15,6884572197088374319,0,0,crc_defined_linear,R3_4,16,12,0.75,1,20,0.05,0xd298,0x7219,13,2,,1,2,20000000,True,True,1000000,1500,4096,"0x3001,0x6002,0xc004,0xb008,0x5010,0xa020,0x7040,0xe080,0xf100,0xd200,0x9400,0x1800","0x1f59,0x21eb,0x43d6,0x87ac",systematic cyclic code from degree-4 polynomial 0x13
208,natural,n16_k12_crc_defined_linear_R3_4,16,15096602650414012761,0,0,crc_defined_linear,R3_4,16,12,0.75,1,20,0.05,0xf023,0x7003,5,1,,1,1,20000000,True,True,1000000,1500,4096,"0x3001,0x6002,0xc004,0xb008,0x5010,0xa020,0x7040,0xe080,0xf100,0xd200,0x9400,0x1800","0x1f59,0x21eb,0x43d6,0x87ac",systematic cyclic code from degree-4 polynomial 0x13
209,natural,n16_k12_crc_defined_linear_R3_4,17,12430696608979631228,0,0,crc_defined_linear,R3_4,16,12,0.75,1,20,0.05,0xbaed,0x5d77,1,0,,1,0,20000000,True,True,1000000,1500,4096,"0x3001,0x6002,0xc004,0xb008,0x5010,0xa020,0x7040,0xe080,0xf100,0xd200,0x9400,0x1800","0x1f59,0x21eb,0x43d6,0x87ac",systematic cyclic code from degree-4 polynomial 0x13
210,natural,n16_k12_crc_defined_linear_R3_4,18,18164713573930519635,0,0,crc_defined_linear,R3_4,16,12,0.75,1,20,0.05,0xafc7,0x57e3,1,0,,1,0,20000000,True,True,1000000,1500,4096,"0x3001,0x6002,0xc004,0xb008,0x5010,0xa020,0x7040,0xe080,0xf100,0xd200,0x9400,0x1800","0x1f59,0x21eb,0x43d6,0x87ac",systematic cyclic code from degree-4 polynomial 0x13
211,natural,n16_k12_crc_defined_linear_R3_4,19,16447884674421931036,0,0,crc_defined_linear,R3_4,16,12,0.75,1,20,0.05,0x2f91,0x13d1,6,1,,1,1,20000000,True,True,1000000,1500,4096,"0x3001,0x6002,0xc004,0xb008,0x5010,0xa020,0x7040,0xe080,0xf100,0xd200,0x9400,0x1800","0x1f59,0x21eb,0x43d6,0x87ac",systematic cyclic code from degree-4 polynomial 0x13
212,natural,n16_k12_crc_defined_linear_R3_4,20,17523391981982855023,0,0,crc_defined_linear,R3_4,16,12,0.75,1,20,0.05,0xc520,0x6290,3,0,,1,0,20000000,True,True,1000000,1500,4096,"0x3001,0x6002,0xc004,0xb008,0x5010,0xa020,0x7040,0xe080,0xf100,0xd200,0x9400,0x1800","0x1f59,0x21eb,0x43d6,0x87ac",systematic cyclic code from degree-4 polynomial 0x13
213,natural,n16_k12_crc_defined_linear_R3_4,21,16794067806116764416,0,0,crc_defined_linear,R3_4,16,12,0.75,1,20,0.05,0x3829,0x1829,12,0,,1,0,20000000,True,True,1000000,1500,4096,"0x3001,0x6002,0xc004,0xb008,0x5010,0xa020,0x7040,0xe080,0xf100,0xd200,0x9400,0x1800","0x1f59,0x21eb,0x43d6,0x87ac",systematic cyclic code from degree-4 polynomial 0x13
214,natural,n16_k12_crc_defined_linear_R3_4,22,10435697719426056514,0,0,crc_defined_linear,R3_4,16,12,0.75,1,20,0.05,0xbd48,0x7d48,14,0,,1,0,20000000,True,True,1000000,1500,4096,"0x3001,0x6002,0xc004,0xb008,0x5010,0xa020,0x7040,0xe080,0xf100,0xd200,0x9400,0x1800","0x1f59,0x21eb,0x43d6,0x87ac",systematic cyclic code from degree-4 polynomial 0x13
215,natural,n16_k12_crc_defined_linear_R3_4,23,11220394178339285240,0,0,crc_defined_linear,R3_4,16,12,0.75,1,20,0.05,0xd571,0x3571,13,1,,1,1,20000000,True,True,1000000,1500,4096,"0x3001,0x6002,0xc004,0xb008,0x5010,0xa020,0x7040,0xe080,0xf100,0xd200,0x9400,0x1800","0x1f59,0x21eb,0x43d6,0x87ac",systematic cyclic code from degree-4 polynomial 0x13
216,natural,n16_k12_crc_defined_linear_R3_4,24,14071758110157893226,0,0,crc_defined_linear,R3_4,16,12,0.75,1,20,0.05,0x5b11,0x5b11,15,0,,1,0,20000000,True,True,1000000,1500,4096,"0x3001,0x6002,0xc004,0xb008,0x5010,0xa020,0x7040,0xe080,0xf100,0xd200,0x9400,0x1800","0x1f59,0x21eb,0x43d6,0x87ac",systematic cyclic code from degree-4 polynomial 0x13
217,natural,n16_k12_crc_defined_linear_R3_4,25,3077412203275302752,0,0,crc_defined_linear,R3_4,16,12,0.75,1,20,0.05,0xb65a,0x445a,13,2,,1,2,20000000,True,True,1000000,1500,4096,"0x3001,0x6002,0xc004,0xb008,0x5010,0xa020,0x7040,0xe080,0xf100,0xd200,0x9400,0x1800","0x1f59,0x21eb,0x43d6,0x87ac",systematic cyclic code from degree-4 polynomial 0x13
218,natural,n16_k12_crc_defined_linear_R3_4,26,14123701537778063289,0,0,crc_defined_linear,R3_4,16,12,0.75,1,20,0.05,0xf0d1,0x7868,0,0,,1,0,20000000,True,True,1000000,1500,4096,"0x3001,0x6002,0xc004,0xb008,0x5010,0xa020,0x7040,0xe080,0xf100,0xd200,0x9400,0x1800","0x1f59,0x21eb,0x43d6,0x87ac",systematic cyclic code from degree-4 polynomial 0x13
219,natural,n16_k12_crc_defined_linear_R3_4,27,18060148699949086919,0,0,crc_defined_linear,R3_4,16,12,0.75,1,20,0.05,0x9362,0x4962,8,0,,1,0,20000000,True,True,1000000,1500,4096,"0x3001,0x6002,0xc004,0xb008,0x5010,0xa020,0x7040,0xe080,0xf100,0xd200,0x9400,0x1800","0x1f59,0x21eb,0x43d6,0x87ac",systematic cyclic code from degree-4 polynomial 0x13
220,natural,n16_k12_crc_defined_linear_R3_4,28,140610298543523619,0,0,crc_defined_linear,R3_4,16,12,0.75,1,20,0.05,0x11b5,0x9b5,11,0,,1,0,20000000,True,True,1000000,1500,4096,"0x3001,0x6002,0xc004,0xb008,0x5010,0xa020,0x7040,0xe080,0xf100,0xd200,0x9400,0x1800","0x1f59,0x21eb,0x43d6,0x87ac",systematic cyclic code from degree-4 polynomial 0x13
221,natural,n16_k12_crc_defined_linear_R3_4,29,9660147265339717287,0,0,crc_defined_linear,R3_4,16,12,0.75,1,20,0.05,0xfc39,0x7c39,11,0,,1,0,20000000,True,True,1000000,1500,4096,"0x3001,0x6002,0xc004,0xb008,0x5010,0xa020,0x7040,0xe080,0xf100,0xd200,0x9400,0x1800","0x1f59,0x21eb,0x43d6,0x87ac",systematic cyclic code from degree-4 polynomial 0x13
222,natural,n16_k12_crc_defined_linear_R3_4,30,3985122891049052683,0,0,crc_defined_linear,R3_4,16,12,0.75,1,20,0.05,0x630d,0x230d,13,0,,1,0,20000000,True,True,1000000,1500,4096,"0x3001,0x6002,0xc004,0xb008,0x5010,0xa020,0x7040,0xe080,0xf100,0xd200,0x9400,0x1800","0x1f59,0x21eb,0x43d6,0x87ac",systematic cyclic code from degree-4 polynomial 0x13
223,natural,n16_k12_crc_defined_linear_R3_4,31,16084698670592293754,0,0,crc_defined_linear,R3_4,16,12,0.75,1,20,0.05,0x655f,0x315f,10,0,,1,0,20000000,True,True,1000000,1500,4096,"0x3001,0x6002,0xc004,0xb008,0x5010,0xa020,0x7040,0xe080,0xf100,0xd200,0x9400,0x1800","0x1f59,0x21eb,0x43d6,0x87ac",systematic cyclic code from degree-4 polynomial 0x13
224,natural,n16_k12_crc_defined_linear_R3_4,32,2075449522939369697,0,0,crc_defined_linear,R3_4,16,12,0.75,1,20,0.05,0xa4d5,0x526a,0,0,,1,0,20000000,True,True,1000000,1500,4096,"0x3001,0x6002,0xc004,0xb008,0x5010,0xa020,0x7040,0xe080,0xf100,0xd200,0x9400,0x1800","0x1f59,0x21eb,0x43d6,0x87ac",systematic cyclic code from degree-4 polynomial 0x13
225,natural,n16_k12_crc_defined_linear_R3_4,33,14824580967543455161,0,0,crc_defined_linear,R3_4,16,12,0.75,1,20,0.05,0xb4ee,0x52ee,9,1,,1,1,20000000,True,True,1000000,1500,4096,"0x3001,0x6002,0xc004,0xb008,0x5010,0xa020,0x7040,0xe080,0xf100,0xd200,0x9400,0x1800","0x1f59,0x21eb,0x43d6,0x87ac",systematic cyclic code from degree-4 polynomial 0x13
226,natural,n16_k12_crc_defined_linear_R3_4,34,2201623273830447757,0,0,crc_defined_linear,R3_4,16,12,0.75,1,20,0.05,0x393f,0x593f,11,1,,1,1,20000000,True,True,1000000,1500,4096,"0x3001,0x6002,0xc004,0xb008,0x5010,0xa020,0x7040,0xe080,0xf100,0xd200,0x9400,0x1800","0x1f59,0x21eb,0x43d6,0x87ac",systematic cyclic code from degree-4 polynomial 0x13
227,natural,n16_k12_crc_defined_linear_R3_4,35,10967532535729399226,0,0,crc_defined_linear,R3_4,16,12,0.75,1,20,0.05,0x5780,0x2bc0,5,0,,1,0,20000000,True,True,1000000,1500,4096,"0x3001,0x6002,0xc004,0xb008,0x5010,0xa020,0x7040,0xe080,0xf100,0xd200,0x9400,0x1800","0x1f59,0x21eb,0x43d6,0x87ac",systematic cyclic code from degree-4 polynomial 0x13
228,natural,n16_k12_crc_defined_linear_R3_4,36,15374650438407090004,0,0,crc_defined_linear,R3_4,16,12,0.75,1,20,0.05,0xfaac,0x5dac,8,1,,1,1,20000000,True,True,1000000,1500,4096,"0x3001,0x6002,0xc004,0xb008,0x5010,0xa020,0x7040,0xe080,0xf100,0xd200,0x9400,0x1800","0x1f59,0x21eb,0x43d6,0x87ac",systematic cyclic code from degree-4 polynomial 0x13
229,natural,n16_k12_crc_defined_linear_R3_4,37,8819849541808299152,0,0,crc_defined_linear,R3_4,16,12,0.75,1,20,0.05,0x331d,0x198f,1,0,,1,0,20000000,True,True,1000000,1500,4096,"0x3001,0x6002,0xc004,0xb008,0x5010,0xa020,0x7040,0xe080,0xf100,0xd200,0x9400,0x1800","0x1f59,0x21eb,0x43d6,0x87ac",systematic cyclic code from degree-4 polynomial 0x13
230,natural,n16_k12_crc_defined_linear_R3_4,38,6149362705850862970,0,0,crc_defined_linear,R3_4,16,12,0.75,1,20,0.05,0x1575,0xef5,8,2,,1,2,20000000,True,True,1000000,1500,4096,"0x3001,0x6002,0xc004,0xb008,0x5010,0xa020,0x7040,0xe080,0xf100,0xd200,0x9400,0x1800","0x1f59,0x21eb,0x43d6,0x87ac",systematic cyclic code from degree-4 polynomial 0x13
231,natural,n16_k12_crc_defined_linear_R3_4,39,8956494299592433832,0,0,crc_defined_linear,R3_4,16,12,0.75,1,20,0.05,0x4920,0x2490,3,0,,1,0,20000000,True,True,1000000,1500,4096,"0x3001,0x6002,0xc004,0xb008,0x5010,0xa020,0x7040,0xe080,0xf100,0xd200,0x9400,0x1800","0x1f59,0x21eb,0x43d6,0x87ac",systematic cyclic code from degree-4 polynomial 0x13
232,natural,n16_k12_crc_defined_linear_R3_4,40,7445330689911288822,0,0,crc_defined_linear,R3_4,16,12,0.75,1,20,0.05,0xc30b,0x738b,13,2,,1,2,20000000,True,True,1000000,1500,4096,"0x3001,0x6002,0xc004,0xb008,0x5010,0xa020,0x7040,0xe080,0xf100,0xd200,0x9400,0x1800","0x1f59,0x21eb,0x43d6,0x87ac",systematic cyclic code from degree-4 polynomial 0x13
233,natural,n16_k12_crc_defined_linear_R3_4,41,8579416659621146383,0,0,crc_defined_linear,R3_4,16,12,0.75,1,20,0.05,0xaba,0x2ba,11,0,,1,0,20000000,True,True,1000000,1500,4096,"0x3001,0x6002,0xc004,0xb008,0x5010,0xa020,0x7040,0xe080,0xf100,0xd200,0x9400,0x1800","0x1f59,0x21eb,0x43d6,0x87ac",systematic cyclic code from degree-4 polynomial 0x13
234,natural,n16_k12_crc_defined_linear_R3_4,42,4521257350933494029,0,0,crc_defined_linear,R3_4,16,12,0.75,1,20,0.05,0x3272,0x3270,14,1,,1,1,20000000,True,True,1000000,1500,4096,"0x3001,0x6002,0xc004,0xb008,0x5010,0xa020,0x7040,0xe080,0xf100,0xd200,0x9400,0x1800","0x1f59,0x21eb,0x43d6,0x87ac",systematic cyclic code from degree-4 polynomial 0x13
235,natural,n16_k12_crc_defined_linear_R3_4,43,463390490520922523,0,0,crc_defined_linear,R3_4,16,12,0.75,1,20,0.05,0x28d5,0x1475,5,0,,1,0,20000000,True,True,1000000,1500,4096,"0x3001,0x6002,0xc004,0xb008,0x5010,0xa020,0x7040,0xe080,0xf100,0xd200,0x9400,0x1800","0x1f59,0x21eb,0x43d6,0x87ac",systematic cyclic code from degree-4 polynomial 0x13
236,natural,n16_k12_crc_defined_linear_R3_4,44,17654397853970413736,0,0,crc_defined_linear,R3_4,16,12,0.75,1,20,0.05,0x7585,0x2a85,8,1,,1,1,20000000,True,True,1000000,1500,4096,"0x3001,0x6002,0xc004,0xb008,0x5010,0xa020,0x7040,0xe080,0xf100,0xd200,0x9400,0x1800","0x1f59,0x21eb,0x43d6,0x87ac",systematic cyclic code from degree-4 polynomial 0x13
237,natural,n16_k12_crc_defined_linear_R3_4,45,7119945959773595192,0,0,crc_defined_linear,R3_4,16,12,0.75,1,20,0.05,0x8dbb,0x44fb,6,1,,1,1,20000000,True,True,1000000,1500,4096,"0x3001,0x6002,0xc004,0xb008,0x5010,0xa020,0x7040,0xe080,0xf100,0xd200,0x9400,0x1800","0x1f59,0x21eb,0x43d6,0x87ac",systematic cyclic code from degree-4 polynomial 0x13
238,natural,n16_k12_crc_defined_linear_R3_4,46,8710603521616378914,0,0,crc_defined_linear,R3_4,16,12,0.75,1,20,0.05,0x5e35,0x3e35,13,0,,1,0,20000000,True,True,1000000,1500,4096,"0x3001,0x6002,0xc004,0xb008,0x5010,0xa020,0x7040,0xe080,0xf100,0xd200,0x9400,0x1800","0x1f59,0x21eb,0x43d6,0x87ac",systematic cyclic code from degree-4 polynomial 0x13
239,natural,n16_k12_crc_defined_linear_R3_4,47,5110512716153791201,0,0,crc_defined_linear,R3_4,16,12,0.75,1,20,0.05,0xdece,0x6fce,8,0,,1,0,20000000,True,True,1000000,1500,4096,"0x3001,0x6002,0xc004,0xb008,0x5010,0xa020,0x7040,0xe080,0xf100,0xd200,0x9400,0x1800","0x1f59,0x21eb,0x43d6,0x87ac",systematic cyclic code from degree-4 polynomial 0x13
240,natural,n16_k12_crc_defined_linear_R3_4,48,3680701369086446410,0,0,crc_defined_linear,R3_4,16,12,0.75,1,20,0.05,0xe37d,0x717d,12,1,,1,1,20000000,True,True,1000000,1500,4096,"0x3001,0x6002,0xc004,0xb008,0x5010,0xa020,0x7040,0xe080,0xf100,0xd200,0x9400,0x1800","0x1f59,0x21eb,0x43d6,0x87ac",systematic cyclic code from degree-4 polynomial 0x13
241,natural,n16_k12_crc_defined_linear_R3_4,49,17369540392111471837,0,0,crc_defined_linear,R3_4,16,12,0.75,1,20,0.05,0xe1c9,0x61c9,14,0,,1,0,20000000,True,True,1000000,1500,4096,"0x3001,0x6002,0xc004,0xb008,0x5010,0xa020,0x7040,0xe080,0xf100,0xd200,0x9400,0x1800","0x1f59,0x21eb,0x43d6,0x87ac",systematic cyclic code from degree-4 polynomial 0x13
242,natural,n16_k12_crc_defined_linear_R3_4,50,15189791390361787102,0,0,crc_defined_linear,R3_4,16,12,0.75,1,20,0.05,0x17c,0xbe,2,1,,1,1,20000000,True,True,1000000,1500,4096,"0x3001,0x6002,0xc004,0xb008,0x5010,0xa020,0x7040,0xe080,0xf100,0xd200,0x9400,0x1800","0x1f59,0x21eb,0x43d6,0x87ac",systematic cyclic code from degree-4 polynomial 0x13
243,natural,n16_k12_crc_defined_linear_R3_4,51,12273895955078790849,0,0,crc_defined_linear,R3_4,16,12,0.75,1,20,0.05,0xdb0b,0x7b0b,13,0,,1,0,20000000,True,True,1000000,1500,4096,"0x3001,0x6002,0xc004,0xb008,0x5010,0xa020,0x7040,0xe080,0xf100,0xd200,0x9400,0x1800","0x1f59,0x21eb,0x43d6,0x87ac",systematic cyclic code from degree-4 polynomial 0x13
244,natural,n16_k12_crc_defined_linear_R3_4,52,8915211356153608039,0,0,crc_defined_linear,R3_4,16,12,0.75,1,20,0.05,0x2f70,0x1770,11,0,,1,0,20000000,True,True,1000000,1500,4096,"0x3001,0x6002,0xc004,0xb008,0x5010,0xa020,0x7040,0xe080,0xf100,0xd200,0x9400,0x1800","0x1f59,0x21eb,0x43d6,0x87ac",systematic cyclic code from degree-4 polynomial 0x13
245,natural,n16_k12_crc_defined_linear_R3_4,53,4520062513846711060,0,0,crc_defined_linear,R3_4,16,12,0.75,1,20,0.05,0x47bb,0x23bb,9,0,,1,0,20000000,True,True,1000000,1500,4096,"0x3001,0x6002,0xc004,0xb008,0x5010,0xa020,0x7040,0xe080,0xf100,0xd200,0x9400,0x1800","0x1f59,0x21eb,0x43d6,0x87ac",systematic cyclic code from degree-4 polynomial 0x13
246,natural,n16_k12_crc_defined_linear_R3_4,54,12346585303161924396,0,0,crc_defined_linear,R3_4,16,12,0.75,1,20,0.05,0x9fc6,0x4fc7,12,1,,1,1,20000000,True,True,1000000,1500,4096,"0x3001,0x6002,0xc004,0xb008,0x5010,0xa020,0x7040,0xe080,0xf100,0xd200,0x9400,0x1800","0x1f59,0x21eb,0x43d6,0x87ac",systematic cyclic code from degree-4 polynomial 0x13
247,natural,n16_k12_crc_defined_linear_R3_4,55,6472444957334909641,0,0,crc_defined_linear,R3_4,16,12,0.75,1,20,0.05,0x26e3,0x26c3,14,1,,1,1,20000000,True,True,1000000,1500,4096,"0x3001,0x6002,0xc004,0xb008,0x5010,0xa020,0x7040,0xe080,0xf100,0xd200,0x9400,0x1800","0x1f59,0x21eb,0x43d6,0x87ac",systematic cyclic code from degree-4 polynomial 0x13
248,natural,n16_k12_crc_defined_linear_R3_4,56,15822215378144254918,0,0,crc_defined_linear,R3_4,16,12,0.75,1,20,0.05,0xd03f,0x683f,6,0,,1,0,20000000,True,True,1000000,1500,4096,"0x3001,0x6002,0xc004,0xb008,0x5010,0xa020,0x7040,0xe080,0xf100,0xd200,0x9400,0x1800","0x1f59,0x21eb,0x43d6,0x87ac",systematic cyclic code from degree-4 polynomial 0x13
249,natural,n16_k12_crc_defined_linear_R3_4,57,5252929600973205764,0,0,crc_defined_linear,R3_4,16,12,0.75,1,20,0.05,0x3148,0x3148,15,0,,1,0,20000000,True,True,1000000,1500,4096,"0x3001,0x6002,0xc004,0xb008,0x5010,0xa020,0x7040,0xe080,0xf100,0xd200,0x9400,0x1800","0x1f59,0x21eb,0x43d6,0x87ac",systematic cyclic code from degree-4 polynomial 0x13
250,natural,n16_k12_crc_defined_linear_R3_4,58,1222965304798091621,0,0,crc_defined_linear,R3_4,16,12,0.75,1,20,0.05,0x8cbe,0x465e,1,0,,1,0,20000000,True,True,1000000,1500,4096,"0x3001,0x6002,0xc004,0xb008,0x5010,0xa020,0x7040,0xe080,0xf100,0xd200,0x9400,0x1800","0x1f59,0x21eb,0x43d6,0x87ac",systematic cyclic code from degree-4 polynomial 0x13
251,natural,n16_k12_crc_defined_linear_R3_4,59,9086971105482510600,0,0,crc_defined_linear,R3_4,16,12,0.75,1,20,0.05,0x12a9,0x1a89,10,2,,1,2,20000000,True,True,1000000,1500,4096,"0x3001,0x6002,0xc004,0xb008,0x5010,0xa020,0x7040,0xe080,0xf100,0xd200,0x9400,0x1800","0x1f59,0x21eb,0x43d6,0x87ac",systematic cyclic code from degree-4 polynomial 0x13
252,natural,n16_k12_crc_defined_linear_R3_4,60,5386994607795132585,0,0,crc_defined_linear,R3_4,16,12,0.75,1,20,0.05,0x6ca,0x132a,5,2,,1,2,20000000,True,True,1000000,1500,4096,"0x3001,0x6002,0xc004,0xb008,0x5010,0xa020,0x7040,0xe080,0xf100,0xd200,0x9400,0x1800","0x1f59,0x21eb,0x43d6,0x87ac",systematic cyclic code from degree-4 polynomial 0x13
253,natural,n16_k12_crc_defined_linear_R3_4,61,6440564319300755117,0,0,crc_defined_linear,R3_4,16,12,0.75,1,20,0.05,0xaabc,0x557c,6,0,,1,0,20000000,True,True,1000000,1500,4096,"0x3001,0x6002,0xc004,0xb008,0x5010,0xa020,0x7040,0xe080,0xf100,0xd200,0x9400,0x1800","0x1f59,0x21eb,0x43d6,0x87ac",systematic cyclic code from degree-4 polynomial 0x13
254,natural,n16_k12_crc_defined_linear_R3_4,62,7781824532910479465,0,0,crc_defined_linear,R3_4,16,12,0.75,1,20,0.05,0x9b4a,0x4da2,3,0,,1,0,20000000,True,True,1000000,1500,4096,"0x3001,0x6002,0xc004,0xb008,0x5010,0xa020,0x7040,0xe080,0xf100,0xd200,0x9400,0x1800","0x1f59,0x21eb,0x43d6,0x87ac",systematic cyclic code from degree-4 polynomial 0x13
255,natural,n16_k12_crc_defined_linear_R3_4,63,2510280458407970556,0,0,crc_defined_linear,R3_4,16,12,0.75,1,20,0.05,0xbbe8,0x1df4,2,1,,1,1,20000000,True,True,1000000,1500,4096,"0x3001,0x6002,0xc004,0xb008,0x5010,0xa020,0x7040,0xe080,0xf100,0xd200,0x9400,0x1800","0x1f59,0x21eb,0x43d6,0x87ac",systematic cyclic code from degree-4 polynomial 0x13
256,natural,n16_k11_extended_hamming_HAMMING,0,2038798182828428018,0,0,extended_hamming,HAMMING,16,11,0.6875,1,20,0.05,0x5a66,0x2d46,6,2,,1,2,20000000,True,True,1000000,1500,2048,"0xf,0x33,0x55,0x96,0x303,0x505,0x906,0x1111,0x2112,0x4114,0x8117","0xaaaa,0xcccc,0xf0f0,0xff00,0xffff","standard extended Hamming [16,11,4] with systematic data-position basis"
257,natural,n16_k11_extended_hamming_HAMMING,1,5360001334320913385,0,0,extended_hamming,HAMMING,16,11,0.6875,1,20,0.05,0xf660,0x7330,0,1,,1,1,20000000,True,True,1000000,1500,2048,"0xf,0x33,0x55,0x96,0x303,0x505,0x906,0x1111,0x2112,0x4114,0x8117","0xaaaa,0xcccc,0xf0f0,0xff00,0xffff","standard extended Hamming [16,11,4] with systematic data-position basis"
258,natural,n16_k11_extended_hamming_HAMMING,2,17655619486458067237,0,0,extended_hamming,HAMMING,16,11,0.6875,1,20,0.05,0xca60,0x7530,1,1,,1,1,20000000,True,True,1000000,1500,2048,"0xf,0x33,0x55,0x96,0x303,0x505,0x906,0x1111,0x2112,0x4114,0x8117","0xaaaa,0xcccc,0xf0f0,0xff00,0xffff","standard extended Hamming [16,11,4] with systematic data-position basis"
259,natural,n16_k11_extended_hamming_HAMMING,3,11500109485938059680,0,0,extended_hamming,HAMMING,16,11,0.6875,1,20,0.05,0x274e,0x53ae,5,1,,1,1,20000000,True,True,1000000,1500,2048,"0xf,0x33,0x55,0x96,0x303,0x505,0x906,0x1111,0x2112,0x4114,0x8117","0xaaaa,0xcccc,0xf0f0,0xff00,0xffff","standard extended Hamming [16,11,4] with systematic data-position basis"
260,natural,n16_k11_extended_hamming_HAMMING,4,15761747023982554116,0,0,extended_hamming,HAMMING,16,11,0.6875,1,20,0.05,0xeb41,0x6b61,15,1,,1,1,20000000,True,True,1000000,1500,2048,"0xf,0x33,0x55,0x96,0x303,0x505,0x906,0x1111,0x2112,0x4114,0x8117","0xaaaa,0xcccc,0xf0f0,0xff00,0xffff","standard extended Hamming [16,11,4] with systematic data-position basis"
261,natural,n16_k11_extended_hamming_HAMMING,5,16796202125408746152,0,0,extended_hamming,HAMMING,16,11,0.6875,1,20,0.05,0x41eb,0x21ef,12,1,,1,1,20000000,True,True,1000000,1500,2048,"0xf,0x33,0x55,0x96,0x303,0x505,0x906,0x1111,0x2112,0x4114,0x8117","0xaaaa,0xcccc,0xf0f0,0xff00,0xffff","standard extended Hamming [16,11,4] with systematic data-position basis"
262,natural,n16_k11_extended_hamming_HAMMING,6,4206957958216362641,0,0,extended_hamming,HAMMING,16,11,0.6875,1,20,0.05,0x1718,0xf99,6,2,,1,2,20000000,True,True,1000000,1500,2048,"0xf,0x33,0x55,0x96,0x303,0x505,0x906,0x1111,0x2112,0x4114,0x8117","0xaaaa,0xcccc,0xf0f0,0xff00,0xffff","standard extended Hamming [16,11,4] with systematic data-position basis"
263,natural,n16_k11_extended_hamming_HAMMING,7,6858899984759495761,0,0,extended_hamming,HAMMING,16,11,0.6875,1,20,0.05,0xcc0,0xc40,14,1,,1,1,20000000,True,True,1000000,1500,2048,"0xf,0x33,0x55,0x96,0x303,0x505,0x906,0x1111,0x2112,0x4114,0x8117","0xaaaa,0xcccc,0xf0f0,0xff00,0xffff","standard extended Hamming [16,11,4] with systematic data-position basis"
264,natural,n16_k11_extended_hamming_HAMMING,8,16071133240092094063,0,0,extended_hamming,HAMMING,16,11,0.6875,1,20,0.05,0xb444,0x7444,14,0,,1,0,20000000,True,True,1000000,1500,2048,"0xf,0x33,0x55,0x96,0x303,0x505,0x906,0x1111,0x2112,0x4114,0x8117","0xaaaa,0xcccc,0xf0f0,0xff00,0xffff","standard extended Hamming [16,11,4] with systematic data-position basis"
265,natural,n16_k11_extended_hamming_HAMMING,9,17048132645320393107,0,0,extended_hamming,HAMMING,16,11,0.6875,1,20,0.05,0x6305,0x3185,7,0,,1,0,20000000,True,True,1000000,1500,2048,"0xf,0x33,0x55,0x96,0x303,0x505,0x906,0x1111,0x2112,0x4114,0x8117","0xaaaa,0xcccc,0xf0f0,0xff00,0xffff","standard extended Hamming [16,11,4] with systematic data-position basis"
266,natural,n16_k11_extended_hamming_HAMMING,10,16041223843370309383,0,0,extended_hamming,HAMMING,16,11,0.6875,1,20,0.05,0x6933,0x7533,10,1,,1,1,20000000,True,True,1000000,1500,2048,"0xf,0x33,0x55,0x96,0x303,0x505,0x906,0x1111,0x2112,0x4114,0x8117","0xaaaa,0xcccc,0xf0f0,0xff00,0xffff","standard extended Hamming [16,11,4] with systematic data-position basis"
267,natural,n16_k11_extended_hamming_HAMMING,11,9800694372440350014,0,0,extended_hamming,HAMMING,16,11,0.6875,1,20,0.05,0xb812,0x5c12,8,0,,1,0,20000000,True,True,1000000,1500,2048,"0xf,0x33,0x55,0x96,0x303,0x505,0x906,0x1111,0x2112,0x4114,0x8117","0xaaaa,0xcccc,0xf0f0,0xff00,0xffff","standard extended Hamming [16,11,4] with systematic data-position basis"
268,natural,n16_k11_extended_hamming_HAMMING,12,14194649225829772707,0,0,extended_hamming,HAMMING,16,11,0.6875,1,20,0.05,0x3cf0,0x1f70,5,1,,1,1,20000000,True,True,1000000,1500,2048,"0xf,0x33,0x55,0x96,0x303,0x505,0x906,0x1111,0x2112,0x4114,0x8117","0xaaaa,0xcccc,0xf0f0,0xff00,0xffff","standard extended Hamming [16,11,4] with systematic data-position basis"
269,natural,n16_k11_extended_hamming_HAMMING,13,10461131867164667554,0,0,extended_hamming,HAMMING,16,11,0.6875,1,20,0.05,0x8788,0x4188,9,1,,1,1,20000000,True,True,1000000,1500,2048,"0xf,0x33,0x55,0x96,0x303,0x505,0x906,0x1111,0x2112,0x4114,0x8117","0xaaaa,0xcccc,0xf0f0,0xff00,0xffff","standard extended Hamming [16,11,4] with systematic data-position basis"
270,natural,n16_k11_extended_hamming_HAMMING,14,11372814288917612777,0,0,extended_hamming,HAMMING,16,11,0.6875,1,20,0.05,0x939c,0x59ce,1,1,,1,1,20000000,True,True,1000000,1500,2048,"0xf,0x33,0x55,0x96,0x303,0x505,0x906,0x1111,0x2112,0x4114,0x8117","0xaaaa,0xcccc,0xf0f0,0xff00,0xffff","standard extended Hamming [16,11,4] with systematic data-position basis"
271,natural,n16_k11_extended_hamming_HAMMING,15,13783678620773013302,0,0,extended_hamming,HAMMING,16,11,0.6875,1,20,0.05,0x1144,0x944,11,0,,1,0,20000000,True,True,1000000,1500,2048,"0xf,0x33,0x55,0x96,0x303,0x505,0x906,0x1111,0x2112,0x4114,0x8117","0xaaaa,0xcccc,0xf0f0,0xff00,0xffff","standard extended Hamming [16,11,4] with systematic data-position basis"
272,natural,n16_k11_extended_hamming_HAMMING,16,16902453908200573049,0,0,extended_hamming,HAMMING,16,11,0.6875,1,20,0.05,0xb87b,0x5cb3,5,2,,1,2,20000000,True,True,1000000,1500,2048,"0xf,0x33,0x55,0x96,0x303,0x505,0x906,0x1111,0x2112,0x4114,0x8117","0xaaaa,0xcccc,0xf0f0,0xff00,0xffff","standard extended Hamming [16,11,4] with systematic data-position basis"
273,natural,n16_k11_extended_hamming_HAMMING,17,927766026345846300,0,0,extended_hamming,HAMMING,16,11,0.6875,1,20,0.05,0xc003,0x6003,2,0,,1,0,20000000,True,True,1000000,1500,2048,"0xf,0x33,0x55,0x96,0x303,0x505,0x906,0x1111,0x2112,0x4114,0x8117","0xaaaa,0xcccc,0xf0f0,0xff00,0xffff","standard extended Hamming [16,11,4] with systematic data-position basis"
274,natural,n16_k11_extended_hamming_HAMMING,18,5916002807860977872,0,0,extended_hamming,HAMMING,16,11,0.6875,1,20,0.05,0x5ca3,0x2ea3,9,0,,1,0,20000000,True,True,1000000,1500,2048,"0xf,0x33,0x55,0x96,0x303,0x505,0x906,0x1111,0x2112,0x4114,0x8117","0xaaaa,0xcccc,0xf0f0,0xff00,0xffff","standard extended Hamming [16,11,4] with systematic data-position basis"
275,natural,n16_k11_extended_hamming_HAMMING,19,9017735755699842660,0,0,extended_hamming,HAMMING,16,11,0.6875,1,20,0.05,0xb182,0x7182,15,1,,1,1,20000000,True,True,1000000,1500,2048,"0xf,0x33,0x55,0x96,0x303,0x505,0x906,0x1111,0x2112,0x4114,0x8117","0xaaaa,0xcccc,0xf0f0,0xff00,0xffff","standard extended Hamming [16,11,4] with systematic data-position basis"
276,natural,n16_k11_extended_hamming_HAMMING,20,10752360911227334657,0,0,extended_hamming,HAMMING,16,11,0.6875,1,20,0.05,0x4e7d,0x2e7d,13,0,,1,0,20000000,True,True,1000000,1500,2048,"0xf,0x33,0x55,0x96,0x303,0x505,0x906,0x1111,0x2112,0x4114,0x8117","0xaaaa,0xcccc,0xf0f0,0xff00,0xffff","standard extended Hamming [16,11,4] with systematic data-position basis"
277,natural,n16_k11_extended_hamming_HAMMING,21,17653954291858454201,0,0,extended_hamming,HAMMING,16,11,0.6875,1,20,0.05,0xa55a,0x5292,6,1,,1,1,20000000,True,True,1000000,1500,2048,"0xf,0x33,0x55,0x96,0x303,0x505,0x906,0x1111,0x2112,0x4114,0x8117","0xaaaa,0xcccc,0xf0f0,0xff00,0xffff","standard extended Hamming [16,11,4] with systematic data-position basis"
278,natural,n16_k11_extended_hamming_HAMMING,22,2672634814499903340,0,0,extended_hamming,HAMMING,16,11,0.6875,1,20,0.05,0xee44,0x5e44,10,2,,1,2,20000000,True,True,1000000,1500,2048,"0xf,0x33,0x55,0x96,0x303,0x505,0x906,0x1111,0x2112,0x4114,0x8117","0xaaaa,0xcccc,0xf0f0,0xff00,0xffff","standard extended Hamming [16,11,4] with systematic data-position basis"
279,natural,n16_k11_extended_hamming_HAMMING,23,13071496566246756663,0,0,extended_hamming,HAMMING,16,11,0.6875,1,20,0.05,0x2d88,0x16c2,2,2,,1,2,20000000,True,True,1000000,1500,2048,"0xf,0x33,0x55,0x96,0x303,0x505,0x906,0x1111,0x2112,0x4114,0x8117","0xaaaa,0xcccc,0xf0f0,0xff00,0xffff","standard extended Hamming [16,11,4] with systematic data-position basis"
280,natural,n16_k11_extended_hamming_HAMMING,24,31203111642617237,0,0,extended_hamming,HAMMING,16,11,0.6875,1,20,0.05,0x24b2,0x64b2,15,1,,1,1,20000000,True,True,1000000,1500,2048,"0xf,0x33,0x55,0x96,0x303,0x505,0x906,0x1111,0x2112,0x4114,0x8117","0xaaaa,0xcccc,0xf0f0,0xff00,0xffff","standard extended Hamming [16,11,4] with systematic data-position basis"
281,natural,n16_k11_extended_hamming_HAMMING,25,5242159840654666158,0,0,extended_hamming,HAMMING,16,11,0.6875,1,20,0.05,0x812b,0x50ab,7,1,,1,1,20000000,True,True,1000000,1500,2048,"0xf,0x33,0x55,0x96,0x303,0x505,0x906,0x1111,0x2112,0x4114,0x8117","0xaaaa,0xcccc,0xf0f0,0xff00,0xffff","standard extended Hamming [16,11,4] with systematic data-position basis"
282,natural,n16_k11_extended_hamming_HAMMING,26,392816617797676895,0,0,extended_hamming,HAMMING,16,11,0.6875,1,20,0.05,0x7b74,0x3f74,10,0,,1,0,20000000,True,True,1000000,1500,2048,"0xf,0x33,0x55,0x96,0x303,0x505,0x906,0x1111,0x2112,0x4114,0x8117","0xaaaa,0xcccc,0xf0f0,0xff00,0xffff","standard extended Hamming [16,11,4] with systematic data-position basis"
283,natural,n16_k11_extended_hamming_HAMMING,27,2643448999987504989,0,0,extended_hamming,HAMMING,16,11,0.6875,1,20,0.05,0x3ccc,0x1ecc,8,0,,1,0,20000000,True,True,1000000,1500,2048,"0xf,0x33,0x55,0x96,0x303,0x505,0x906,0x1111,0x2112,0x4114,0x8117","0xaaaa,0xcccc,0xf0f0,0xff00,0xffff","standard extended Hamming [16,11,4] with systematic data-position basis"
284,natural,n16_k11_extended_hamming_HAMMING,28,16668493239232160273,0,0,extended_hamming,HAMMING,16,11,0.6875,1,20,0.05,0x7d4e,0x3d4e,10,0,,1,0,20000000,True,True,1000000,1500,2048,"0xf,0x33,0x55,0x96,0x303,0x505,0x906,0x1111,0x2112,0x4114,0x8117","0xaaaa,0xcccc,0xf0f0,0xff00,0xffff","standard extended Hamming [16,11,4] with systematic data-position basis"
285,natural,n16_k11_extended_hamming_HAMMING,29,1869894587207147034,0,0,extended_hamming,HAMMING,16,11,0.6875,1,20,0.05,0xde2e,0x2da6,6,4,,1,4,20000000,True,True,1000000,1500,2048,"0xf,0x33,0x55,0x96,0x303,0x505,0x906,0x1111,0x2112,0x4114,0x8117","0xaaaa,0xcccc,0xf0f0,0xff00,0xffff","standard extended Hamming [16,11,4] with systematic data-position basis"
286,natural,n16_k11_extended_hamming_HAMMING,30,2408729666582563396,0,0,extended_hamming,HAMMING,16,11,0.6875,1,20,0.05,0xb127,0x5896,4,1,,1,1,20000000,True,True,1000000,1500,2048,"0xf,0x33,0x55,0x96,0x303,0x505,0x906,0x1111,0x2112,0x4114,0x8117","0xaaaa,0xcccc,0xf0f0,0xff00,0xffff","standard extended Hamming [16,11,4] with systematic data-position basis"
287,natural,n16_k11_extended_hamming_HAMMING,31,17337043529278511255,0,0,extended_hamming,HAMMING,16,11,0.6875,1,20,0.05,0x9c5,0x9c5,13,0,,1,0,20000000,True,True,1000000,1500,2048,"0xf,0x33,0x55,0x96,0x303,0x505,0x906,0x1111,0x2112,0x4114,0x8117","0xaaaa,0xcccc,0xf0f0,0xff00,0xffff","standard extended Hamming [16,11,4] with systematic data-position basis"
288,natural,n16_k11_extended_hamming_HAMMING,32,10182138212142375080,0,0,extended_hamming,HAMMING,16,11,0.6875,1,20,0.05,0xaa3c,0x553c,7,0,,1,0,20000000,True,True,1000000,1500,2048,"0xf,0x33,0x55,0x96,0x303,0x505,0x906,0x1111,0x2112,0x4114,0x8117","0xaaaa,0xcccc,0xf0f0,0xff00,0xffff","standard extended Hamming [16,11,4] with systematic data-position basis"
289,natural,n16_k11_extended_hamming_HAMMING,33,2559270876248535496,0,0,extended_hamming,HAMMING,16,11,0.6875,1,20,0.05,0x50f5,0x29f5,9,1,,1,1,20000000,True,True,1000000,1500,2048,"0xf,0x33,0x55,0x96,0x303,0x505,0x906,0x1111,0x2112,0x4114,0x8117","0xaaaa,0xcccc,0xf0f0,0xff00,0xffff","standard extended Hamming [16,11,4] with systematic data-position basis"
290,natural,n16_k11_extended_hamming_HAMMING,34,4708049692574826341,0,0,extended_hamming,HAMMING,16,11,0.6875,1,20,0.05,0x96cc,0x17cd,15,2,,1,2,20000000,True,True,1000000,1500,2048,"0xf,0x33,0x55,0x96,0x303,0x505,0x906,0x1111,0x2112,0x4114,0x8117","0xaaaa,0xcccc,0xf0f0,0xff00,0xffff","standard extended Hamming [16,11,4] with systematic data-position basis"
291,natural,n16_k11_extended_hamming_HAMMING,35,11698793836701902142,0,0,extended_hamming,HAMMING,16,11,0.6875,1,20,0.05,0xc993,0x6193,11,0,,1,0,20000000,True,True,1000000,1500,2048,"0xf,0x33,0x55,0x96,0x303,0x505,0x906,0x1111,0x2112,0x4114,0x8117","0xaaaa,0xcccc,0xf0f0,0xff00,0xffff","standard extended Hamming [16,11,4] with systematic data-position basis"
292,natural,n16_k11_extended_hamming_HAMMING,36,14705064949604140591,0,0,extended_hamming,HAMMING,16,11,0.6875,1,20,0.05,0xd1b8,0x79b8,9,1,,1,1,20000000,True,True,1000000,1500,2048,"0xf,0x33,0x55,0x96,0x303,0x505,0x906,0x1111,0x2112,0x4114,0x8117","0xaaaa,0xcccc,0xf0f0,0xff00,0xffff","standard extended Hamming [16,11,4] with systematic data-position basis"
293,natural,n16_k11_extended_hamming_HAMMING,37,10803547030150407318,0,0,extended_hamming,HAMMING,16,11,0.6875,1,20,0.05,0x2148,0x1488,6,1,,1,1,20000000,True,True,1000000,1500,2048,"0xf,0x33,0x55,0x96,0x303,0x505,0x906,0x1111,0x2112,0x4114,0x8117","0xaaaa,0xcccc,0xf0f0,0xff00,0xffff","standard extended Hamming [16,11,4] with systematic data-position basis"
294,natural,n16_k11_extended_hamming_HAMMING,38,12493915749563402388,0,0,extended_hamming,HAMMING,16,11,0.6875,1,20,0.05,0xf00,0x782,7,1,,1,1,20000000,True,True,1000000,1500,2048,"0xf,0x33,0x55,0x96,0x303,0x505,0x906,0x1111,0x2112,0x4114,0x8117","0xaaaa,0xcccc,0xf0f0,0xff00,0xffff","standard extended Hamming [16,11,4] with systematic data-position basis"
295,natural,n16_k11_extended_hamming_HAMMING,39,8821156686515514335,0,0,extended_hamming,HAMMING,16,11,0.6875,1,20,0.05,0x635f,0x6757,15,2,,1,2,20000000,True,True,1000000,1500,2048,"0xf,0x33,0x55,0x96,0x303,0x505,0x906,0x1111,0x2112,0x4114,0x8117","0xaaaa,0xcccc,0xf0f0,0xff00,0xffff","standard extended Hamming [16,11,4] with systematic data-position basis"
296,natural,n16_k11_extended_hamming_HAMMING,40,6616519147473500891,0,0,extended_hamming,HAMMING,16,11,0.6875,1,20,0.05,0x6035,0x3815,4,1,,1,1,20000000,True,True,1000000,1500,2048,"0xf,0x33,0x55,0x96,0x303,0x505,0x906,0x1111,0x2112,0x4114,0x8117","0xaaaa,0xcccc,0xf0f0,0xff00,0xffff","standard extended Hamming [16,11,4] with systematic data-position basis"
297,natural,n16_k11_extended_hamming_HAMMING,41,12268077918968752021,0,0,extended_hamming,HAMMING,16,11,0.6875,1,20,0.05,0x33f0,0x19f8,0,0,,1,0,20000000,True,True,1000000,1500,2048,"0xf,0x33,0x55,0x96,0x303,0x505,0x906,0x1111,0x2112,0x4114,0x8117","0xaaaa,0xcccc,0xf0f0,0xff00,0xffff","standard extended Hamming [16,11,4] with systematic data-position basis"
298,natural,n16_k11_extended_hamming_HAMMING,42,18134602698040183690,0,0,extended_hamming,HAMMING,16,11,0.6875,1,20,0.05,0x8282,0x6102,4,2,,1,2,20000000,True,True,1000000,1500,2048,"0xf,0x33,0x55,0x96,0x303,0x505,0x906,0x1111,0x2112,0x4114,0x8117","0xaaaa,0xcccc,0xf0f0,0xff00,0xffff","standard extended Hamming [16,11,4] with systematic data-position basis"
299,natural,n16_k11_extended_hamming_HAMMING,43,14762823571080574934,0,0,extended_hamming,HAMMING,16,11,0.6875,1,20,0.05,0xc99c,0x6d9c,12,1,,1,1,20000000,True,True,1000000,1500,2048,"0xf,0x33,0x55,0x96,0x303,0x505,0x906,0x1111,0x2112,0x4114,0x8117","0xaaaa,0xcccc,0xf0f0,0xff00,0xffff","standard extended Hamming [16,11,4] with systematic data-position basis"
300,natural,n16_k11_extended_hamming_HAMMING,44,15503869798139413585,0,0,extended_hamming,HAMMING,16,11,0.6875,1,20,0.05,0xddbb,0x6ecb,5,1,,1,1,20000000,True,True,1000000,1500,2048,"0xf,0x33,0x55,0x96,0x303,0x505,0x906,0x1111,0x2112,0x4114,0x8117","0xaaaa,0xcccc,0xf0f0,0xff00,0xffff","standard extended Hamming [16,11,4] with systematic data-position basis"
301,natural,n16_k11_extended_hamming_HAMMING,45,1179307297854417536,0,0,extended_hamming,HAMMING,16,11,0.6875,1,20,0.05,0x6999,0x5599,10,2,,1,2,20000000,True,True,1000000,1500,2048,"0xf,0x33,0x55,0x96,0x303,0x505,0x906,0x1111,0x2112,0x4114,0x8117","0xaaaa,0xcccc,0xf0f0,0xff00,0xffff","standard extended Hamming [16,11,4] with systematic data-position basis"
302,natural,n16_k11_extended_hamming_HAMMING,46,15964961218240018946,0,0,extended_hamming,HAMMING,16,11,0.6875,1,20,0.05,0xf536,0x7a9a,2,0,,1,0,20000000,True,True,1000000,1500,2048,"0xf,0x33,0x55,0x96,0x303,0x505,0x906,0x1111,0x2112,0x4114,0x8117","0xaaaa,0xcccc,0xf0f0,0xff00,0xffff","standard extended Hamming [16,11,4] with systematic data-position basis"
303,natural,n16_k11_extended_hamming_HAMMING,47,9832551010412793899,0,0,extended_hamming,HAMMING,16,11,0.6875,1,20,0.05,0x24e7,0x1233,2,1,,1,1,20000000,True,True,1000000,1500,2048,"0xf,0x33,0x55,0x96,0x303,0x505,0x906,0x1111,0x2112,0x4114,0x8117","0xaaaa,0xcccc,0xf0f0,0xff00,0xffff","standard extended Hamming [16,11,4] with systematic data-position basis"
304,natural,n16_k11_extended_hamming_HAMMING,48,4489757913825792268,0,0,extended_hamming,HAMMING,16,11,0.6875,1,20,0.05,0x95cf,0x4bcf,9,0,,1,0,20000000,True,True,1000000,1500,2048,"0xf,0x33,0x55,0x96,0x303,0x505,0x906,0x1111,0x2112,0x4114,0x8117","0xaaaa,0xcccc,0xf0f0,0xff00,0xffff","standard extended Hamming [16,11,4] with systematic data-position basis"
305,natural,n16_k11_extended_hamming_HAMMING,49,11724728349383664707,0,0,extended_hamming,HAMMING,16,11,0.6875,1,20,0.05,0x695a,0x2952,13,1,,1,1,20000000,True,True,1000000,1500,2048,"0xf,0x33,0x55,0x96,0x303,0x505,0x906,0x1111,0x2112,0x4114,0x8117","0xaaaa,0xcccc,0xf0f0,0xff00,0xffff","standard extended Hamming [16,11,4] with systematic data-position basis"
306,natural,n16_k11_extended_hamming_HAMMING,50,11490147553372201585,0,0,extended_hamming,HAMMING,16,11,0.6875,1,20,0.05,0x7e2b,0x3f6b,7,1,,1,1,20000000,True,True,1000000,1500,2048,"0xf,0x33,0x55,0x96,0x303,0x505,0x906,0x1111,0x2112,0x4114,0x8117","0xaaaa,0xcccc,0xf0f0,0xff00,0xffff","standard extended Hamming [16,11,4] with systematic data-position basis"
307,natural,n16_k11_extended_hamming_HAMMING,51,16206689998170241566,0,0,extended_hamming,HAMMING,16,11,0.6875,1,20,0.05,0x33f,0x19f,4,0,,1,0,20000000,True,True,1000000,1500,2048,"0xf,0x33,0x55,0x96,0x303,0x505,0x906,0x1111,0x2112,0x4114,0x8117","0xaaaa,0xcccc,0xf0f0,0xff00,0xffff","standard extended Hamming [16,11,4] with systematic data-position basis"
308,natural,n16_k11_extended_hamming_HAMMING,52,14488418280493861190,0,0,extended_hamming,HAMMING,16,11,0.6875,1,20,0.05,0xa35c,0x51dc,7,0,,1,0,20000000,True,True,1000000,1500,2048,"0xf,0x33,0x55,0x96,0x303,0x505,0x906,0x1111,0x2112,0x4114,0x8117","0xaaaa,0xcccc,0xf0f0,0xff00,0xffff","standard extended Hamming [16,11,4] with systematic data-position basis"
309,natural,n16_k11_extended_hamming_HAMMING,53,14733391196655349137,0,0,extended_hamming,HAMMING,16,11,0.6875,1,20,0.05,0xfa39,0x3d1d,1,1,,1,1,20000000,True,True,1000000,1500,2048,"0xf,0x33,0x55,0x96,0x303,0x505,0x906,0x1111,0x2112,0x4114,0x8117","0xaaaa,0xcccc,0xf0f0,0xff00,0xffff","standard extended Hamming [16,11,4] with systematic data-position basis"
310,natural,n16_k11_extended_hamming_HAMMING,54,3864063181552695815,0,0,extended_hamming,HAMMING,16,11,0.6875,1,20,0.05,0xb748,0x5b58,8,1,,1,1,20000000,True,True,1000000,1500,2048,"0xf,0x33,0x55,0x96,0x303,0x505,0x906,0x1111,0x2112,0x4114,0x8117","0xaaaa,0xcccc,0xf0f0,0xff00,0xffff","standard extended Hamming [16,11,4] with systematic data-position basis"
311,natural,n16_k11_extended_hamming_HAMMING,55,11614567235587722287,0,0,extended_hamming,HAMMING,16,11,0.6875,1,20,0.05,0xf990,0x79b0,12,1,,1,1,20000000,True,True,1000000,1500,2048,"0xf,0x33,0x55,0x96,0x303,0x505,0x906,0x1111,0x2112,0x4114,0x8117","0xaaaa,0xcccc,0xf0f0,0xff00,0xffff","standard extended Hamming [16,11,4] with systematic data-position basis"
312,natural,n16_k11_extended_hamming_HAMMING,56,782944702656932973,0,0,extended_hamming,HAMMING,16,11,0.6875,1,20,0.05,0x17d4,0xbf4,5,0,,1,0,20000000,True,True,1000000,1500,2048,"0xf,0x33,0x55,0x96,0x303,0x505,0x906,0x1111,0x2112,0x4114,0x8117","0xaaaa,0xcccc,0xf0f0,0xff00,0xffff","standard extended Hamming [16,11,4] with systematic data-position basis"
313,natural,n16_k11_extended_hamming_HAMMING,57,7540708955184086185,0,0,extended_hamming,HAMMING,16,11,0.6875,1,20,0.05,0xca09,0x5a01,14,2,,1,2,20000000,True,True,1000000,1500,2048,"0xf,0x33,0x55,0x96,0x303,0x505,0x906,0x1111,0x2112,0x4114,0x8117","0xaaaa,0xcccc,0xf0f0,0xff00,0xffff","standard extended Hamming [16,11,4] with systematic data-position basis"
314,natural,n16_k11_extended_hamming_HAMMING,58,5897561524654790025,0,0,extended_hamming,HAMMING,16,11,0.6875,1,20,0.05,0x1db7,0xed7,4,0,,1,0,20000000,True,True,1000000,1500,2048,"0xf,0x33,0x55,0x96,0x303,0x505,0x906,0x1111,0x2112,0x4114,0x8117","0xaaaa,0xcccc,0xf0f0,0xff00,0xffff","standard extended Hamming [16,11,4] with systematic data-position basis"
315,natural,n16_k11_extended_hamming_HAMMING,59,12863604621066432673,0,0,extended_hamming,HAMMING,16,11,0.6875,1,20,0.05,0x3639,0x3b1c,1,2,,1,2,20000000,True,True,1000000,1500,2048,"0xf,0x33,0x55,0x96,0x303,0x505,0x906,0x1111,0x2112,0x4114,0x8117","0xaaaa,0xcccc,0xf0f0,0xff00,0xffff","standard extended Hamming [16,11,4] with systematic data-position basis"
316,natural,n16_k11_extended_hamming_HAMMING,60,16857905937623406515,0,0,extended_hamming,HAMMING,16,11,0.6875,1,20,0.05,0xbb2d,0x750d,5,3,,1,3,20000000,True,True,1000000,1500,2048,"0xf,0x33,0x55,0x96,0x303,0x505,0x906,0x1111,0x2112,0x4114,0x8117","0xaaaa,0xcccc,0xf0f0,0xff00,0xffff","standard extended Hamming [16,11,4] with systematic data-position basis"
317,natural,n16_k11_extended_hamming_HAMMING,61,12286501546815817412,0,0,extended_hamming,HAMMING,16,11,0.6875,1,20,0.05,0xa569,0x52bc,7,4,,1,4,20000000,True,True,1000000,1500,2048,"0xf,0x33,0x55,0x96,0x303,0x505,0x906,0x1111,0x2112,0x4114,0x8117","0xaaaa,0xcccc,0xf0f0,0xff00,0xffff","standard extended Hamming [16,11,4] with systematic data-position basis"
318,natural,n16_k11_extended_hamming_HAMMING,62,4489056746056850399,0,0,extended_hamming,HAMMING,16,11,0.6875,1,20,0.05,0xa665,0x5725,5,1,,1,1,20000000,True,True,1000000,1500,2048,"0xf,0x33,0x55,0x96,0x303,0x505,0x906,0x1111,0x2112,0x4114,0x8117","0xaaaa,0xcccc,0xf0f0,0xff00,0xffff","standard extended Hamming [16,11,4] with systematic data-position basis"
319,natural,n16_k11_extended_hamming_HAMMING,63,14044740528953464016,0,0,extended_hamming,HAMMING,16,11,0.6875,1,20,0.05,0x693c,0x349c,4,0,,1,0,20000000,True,True,1000000,1500,2048,"0xf,0x33,0x55,0x96,0x303,0x505,0x906,0x1111,0x2112,0x4114,0x8117","0xaaaa,0xcccc,0xf0f0,0xff00,0xffff","standard extended Hamming [16,11,4] with systematic data-position basis"
320,natural,n24_k16_random_systematic_linear_R2_3,0,15504499452376618714,0,15580646178856863639,random_systematic_linear,R2_3,24,16,0.6666666666666666,1,20,0.05,0x6db433,0x26f433,12,2,,2,3,20000000,True,True,1000000,1500,65536,"0x490001,0x200002,0x6b0004,0x9d0008,0x6f0010,0x860020,0x5a0040,0xfb0080,0x470100,0xec0200,0xa10400,0x9c0800,0x5f1000,0x4e2000,0x664000,0x5d8000","0x1959d,0x271f4,0x4fb38,0x8badd,0x1098c8,0x204696,0x40f3d5,0x800ea8",dense systematic parity map; seed=15580646178856863639
321,natural,n24_k16_random_systematic_linear_R2_3,1,5390287202368239821,1,8905878669356214547,random_systematic_linear,R2_3,24,16,0.6666666666666666,1,20,0.05,0x5bc013,0x2de213,12,1,,2,2,20000000,True,True,1000000,1500,65536,"0xdb0001,0xdd0002,0x150004,0xa60008,0x4a0010,0x110020,0x2d0040,0xbd0080,0x8e0100,0xf0200,0x490400,0xc20800,0x221000,0x3a2000,0x6e4000,0x798000","0x186e7,0x27b19,0x443ce,0x8e7d3,0x10a0a7,0x20f0c8,0x40cc13,0x80098b",dense systematic parity map; seed=8905878669356214547
322,natural,n24_k16_random_systematic_linear_R2_3,2,16967682417296944436,2,4676290893550018176,random_systematic_linear,R2_3,24,16,0.6666666666666666,1,20,0.05,0xa84042,0x540042,14,0,,2,1,20000000,True,True,1000000,1500,65536,"0x900001,0xa00002,0xc50004,0xef0008,0x7a0010,0x9a0020,0x9b0040,0x710080,0xdd0100,0xd30200,0xb70400,0x950800,0x3d1000,0x6d2000,0x934000,0xe98000","0x1ffcc,0x24678,0x43d0c,0x8b178,0x105ff1,0x20b49a,0x40a39c,0x80cf6f",dense systematic parity map; seed=4676290893550018176
323,natural,n24_k16_random_systematic_linear_R2_3,3,5884504498969698526,3,16748611985767961842,random_systematic_linear,R2_3,24,16,0.6666666666666666,1,20,0.05,0x582963,0x2c16b3,4,1,,2,2,20000000,True,True,1000000,1500,65536,"0xa30001,0x580002,0xb50004,0x960008,0x650010,0x9b0020,0xd60040,0xde0080,0x740100,0x170200,0x5d0400,0x320800,0x361000,0xa82000,0x7e4000,0xd8000","0x18635,0x25ae9,0x4d7dc,0x8e4a2,0x105fee,0x207915,0x4045d2,0x8020ed",dense systematic parity map; seed=16748611985767961842
324,natural,n24_k16_random_systematic_linear_R2_3,4,18414590945450579824,0,15580646178856863639,random_systematic_linear,R2_3,24,16,0.6666666666666666,1,20,0.05,0xb9cb63,0x5ce5e2,7,1,,2,2,20000000,True,True,1000000,1500,65536,"0x490001,0x200002,0x6b0004,0x9d0008,0x6f0010,0x860020,0x5a0040,0xfb0080,0x470100,0xec0200,0xa10400,0x9c0800,0x5f1000,0x4e2000,0x664000,0x5d8000","0x1959d,0x271f4,0x4fb38,0x8badd,0x1098c8,0x204696,0x40f3d5,0x800ea8",dense systematic parity map; seed=15580646178856863639
325,natural,n24_k16_random_systematic_linear_R2_3,5,9427752737350650297,1,8905878669356214547,random_systematic_linear,R2_3,24,16,0.6666666666666666,1,20,0.05,0x2bda8e,0x14cd8e,8,2,,2,3,20000000,True,True,1000000,1500,65536,"0xdb0001,0xdd0002,0x150004,0xa60008,0x4a0010,0x110020,0x2d0040,0xbd0080,0x8e0100,0xf0200,0x490400,0xc20800,0x221000,0x3a2000,0x6e4000,0x798000","0x186e7,0x27b19,0x443ce,0x8e7d3,0x10a0a7,0x20f0c8,0x40cc13,0x80098b",dense systematic parity map; seed=8905878669356214547
326,natural,n24_k16_random_systematic_linear_R2_3,6,6812109428772761352,2,4676290893550018176,random_systematic_linear,R2_3,24,16,0.6666666666666666,1,20,0.05,0x598834,0x2ce034,11,1,,2,2,20000000,True,True,1000000,1500,65536,"0x900001,0xa00002,0xc50004,0xef0008,0x7a0010,0x9a0020,0x9b0040,0x710080,0xdd0100,0xd30200,0xb70400,0x950800,0x3d1000,0x6d2000,0x934000,0xe98000","0x1ffcc,0x24678,0x43d0c,0x8b178,0x105ff1,0x20b49a,0x40a39c,0x80cf6f",dense systematic parity map; seed=4676290893550018176
327,natural,n24_k16_random_systematic_linear_R2_3,7,18349034723169555252,3,16748611985767961842,random_systematic_linear,R2_3,24,16,0.6666666666666666,1,20,0.05,0xb52965,0x5fd6b5,4,4,,2,5,20000000,True,True,1000000,1500,65536,"0xa30001,0x580002,0xb50004,0x960008,0x650010,0x9b0020,0xd60040,0xde0080,0x740100,0x170200,0x5d0400,0x320800,0x361000,0xa82000,0x7e4000,0xd8000","0x18635,0x25ae9,0x4d7dc,0x8e4a2,0x105fee,0x207915,0x4045d2,0x8020ed",dense systematic parity map; seed=16748611985767961842
328,natural,n24_k16_random_systematic_linear_R2_3,8,5191667365804678226,0,15580646178856863639,random_systematic_linear,R2_3,24,16,0.6666666666666666,1,20,0.05,0xc83f12,0x643f12,18,0,,2,1,20000000,False,False,1000000,1500,65536,"0x490001,0x200002,0x6b0004,0x9d0008,0x6f0010,0x860020,0x5a0040,0xfb0080,0x470100,0xec0200,0xa10400,0x9c0800,0x5f1000,0x4e2000,0x664000,0x5d8000","0x1959d,0x271f4,0x4fb38,0x8badd,0x1098c8,0x204696,0x40f3d5,0x800ea8",dense systematic parity map; seed=15580646178856863639
329,natural,n24_k16_random_systematic_linear_R2_3,9,8398235708990285986,1,8905878669356214547,random_systematic_linear,R2_3,24,16,0.6666666666666666,1,20,0.05,0x891961,0x448cb1,4,0,,2,1,20000000,False,False,1000000,1500,65536,"0xdb0001,0xdd0002,0x150004,0xa60008,0x4a0010,0x110020,0x2d0040,0xbd0080,0x8e0100,0xf0200,0x490400,0xc20800,0x221000,0x3a2000,0x6e4000,0x798000","0x186e7,0x27b19,0x443ce,0x8e7d3,0x10a0a7,0x20f0c8,0x40cc13,0x80098b",dense systematic parity map; seed=8905878669356214547
330,natural,n24_k16_random_systematic_linear_R2_3,10,16529850011699278858,2,4676290893550018176,random_systematic_linear,R2_3,24,16,0.6666666666666666,1,20,0.05,0xff2434,0x7fd034,6,2,,2,3,20000000,False,False,1000000,1500,65536,"0x900001,0xa00002,0xc50004,0xef0008,0x7a0010,0x9a0020,0x9b0040,0x710080,0xdd0100,0xd30200,0xb70400,0x950800,0x3d1000,0x6d2000,0x934000,0xe98000","0x1ffcc,0x24678,0x43d0c,0x8b178,0x105ff1,0x20b49a,0x40a39c,0x80cf6f",dense systematic parity map; seed=4676290893550018176
331,natural,n24_k16_random_systematic_linear_R2_3,11,6269336966323086171,3,16748611985767961842,random_systematic_linear,R2_3,24,16,0.6666666666666666,1,20,0.05,0x78a40d,0x3ca40c,18,1,,2,2,20000000,False,False,1000000,1500,65536,"0xa30001,0x580002,0xb50004,0x960008,0x650010,0x9b0020,0xd60040,0xde0080,0x740100,0x170200,0x5d0400,0x320800,0x361000,0xa82000,0x7e4000,0xd8000","0x18635,0x25ae9,0x4d7dc,0x8e4a2,0x105fee,0x207915,0x4045d2,0x8020ed",dense systematic parity map; seed=16748611985767961842
332,natural,n24_k16_random_systematic_linear_R2_3,12,4036172817584143241,0,15580646178856863639,random_systematic_linear,R2_3,24,16,0.6666666666666666,1,20,0.05,0x759d8c,0x359f8e,22,2,,2,3,20000000,False,False,1000000,1500,65536,"0x490001,0x200002,0x6b0004,0x9d0008,0x6f0010,0x860020,0x5a0040,0xfb0080,0x470100,0xec0200,0xa10400,0x9c0800,0x5f1000,0x4e2000,0x664000,0x5d8000","0x1959d,0x271f4,0x4fb38,0x8badd,0x1098c8,0x204696,0x40f3d5,0x800ea8",dense systematic parity map; seed=15580646178856863639
333,natural,n24_k16_random_systematic_linear_R2_3,13,14742365373461268182,1,8905878669356214547,random_systematic_linear,R2_3,24,16,0.6666666666666666,1,20,0.05,0x6f0162,0x3780b2,3,0,,2,1,20000000,False,False,1000000,1500,65536,"0xdb0001,0xdd0002,0x150004,0xa60008,0x4a0010,0x110020,0x2d0040,0xbd0080,0x8e0100,0xf0200,0x490400,0xc20800,0x221000,0x3a2000,0x6e4000,0x798000","0x186e7,0x27b19,0x443ce,0x8e7d3,0x10a0a7,0x20f0c8,0x40cc13,0x80098b",dense systematic parity map; seed=8905878669356214547
334,natural,n24_k16_random_systematic_linear_R2_3,14,8674694617789417864,2,4676290893550018176,random_systematic_linear,R2_3,24,16,0.6666666666666666,1,20,0.05,0xbfd2bd,0x5f629d,12,2,,2,3,20000000,False,False,1000000,1500,65536,"0x900001,0xa00002,0xc50004,0xef0008,0x7a0010,0x9a0020,0x9b0040,0x710080,0xdd0100,0xd30200,0xb70400,0x950800,0x3d1000,0x6d2000,0x934000,0xe98000","0x1ffcc,0x24678,0x43d0c,0x8b178,0x105ff1,0x20b49a,0x40a39c,0x80cf6f",dense systematic parity map; seed=4676290893550018176
335,natural,n24_k16_random_systematic_linear_R2_3,15,1429996698560539158,3,16748611985767961842,random_systematic_linear,R2_3,24,16,0.6666666666666666,1,20,0.05,0xcc86aa,0x664348,5,1,,2,2,20000000,False,False,1000000,1500,65536,"0xa30001,0x580002,0xb50004,0x960008,0x650010,0x9b0020,0xd60040,0xde0080,0x740100,0x170200,0x5d0400,0x320800,0x361000,0xa82000,0x7e4000,0xd8000","0x18635,0x25ae9,0x4d7dc,0x8e4a2,0x105fee,0x207915,0x4045d2,0x8020ed",dense systematic parity map; seed=16748611985767961842
336,natural,n24_k16_random_systematic_linear_R2_3,16,2469015933413677955,0,15580646178856863639,random_systematic_linear,R2_3,24,16,0.6666666666666666,1,20,0.05,0x3aa863,0x1d1463,9,1,,2,2,20000000,False,False,1000000,1500,65536,"0x490001,0x200002,0x6b0004,0x9d0008,0x6f0010,0x860020,0x5a0040,0xfb0080,0x470100,0xec0200,0xa10400,0x9c0800,0x5f1000,0x4e2000,0x664000,0x5d8000","0x1959d,0x271f4,0x4fb38,0x8badd,0x1098c8,0x204696,0x40f3d5,0x800ea8",dense systematic parity map; seed=15580646178856863639
337,natural,n24_k16_random_systematic_linear_R2_3,17,5869565599237042020,1,8905878669356214547,random_systematic_linear,R2_3,24,16,0.6666666666666666,1,20,0.05,0x6949c1,0x34a4d1,6,1,,2,2,20000000,False,False,1000000,1500,65536,"0xdb0001,0xdd0002,0x150004,0xa60008,0x4a0010,0x110020,0x2d0040,0xbd0080,0x8e0100,0xf0200,0x490400,0xc20800,0x221000,0x3a2000,0x6e4000,0x798000","0x186e7,0x27b19,0x443ce,0x8e7d3,0x10a0a7,0x20f0c8,0x40cc13,0x80098b",dense systematic parity map; seed=8905878669356214547
338,natural,n24_k16_random_systematic_linear_R2_3,18,5741494299930143705,2,4676290893550018176,random_systematic_linear,R2_3,24,16,0.6666666666666666,1,20,0.05,0x66caec,0x33657c,4,0,,2,1,20000000,False,False,1000000,1500,65536,"0x900001,0xa00002,0xc50004,0xef0008,0x7a0010,0x9a0020,0x9b0040,0x710080,0xdd0100,0xd30200,0xb70400,0x950800,0x3d1000,0x6d2000,0x934000,0xe98000","0x1ffcc,0x24678,0x43d0c,0x8b178,0x105ff1,0x20b49a,0x40a39c,0x80cf6f",dense systematic parity map; seed=4676290893550018176
339,natural,n24_k16_random_systematic_linear_R2_3,19,14003641790947560029,3,16748611985767961842,random_systematic_linear,R2_3,24,16,0.6666666666666666,1,20,0.05,0x7a5f75,0x393fba,0,2,,2,3,20000000,False,False,1000000,1500,65536,"0xa30001,0x580002,0xb50004,0x960008,0x650010,0x9b0020,0xd60040,0xde0080,0x740100,0x170200,0x5d0400,0x320800,0x361000,0xa82000,0x7e4000,0xd8000","0x18635,0x25ae9,0x4d7dc,0x8e4a2,0x105fee,0x207915,0x4045d2,0x8020ed",dense systematic parity map; seed=16748611985767961842
340,natural,n24_k16_random_systematic_linear_R2_3,20,15642562463331600254,0,15580646178856863639,random_systematic_linear,R2_3,24,16,0.6666666666666666,1,20,0.05,0x9bc031,0x4dc411,14,2,,2,3,20000000,False,False,1000000,1500,65536,"0x490001,0x200002,0x6b0004,0x9d0008,0x6f0010,0x860020,0x5a0040,0xfb0080,0x470100,0xec0200,0xa10400,0x9c0800,0x5f1000,0x4e2000,0x664000,0x5d8000","0x1959d,0x271f4,0x4fb38,0x8badd,0x1098c8,0x204696,0x40f3d5,0x800ea8",dense systematic parity map; seed=15580646178856863639
341,natural,n24_k16_random_systematic_linear_R2_3,21,14308139053042573799,1,8905878669356214547,random_systematic_linear,R2_3,24,16,0.6666666666666666,1,20,0.05,0xafa3f8,0x57e1f8,19,2,,2,3,20000000,False,False,1000000,1500,65536,"0xdb0001,0xdd0002,0x150004,0xa60008,0x4a0010,0x110020,0x2d0040,0xbd0080,0x8e0100,0xf0200,0x490400,0xc20800,0x221000,0x3a2000,0x6e4000,0x798000","0x186e7,0x27b19,0x443ce,0x8e7d3,0x10a0a7,0x20f0c8,0x40cc13,0x80098b",dense systematic parity map; seed=8905878669356214547
342,natural,n24_k16_random_systematic_linear_R2_3,22,18102234487628569072,2,4676290893550018176,random_systematic_linear,R2_3,24,16,0.6666666666666666,1,20,0.05,0xc82b5b,0x6415ad,0,0,,2,1,20000000,False,False,1000000,1500,65536,"0x900001,0xa00002,0xc50004,0xef0008,0x7a0010,0x9a0020,0x9b0040,0x710080,0xdd0100,0xd30200,0xb70400,0x950800,0x3d1000,0x6d2000,0x934000,0xe98000","0x1ffcc,0x24678,0x43d0c,0x8b178,0x105ff1,0x20b49a,0x40a39c,0x80cf6f",dense systematic parity map; seed=4676290893550018176
343,natural,n24_k16_random_systematic_linear_R2_3,23,13969332760705498208,3,16748611985767961842,random_systematic_linear,R2_3,24,16,0.6666666666666666,1,20,0.05,0x9e339f,0x4f3d4d,2,4,,2,5,20000000,False,False,1000000,1500,65536,"0xa30001,0x580002,0xb50004,0x960008,0x650010,0x9b0020,0xd60040,0xde0080,0x740100,0x170200,0x5d0400,0x320800,0x361000,0xa82000,0x7e4000,0xd8000","0x18635,0x25ae9,0x4d7dc,0x8e4a2,0x105fee,0x207915,0x4045d2,0x8020ed",dense systematic parity map; seed=16748611985767961842
344,natural,n24_k16_random_systematic_linear_R2_3,24,3246677691826805390,0,15580646178856863639,random_systematic_linear,R2_3,24,16,0.6666666666666666,1,20,0.05,0x19dc99,0x9d499,19,1,,2,2,20000000,False,False,1000000,1500,65536,"0x490001,0x200002,0x6b0004,0x9d0008,0x6f0010,0x860020,0x5a0040,0xfb0080,0x470100,0xec0200,0xa10400,0x9c0800,0x5f1000,0x4e2000,0x664000,0x5d8000","0x1959d,0x271f4,0x4fb38,0x8badd,0x1098c8,0x204696,0x40f3d5,0x800ea8",dense systematic parity map; seed=15580646178856863639
345,natural,n24_k16_random_systematic_linear_R2_3,25,4904092008052776414,1,8905878669356214547,random_systematic_linear,R2_3,24,16,0.6666666666666666,1,20,0.05,0x20f481,0x1374c1,14,3,,2,4,20000000,False,False,1000000,1500,65536,"0xdb0001,0xdd0002,0x150004,0xa60008,0x4a0010,0x110020,0x2d0040,0xbd0080,0x8e0100,0xf0200,0x490400,0xc20800,0x221000,0x3a2000,0x6e4000,0x798000","0x186e7,0x27b19,0x443ce,0x8e7d3,0x10a0a7,0x20f0c8,0x40cc13,0x80098b",dense systematic parity map; seed=8905878669356214547
346,natural,n24_k16_random_systematic_linear_R2_3,26,4863511100680195144,2,4676290893550018176,random_systematic_linear,R2_3,24,16,0.6666666666666666,1,20,0.05,0x4c99e2,0x264ce2,5,0,,2,1,20000000,False,False,1000000,1500,65536,"0x900001,0xa00002,0xc50004,0xef0008,0x7a0010,0x9a0020,0x9b0040,0x710080,0xdd0100,0xd30200,0xb70400,0x950800,0x3d1000,0x6d2000,0x934000,0xe98000","0x1ffcc,0x24678,0x43d0c,0x8b178,0x105ff1,0x20b49a,0x40a39c,0x80cf6f",dense systematic parity map; seed=4676290893550018176
347,natural,n24_k16_random_systematic_linear_R2_3,27,446289829305985453,3,16748611985767961842,random_systematic_linear,R2_3,24,16,0.6666666666666666,1,20,0.05,0x345c36,0x1e3c36,10,2,,2,3,20000000,False,False,1000000,1500,65536,"0xa30001,0x580002,0xb50004,0x960008,0x650010,0x9b0020,0xd60040,0xde0080,0x740100,0x170200,0x5d0400,0x320800,0x361000,0xa82000,0x7e4000,0xd8000","0x18635,0x25ae9,0x4d7dc,0x8e4a2,0x105fee,0x207915,0x4045d2,0x8020ed",dense systematic parity map; seed=16748611985767961842
348,natural,n24_k16_random_systematic_linear_R2_3,28,17039016694517637293,0,15580646178856863639,random_systematic_linear,R2_3,24,16,0.6666666666666666,1,20,0.05,0x9e61ee,0x4f30e6,6,1,,2,2,20000000,False,False,1000000,1500,65536,"0x490001,0x200002,0x6b0004,0x9d0008,0x6f0010,0x860020,0x5a0040,0xfb0080,0x470100,0xec0200,0xa10400,0x9c0800,0x5f1000,0x4e2000,0x664000,0x5d8000","0x1959d,0x271f4,0x4fb38,0x8badd,0x1098c8,0x204696,0x40f3d5,0x800ea8",dense systematic parity map; seed=15580646178856863639
349,natural,n24_k16_random_systematic_linear_R2_3,29,15617270351907149425,1,8905878669356214547,random_systematic_linear,R2_3,24,16,0.6666666666666666,1,20,0.05,0xac8a7e,0x56653c,3,2,,2,3,20000000,False,False,1000000,1500,65536,"0xdb0001,0xdd0002,0x150004,0xa60008,0x4a0010,0x110020,0x2d0040,0xbd0080,0x8e0100,0xf0200,0x490400,0xc20800,0x221000,0x3a2000,0x6e4000,0x798000","0x186e7,0x27b19,0x443ce,0x8e7d3,0x10a0a7,0x20f0c8,0x40cc13,0x80098b",dense systematic parity map; seed=8905878669356214547
350,natural,n24_k16_random_systematic_linear_R2_3,30,3795876328551884797,2,4676290893550018176,random_systematic_linear,R2_3,24,16,0.6666666666666666,1,20,0.05,0x1e79c9,0x1f7dc8,9,3,,2,4,20000000,False,False,1000000,1500,65536,"0x900001,0xa00002,0xc50004,0xef0008,0x7a0010,0x9a0020,0x9b0040,0x710080,0xdd0100,0xd30200,0xb70400,0x950800,0x3d1000,0x6d2000,0x934000,0xe98000","0x1ffcc,0x24678,0x43d0c,0x8b178,0x105ff1,0x20b49a,0x40a39c,0x80cf6f",dense systematic parity map; seed=4676290893550018176
351,natural,n24_k16_random_systematic_linear_R2_3,31,9144751021579816543,3,16748611985767961842,random_systematic_linear,R2_3,24,16,0.6666666666666666,1,20,0.05,0x57c119,0x2bc139,14,1,,2,2,20000000,False,False,1000000,1500,65536,"0xa30001,0x580002,0xb50004,0x960008,0x650010,0x9b0020,0xd60040,0xde0080,0x740100,0x170200,0x5d0400,0x320800,0x361000,0xa82000,0x7e4000,0xd8000","0x18635,0x25ae9,0x4d7dc,0x8e4a2,0x105fee,0x207915,0x4045d2,0x8020ed",dense systematic parity map; seed=16748611985767961842
352,natural,n24_k16_random_systematic_linear_R2_3,32,8328714579805847779,0,15580646178856863639,random_systematic_linear,R2_3,24,16,0.6666666666666666,1,20,0.05,0x849d62,0x720f62,9,3,,2,4,20000000,False,False,1000000,1500,65536,"0x490001,0x200002,0x6b0004,0x9d0008,0x6f0010,0x860020,0x5a0040,0xfb0080,0x470100,0xec0200,0xa10400,0x9c0800,0x5f1000,0x4e2000,0x664000,0x5d8000","0x1959d,0x271f4,0x4fb38,0x8badd,0x1098c8,0x204696,0x40f3d5,0x800ea8",dense systematic parity map; seed=15580646178856863639
353,natural,n24_k16_random_systematic_linear_R2_3,33,760235183622659037,1,8905878669356214547,random_systematic_linear,R2_3,24,16,0.6666666666666666,1,20,0.05,0x9f910,0xdd10,9,2,,2,3,20000000,False,False,1000000,1500,65536,"0xdb0001,0xdd0002,0x150004,0xa60008,0x4a0010,0x110020,0x2d0040,0xbd0080,0x8e0100,0xf0200,0x490400,0xc20800,0x221000,0x3a2000,0x6e4000,0x798000","0x186e7,0x27b19,0x443ce,0x8e7d3,0x10a0a7,0x20f0c8,0x40cc13,0x80098b",dense systematic parity map; seed=8905878669356214547
354,natural,n24_k16_random_systematic_linear_R2_3,34,15180042688623311593,2,4676290893550018176,random_systematic_linear,R2_3,24,16,0.6666666666666666,1,20,0.05,0xc072e2,0x6038e2,9,0,,2,1,20000000,False,False,1000000,1500,65536,"0x900001,0xa00002,0xc50004,0xef0008,0x7a0010,0x9a0020,0x9b0040,0x710080,0xdd0100,0xd30200,0xb70400,0x950800,0x3d1000,0x6d2000,0x934000,0xe98000","0x1ffcc,0x24678,0x43d0c,0x8b178,0x105ff1,0x20b49a,0x40a39c,0x80cf6f",dense systematic parity map; seed=4676290893550018176
355,natural,n24_k16_random_systematic_linear_R2_3,35,1881750674333714114,3,16748611985767961842,random_systematic_linear,R2_3,24,16,0.6666666666666666,1,20,0.05,0xf981d6,0x7983d6,20,1,,2,2,20000000,False,False,1000000,1500,65536,"0xa30001,0x580002,0xb50004,0x960008,0x650010,0x9b0020,0xd60040,0xde0080,0x740100,0x170200,0x5d0400,0x320800,0x361000,0xa82000,0x7e4000,0xd8000","0x18635,0x25ae9,0x4d7dc,0x8e4a2,0x105fee,0x207915,0x4045d2,0x8020ed",dense systematic parity map; seed=16748611985767961842
356,natural,n24_k16_random_systematic_linear_R2_3,36,8961088107183229148,0,15580646178856863639,random_systematic_linear,R2_3,24,16,0.6666666666666666,1,20,0.05,0x5840cf,0x6c21cf,12,2,,2,3,20000000,False,False,1000000,1500,65536,"0x490001,0x200002,0x6b0004,0x9d0008,0x6f0010,0x860020,0x5a0040,0xfb0080,0x470100,0xec0200,0xa10400,0x9c0800,0x5f1000,0x4e2000,0x664000,0x5d8000","0x1959d,0x271f4,0x4fb38,0x8badd,0x1098c8,0x204696,0x40f3d5,0x800ea8",dense systematic parity map; seed=15580646178856863639
357,natural,n24_k16_random_systematic_linear_R2_3,37,8693386980449384288,1,8905878669356214547,random_systematic_linear,R2_3,24,16,0.6666666666666666,1,20,0.05,0xb3a042,0x53a042,20,0,,2,1,20000000,False,False,1000000,1500,65536,"0xdb0001,0xdd0002,0x150004,0xa60008,0x4a0010,0x110020,0x2d0040,0xbd0080,0x8e0100,0xf0200,0x490400,0xc20800,0x221000,0x3a2000,0x6e4000,0x798000","0x186e7,0x27b19,0x443ce,0x8e7d3,0x10a0a7,0x20f0c8,0x40cc13,0x80098b",dense systematic parity map; seed=8905878669356214547
358,natural,n24_k16_random_systematic_linear_R2_3,38,6189745559331882959,2,4676290893550018176,random_systematic_linear,R2_3,24,16,0.6666666666666666,1,20,0.05,0xe150db,0x78a87a,5,2,,2,3,20000000,False,False,1000000,1500,65536,"0x900001,0xa00002,0xc50004,0xef0008,0x7a0010,0x9a0020,0x9b0040,0x710080,0xdd0100,0xd30200,0xb70400,0x950800,0x3d1000,0x6d2000,0x934000,0xe98000","0x1ffcc,0x24678,0x43d0c,0x8b178,0x105ff1,0x20b49a,0x40a39c,0x80cf6f",dense systematic parity map; seed=4676290893550018176
359,natural,n24_k16_random_systematic_linear_R2_3,39,8871845743152291135,3,16748611985767961842,random_systematic_linear,R2_3,24,16,0.6666666666666666,1,20,0.05,0x127568,0x935e8,13,1,,2,2,20000000,False,False,1000000,1500,65536,"0xa30001,0x580002,0xb50004,0x960008,0x650010,0x9b0020,0xd60040,0xde0080,0x740100,0x170200,0x5d0400,0x320800,0x361000,0xa82000,0x7e4000,0xd8000","0x18635,0x25ae9,0x4d7dc,0x8e4a2,0x105fee,0x207915,0x4045d2,0x8020ed",dense systematic parity map; seed=16748611985767961842
360,natural,n24_k16_random_systematic_linear_R2_3,40,18444583890504974789,0,15580646178856863639,random_systematic_linear,R2_3,24,16,0.6666666666666666,1,20,0.05,0x1bb42,0x41b342,19,2,,2,3,20000000,False,False,1000000,1500,65536,"0x490001,0x200002,0x6b0004,0x9d0008,0x6f0010,0x860020,0x5a0040,0xfb0080,0x470100,0xec0200,0xa10400,0x9c0800,0x5f1000,0x4e2000,0x664000,0x5d8000","0x1959d,0x271f4,0x4fb38,0x8badd,0x1098c8,0x204696,0x40f3d5,0x800ea8",dense systematic parity map; seed=15580646178856863639
361,natural,n24_k16_random_systematic_linear_R2_3,41,5215688281614031479,1,8905878669356214547,random_systematic_linear,R2_3,24,16,0.6666666666666666,1,20,0.05,0xbb1123,0x5d8827,8,1,,2,2,20000000,False,False,1000000,1500,65536,"0xdb0001,0xdd0002,0x150004,0xa60008,0x4a0010,0x110020,0x2d0040,0xbd0080,0x8e0100,0xf0200,0x490400,0xc20800,0x221000,0x3a2000,0x6e4000,0x798000","0x186e7,0x27b19,0x443ce,0x8e7d3,0x10a0a7,0x20f0c8,0x40cc13,0x80098b",dense systematic parity map; seed=8905878669356214547
362,natural,n24_k16_random_systematic_linear_R2_3,42,3402709364481305747,2,4676290893550018176,random_systematic_linear,R2_3,24,16,0.6666666666666666,1,20,0.05,0xd916fe,0x6c8f7e,4,1,,2,2,20000000,False,False,1000000,1500,65536,"0x900001,0xa00002,0xc50004,0xef0008,0x7a0010,0x9a0020,0x9b0040,0x710080,0xdd0100,0xd30200,0xb70400,0x950800,0x3d1000,0x6d2000,0x934000,0xe98000","0x1ffcc,0x24678,0x43d0c,0x8b178,0x105ff1,0x20b49a,0x40a39c,0x80cf6f",dense systematic parity map; seed=4676290893550018176
363,natural,n24_k16_random_systematic_linear_R2_3,43,4853735711316731912,3,16748611985767961842,random_systematic_linear,R2_3,24,16,0.6666666666666666,1,20,0.05,0xce3a41,0x653a45,16,2,,2,3,20000000,False,False,1000000,1500,65536,"0xa30001,0x580002,0xb50004,0x960008,0x650010,0x9b0020,0xd60040,0xde0080,0x740100,0x170200,0x5d0400,0x320800,0x361000,0xa82000,0x7e4000,0xd8000","0x18635,0x25ae9,0x4d7dc,0x8e4a2,0x105fee,0x207915,0x4045d2,0x8020ed",dense systematic parity map; seed=16748611985767961842
364,natural,n24_k16_random_systematic_linear_R2_3,44,6106435719472423649,0,15580646178856863639,random_systematic_linear,R2_3,24,16,0.6666666666666666,1,20,0.05,0xd74077,0x774077,21,0,,2,1,20000000,False,False,1000000,1500,65536,"0x490001,0x200002,0x6b0004,0x9d0008,0x6f0010,0x860020,0x5a0040,0xfb0080,0x470100,0xec0200,0xa10400,0x9c0800,0x5f1000,0x4e2000,0x664000,0x5d8000","0x1959d,0x271f4,0x4fb38,0x8badd,0x1098c8,0x204696,0x40f3d5,0x800ea8",dense systematic parity map; seed=15580646178856863639
365,natural,n24_k16_random_systematic_linear_R2_3,45,11469272323555915753,1,8905878669356214547,random_systematic_linear,R2_3,24,16,0.6666666666666666,1,20,0.05,0x547b53,0xa3b53,14,1,,2,2,20000000,False,False,1000000,1500,65536,"0xdb0001,0xdd0002,0x150004,0xa60008,0x4a0010,0x110020,0x2d0040,0xbd0080,0x8e0100,0xf0200,0x490400,0xc20800,0x221000,0x3a2000,0x6e4000,0x798000","0x186e7,0x27b19,0x443ce,0x8e7d3,0x10a0a7,0x20f0c8,0x40cc13,0x80098b",dense systematic parity map; seed=8905878669356214547
366,natural,n24_k16_random_systematic_linear_R2_3,46,9476129743622529265,2,4676290893550018176,random_systematic_linear,R2_3,24,16,0.6666666666666666,1,20,0.05,0x86a2c,0x143c34,9,4,,2,5,20000000,False,False,1000000,1500,65536,"0x900001,0xa00002,0xc50004,0xef0008,0x7a0010,0x9a0020,0x9b0040,0x710080,0xdd0100,0xd30200,0xb70400,0x950800,0x3d1000,0x6d2000,0x934000,0xe98000","0x1ffcc,0x24678,0x43d0c,0x8b178,0x105ff1,0x20b49a,0x40a39c,0x80cf6f",dense systematic parity map; seed=4676290893550018176
367,natural,n24_k16_random_systematic_linear_R2_3,47,10482373207292501865,3,16748611985767961842,random_systematic_linear,R2_3,24,16,0.6666666666666666,1,20,0.05,0x8d04cf,0x4680ce,10,1,,2,2,20000000,False,False,1000000,1500,65536,"0xa30001,0x580002,0xb50004,0x960008,0x650010,0x9b0020,0xd60040,0xde0080,0x740100,0x170200,0x5d0400,0x320800,0x361000,0xa82000,0x7e4000,0xd8000","0x18635,0x25ae9,0x4d7dc,0x8e4a2,0x105fee,0x207915,0x4045d2,0x8020ed",dense systematic parity map; seed=16748611985767961842
368,natural,n24_k16_random_systematic_linear_R2_3,48,5090950873694338943,0,15580646178856863639,random_systematic_linear,R2_3,24,16,0.6666666666666666,1,20,0.05,0x3e0e23,0x3f0e23,13,1,,2,2,20000000,False,False,1000000,1500,65536,"0x490001,0x200002,0x6b0004,0x9d0008,0x6f0010,0x860020,0x5a0040,0xfb0080,0x470100,0xec0200,0xa10400,0x9c0800,0x5f1000,0x4e2000,0x664000,0x5d8000","0x1959d,0x271f4,0x4fb38,0x8badd,0x1098c8,0x204696,0x40f3d5,0x800ea8",dense systematic parity map; seed=15580646178856863639
369,natural,n24_k16_random_systematic_linear_R2_3,49,5085550332106695661,1,8905878669356214547,random_systematic_linear,R2_3,24,16,0.6666666666666666,1,20,0.05,0x189515,0x89515,19,0,,2,1,20000000,False,False,1000000,1500,65536,"0xdb0001,0xdd0002,0x150004,0xa60008,0x4a0010,0x110020,0x2d0040,0xbd0080,0x8e0100,0xf0200,0x490400,0xc20800,0x221000,0x3a2000,0x6e4000,0x798000","0x186e7,0x27b19,0x443ce,0x8e7d3,0x10a0a7,0x20f0c8,0x40cc13,0x80098b",dense systematic parity map; seed=8905878669356214547
370,natural,n24_k16_random_systematic_linear_R2_3,50,3868260134817576015,2,4676290893550018176,random_systematic_linear,R2_3,24,16,0.6666666666666666,1,20,0.05,0xf006a9,0x7806a9,11,0,,2,1,20000000,False,False,1000000,1500,65536,"0x900001,0xa00002,0xc50004,0xef0008,0x7a0010,0x9a0020,0x9b0040,0x710080,0xdd0100,0xd30200,0xb70400,0x950800,0x3d1000,0x6d2000,0x934000,0xe98000","0x1ffcc,0x24678,0x43d0c,0x8b178,0x105ff1,0x20b49a,0x40a39c,0x80cf6f",dense systematic parity map; seed=4676290893550018176
371,natural,n24_k16_random_systematic_linear_R2_3,51,1592242304797941699,3,16748611985767961842,random_systematic_linear,R2_3,24,16,0.6666666666666666,1,20,0.05,0x7357e8,0x39abf4,1,0,,2,1,20000000,False,False,1000000,1500,65536,"0xa30001,0x580002,0xb50004,0x960008,0x650010,0x9b0020,0xd60040,0xde0080,0x740100,0x170200,0x5d0400,0x320800,0x361000,0xa82000,0x7e4000,0xd8000","0x18635,0x25ae9,0x4d7dc,0x8e4a2,0x105fee,0x207915,0x4045d2,0x8020ed",dense systematic parity map; seed=16748611985767961842
372,natural,n24_k16_random_systematic_linear_R2_3,52,5721634838571742145,0,15580646178856863639,random_systematic_linear,R2_3,24,16,0.6666666666666666,1,20,0.05,0xe17e7b,0x617e7b,23,0,,2,1,20000000,False,False,1000000,1500,65536,"0x490001,0x200002,0x6b0004,0x9d0008,0x6f0010,0x860020,0x5a0040,0xfb0080,0x470100,0xec0200,0xa10400,0x9c0800,0x5f1000,0x4e2000,0x664000,0x5d8000","0x1959d,0x271f4,0x4fb38,0x8badd,0x1098c8,0x204696,0x40f3d5,0x800ea8",dense systematic parity map; seed=15580646178856863639
373,natural,n24_k16_random_systematic_linear_R2_3,53,4709059479356397141,1,8905878669356214547,random_systematic_linear,R2_3,24,16,0.6666666666666666,1,20,0.05,0x40f158,0x2078ac,0,0,,2,1,20000000,False,False,1000000,1500,65536,"0xdb0001,0xdd0002,0x150004,0xa60008,0x4a0010,0x110020,0x2d0040,0xbd0080,0x8e0100,0xf0200,0x490400,0xc20800,0x221000,0x3a2000,0x6e4000,0x798000","0x186e7,0x27b19,0x443ce,0x8e7d3,0x10a0a7,0x20f0c8,0x40cc13,0x80098b",dense systematic parity map; seed=8905878669356214547
374,natural,n24_k16_random_systematic_linear_R2_3,54,3105543139132270144,2,4676290893550018176,random_systematic_linear,R2_3,24,16,0.6666666666666666,1,20,0.05,0x5bd225,0x2de225,12,0,,2,1,20000000,False,False,1000000,1500,65536,"0x900001,0xa00002,0xc50004,0xef0008,0x7a0010,0x9a0020,0x9b0040,0x710080,0xdd0100,0xd30200,0xb70400,0x950800,0x3d1000,0x6d2000,0x934000,0xe98000","0x1ffcc,0x24678,0x43d0c,0x8b178,0x105ff1,0x20b49a,0x40a39c,0x80cf6f",dense systematic parity map; seed=4676290893550018176
375,natural,n24_k16_random_systematic_linear_R2_3,55,17546797146772332339,3,16748611985767961842,random_systematic_linear,R2_3,24,16,0.6666666666666666,1,20,0.05,0x98c3cd,0x4c61e5,2,0,,2,1,20000000,False,False,1000000,1500,65536,"0xa30001,0x580002,0xb50004,0x960008,0x650010,0x9b0020,0xd60040,0xde0080,0x740100,0x170200,0x5d0400,0x320800,0x361000,0xa82000,0x7e4000,0xd8000","0x18635,0x25ae9,0x4d7dc,0x8e4a2,0x105fee,0x207915,0x4045d2,0x8020ed",dense systematic parity map; seed=16748611985767961842
376,natural,n24_k16_random_systematic_linear_R2_3,56,13234573811028634903,0,15580646178856863639,random_systematic_linear,R2_3,24,16,0.6666666666666666,1,20,0.05,0xcf4bfe,0x67abfe,12,0,,2,1,20000000,False,False,1000000,1500,65536,"0x490001,0x200002,0x6b0004,0x9d0008,0x6f0010,0x860020,0x5a0040,0xfb0080,0x470100,0xec0200,0xa10400,0x9c0800,0x5f1000,0x4e2000,0x664000,0x5d8000","0x1959d,0x271f4,0x4fb38,0x8badd,0x1098c8,0x204696,0x40f3d5,0x800ea8",dense systematic parity map; seed=15580646178856863639
377,natural,n24_k16_random_systematic_linear_R2_3,57,5849041786495135106,1,8905878669356214547,random_systematic_linear,R2_3,24,16,0.6666666666666666,1,20,0.05,0xb00a09,0x581a09,12,1,,2,2,20000000,False,False,1000000,1500,65536,"0xdb0001,0xdd0002,0x150004,0xa60008,0x4a0010,0x110020,0x2d0040,0xbd0080,0x8e0100,0xf0200,0x490400,0xc20800,0x221000,0x3a2000,0x6e4000,0x798000","0x186e7,0x27b19,0x443ce,0x8e7d3,0x10a0a7,0x20f0c8,0x40cc13,0x80098b",dense systematic parity map; seed=8905878669356214547
378,natural,n24_k16_random_systematic_linear_R2_3,58,17437641259233425810,2,4676290893550018176,random_systematic_linear,R2_3,24,16,0.6666666666666666,1,20,0.05,0x32f762,0x197362,9,1,,2,2,20000000,False,False,1000000,1500,65536,"0x900001,0xa00002,0xc50004,0xef0008,0x7a0010,0x9a0020,0x9b0040,0x710080,0xdd0100,0xd30200,0xb70400,0x950800,0x3d1000,0x6d2000,0x934000,0xe98000","0x1ffcc,0x24678,0x43d0c,0x8b178,0x105ff1,0x20b49a,0x40a39c,0x80cf6f",dense systematic parity map; seed=4676290893550018176
379,natural,n24_k16_random_systematic_linear_R2_3,59,5384836529381685889,3,16748611985767961842,random_systematic_linear,R2_3,24,16,0.6666666666666666,1,20,0.05,0xf8a79f,0x7c679f,14,0,,2,1,20000000,False,False,1000000,1500,65536,"0xa30001,0x580002,0xb50004,0x960008,0x650010,0x9b0020,0xd60040,0xde0080,0x740100,0x170200,0x5d0400,0x320800,0x361000,0xa82000,0x7e4000,0xd8000","0x18635,0x25ae9,0x4d7dc,0x8e4a2,0x105fee,0x207915,0x4045d2,0x8020ed",dense systematic parity map; seed=16748611985767961842
380,natural,n24_k16_random_systematic_linear_R2_3,60,17956971035642245766,0,15580646178856863639,random_systematic_linear,R2_3,24,16,0.6666666666666666,1,20,0.05,0x73a45b,0x39d22d,1,0,,2,1,20000000,False,False,1000000,1500,65536,"0x490001,0x200002,0x6b0004,0x9d0008,0x6f0010,0x860020,0x5a0040,0xfb0080,0x470100,0xec0200,0xa10400,0x9c0800,0x5f1000,0x4e2000,0x664000,0x5d8000","0x1959d,0x271f4,0x4fb38,0x8badd,0x1098c8,0x204696,0x40f3d5,0x800ea8",dense systematic parity map; seed=15580646178856863639
381,natural,n24_k16_random_systematic_linear_R2_3,61,3394803461045458369,1,8905878669356214547,random_systematic_linear,R2_3,24,16,0.6666666666666666,1,20,0.05,0x53616f,0x53616f,23,0,,2,1,20000000,False,False,1000000,1500,65536,"0xdb0001,0xdd0002,0x150004,0xa60008,0x4a0010,0x110020,0x2d0040,0xbd0080,0x8e0100,0xf0200,0x490400,0xc20800,0x221000,0x3a2000,0x6e4000,0x798000","0x186e7,0x27b19,0x443ce,0x8e7d3,0x10a0a7,0x20f0c8,0x40cc13,0x80098b",dense systematic parity map; seed=8905878669356214547
382,natural,n24_k16_random_systematic_linear_R2_3,62,11615133857668730611,2,4676290893550018176,random_systematic_linear,R2_3,24,16,0.6666666666666666,1,20,0.05,0x2ffeb6,0x177fb6,8,1,,2,2,20000000,False,False,1000000,1500,65536,"0x900001,0xa00002,0xc50004,0xef0008,0x7a0010,0x9a0020,0x9b0040,0x710080,0xdd0100,0xd30200,0xb70400,0x950800,0x3d1000,0x6d2000,0x934000,0xe98000","0x1ffcc,0x24678,0x43d0c,0x8b178,0x105ff1,0x20b49a,0x40a39c,0x80cf6f",dense systematic parity map; seed=4676290893550018176
383,natural,n24_k16_random_systematic_linear_R2_3,63,10875333689327599049,3,16748611985767961842,random_systematic_linear,R2_3,24,16,0.6666666666666666,1,20,0.05,0xebdd04,0x75fd04,13,0,,2,1,20000000,False,False,1000000,1500,65536,"0xa30001,0x580002,0xb50004,0x960008,0x650010,0x9b0020,0xd60040,0xde0080,0x740100,0x170200,0x5d0400,0x320800,0x361000,0xa82000,0x7e4000,0xd8000","0x18635,0x25ae9,0x4d7dc,0x8e4a2,0x105fee,0x207915,0x4045d2,0x8020ed",dense systematic parity map; seed=16748611985767961842
384,natural,n24_k18_random_systematic_linear_R3_4,0,10717357727607273833,0,6893448237340044436,random_systematic_linear,R3_4,24,18,0.75,1,20,0.05,0x9e7b4e,0x4b3c4e,8,2,,2,3,20000000,True,True,1000000,1500,262144,"0xe40001,0x680002,0xf00004,0x280008,0x10,0x500020,0xac0040,0x500080,0x6c0100,0x200200,0x180400,0xe80800,0x141000,0x142000,0x204000,0x9c8000,0xa10000,0x60000","0x6b141,0x88d4a,0x10b4a4,0x214b4f,0x4009a7,0x818845",dense systematic parity map; seed=6893448237340044436
385,natural,n24_k18_random_systematic_linear_R3_4,1,16565973630788279156,1,3486749439749731252,random_systematic_linear,R3_4,24,18,0.75,1,20,0.05,0x85ae2f,0x42d319,4,3,,2,4,20000000,True,True,1000000,1500,262144,"0xc0001,0xf40002,0x540004,0xc00008,0x640010,0x180020,0x380040,0x800080,0xa00100,0x900200,0xa00400,0x480800,0xc1000,0x742000,0x704000,0x988000,0x650000,0x8a0000","0x53017,0xa9861,0x10e266,0x216552,0x41681e,0x82878a",dense systematic parity map; seed=3486749439749731252
386,natural,n24_k18_random_systematic_linear_R3_4,2,6634224180313562681,2,3429199148866107763,random_systematic_linear,R3_4,24,18,0.75,1,20,0.05,0x9e876,0x4e476,8,1,,2,2,20000000,True,True,1000000,1500,262144,"0x440001,0x940002,0xdc0004,0xfc0008,0x600010,0xd00020,0x880040,0x880080,0xbc0100,0x880200,0x940400,0x540800,0x1c1000,0x142000,0x184000,0x788000,0x590000,0x5a0000","0x43d0f,0xbd3cc,0x13fd2e,0x208118,0x43883d,0x8007ee",dense systematic parity map; seed=3429199148866107763
387,natural,n24_k18_random_systematic_linear_R3_4,3,10851795346280021527,3,6853693797319856947,random_systematic_linear,R3_4,24,18,0.75,1,20,0.05,0x46b172,0x26b172,19,0,,2,1,20000000,True,True,1000000,1500,262144,"0x200001,0x780002,0x880004,0xa00008,0xe00010,0x6c0020,0x9c0040,0x440080,0x140100,0x640200,0x580400,0x280800,0xfc1000,0x9c2000,0xc04000,0xe08000,0x250000,0xba0000","0x533e0,0xa3c66,0x123542,0x239a3b,0x40d6b2,0x82f05c",dense systematic parity map; seed=6853693797319856947
388,natural,n24_k18_random_systematic_linear_R3_4,4,10821285826774527496,0,6893448237340044436,random_systematic_linear,R3_4,24,18,0.75,1,20,0.05,0x3c1e4f,0x1c1e4f,21,0,,2,1,20000000,True,True,1000000,1500,262144,"0xe40001,0x680002,0xf00004,0x280008,0x10,0x500020,0xac0040,0x500080,0x6c0100,0x200200,0x180400,0xe80800,0x141000,0x142000,0x204000,0x9c8000,0xa10000,0x60000","0x6b141,0x88d4a,0x10b4a4,0x214b4f,0x4009a7,0x818845",dense systematic parity map; seed=6893448237340044436
389,natural,n24_k18_random_systematic_linear_R3_4,5,8507810746723240095,1,3486749439749731252,random_systematic_linear,R3_4,24,18,0.75,1,20,0.05,0x8075d4,0x4435d4,13,1,,2,2,20000000,True,True,1000000,1500,262144,"0xc0001,0xf40002,0x540004,0xc00008,0x640010,0x180020,0x380040,0x800080,0xa00100,0x900200,0xa00400,0x480800,0xc1000,0x742000,0x704000,0x988000,0x650000,0x8a0000","0x53017,0xa9861,0x10e266,0x216552,0x41681e,0x82878a",dense systematic parity map; seed=3486749439749731252
390,natural,n24_k18_random_systematic_linear_R3_4,6,10157682173131625786,2,3429199148866107763,random_systematic_linear,R3_4,24,18,0.75,1,20,0.05,0xc5b0a,0x629ca,5,2,,2,3,20000000,True,True,1000000,1500,262144,"0x440001,0x940002,0xdc0004,0xfc0008,0x600010,0xd00020,0x880040,0x880080,0xbc0100,0x880200,0x940400,0x540800,0x1c1000,0x142000,0x184000,0x788000,0x590000,0x5a0000","0x43d0f,0xbd3cc,0x13fd2e,0x208118,0x43883d,0x8007ee",dense systematic parity map; seed=3429199148866107763
391,natural,n24_k18_random_systematic_linear_R3_4,7,7740102179254569388,3,6853693797319856947,random_systematic_linear,R3_4,24,18,0.75,1,20,0.05,0x6b83e7,0x35c167,9,1,,2,2,20000000,True,True,1000000,1500,262144,"0x200001,0x780002,0x880004,0xa00008,0xe00010,0x6c0020,0x9c0040,0x440080,0x140100,0x640200,0x580400,0x280800,0xfc1000,0x9c2000,0xc04000,0xe08000,0x250000,0xba0000","0x533e0,0xa3c66,0x123542,0x239a3b,0x40d6b2,0x82f05c",dense systematic parity map; seed=6853693797319856947
392,natural,n24_k18_random_systematic_linear_R3_4,8,6133928569978213782,0,6893448237340044436,random_systematic_linear,R3_4,24,18,0.75,1,20,0.05,0xe89e0e,0x749e0e,18,0,,2,1,20000000,False,False,1000000,1500,262144,"0xe40001,0x680002,0xf00004,0x280008,0x10,0x500020,0xac0040,0x500080,0x6c0100,0x200200,0x180400,0xe80800,0x141000,0x142000,0x204000,0x9c8000,0xa10000,0x60000","0x6b141,0x88d4a,0x10b4a4,0x214b4f,0x4009a7,0x818845",dense systematic parity map; seed=6893448237340044436
393,natural,n24_k18_random_systematic_linear_R3_4,9,6607201003844287679,1,3486749439749731252,random_systematic_linear,R3_4,24,18,0.75,1,20,0.05,0xe310e6,0x718872,1,0,,2,1,20000000,False,False,1000000,1500,262144,"0xc0001,0xf40002,0x540004,0xc00008,0x640010,0x180020,0x380040,0x800080,0xa00100,0x900200,0xa00400,0x480800,0xc1000,0x742000,0x704000,0x988000,0x650000,0x8a0000","0x53017,0xa9861,0x10e266,0x216552,0x41681e,0x82878a",dense systematic parity map; seed=3486749439749731252
394,natural,n24_k18_random_systematic_linear_R3_4,10,2348992161543951712,2,3429199148866107763,random_systematic_linear,R3_4,24,18,0.75,1,20,0.05,0x55c0d7,0x2ae0ef,0,2,,2,3,20000000,False,False,1000000,1500,262144,"0x440001,0x940002,0xdc0004,0xfc0008,0x600010,0xd00020,0x880040,0x880080,0xbc0100,0x880200,0x940400,0x540800,0x1c1000,0x142000,0x184000,0x788000,0x590000,0x5a0000","0x43d0f,0xbd3cc,0x13fd2e,0x208118,0x43883d,0x8007ee",dense systematic parity map; seed=3429199148866107763
395,natural,n24_k18_random_systematic_linear_R3_4,11,1009604702566540664,3,6853693797319856947,random_systematic_linear,R3_4,24,18,0.75,1,20,0.05,0xa40e1e,0x52061e,5,1,,2,2,20000000,False,False,1000000,1500,262144,"0x200001,0x780002,0x880004,0xa00008,0xe00010,0x6c0020,0x9c0040,0x440080,0x140100,0x640200,0x580400,0x280800,0xfc1000,0x9c2000,0xc04000,0xe08000,0x250000,0xba0000","0x533e0,0xa3c66,0x123542,0x239a3b,0x40d6b2,0x82f05c",dense systematic parity map; seed=6853693797319856947
396,natural,n24_k18_random_systematic_linear_R3_4,12,15807727385057257466,0,6893448237340044436,random_systematic_linear,R3_4,24,18,0.75,1,20,0.05,0x36fd2a,0x12fd2a,17,1,,2,2,20000000,False,False,1000000,1500,262144,"0xe40001,0x680002,0xf00004,0x280008,0x10,0x500020,0xac0040,0x500080,0x6c0100,0x200200,0x180400,0xe80800,0x141000,0x142000,0x204000,0x9c8000,0xa10000,0x60000","0x6b141,0x88d4a,0x10b4a4,0x214b4f,0x4009a7,0x818845",dense systematic parity map; seed=6893448237340044436
397,natural,n24_k18_random_systematic_linear_R3_4,13,18191440031594004962,1,3486749439749731252,random_systematic_linear,R3_4,24,18,0.75,1,20,0.05,0xde82fd,0x6f41fd,6,1,,2,2,20000000,False,False,1000000,1500,262144,"0xc0001,0xf40002,0x540004,0xc00008,0x640010,0x180020,0x380040,0x800080,0xa00100,0x900200,0xa00400,0x480800,0xc1000,0x742000,0x704000,0x988000,0x650000,0x8a0000","0x53017,0xa9861,0x10e266,0x216552,0x41681e,0x82878a",dense systematic parity map; seed=3486749439749731252
398,natural,n24_k18_random_systematic_linear_R3_4,14,16233892177647576528,2,3429199148866107763,random_systematic_linear,R3_4,24,18,0.75,1,20,0.05,0xc509ab,0x6509ab,21,0,,2,1,20000000,False,False,1000000,1500,262144,"0x440001,0x940002,0xdc0004,0xfc0008,0x600010,0xd00020,0x880040,0x880080,0xbc0100,0x880200,0x940400,0x540800,0x1c1000,0x142000,0x184000,0x788000,0x590000,0x5a0000","0x43d0f,0xbd3cc,0x13fd2e,0x208118,0x43883d,0x8007ee",dense systematic parity map; seed=3429199148866107763
399,natural,n24_k18_random_systematic_linear_R3_4,15,78304521375162299,3,6853693797319856947,random_systematic_linear,R3_4,24,18,0.75,1,20,0.05,0x6afd9e,0x2efd8e,22,2,,2,3,20000000,False,False,1000000,1500,262144,"0x200001,0x780002,0x880004,0xa00008,0xe00010,0x6c0020,0x9c0040,0x440080,0x140100,0x640200,0x580400,0x280800,0xfc1000,0x9c2000,0xc04000,0xe08000,0x250000,0xba0000","0x533e0,0xa3c66,0x123542,0x239a3b,0x40d6b2,0x82f05c",dense systematic parity map; seed=6853693797319856947
400,natural,n24_k18_random_systematic_linear_R3_4,16,10579471391293985876,0,6893448237340044436,random_systematic_linear,R3_4,24,18,0.75,1,20,0.05,0x3a4b45,0x1d4b44,15,1,,2,2,20000000,False,False,1000000,1500,262144,"0xe40001,0x680002,0xf00004,0x280008,0x10,0x500020,0xac0040,0x500080,0x6c0100,0x200200,0x180400,0xe80800,0x141000,0x142000,0x204000,0x9c8000,0xa10000,0x60000","0x6b141,0x88d4a,0x10b4a4,0x214b4f,0x4009a7,0x818845",dense systematic parity map; seed=6893448237340044436
401,natural,n24_k18_random_systematic_linear_R3_4,17,6565758925165041997,1,3486749439749731252,random_systematic_linear,R3_4,24,18,0.75,1,20,0.05,0xa4390a,0x561c8a,5,1,,2,2,20000000,False,False,1000000,1500,262144,"0xc0001,0xf40002,0x540004,0xc00008,0x640010,0x180020,0x380040,0x800080,0xa00100,0x900200,0xa00400,0x480800,0xc1000,0x742000,0x704000,0x988000,0x650000,0x8a0000","0x53017,0xa9861,0x10e266,0x216552,0x41681e,0x82878a",dense systematic parity map; seed=3486749439749731252
402,natural,n24_k18_random_systematic_linear_R3_4,18,16495743238223655941,2,3429199148866107763,random_systematic_linear,R3_4,24,18,0.75,1,20,0.05,0xaa3295,0x52b295,19,1,,2,2,20000000,False,False,1000000,1500,262144,"0x440001,0x940002,0xdc0004,0xfc0008,0x600010,0xd00020,0x880040,0x880080,0xbc0100,0x880200,0x940400,0x540800,0x1c1000,0x142000,0x184000,0x788000,0x590000,0x5a0000","0x43d0f,0xbd3cc,0x13fd2e,0x208118,0x43883d,0x8007ee",dense systematic parity map; seed=3429199148866107763
403,natural,n24_k18_random_systematic_linear_R3_4,19,16238456094928168985,3,6853693797319856947,random_systematic_linear,R3_4,24,18,0.75,1,20,0.05,0x56eee6,0x2377e6,8,1,,2,2,20000000,False,False,1000000,1500,262144,"0x200001,0x780002,0x880004,0xa00008,0xe00010,0x6c0020,0x9c0040,0x440080,0x140100,0x640200,0x580400,0x280800,0xfc1000,0x9c2000,0xc04000,0xe08000,0x250000,0xba0000","0x533e0,0xa3c66,0x123542,0x239a3b,0x40d6b2,0x82f05c",dense systematic parity map; seed=6853693797319856947
404,natural,n24_k18_random_systematic_linear_R3_4,20,10047277489232225040,0,6893448237340044436,random_systematic_linear,R3_4,24,18,0.75,1,20,0.05,0x8c2bbd,0x462b1d,14,2,,2,3,20000000,False,False,1000000,1500,262144,"0xe40001,0x680002,0xf00004,0x280008,0x10,0x500020,0xac0040,0x500080,0x6c0100,0x200200,0x180400,0xe80800,0x141000,0x142000,0x204000,0x9c8000,0xa10000,0x60000","0x6b141,0x88d4a,0x10b4a4,0x214b4f,0x4009a7,0x818845",dense systematic parity map; seed=6893448237340044436
405,natural,n24_k18_random_systematic_linear_R3_4,21,9607670195655644739,1,3486749439749731252,random_systematic_linear,R3_4,24,18,0.75,1,20,0.05,0x664a70,0x3322f0,12,2,,2,3,20000000,False,False,1000000,1500,262144,"0xc0001,0xf40002,0x540004,0xc00008,0x640010,0x180020,0x380040,0x800080,0xa00100,0x900200,0xa00400,0x480800,0xc1000,0x742000,0x704000,0x988000,0x650000,0x8a0000","0x53017,0xa9861,0x10e266,0x216552,0x41681e,0x82878a",dense systematic parity map; seed=3486749439749731252
406,natural,n24_k18_random_systematic_linear_R3_4,22,4834750237334857525,2,3429199148866107763,random_systematic_linear,R3_4,24,18,0.75,1,20,0.05,0x14f704,0xa7704,15,0,,2,1,20000000,False,False,1000000,1500,262144,"0x440001,0x940002,0xdc0004,0xfc0008,0x600010,0xd00020,0x880040,0x880080,0xbc0100,0x880200,0x940400,0x540800,0x1c1000,0x142000,0x184000,0x788000,0x590000,0x5a0000","0x43d0f,0xbd3cc,0x13fd2e,0x208118,0x43883d,0x8007ee",dense systematic parity map; seed=3429199148866107763
407,natural,n24_k18_random_systematic_linear_R3_4,23,13696087308197782051,3,6853693797319856947,random_systematic_linear,R3_4,24,18,0.75,1,20,0.05,0x9e622f,0x4f622a,16,2,,2,3,20000000,False,False,1000000,1500,262144,"0x200001,0x780002,0x880004,0xa00008,0xe00010,0x6c0020,0x9c0040,0x440080,0x140100,0x640200,0x580400,0x280800,0xfc1000,0x9c2000,0xc04000,0xe08000,0x250000,0xba0000","0x533e0,0xa3c66,0x123542,0x239a3b,0x40d6b2,0x82f05c",dense systematic parity map; seed=6853693797319856947
408,natural,n24_k18_random_systematic_linear_R3_4,24,5275287832982889938,0,6893448237340044436,random_systematic_linear,R3_4,24,18,0.75,1,20,0.05,0xdb532f,0x6da997,0,0,,2,1,20000000,False,False,1000000,1500,262144,"0xe40001,0x680002,0xf00004,0x280008,0x10,0x500020,0xac0040,0x500080,0x6c0100,0x200200,0x180400,0xe80800,0x141000,0x142000,0x204000,0x9c8000,0xa10000,0x60000","0x6b141,0x88d4a,0x10b4a4,0x214b4f,0x4009a7,0x818845",dense systematic parity map; seed=6893448237340044436
409,natural,n24_k18_random_systematic_linear_R3_4,25,13157389805778947920,1,3486749439749731252,random_systematic_linear,R3_4,24,18,0.75,1,20,0.05,0x1d3d97,0xebfd7,6,2,,2,3,20000000,False,False,1000000,1500,262144,"0xc0001,0xf40002,0x540004,0xc00008,0x640010,0x180020,0x380040,0x800080,0xa00100,0x900200,0xa00400,0x480800,0xc1000,0x742000,0x704000,0x988000,0x650000,0x8a0000","0x53017,0xa9861,0x10e266,0x216552,0x41681e,0x82878a",dense systematic parity map; seed=3486749439749731252
410,natural,n24_k18_random_systematic_linear_R3_4,26,97873544750090311,2,3429199148866107763,random_systematic_linear,R3_4,24,18,0.75,1,20,0.05,0x6e299c,0x3754fc,5,2,,2,3,20000000,False,False,1000000,1500,262144,"0x440001,0x940002,0xdc0004,0xfc0008,0x600010,0xd00020,0x880040,0x880080,0xbc0100,0x880200,0x940400,0x540800,0x1c1000,0x142000,0x184000,0x788000,0x590000,0x5a0000","0x43d0f,0xbd3cc,0x13fd2e,0x208118,0x43883d,0x8007ee",dense systematic parity map; seed=3429199148866107763
411,natural,n24_k18_random_systematic_linear_R3_4,27,14230274245787083842,3,6853693797319856947,random_systematic_linear,R3_4,24,18,0.75,1,20,0.05,0x46b35f,0x2359ad,3,1,,2,2,20000000,False,False,1000000,1500,262144,"0x200001,0x780002,0x880004,0xa00008,0xe00010,0x6c0020,0x9c0040,0x440080,0x140100,0x640200,0x580400,0x280800,0xfc1000,0x9c2000,0xc04000,0xe08000,0x250000,0xba0000","0x533e0,0xa3c66,0x123542,0x239a3b,0x40d6b2,0x82f05c",dense systematic parity map; seed=6853693797319856947
412,natural,n24_k18_random_systematic_linear_R3_4,28,6984714198049570021,0,6893448237340044436,random_systematic_linear,R3_4,24,18,0.75,1,20,0.05,0x5ffec2,0x2ffec2,18,0,,2,1,20000000,False,False,1000000,1500,262144,"0xe40001,0x680002,0xf00004,0x280008,0x10,0x500020,0xac0040,0x500080,0x6c0100,0x200200,0x180400,0xe80800,0x141000,0x142000,0x204000,0x9c8000,0xa10000,0x60000","0x6b141,0x88d4a,0x10b4a4,0x214b4f,0x4009a7,0x818845",dense systematic parity map; seed=6893448237340044436
413,natural,n24_k18_random_systematic_linear_R3_4,29,3542878014886144191,1,3486749439749731252,random_systematic_linear,R3_4,24,18,0.75,1,20,0.05,0xa602de,0x73016e,3,1,,2,2,20000000,False,False,1000000,1500,262144,"0xc0001,0xf40002,0x540004,0xc00008,0x640010,0x180020,0x380040,0x800080,0xa00100,0x900200,0xa00400,0x480800,0xc1000,0x742000,0x704000,0x988000,0x650000,0x8a0000","0x53017,0xa9861,0x10e266,0x216552,0x41681e,0x82878a",dense systematic parity map; seed=3486749439749731252
414,natural,n24_k18_random_systematic_linear_R3_4,30,15203422557355320690,2,3429199148866107763,random_systematic_linear,R3_4,24,18,0.75,1,20,0.05,0x290e70,0x108e70,14,1,,2,2,20000000,False,False,1000000,1500,262144,"0x440001,0x940002,0xdc0004,0xfc0008,0x600010,0xd00020,0x880040,0x880080,0xbc0100,0x880200,0x940400,0x540800,0x1c1000,0x142000,0x184000,0x788000,0x590000,0x5a0000","0x43d0f,0xbd3cc,0x13fd2e,0x208118,0x43883d,0x8007ee",dense systematic parity map; seed=3429199148866107763
415,natural,n24_k18_random_systematic_linear_R3_4,31,742072008128610452,3,6853693797319856947,random_systematic_linear,R3_4,24,18,0.75,1,20,0.05,0x30a82d,0x18a82d,17,0,,2,1,20000000,False,False,1000000,1500,262144,"0x200001,0x780002,0x880004,0xa00008,0xe00010,0x6c0020,0x9c0040,0x440080,0x140100,0x640200,0x580400,0x280800,0xfc1000,0x9c2000,0xc04000,0xe08000,0x250000,0xba0000","0x533e0,0xa3c66,0x123542,0x239a3b,0x40d6b2,0x82f05c",dense systematic parity map; seed=6853693797319856947
416,natural,n24_k18_random_systematic_linear_R3_4,32,16213354754704698784,0,6893448237340044436,random_systematic_linear,R3_4,24,18,0.75,1,20,0.05,0x56e2bc,0x6b70bc,9,1,,2,2,20000000,False,False,1000000,1500,262144,"0xe40001,0x680002,0xf00004,0x280008,0x10,0x500020,0xac0040,0x500080,0x6c0100,0x200200,0x180400,0xe80800,0x141000,0x142000,0x204000,0x9c8000,0xa10000,0x60000","0x6b141,0x88d4a,0x10b4a4,0x214b4f,0x4009a7,0x818845",dense systematic parity map; seed=6893448237340044436
417,natural,n24_k18_random_systematic_linear_R3_4,33,13917306920894235084,1,3486749439749731252,random_systematic_linear,R3_4,24,18,0.75,1,20,0.05,0xb5f237,0x19f237,18,1,,2,2,20000000,False,False,1000000,1500,262144,"0xc0001,0xf40002,0x540004,0xc00008,0x640010,0x180020,0x380040,0x800080,0xa00100,0x900200,0xa00400,0x480800,0xc1000,0x742000,0x704000,0x988000,0x650000,0x8a0000","0x53017,0xa9861,0x10e266,0x216552,0x41681e,0x82878a",dense systematic parity map; seed=3486749439749731252
418,natural,n24_k18_random_systematic_linear_R3_4,34,12406997797559134010,2,3429199148866107763,random_systematic_linear,R3_4,24,18,0.75,1,20,0.05,0x30a07d,0x19503d,5,1,,2,2,20000000,False,False,1000000,1500,262144,"0x440001,0x940002,0xdc0004,0xfc0008,0x600010,0xd00020,0x880040,0x880080,0xbc0100,0x880200,0x940400,0x540800,0x1c1000,0x142000,0x184000,0x788000,0x590000,0x5a0000","0x43d0f,0xbd3cc,0x13fd2e,0x208118,0x43883d,0x8007ee",dense systematic parity map; seed=3429199148866107763
419,natural,n24_k18_random_systematic_linear_R3_4,35,2257307290871864424,3,6853693797319856947,random_systematic_linear,R3_4,24,18,0.75,1,20,0.05,0x918836,0x48c436,10,0,,2,1,20000000,False,False,1000000,1500,262144,"0x200001,0x780002,0x880004,0xa00008,0xe00010,0x6c0020,0x9c0040,0x440080,0x140100,0x640200,0x580400,0x280800,0xfc1000,0x9c2000,0xc04000,0xe08000,0x250000,0xba0000","0x533e0,0xa3c66,0x123542,0x239a3b,0x40d6b2,0x82f05c",dense systematic parity map; seed=6853693797319856947
420,natural,n24_k18_random_systematic_linear_R3_4,36,4092682809259859095,0,6893448237340044436,random_systematic_linear,R3_4,24,18,0.75,1,20,0.05,0x864e73,0x432e71,12,1,,2,2,20000000,False,False,1000000,1500,262144,"0xe40001,0x680002,0xf00004,0x280008,0x10,0x500020,0xac0040,0x500080,0x6c0100,0x200200,0x180400,0xe80800,0x141000,0x142000,0x204000,0x9c8000,0xa10000,0x60000","0x6b141,0x88d4a,0x10b4a4,0x214b4f,0x4009a7,0x818845",dense systematic parity map; seed=6893448237340044436
421,natural,n24_k18_random_systematic_linear_R3_4,37,4511341227500145268,1,3486749439749731252,random_systematic_linear,R3_4,24,18,0.75,1,20,0.05,0xe9b6b6,0x74d4a6,13,2,,2,3,20000000,False,False,1000000,1500,262144,"0xc0001,0xf40002,0x540004,0xc00008,0x640010,0x180020,0x380040,0x800080,0xa00100,0x900200,0xa00400,0x480800,0xc1000,0x742000,0x704000,0x988000,0x650000,0x8a0000","0x53017,0xa9861,0x10e266,0x216552,0x41681e,0x82878a",dense systematic parity map; seed=3486749439749731252
422,natural,n24_k18_random_systematic_linear_R3_4,38,18229362010251238396,2,3429199148866107763,random_systematic_linear,R3_4,24,18,0.75,1,20,0.05,0x4e5ce0,0x252e64,8,3,,2,4,20000000,False,False,1000000,1500,262144,"0x440001,0x940002,0xdc0004,0xfc0008,0x600010,0xd00020,0x880040,0x880080,0xbc0100,0x880200,0x940400,0x540800,0x1c1000,0x142000,0x184000,0x788000,0x590000,0x5a0000","0x43d0f,0xbd3cc,0x13fd2e,0x208118,0x43883d,0x8007ee",dense systematic parity map; seed=3429199148866107763
423,natural,n24_k18_random_systematic_linear_R3_4,39,12342320612493588266,3,6853693797319856947,random_systematic_linear,R3_4,24,18,0.75,1,20,0.05,0x77b65c,0x67a65e,23,3,,2,4,20000000,False,False,1000000,1500,262144,"0x200001,0x780002,0x880004,0xa00008,0xe00010,0x6c0020,0x9c0040,0x440080,0x140100,0x640200,0x580400,0x280800,0xfc1000,0x9c2000,0xc04000,0xe08000,0x250000,0xba0000","0x533e0,0xa3c66,0x123542,0x239a3b,0x40d6b2,0x82f05c",dense systematic parity map; seed=6853693797319856947
424,natural,n24_k18_random_systematic_linear_R3_4,40,5657812504693770378,0,6893448237340044436,random_systematic_linear,R3_4,24,18,0.75,1,20,0.05,0x486e40,0x263640,9,1,,2,2,20000000,False,False,1000000,1500,262144,"0xe40001,0x680002,0xf00004,0x280008,0x10,0x500020,0xac0040,0x500080,0x6c0100,0x200200,0x180400,0xe80800,0x141000,0x142000,0x204000,0x9c8000,0xa10000,0x60000","0x6b141,0x88d4a,0x10b4a4,0x214b4f,0x4009a7,0x818845",dense systematic parity map; seed=6893448237340044436
425,natural,n24_k18_random_systematic_linear_R3_4,41,8504746182243054032,1,3486749439749731252,random_systematic_linear,R3_4,24,18,0.75,1,20,0.05,0x826c76,0x613856,12,3,,2,4,20000000,False,False,1000000,1500,262144,"0xc0001,0xf40002,0x540004,0xc00008,0x640010,0x180020,0x380040,0x800080,0xa00100,0x900200,0xa00400,0x480800,0xc1000,0x742000,0x704000,0x988000,0x650000,0x8a0000","0x53017,0xa9861,0x10e266,0x216552,0x41681e,0x82878a",dense systematic parity map; seed=3486749439749731252
426,natural,n24_k18_random_systematic_linear_R3_4,42,4620659224990962359,2,3429199148866107763,random_systematic_linear,R3_4,24,18,0.75,1,20,0.05,0xfee401,0x3ee423,19,3,,2,4,20000000,False,False,1000000,1500,262144,"0x440001,0x940002,0xdc0004,0xfc0008,0x600010,0xd00020,0x880040,0x880080,0xbc0100,0x880200,0x940400,0x540800,0x1c1000,0x142000,0x184000,0x788000,0x590000,0x5a0000","0x43d0f,0xbd3cc,0x13fd2e,0x208118,0x43883d,0x8007ee",dense systematic parity map; seed=3429199148866107763
427,natural,n24_k18_random_systematic_linear_R3_4,43,7952059815641400594,3,6853693797319856947,random_systematic_linear,R3_4,24,18,0.75,1,20,0.05,0x241e28,0x121e28,10,1,,2,2,20000000,False,False,1000000,1500,262144,"0x200001,0x780002,0x880004,0xa00008,0xe00010,0x6c0020,0x9c0040,0x440080,0x140100,0x640200,0x580400,0x280800,0xfc1000,0x9c2000,0xc04000,0xe08000,0x250000,0xba0000","0x533e0,0xa3c66,0x123542,0x239a3b,0x40d6b2,0x82f05c",dense systematic parity map; seed=6853693797319856947
428,natural,n24_k18_random_systematic_linear_R3_4,44,11223248285669644625,0,6893448237340044436,random_systematic_linear,R3_4,24,18,0.75,1,20,0.05,0x6cd75d,0x3657df,15,2,,2,3,20000000,False,False,1000000,1500,262144,"0xe40001,0x680002,0xf00004,0x280008,0x10,0x500020,0xac0040,0x500080,0x6c0100,0x200200,0x180400,0xe80800,0x141000,0x142000,0x204000,0x9c8000,0xa10000,0x60000","0x6b141,0x88d4a,0x10b4a4,0x214b4f,0x4009a7,0x818845",dense systematic parity map; seed=6893448237340044436
429,natural,n24_k18_random_systematic_linear_R3_4,45,12515530670855224251,1,3486749439749731252,random_systematic_linear,R3_4,24,18,0.75,1,20,0.05,0x46f1b0,0x2378d8,3,0,,2,1,20000000,False,False,1000000,1500,262144,"0xc0001,0xf40002,0x540004,0xc00008,0x640010,0x180020,0x380040,0x800080,0xa00100,0x900200,0xa00400,0x480800,0xc1000,0x742000,0x704000,0x988000,0x650000,0x8a0000","0x53017,0xa9861,0x10e266,0x216552,0x41681e,0x82878a",dense systematic parity map; seed=3486749439749731252
430,natural,n24_k18_random_systematic_linear_R3_4,46,7474053029878199820,2,3429199148866107763,random_systematic_linear,R3_4,24,18,0.75,1,20,0.05,0xc0f36,0xf87b6,9,4,,2,5,20000000,False,False,1000000,1500,262144,"0x440001,0x940002,0xdc0004,0xfc0008,0x600010,0xd00020,0x880040,0x880080,0xbc0100,0x880200,0x940400,0x540800,0x1c1000,0x142000,0x184000,0x788000,0x590000,0x5a0000","0x43d0f,0xbd3cc,0x13fd2e,0x208118,0x43883d,0x8007ee",dense systematic parity map; seed=3429199148866107763
431,natural,n24_k18_random_systematic_linear_R3_4,47,7911273718138622064,3,6853693797319856947,random_systematic_linear,R3_4,24,18,0.75,1,20,0.05,0xd2fe0,0x697c0,10,1,,2,2,20000000,False,False,1000000,1500,262144,"0x200001,0x780002,0x880004,0xa00008,0xe00010,0x6c0020,0x9c0040,0x440080,0x140100,0x640200,0x580400,0x280800,0xfc1000,0x9c2000,0xc04000,0xe08000,0x250000,0xba0000","0x533e0,0xa3c66,0x123542,0x239a3b,0x40d6b2,0x82f05c",dense systematic parity map; seed=6853693797319856947
432,natural,n24_k18_random_systematic_linear_R3_4,48,7464647679293230789,0,6893448237340044436,random_systematic_linear,R3_4,24,18,0.75,1,20,0.05,0xcf4d78,0x67a578,11,0,,2,1,20000000,False,False,1000000,1500,262144,"0xe40001,0x680002,0xf00004,0x280008,0x10,0x500020,0xac0040,0x500080,0x6c0100,0x200200,0x180400,0xe80800,0x141000,0x142000,0x204000,0x9c8000,0xa10000,0x60000","0x6b141,0x88d4a,0x10b4a4,0x214b4f,0x4009a7,0x818845",dense systematic parity map; seed=6893448237340044436
433,natural,n24_k18_random_systematic_linear_R3_4,49,12892641215846977179,1,3486749439749731252,random_systematic_linear,R3_4,24,18,0.75,1,20,0.05,0xad46d4,0x57a354,6,1,,2,2,20000000,False,False,1000000,1500,262144,"0xc0001,0xf40002,0x540004,0xc00008,0x640010,0x180020,0x380040,0x800080,0xa00100,0x900200,0xa00400,0x480800,0xc1000,0x742000,0x704000,0x988000,0x650000,0x8a0000","0x53017,0xa9861,0x10e266,0x216552,0x41681e,0x82878a",dense systematic parity map; seed=3486749439749731252
434,natural,n24_k18_random_systematic_linear_R3_4,50,2038844081716365095,2,3429199148866107763,random_systematic_linear,R3_4,24,18,0.75,1,20,0.05,0x5ba582,0x2ddc02,11,3,,2,4,20000000,False,False,1000000,1500,262144,"0x440001,0x940002,0xdc0004,0xfc0008,0x600010,0xd00020,0x880040,0x880080,0xbc0100,0x880200,0x940400,0x540800,0x1c1000,0x142000,0x184000,0x788000,0x590000,0x5a0000","0x43d0f,0xbd3cc,0x13fd2e,0x208118,0x43883d,0x8007ee",dense systematic parity map; seed=3429199148866107763
435,natural,n24_k18_random_systematic_linear_R3_4,51,3512484288682710205,3,6853693797319856947,random_systematic_linear,R3_4,24,18,0.75,1,20,0.05,0x212cb1,0x11967b,2,3,,2,4,20000000,False,False,1000000,1500,262144,"0x200001,0x780002,0x880004,0xa00008,0xe00010,0x6c0020,0x9c0040,0x440080,0x140100,0x640200,0x580400,0x280800,0xfc1000,0x9c2000,0xc04000,0xe08000,0x250000,0xba0000","0x533e0,0xa3c66,0x123542,0x239a3b,0x40d6b2,0x82f05c",dense systematic parity map; seed=6853693797319856947
436,natural,n24_k18_random_systematic_linear_R3_4,52,382187648591105485,0,6893448237340044436,random_systematic_linear,R3_4,24,18,0.75,1,20,0.05,0x2a2610,0x151308,3,0,,2,1,20000000,False,False,1000000,1500,262144,"0xe40001,0x680002,0xf00004,0x280008,0x10,0x500020,0xac0040,0x500080,0x6c0100,0x200200,0x180400,0xe80800,0x141000,0x142000,0x204000,0x9c8000,0xa10000,0x60000","0x6b141,0x88d4a,0x10b4a4,0x214b4f,0x4009a7,0x818845",dense systematic parity map; seed=6893448237340044436
437,natural,n24_k18_random_systematic_linear_R3_4,53,5216710455677338966,1,3486749439749731252,random_systematic_linear,R3_4,24,18,0.75,1,20,0.05,0x75f9bc,0x3aec3c,8,2,,2,3,20000000,False,False,1000000,1500,262144,"0xc0001,0xf40002,0x540004,0xc00008,0x640010,0x180020,0x380040,0x800080,0xa00100,0x900200,0xa00400,0x480800,0xc1000,0x742000,0x704000,0x988000,0x650000,0x8a0000","0x53017,0xa9861,0x10e266,0x216552,0x41681e,0x82878a",dense systematic parity map; seed=3486749439749731252
438,natural,n24_k18_random_systematic_linear_R3_4,54,14775992453754198469,2,3429199148866107763,random_systematic_linear,R3_4,24,18,0.75,1,20,0.05,0xb709bd,0x1b89fd,15,2,,2,3,20000000,False,False,1000000,1500,262144,"0x440001,0x940002,0xdc0004,0xfc0008,0x600010,0xd00020,0x880040,0x880080,0xbc0100,0x880200,0x940400,0x540800,0x1c1000,0x142000,0x184000,0x788000,0x590000,0x5a0000","0x43d0f,0xbd3cc,0x13fd2e,0x208118,0x43883d,0x8007ee",dense systematic parity map; seed=3429199148866107763
439,natural,n24_k18_random_systematic_linear_R3_4,55,4501580185294700011,3,6853693797319856947,random_systematic_linear,R3_4,24,18,0.75,1,20,0.05,0xe6e93e,0x7374be,6,0,,2,1,20000000,False,False,1000000,1500,262144,"0x200001,0x780002,0x880004,0xa00008,0xe00010,0x6c0020,0x9c0040,0x440080,0x140100,0x640200,0x580400,0x280800,0xfc1000,0x9c2000,0xc04000,0xe08000,0x250000,0xba0000","0x533e0,0xa3c66,0x123542,0x239a3b,0x40d6b2,0x82f05c",dense systematic parity map; seed=6853693797319856947
440,natural,n24_k18_random_systematic_linear_R3_4,56,1307934816466638063,0,6893448237340044436,random_systematic_linear,R3_4,24,18,0.75,1,20,0.05,0x4704ef,0x23827f,4,0,,2,1,20000000,False,False,1000000,1500,262144,"0xe40001,0x680002,0xf00004,0x280008,0x10,0x500020,0xac0040,0x500080,0x6c0100,0x200200,0x180400,0xe80800,0x141000,0x142000,0x204000,0x9c8000,0xa10000,0x60000","0x6b141,0x88d4a,0x10b4a4,0x214b4f,0x4009a7,0x818845",dense systematic parity map; seed=6893448237340044436
441,natural,n24_k18_random_systematic_linear_R3_4,57,6920547866337980033,1,3486749439749731252,random_systematic_linear,R3_4,24,18,0.75,1,20,0.05,0x69b45,0x34d85,6,0,,2,1,20000000,False,False,1000000,1500,262144,"0xc0001,0xf40002,0x540004,0xc00008,0x640010,0x180020,0x380040,0x800080,0xa00100,0x900200,0xa00400,0x480800,0xc1000,0x742000,0x704000,0x988000,0x650000,0x8a0000","0x53017,0xa9861,0x10e266,0x216552,0x41681e,0x82878a",dense systematic parity map; seed=3486749439749731252
442,natural,n24_k18_random_systematic_linear_R3_4,58,238180506196578358,2,3429199148866107763,random_systematic_linear,R3_4,24,18,0.75,1,20,0.05,0xf0a52d,0x78a42d,20,2,,2,3,20000000,False,False,1000000,1500,262144,"0x440001,0x940002,0xdc0004,0xfc0008,0x600010,0xd00020,0x880040,0x880080,0xbc0100,0x880200,0x940400,0x540800,0x1c1000,0x142000,0x184000,0x788000,0x590000,0x5a0000","0x43d0f,0xbd3cc,0x13fd2e,0x208118,0x43883d,0x8007ee",dense systematic parity map; seed=3429199148866107763
443,natural,n24_k18_random_systematic_linear_R3_4,59,7471512818913711982,3,6853693797319856947,random_systematic_linear,R3_4,24,18,0.75,1,20,0.05,0x745534,0x3a3534,12,1,,2,2,20000000,False,False,1000000,1500,262144,"0x200001,0x780002,0x880004,0xa00008,0xe00010,0x6c0020,0x9c0040,0x440080,0x140100,0x640200,0x580400,0x280800,0xfc1000,0x9c2000,0xc04000,0xe08000,0x250000,0xba0000","0x533e0,0xa3c66,0x123542,0x239a3b,0x40d6b2,0x82f05c",dense systematic parity map; seed=6853693797319856947
444,natural,n24_k18_random_systematic_linear_R3_4,60,15582195439986867517,0,6893448237340044436,random_systematic_linear,R3_4,24,18,0.75,1,20,0.05,0x3450a0,0x1a2150,3,2,,2,3,20000000,False,False,1000000,1500,262144,"0xe40001,0x680002,0xf00004,0x280008,0x10,0x500020,0xac0040,0x500080,0x6c0100,0x200200,0x180400,0xe80800,0x141000,0x142000,0x204000,0x9c8000,0xa10000,0x60000","0x6b141,0x88d4a,0x10b4a4,0x214b4f,0x4009a7,0x818845",dense systematic parity map; seed=6893448237340044436
445,natural,n24_k18_random_systematic_linear_R3_4,61,14611997736380939760,1,3486749439749731252,random_systematic_linear,R3_4,24,18,0.75,1,20,0.05,0x7dd98c,0x3eecc6,0,0,,2,1,20000000,False,False,1000000,1500,262144,"0xc0001,0xf40002,0x540004,0xc00008,0x640010,0x180020,0x380040,0x800080,0xa00100,0x900200,0xa00400,0x480800,0xc1000,0x742000,0x704000,0x988000,0x650000,0x8a0000","0x53017,0xa9861,0x10e266,0x216552,0x41681e,0x82878a",dense systematic parity map; seed=3486749439749731252
446,natural,n24_k18_random_systematic_linear_R3_4,62,3085806722463928772,2,3429199148866107763,random_systematic_linear,R3_4,24,18,0.75,1,20,0.05,0xbda5b5,0x5fa5b5,17,0,,2,1,20000000,False,False,1000000,1500,262144,"0x440001,0x940002,0xdc0004,0xfc0008,0x600010,0xd00020,0x880040,0x880080,0xbc0100,0x880200,0x940400,0x540800,0x1c1000,0x142000,0x184000,0x788000,0x590000,0x5a0000","0x43d0f,0xbd3cc,0x13fd2e,0x208118,0x43883d,0x8007ee",dense systematic parity map; seed=3429199148866107763
447,natural,n24_k18_random_systematic_linear_R3_4,63,2850281410014899312,3,6853693797319856947,random_systematic_linear,R3_4,24,18,0.75,1,20,0.05,0x840e79,0x440e79,19,0,,2,1,20000000,False,False,1000000,1500,262144,"0x200001,0x780002,0x880004,0xa00008,0xe00010,0x6c0020,0x9c0040,0x440080,0x140100,0x640200,0x580400,0x280800,0xfc1000,0x9c2000,0xc04000,0xe08000,0x250000,0xba0000","0x533e0,0xa3c66,0x123542,0x239a3b,0x40d6b2,0x82f05c",dense systematic parity map; seed=6853693797319856947
448,natural,n24_k16_crc_defined_linear_R2_3,0,2218517705630759441,0,0,crc_defined_linear,R2_3,24,16,0.6666666666666666,1,20,0.05,0x62e987,0x3174c3,0,0,,2,1,20000000,True,True,1000000,1500,65536,"0x70001,0xe0002,0x1c0004,0x380008,0x700010,0xe00020,0xc70040,0x890080,0x150100,0x2a0200,0x540400,0xa80800,0x571000,0xae2000,0x5b4000,0xb68000","0x151c1,0x2f243,0x4b547,0x86a8e,0x10d51c,0x20aa38,0x405470,0x80a8e0",systematic cyclic code from degree-8 polynomial 0x107
449,natural,n24_k16_crc_defined_linear_R2_3,1,9327385897302794697,0,0,crc_defined_linear,R2_3,24,16,0.6666666666666666,1,20,0.05,0x4d416c,0x2660b6,0,2,,2,3,20000000,True,True,1000000,1500,65536,"0x70001,0xe0002,0x1c0004,0x380008,0x700010,0xe00020,0xc70040,0x890080,0x150100,0x2a0200,0x540400,0xa80800,0x571000,0xae2000,0x5b4000,0xb68000","0x151c1,0x2f243,0x4b547,0x86a8e,0x10d51c,0x20aa38,0x405470,0x80a8e0",systematic cyclic code from degree-8 polynomial 0x107
450,natural,n24_k16_crc_defined_linear_R2_3,2,9711114737872530692,0,0,crc_defined_linear,R2_3,24,16,0.6666666666666666,1,20,0.05,0xa65bbc,0x5326bc,10,2,,2,3,20000000,True,True,1000000,1500,65536,"0x70001,0xe0002,0x1c0004,0x380008,0x700010,0xe00020,0xc70040,0x890080,0x150100,0x2a0200,0x540400,0xa80800,0x571000,0xae2000,0x5b4000,0xb68000","0x151c1,0x2f243,0x4b547,0x86a8e,0x10d51c,0x20aa38,0x405470,0x80a8e0",systematic cyclic code from degree-8 polynomial 0x107
451,natural,n24_k16_crc_defined_linear_R2_3,3,4654158656959279571,0,0,crc_defined_linear,R2_3,24,16,0.6666666666666666,1,20,0.05,0x53ac50,0x29d654,9,1,,2,2,20000000,True,True,1000000,1500,65536,"0x70001,0xe0002,0x1c0004,0x380008,0x700010,0xe00020,0xc70040,0x890080,0x150100,0x2a0200,0x540400,0xa80800,0x571000,0xae2000,0x5b4000,0xb68000","0x151c1,0x2f243,0x4b547,0x86a8e,0x10d51c,0x20aa38,0x405470,0x80a8e0",systematic cyclic code from degree-8 polynomial 0x107
452,natural,n24_k16_crc_defined_linear_R2_3,4,8415480676933030934,0,0,crc_defined_linear,R2_3,24,16,0.6666666666666666,1,20,0.05,0xe567a6,0x4563a6,21,2,,2,3,20000000,True,True,1000000,1500,65536,"0x70001,0xe0002,0x1c0004,0x380008,0x700010,0xe00020,0xc70040,0x890080,0x150100,0x2a0200,0x540400,0xa80800,0x571000,0xae2000,0x5b4000,0xb68000","0x151c1,0x2f243,0x4b547,0x86a8e,0x10d51c,0x20aa38,0x405470,0x80a8e0",systematic cyclic code from degree-8 polynomial 0x107
453,natural,n24_k16_crc_defined_linear_R2_3,5,4950668172293883548,0,0,crc_defined_linear,R2_3,24,16,0.6666666666666666,1,20,0.05,0xf27071,0x79287d,7,3,,2,4,20000000,True,True,1000000,1500,65536,"0x70001,0xe0002,0x1c0004,0x380008,0x700010,0xe00020,0xc70040,0x890080,0x150100,0x2a0200,0x540400,0xa80800,0x571000,0xae2000,0x5b4000,0xb68000","0x151c1,0x2f243,0x4b547,0x86a8e,0x10d51c,0x20aa38,0x405470,0x80a8e0",systematic cyclic code from degree-8 polynomial 0x107
454,natural,n24_k16_crc_defined_linear_R2_3,6,7104079634700738988,0,0,crc_defined_linear,R2_3,24,16,0.6666666666666666,1,20,0.05,0x3ebbf8,0x1f5df8,3,0,,2,1,20000000,True,True,1000000,1500,65536,"0x70001,0xe0002,0x1c0004,0x380008,0x700010,0xe00020,0xc70040,0x890080,0x150100,0x2a0200,0x540400,0xa80800,0x571000,0xae2000,0x5b4000,0xb68000","0x151c1,0x2f243,0x4b547,0x86a8e,0x10d51c,0x20aa38,0x405470,0x80a8e0",systematic cyclic code from degree-8 polynomial 0x107
455,natural,n24_k16_crc_defined_linear_R2_3,7,15658011851792620997,0,0,crc_defined_linear,R2_3,24,16,0.6666666666666666,1,20,0.05,0xef2312,0x779196,6,1,,2,2,20000000,True,True,1000000,1500,65536,"0x70001,0xe0002,0x1c0004,0x380008,0x700010,0xe00020,0xc70040,0x890080,0x150100,0x2a0200,0x540400,0xa80800,0x571000,0xae2000,0x5b4000,0xb68000","0x151c1,0x2f243,0x4b547,0x86a8e,0x10d51c,0x20aa38,0x405470,0x80a8e0",systematic cyclic code from degree-8 polynomial 0x107
456,natural,n24_k16_crc_defined_linear_R2_3,8,11168320529138355396,0,0,crc_defined_linear,R2_3,24,16,0.6666666666666666,1,20,0.05,0x2cdec2,0x14dec2,19,0,,2,1,20000000,False,False,1000000,1500,65536,"0x70001,0xe0002,0x1c0004,0x380008,0x700010,0xe00020,0xc70040,0x890080,0x150100,0x2a0200,0x540400,0xa80800,0x571000,0xae2000,0x5b4000,0xb68000","0x151c1,0x2f243,0x4b547,0x86a8e,0x10d51c,0x20aa38,0x405470,0x80a8e0",systematic cyclic code from degree-8 polynomial 0x107
457,natural,n24_k16_crc_defined_linear_R2_3,9,14015811591789396798,0,0,crc_defined_linear,R2_3,24,16,0.6666666666666666,1,20,0.05,0x8fdc42,0x47ee22,3,0,,2,1,20000000,False,False,1000000,1500,65536,"0x70001,0xe0002,0x1c0004,0x380008,0x700010,0xe00020,0xc70040,0x890080,0x150100,0x2a0200,0x540400,0xa80800,0x571000,0xae2000,0x5b4000,0xb68000","0x151c1,0x2f243,0x4b547,0x86a8e,0x10d51c,0x20aa38,0x405470,0x80a8e0",systematic cyclic code from degree-8 polynomial 0x107
458,natural,n24_k16_crc_defined_linear_R2_3,10,1218032531952580002,0,0,crc_defined_linear,R2_3,24,16,0.6666666666666666,1,20,0.05,0x4a2451,0x5a2441,23,2,,2,3,20000000,False,False,1000000,1500,65536,"0x70001,0xe0002,0x1c0004,0x380008,0x700010,0xe00020,0xc70040,0x890080,0x150100,0x2a0200,0x540400,0xa80800,0x571000,0xae2000,0x5b4000,0xb68000","0x151c1,0x2f243,0x4b547,0x86a8e,0x10d51c,0x20aa38,0x405470,0x80a8e0",systematic cyclic code from degree-8 polynomial 0x107
459,natural,n24_k16_crc_defined_linear_R2_3,11,1724906802887480990,0,0,crc_defined_linear,R2_3,24,16,0.6666666666666666,1,20,0.05,0xdb0a72,0x6d8529,0,1,,2,2,20000000,False,False,1000000,1500,65536,"0x70001,0xe0002,0x1c0004,0x380008,0x700010,0xe00020,0xc70040,0x890080,0x150100,0x2a0200,0x540400,0xa80800,0x571000,0xae2000,0x5b4000,0xb68000","0x151c1,0x2f243,0x4b547,0x86a8e,0x10d51c,0x20aa38,0x405470,0x80a8e0",systematic cyclic code from degree-8 polynomial 0x107
460,natural,n24_k16_crc_defined_linear_R2_3,12,4909122545795403765,0,0,crc_defined_linear,R2_3,24,16,0.6666666666666666,1,20,0.05,0xc8985a,0x64985a,17,0,,2,1,20000000,False,False,1000000,1500,65536,"0x70001,0xe0002,0x1c0004,0x380008,0x700010,0xe00020,0xc70040,0x890080,0x150100,0x2a0200,0x540400,0xa80800,0x571000,0xae2000,0x5b4000,0xb68000","0x151c1,0x2f243,0x4b547,0x86a8e,0x10d51c,0x20aa38,0x405470,0x80a8e0",systematic cyclic code from degree-8 polynomial 0x107
461,natural,n24_k16_crc_defined_linear_R2_3,13,9113665188066060091,0,0,crc_defined_linear,R2_3,24,16,0.6666666666666666,1,20,0.05,0x45a60d,0x25a40d,21,1,,2,2,20000000,False,False,1000000,1500,65536,"0x70001,0xe0002,0x1c0004,0x380008,0x700010,0xe00020,0xc70040,0x890080,0x150100,0x2a0200,0x540400,0xa80800,0x571000,0xae2000,0x5b4000,0xb68000","0x151c1,0x2f243,0x4b547,0x86a8e,0x10d51c,0x20aa38,0x405470,0x80a8e0",systematic cyclic code from degree-8 polynomial 0x107
462,natural,n24_k16_crc_defined_linear_R2_3,14,11017141467509018759,0,0,crc_defined_linear,R2_3,24,16,0.6666666666666666,1,20,0.05,0x98ada0,0x4c56d0,3,0,,2,1,20000000,False,False,1000000,1500,65536,"0x70001,0xe0002,0x1c0004,0x380008,0x700010,0xe00020,0xc70040,0x890080,0x150100,0x2a0200,0x540400,0xa80800,0x571000,0xae2000,0x5b4000,0xb68000","0x151c1,0x2f243,0x4b547,0x86a8e,0x10d51c,0x20aa38,0x405470,0x80a8e0",systematic cyclic code from degree-8 polynomial 0x107
463,natural,n24_k16_crc_defined_linear_R2_3,15,16056061852060869415,0,0,crc_defined_linear,R2_3,24,16,0.6666666666666666,1,20,0.05,0xb6475b,0x76675b,22,1,,2,2,20000000,False,False,1000000,1500,65536,"0x70001,0xe0002,0x1c0004,0x380008,0x700010,0xe00020,0xc70040,0x890080,0x150100,0x2a0200,0x540400,0xa80800,0x571000,0xae2000,0x5b4000,0xb68000","0x151c1,0x2f243,0x4b547,0x86a8e,0x10d51c,0x20aa38,0x405470,0x80a8e0",systematic cyclic code from degree-8 polynomial 0x107
464,natural,n24_k16_crc_defined_linear_R2_3,16,627201630748163374,0,0,crc_defined_linear,R2_3,24,16,0.6666666666666666,1,20,0.05,0x7342b5,0x3142b5,17,1,,2,2,20000000,False,False,1000000,1500,65536,"0x70001,0xe0002,0x1c0004,0x380008,0x700010,0xe00020,0xc70040,0x890080,0x150100,0x2a0200,0x540400,0xa80800,0x571000,0xae2000,0x5b4000,0xb68000","0x151c1,0x2f243,0x4b547,0x86a8e,0x10d51c,0x20aa38,0x405470,0x80a8e0",systematic cyclic code from degree-8 polynomial 0x107
465,natural,n24_k16_crc_defined_linear_R2_3,17,1293994502328143485,0,0,crc_defined_linear,R2_3,24,16,0.6666666666666666,1,20,0.05,0x68358,0x430198,6,2,,2,3,20000000,False,False,1000000,1500,65536,"0x70001,0xe0002,0x1c0004,0x380008,0x700010,0xe00020,0xc70040,0x890080,0x150100,0x2a0200,0x540400,0xa80800,0x571000,0xae2000,0x5b4000,0xb68000","0x151c1,0x2f243,0x4b547,0x86a8e,0x10d51c,0x20aa38,0x405470,0x80a8e0",systematic cyclic code from degree-8 polynomial 0x107
466,natural,n24_k16_crc_defined_linear_R2_3,18,17503407324955525251,0,0,crc_defined_linear,R2_3,24,16,0.6666666666666666,1,20,0.05,0x447bf,0x2223df,4,1,,2,2,20000000,False,False,1000000,1500,65536,"0x70001,0xe0002,0x1c0004,0x380008,0x700010,0xe00020,0xc70040,0x890080,0x150100,0x2a0200,0x540400,0xa80800,0x571000,0xae2000,0x5b4000,0xb68000","0x151c1,0x2f243,0x4b547,0x86a8e,0x10d51c,0x20aa38,0x405470,0x80a8e0",systematic cyclic code from degree-8 polynomial 0x107
467,natural,n24_k16_crc_defined_linear_R2_3,19,15167438240842413129,0,0,crc_defined_linear,R2_3,24,16,0.6666666666666666,1,20,0.05,0x1644b0,0x1b44b0,15,1,,2,2,20000000,False,False,1000000,1500,65536,"0x70001,0xe0002,0x1c0004,0x380008,0x700010,0xe00020,0xc70040,0x890080,0x150100,0x2a0200,0x540400,0xa80800,0x571000,0xae2000,0x5b4000,0xb68000","0x151c1,0x2f243,0x4b547,0x86a8e,0x10d51c,0x20aa38,0x405470,0x80a8e0",systematic cyclic code from degree-8 polynomial 0x107
468,natural,n24_k16_crc_defined_linear_R2_3,20,6204229490027492922,0,0,crc_defined_linear,R2_3,24,16,0.6666666666666666,1,20,0.05,0xa8e191,0x5570d1,6,1,,2,2,20000000,False,False,1000000,1500,65536,"0x70001,0xe0002,0x1c0004,0x380008,0x700010,0xe00020,0xc70040,0x890080,0x150100,0x2a0200,0x540400,0xa80800,0x571000,0xae2000,0x5b4000,0xb68000","0x151c1,0x2f243,0x4b547,0x86a8e,0x10d51c,0x20aa38,0x405470,0x80a8e0",systematic cyclic code from degree-8 polynomial 0x107
469,natural,n24_k16_crc_defined_linear_R2_3,21,11877654752770230278,0,0,crc_defined_linear,R2_3,24,16,0.6666666666666666,1,20,0.05,0x8859d1,0x442dd1,9,0,,2,1,20000000,False,False,1000000,1500,65536,"0x70001,0xe0002,0x1c0004,0x380008,0x700010,0xe00020,0xc70040,0x890080,0x150100,0x2a0200,0x540400,0xa80800,0x571000,0xae2000,0x5b4000,0xb68000","0x151c1,0x2f243,0x4b547,0x86a8e,0x10d51c,0x20aa38,0x405470,0x80a8e0",systematic cyclic code from degree-8 polynomial 0x107
470,natural,n24_k16_crc_defined_linear_R2_3,22,5621425506410549234,0,0,crc_defined_linear,R2_3,24,16,0.6666666666666666,1,20,0.05,0xe8a681,0x745340,0,0,,2,1,20000000,False,False,1000000,1500,65536,"0x70001,0xe0002,0x1c0004,0x380008,0x700010,0xe00020,0xc70040,0x890080,0x150100,0x2a0200,0x540400,0xa80800,0x571000,0xae2000,0x5b4000,0xb68000","0x151c1,0x2f243,0x4b547,0x86a8e,0x10d51c,0x20aa38,0x405470,0x80a8e0",systematic cyclic code from degree-8 polynomial 0x107
471,natural,n24_k16_crc_defined_linear_R2_3,23,10179232127157169255,0,0,crc_defined_linear,R2_3,24,16,0.6666666666666666,1,20,0.05,0xe927d6,0x692796,21,1,,2,2,20000000,False,False,1000000,1500,65536,"0x70001,0xe0002,0x1c0004,0x380008,0x700010,0xe00020,0xc70040,0x890080,0x150100,0x2a0200,0x540400,0xa80800,0x571000,0xae2000,0x5b4000,0xb68000","0x151c1,0x2f243,0x4b547,0x86a8e,0x10d51c,0x20aa38,0x405470,0x80a8e0",systematic cyclic code from degree-8 polynomial 0x107
472,natural,n24_k16_crc_defined_linear_R2_3,24,15971771495735959204,0,0,crc_defined_linear,R2_3,24,16,0.6666666666666666,1,20,0.05,0x237254,0x1b254,14,1,,2,2,20000000,False,False,1000000,1500,65536,"0x70001,0xe0002,0x1c0004,0x380008,0x700010,0xe00020,0xc70040,0x890080,0x150100,0x2a0200,0x540400,0xa80800,0x571000,0xae2000,0x5b4000,0xb68000","0x151c1,0x2f243,0x4b547,0x86a8e,0x10d51c,0x20aa38,0x405470,0x80a8e0",systematic cyclic code from degree-8 polynomial 0x107
473,natural,n24_k16_crc_defined_linear_R2_3,25,11727231019068885542,0,0,crc_defined_linear,R2_3,24,16,0.6666666666666666,1,20,0.05,0xb3ca45,0x59ca45,13,1,,2,2,20000000,False,False,1000000,1500,65536,"0x70001,0xe0002,0x1c0004,0x380008,0x700010,0xe00020,0xc70040,0x890080,0x150100,0x2a0200,0x540400,0xa80800,0x571000,0xae2000,0x5b4000,0xb68000","0x151c1,0x2f243,0x4b547,0x86a8e,0x10d51c,0x20aa38,0x405470,0x80a8e0",systematic cyclic code from degree-8 polynomial 0x107
474,natural,n24_k16_crc_defined_linear_R2_3,26,10176071540299990208,0,0,crc_defined_linear,R2_3,24,16,0.6666666666666666,1,20,0.05,0x7bcbd9,0x3de5f9,5,0,,2,1,20000000,False,False,1000000,1500,65536,"0x70001,0xe0002,0x1c0004,0x380008,0x700010,0xe00020,0xc70040,0x890080,0x150100,0x2a0200,0x540400,0xa80800,0x571000,0xae2000,0x5b4000,0xb68000","0x151c1,0x2f243,0x4b547,0x86a8e,0x10d51c,0x20aa38,0x405470,0x80a8e0",systematic cyclic code from degree-8 polynomial 0x107
475,natural,n24_k16_crc_defined_linear_R2_3,27,1333789674266968879,0,0,crc_defined_linear,R2_3,24,16,0.6666666666666666,1,20,0.05,0xcc5c65,0x662c65,12,0,,2,1,20000000,False,False,1000000,1500,65536,"0x70001,0xe0002,0x1c0004,0x380008,0x700010,0xe00020,0xc70040,0x890080,0x150100,0x2a0200,0x540400,0xa80800,0x571000,0xae2000,0x5b4000,0xb68000","0x151c1,0x2f243,0x4b547,0x86a8e,0x10d51c,0x20aa38,0x405470,0x80a8e0",systematic cyclic code from degree-8 polynomial 0x107
476,natural,n24_k16_crc_defined_linear_R2_3,28,5729110784135334059,0,0,crc_defined_linear,R2_3,24,16,0.6666666666666666,1,20,0.05,0xc1f55d,0x60f55d,15,0,,2,1,20000000,False,False,1000000,1500,65536,"0x70001,0xe0002,0x1c0004,0x380008,0x700010,0xe00020,0xc70040,0x890080,0x150100,0x2a0200,0x540400,0xa80800,0x571000,0xae2000,0x5b4000,0xb68000","0x151c1,0x2f243,0x4b547,0x86a8e,0x10d51c,0x20aa38,0x405470,0x80a8e0",systematic cyclic code from degree-8 polynomial 0x107
477,natural,n24_k16_crc_defined_linear_R2_3,29,17790535404116444859,0,0,crc_defined_linear,R2_3,24,16,0.6666666666666666,1,20,0.05,0x1ec5e4,0xf45e4,15,0,,2,1,20000000,False,False,1000000,1500,65536,"0x70001,0xe0002,0x1c0004,0x380008,0x700010,0xe00020,0xc70040,0x890080,0x150100,0x2a0200,0x540400,0xa80800,0x571000,0xae2000,0x5b4000,0xb68000","0x151c1,0x2f243,0x4b547,0x86a8e,0x10d51c,0x20aa38,0x405470,0x80a8e0",systematic cyclic code from degree-8 polynomial 0x107
478,natural,n24_k16_crc_defined_linear_R2_3,30,15423316697767991022,0,0,crc_defined_linear,R2_3,24,16,0.6666666666666666,1,20,0.05,0x3dc6e0,0x1ee6c0,11,1,,2,2,20000000,False,False,1000000,1500,65536,"0x70001,0xe0002,0x1c0004,0x380008,0x700010,0xe00020,0xc70040,0x890080,0x150100,0x2a0200,0x540400,0xa80800,0x571000,0xae2000,0x5b4000,0xb68000","0x151c1,0x2f243,0x4b547,0x86a8e,0x10d51c,0x20aa38,0x405470,0x80a8e0",systematic cyclic code from degree-8 polynomial 0x107
479,natural,n24_k16_crc_defined_linear_R2_3,31,15313552458711845300,0,0,crc_defined_linear,R2_3,24,16,0.6666666666666666,1,20,0.05,0x706130,0x303090,5,1,,2,2,20000000,False,False,1000000,1500,65536,"0x70001,0xe0002,0x1c0004,0x380008,0x700010,0xe00020,0xc70040,0x890080,0x150100,0x2a0200,0x540400,0xa80800,0x571000,0xae2000,0x5b4000,0xb68000","0x151c1,0x2f243,0x4b547,0x86a8e,0x10d51c,0x20aa38,0x405470,0x80a8e0",systematic cyclic code from degree-8 polynomial 0x107
480,natural,n24_k16_crc_defined_linear_R2_3,32,6231841214256383739,0,0,crc_defined_linear,R2_3,24,16,0.6666666666666666,1,20,0.05,0x4df46e,0x26fc6e,11,0,,2,1,20000000,False,False,1000000,1500,65536,"0x70001,0xe0002,0x1c0004,0x380008,0x700010,0xe00020,0xc70040,0x890080,0x150100,0x2a0200,0x540400,0xa80800,0x571000,0xae2000,0x5b4000,0xb68000","0x151c1,0x2f243,0x4b547,0x86a8e,0x10d51c,0x20aa38,0x405470,0x80a8e0",systematic cyclic code from degree-8 polynomial 0x107
481,natural,n24_k16_crc_defined_linear_R2_3,33,14355234699752852521,0,0,crc_defined_linear,R2_3,24,16,0.6666666666666666,1,20,0.05,0xc9dc58,0x61dc58,17,1,,2,2,20000000,False,False,1000000,1500,65536,"0x70001,0xe0002,0x1c0004,0x380008,0x700010,0xe00020,0xc70040,0x890080,0x150100,0x2a0200,0x540400,0xa80800,0x571000,0xae2000,0x5b4000,0xb68000","0x151c1,0x2f243,0x4b547,0x86a8e,0x10d51c,0x20aa38,0x405470,0x80a8e0",systematic cyclic code from degree-8 polynomial 0x107
482,natural,n24_k16_crc_defined_linear_R2_3,34,16978862109628819330,0,0,crc_defined_linear,R2_3,24,16,0.6666666666666666,1,20,0.05,0xe725da,0x6325da,22,1,,2,2,20000000,False,False,1000000,1500,65536,"0x70001,0xe0002,0x1c0004,0x380008,0x700010,0xe00020,0xc70040,0x890080,0x150100,0x2a0200,0x540400,0xa80800,0x571000,0xae2000,0x5b4000,0xb68000","0x151c1,0x2f243,0x4b547,0x86a8e,0x10d51c,0x20aa38,0x405470,0x80a8e0",systematic cyclic code from degree-8 polynomial 0x107
483,natural,n24_k16_crc_defined_linear_R2_3,35,7513907883679191565,0,0,crc_defined_linear,R2_3,24,16,0.6666666666666666,1,20,0.05,0xf90eba,0x790ebe,20,1,,2,2,20000000,False,False,1000000,1500,65536,"0x70001,0xe0002,0x1c0004,0x380008,0x700010,0xe00020,0xc70040,0x890080,0x150100,0x2a0200,0x540400,0xa80800,0x571000,0xae2000,0x5b4000,0xb68000","0x151c1,0x2f243,0x4b547,0x86a8e,0x10d51c,0x20aa38,0x405470,0x80a8e0",systematic cyclic code from degree-8 polynomial 0x107
484,natural,n24_k16_crc_defined_linear_R2_3,36,8944082109376110776,0,0,crc_defined_linear,R2_3,24,16,0.6666666666666666,1,20,0.05,0x2a6b18,0x2aeb19,23,2,,2,3,20000000,False,False,1000000,1500,65536,"0x70001,0xe0002,0x1c0004,0x380008,0x700010,0xe00020,0xc70040,0x890080,0x150100,0x2a0200,0x540400,0xa80800,0x571000,0xae2000,0x5b4000,0xb68000","0x151c1,0x2f243,0x4b547,0x86a8e,0x10d51c,0x20aa38,0x405470,0x80a8e0",systematic cyclic code from degree-8 polynomial 0x107
485,natural,n24_k16_crc_defined_linear_R2_3,37,15445608864861047552,0,0,crc_defined_linear,R2_3,24,16,0.6666666666666666,1,20,0.05,0xa30caa,0x558cba,11,3,,2,4,20000000,False,False,1000000,1500,65536,"0x70001,0xe0002,0x1c0004,0x380008,0x700010,0xe00020,0xc70040,0x890080,0x150100,0x2a0200,0x540400,0xa80800,0x571000,0xae2000,0x5b4000,0xb68000","0x151c1,0x2f243,0x4b547,0x86a8e,0x10d51c,0x20aa38,0x405470,0x80a8e0",systematic cyclic code from degree-8 polynomial 0x107
486,natural,n24_k16_crc_defined_linear_R2_3,38,6369382858069499279,0,0,crc_defined_linear,R2_3,24,16,0.6666666666666666,1,20,0.05,0x1c3094,0xf3014,14,2,,2,3,20000000,False,False,1000000,1500,65536,"0x70001,0xe0002,0x1c0004,0x380008,0x700010,0xe00020,0xc70040,0x890080,0x150100,0x2a0200,0x540400,0xa80800,0x571000,0xae2000,0x5b4000,0xb68000","0x151c1,0x2f243,0x4b547,0x86a8e,0x10d51c,0x20aa38,0x405470,0x80a8e0",systematic cyclic code from degree-8 polynomial 0x107
487,natural,n24_k16_crc_defined_linear_R2_3,39,16729253049249077057,0,0,crc_defined_linear,R2_3,24,16,0.6666666666666666,1,20,0.05,0x7115a2,0x288ad2,3,1,,2,2,20000000,False,False,1000000,1500,65536,"0x70001,0xe0002,0x1c0004,0x380008,0x700010,0xe00020,0xc70040,0x890080,0x150100,0x2a0200,0x540400,0xa80800,0x571000,0xae2000,0x5b4000,0xb68000","0x151c1,0x2f243,0x4b547,0x86a8e,0x10d51c,0x20aa38,0x405470,0x80a8e0",systematic cyclic code from degree-8 polynomial 0x107
488,natural,n24_k16_crc_defined_linear_R2_3,40,1312590030855432742,0,0,crc_defined_linear,R2_3,24,16,0.6666666666666666,1,20,0.05,0xf4856c,0x78406c,10,2,,2,3,20000000,False,False,1000000,1500,65536,"0x70001,0xe0002,0x1c0004,0x380008,0x700010,0xe00020,0xc70040,0x890080,0x150100,0x2a0200,0x540400,0xa80800,0x571000,0xae2000,0x5b4000,0xb68000","0x151c1,0x2f243,0x4b547,0x86a8e,0x10d51c,0x20aa38,0x405470,0x80a8e0",systematic cyclic code from degree-8 polynomial 0x107
489,natural,n24_k16_crc_defined_linear_R2_3,41,12631445367863039690,0,0,crc_defined_linear,R2_3,24,16,0.6666666666666666,1,20,0.05,0x75e9c,0x5af5c,6,2,,2,3,20000000,False,False,1000000,1500,65536,"0x70001,0xe0002,0x1c0004,0x380008,0x700010,0xe00020,0xc70040,0x890080,0x150100,0x2a0200,0x540400,0xa80800,0x571000,0xae2000,0x5b4000,0xb68000","0x151c1,0x2f243,0x4b547,0x86a8e,0x10d51c,0x20aa38,0x405470,0x80a8e0",systematic cyclic code from degree-8 polynomial 0x107
490,natural,n24_k16_crc_defined_linear_R2_3,42,16165707096356873184,0,0,crc_defined_linear,R2_3,24,16,0.6666666666666666,1,20,0.05,0xc5c0bb,0x62c0bb,16,0,,2,1,20000000,False,False,1000000,1500,65536,"0x70001,0xe0002,0x1c0004,0x380008,0x700010,0xe00020,0xc70040,0x890080,0x150100,0x2a0200,0x540400,0xa80800,0x571000,0xae2000,0x5b4000,0xb68000","0x151c1,0x2f243,0x4b547,0x86a8e,0x10d51c,0x20aa38,0x405470,0x80a8e0",systematic cyclic code from degree-8 polynomial 0x107
491,natural,n24_k16_crc_defined_linear_R2_3,43,15013583834902605847,0,0,crc_defined_linear,R2_3,24,16,0.6666666666666666,1,20,0.05,0xb5fe11,0x7afe11,9,1,,2,2,20000000,False,False,1000000,1500,65536,"0x70001,0xe0002,0x1c0004,0x380008,0x700010,0xe00020,0xc70040,0x890080,0x150100,0x2a0200,0x540400,0xa80800,0x571000,0xae2000,0x5b4000,0xb68000","0x151c1,0x2f243,0x4b547,0x86a8e,0x10d51c,0x20aa38,0x405470,0x80a8e0",systematic cyclic code from degree-8 polynomial 0x107
492,natural,n24_k16_crc_defined_linear_R2_3,44,17263028158332796769,0,0,crc_defined_linear,R2_3,24,16,0.6666666666666666,1,20,0.05,0xb342f4,0x5900f4,14,2,,2,3,20000000,False,False,1000000,1500,65536,"0x70001,0xe0002,0x1c0004,0x380008,0x700010,0xe00020,0xc70040,0x890080,0x150100,0x2a0200,0x540400,0xa80800,0x571000,0xae2000,0x5b4000,0xb68000","0x151c1,0x2f243,0x4b547,0x86a8e,0x10d51c,0x20aa38,0x405470,0x80a8e0",systematic cyclic code from degree-8 polynomial 0x107
493,natural,n24_k16_crc_defined_linear_R2_3,45,17280343738204395337,0,0,crc_defined_linear,R2_3,24,16,0.6666666666666666,1,20,0.05,0xd9a296,0x68d516,7,2,,2,3,20000000,False,False,1000000,1500,65536,"0x70001,0xe0002,0x1c0004,0x380008,0x700010,0xe00020,0xc70040,0x890080,0x150100,0x2a0200,0x540400,0xa80800,0x571000,0xae2000,0x5b4000,0xb68000","0x151c1,0x2f243,0x4b547,0x86a8e,0x10d51c,0x20aa38,0x405470,0x80a8e0",systematic cyclic code from degree-8 polynomial 0x107
494,natural,n24_k16_crc_defined_linear_R2_3,46,17131799234311840656,0,0,crc_defined_linear,R2_3,24,16,0.6666666666666666,1,20,0.05,0x9eb813,0x4eb813,20,0,,2,1,20000000,False,False,1000000,1500,65536,"0x70001,0xe0002,0x1c0004,0x380008,0x700010,0xe00020,0xc70040,0x890080,0x150100,0x2a0200,0x540400,0xa80800,0x571000,0xae2000,0x5b4000,0xb68000","0x151c1,0x2f243,0x4b547,0x86a8e,0x10d51c,0x20aa38,0x405470,0x80a8e0",systematic cyclic code from degree-8 polynomial 0x107
495,natural,n24_k16_crc_defined_linear_R2_3,47,10255156108317179085,0,0,crc_defined_linear,R2_3,24,16,0.6666666666666666,1,20,0.05,0xa72d20,0x538d22,13,1,,2,2,20000000,False,False,1000000,1500,65536,"0x70001,0xe0002,0x1c0004,0x380008,0x700010,0xe00020,0xc70040,0x890080,0x150100,0x2a0200,0x540400,0xa80800,0x571000,0xae2000,0x5b4000,0xb68000","0x151c1,0x2f243,0x4b547,0x86a8e,0x10d51c,0x20aa38,0x405470,0x80a8e0",systematic cyclic code from degree-8 polynomial 0x107
496,natural,n24_k16_crc_defined_linear_R2_3,48,1055307558330151371,0,0,crc_defined_linear,R2_3,24,16,0.6666666666666666,1,20,0.05,0xef7894,0x6f7894,21,0,,2,1,20000000,False,False,1000000,1500,65536,"0x70001,0xe0002,0x1c0004,0x380008,0x700010,0xe00020,0xc70040,0x890080,0x150100,0x2a0200,0x540400,0xa80800,0x571000,0xae2000,0x5b4000,0xb68000","0x151c1,0x2f243,0x4b547,0x86a8e,0x10d51c,0x20aa38,0x405470,0x80a8e0",systematic cyclic code from degree-8 polynomial 0x107
497,natural,n24_k16_crc_defined_linear_R2_3,49,17517237316607919743,0,0,crc_defined_linear,R2_3,24,16,0.6666666666666666,1,20,0.05,0x90dc2a,0x30cc22,23,3,,2,4,20000000,False,False,1000000,1500,65536,"0x70001,0xe0002,0x1c0004,0x380008,0x700010,0xe00020,0xc70040,0x890080,0x150100,0x2a0200,0x540400,0xa80800,0x571000,0xae2000,0x5b4000,0xb68000","0x151c1,0x2f243,0x4b547,0x86a8e,0x10d51c,0x20aa38,0x405470,0x80a8e0",systematic cyclic code from degree-8 polynomial 0x107
498,natural,n24_k16_crc_defined_linear_R2_3,50,7362557433171164996,0,0,crc_defined_linear,R2_3,24,16,0.6666666666666666,1,20,0.05,0xb3a54f,0x73a54f,20,1,,2,2,20000000,False,False,1000000,1500,65536,"0x70001,0xe0002,0x1c0004,0x380008,0x700010,0xe00020,0xc70040,0x890080,0x150100,0x2a0200,0x540400,0xa80800,0x571000,0xae2000,0x5b4000,0xb68000","0x151c1,0x2f243,0x4b547,0x86a8e,0x10d51c,0x20aa38,0x405470,0x80a8e0",systematic cyclic code from degree-8 polynomial 0x107
499,natural,n24_k16_crc_defined_linear_R2_3,51,17792594236518114827,0,0,crc_defined_linear,R2_3,24,16,0.6666666666666666,1,20,0.05,0x717dbd,0x307fbd,16,2,,2,3,20000000,False,False,1000000,1500,65536,"0x70001,0xe0002,0x1c0004,0x380008,0x700010,0xe00020,0xc70040,0x890080,0x150100,0x2a0200,0x540400,0xa80800,0x571000,0xae2000,0x5b4000,0xb68000","0x151c1,0x2f243,0x4b547,0x86a8e,0x10d51c,0x20aa38,0x405470,0x80a8e0",systematic cyclic code from degree-8 polynomial 0x107
500,natural,n24_k16_crc_defined_linear_R2_3,52,17722850889600423036,0,0,crc_defined_linear,R2_3,24,16,0.6666666666666666,1,20,0.05,0x3a6db9,0x1935b9,11,1,,2,2,20000000,False,False,1000000,1500,65536,"0x70001,0xe0002,0x1c0004,0x380008,0x700010,0xe00020,0xc70040,0x890080,0x150100,0x2a0200,0x540400,0xa80800,0x571000,0xae2000,0x5b4000,0xb68000","0x151c1,0x2f243,0x4b547,0x86a8e,0x10d51c,0x20aa38,0x405470,0x80a8e0",systematic cyclic code from degree-8 polynomial 0x107
501,natural,n24_k16_crc_defined_linear_R2_3,53,15101647112826216615,0,0,crc_defined_linear,R2_3,24,16,0.6666666666666666,1,20,0.05,0x7b77e4,0x3b76e4,21,1,,2,2,20000000,False,False,1000000,1500,65536,"0x70001,0xe0002,0x1c0004,0x380008,0x700010,0xe00020,0xc70040,0x890080,0x150100,0x2a0200,0x540400,0xa80800,0x571000,0xae2000,0x5b4000,0xb68000","0x151c1,0x2f243,0x4b547,0x86a8e,0x10d51c,0x20aa38,0x405470,0x80a8e0",systematic cyclic code from degree-8 polynomial 0x107
502,natural,n24_k16_crc_defined_linear_R2_3,54,16724976933242370728,0,0,crc_defined_linear,R2_3,24,16,0.6666666666666666,1,20,0.05,0x78f50f,0x3c55cf,15,3,,2,4,20000000,False,False,1000000,1500,65536,"0x70001,0xe0002,0x1c0004,0x380008,0x700010,0xe00020,0xc70040,0x890080,0x150100,0x2a0200,0x540400,0xa80800,0x571000,0xae2000,0x5b4000,0xb68000","0x151c1,0x2f243,0x4b547,0x86a8e,0x10d51c,0x20aa38,0x405470,0x80a8e0",systematic cyclic code from degree-8 polynomial 0x107
503,natural,n24_k16_crc_defined_linear_R2_3,55,1065916236781482048,0,0,crc_defined_linear,R2_3,24,16,0.6666666666666666,1,20,0.05,0x3765ef,0x1bb5ef,11,0,,2,1,20000000,False,False,1000000,1500,65536,"0x70001,0xe0002,0x1c0004,0x380008,0x700010,0xe00020,0xc70040,0x890080,0x150100,0x2a0200,0x540400,0xa80800,0x571000,0xae2000,0x5b4000,0xb68000","0x151c1,0x2f243,0x4b547,0x86a8e,0x10d51c,0x20aa38,0x405470,0x80a8e0",systematic cyclic code from degree-8 polynomial 0x107
504,natural,n24_k16_crc_defined_linear_R2_3,56,11994446543009123338,0,0,crc_defined_linear,R2_3,24,16,0.6666666666666666,1,20,0.05,0xdd8607,0x6ec607,14,0,,2,1,20000000,False,False,1000000,1500,65536,"0x70001,0xe0002,0x1c0004,0x380008,0x700010,0xe00020,0xc70040,0x890080,0x150100,0x2a0200,0x540400,0xa80800,0x571000,0xae2000,0x5b4000,0xb68000","0x151c1,0x2f243,0x4b547,0x86a8e,0x10d51c,0x20aa38,0x405470,0x80a8e0",systematic cyclic code from degree-8 polynomial 0x107
505,natural,n24_k16_crc_defined_linear_R2_3,57,17769947503150489112,0,0,crc_defined_linear,R2_3,24,16,0.6666666666666666,1,20,0.05,0x7483fd,0x1a41f9,5,2,,2,3,20000000,False,False,1000000,1500,65536,"0x70001,0xe0002,0x1c0004,0x380008,0x700010,0xe00020,0xc70040,0x890080,0x150100,0x2a0200,0x540400,0xa80800,0x571000,0xae2000,0x5b4000,0xb68000","0x151c1,0x2f243,0x4b547,0x86a8e,0x10d51c,0x20aa38,0x405470,0x80a8e0",systematic cyclic code from degree-8 polynomial 0x107
506,natural,n24_k16_crc_defined_linear_R2_3,58,3284078478862654697,0,0,crc_defined_linear,R2_3,24,16,0.6666666666666666,1,20,0.05,0x7fac86,0x3fac86,17,0,,2,1,20000000,False,False,1000000,1500,65536,"0x70001,0xe0002,0x1c0004,0x380008,0x700010,0xe00020,0xc70040,0x890080,0x150100,0x2a0200,0x540400,0xa80800,0x571000,0xae2000,0x5b4000,0xb68000","0x151c1,0x2f243,0x4b547,0x86a8e,0x10d51c,0x20aa38,0x405470,0x80a8e0",systematic cyclic code from degree-8 polynomial 0x107
507,natural,n24_k16_crc_defined_linear_R2_3,59,4798519519472302077,0,0,crc_defined_linear,R2_3,24,16,0.6666666666666666,1,20,0.05,0x2f842f,0xe842f,23,2,,2,3,20000000,False,False,1000000,1500,65536,"0x70001,0xe0002,0x1c0004,0x380008,0x700010,0xe00020,0xc70040,0x890080,0x150100,0x2a0200,0x540400,0xa80800,0x571000,0xae2000,0x5b4000,0xb68000","0x151c1,0x2f243,0x4b547,0x86a8e,0x10d51c,0x20aa38,0x405470,0x80a8e0",systematic cyclic code from degree-8 polynomial 0x107
508,natural,n24_k16_crc_defined_linear_R2_3,60,15194916539642904244,0,0,crc_defined_linear,R2_3,24,16,0.6666666666666666,1,20,0.05,0xaa0dae,0x2a0dae,23,0,,2,1,20000000,False,False,1000000,1500,65536,"0x70001,0xe0002,0x1c0004,0x380008,0x700010,0xe00020,0xc70040,0x890080,0x150100,0x2a0200,0x540400,0xa80800,0x571000,0xae2000,0x5b4000,0xb68000","0x151c1,0x2f243,0x4b547,0x86a8e,0x10d51c,0x20aa38,0x405470,0x80a8e0",systematic cyclic code from degree-8 polynomial 0x107
509,natural,n24_k16_crc_defined_linear_R2_3,61,12922040054280959583,0,0,crc_defined_linear,R2_3,24,16,0.6666666666666666,1,20,0.05,0x12a261,0x92261,15,0,,2,1,20000000,False,False,1000000,1500,65536,"0x70001,0xe0002,0x1c0004,0x380008,0x700010,0xe00020,0xc70040,0x890080,0x150100,0x2a0200,0x540400,0xa80800,0x571000,0xae2000,0x5b4000,0xb68000","0x151c1,0x2f243,0x4b547,0x86a8e,0x10d51c,0x20aa38,0x405470,0x80a8e0",systematic cyclic code from degree-8 polynomial 0x107
510,natural,n24_k16_crc_defined_linear_R2_3,62,8655627708024899671,0,0,crc_defined_linear,R2_3,24,16,0.6666666666666666,1,20,0.05,0xaeaabf,0x56aab5,18,2,,2,3,20000000,False,False,1000000,1500,65536,"0x70001,0xe0002,0x1c0004,0x380008,0x700010,0xe00020,0xc70040,0x890080,0x150100,0x2a0200,0x540400,0xa80800,0x571000,0xae2000,0x5b4000,0xb68000","0x151c1,0x2f243,0x4b547,0x86a8e,0x10d51c,0x20aa38,0x405470,0x80a8e0",systematic cyclic code from degree-8 polynomial 0x107
511,natural,n24_k16_crc_defined_linear_R2_3,63,8008576189373205230,0,0,crc_defined_linear,R2_3,24,16,0.6666666666666666,1,20,0.05,0xb7a039,0x5ad21d,3,3,,2,4,20000000,False,False,1000000,1500,65536,"0x70001,0xe0002,0x1c0004,0x380008,0x700010,0xe00020,0xc70040,0x890080,0x150100,0x2a0200,0x540400,0xa80800,0x571000,0xae2000,0x5b4000,0xb68000","0x151c1,0x2f243,0x4b547,0x86a8e,0x10d51c,0x20aa38,0x405470,0x80a8e0",systematic cyclic code from degree-8 polynomial 0x107
512,natural,n24_k18_crc_defined_linear_R3_4,0,5011957561721969118,0,0,crc_defined_linear,R3_4,24,18,0.75,1,20,0.05,0x9503d,0x4a81e,0,0,,2,1,20000000,True,True,1000000,1500,262144,"0xc0001,0x180002,0x300004,0x600008,0xc00010,0x8c0020,0x140040,0x280080,0x500100,0xa00200,0x4c0400,0x980800,0x3c1000,0x782000,0xf04000,0xec8000,0xd50000,0xa60000","0x79461,0x8bca3,0x117946,0x22f28c,0x41e518,0x83ca30",systematic cyclic code from degree-6 polynomial 0x43
513,natural,n24_k18_crc_defined_linear_R3_4,1,17748897748393689955,0,0,crc_defined_linear,R3_4,24,18,0.75,1,20,0.05,0xd6674c,0x6a334e,8,2,,2,3,20000000,True,True,1000000,1500,262144,"0xc0001,0x180002,0x300004,0x600008,0xc00010,0x8c0020,0x140040,0x280080,0x500100,0xa00200,0x4c0400,0x980800,0x3c1000,0x782000,0xf04000,0xec8000,0xd50000,0xa60000","0x79461,0x8bca3,0x117946,0x22f28c,0x41e518,0x83ca30",systematic cyclic code from degree-6 polynomial 0x43
514,natural,n24_k18_crc_defined_linear_R3_4,2,17698390562861356648,0,0,crc_defined_linear,R3_4,24,18,0.75,1,20,0.05,0x1bdbfc,0xdedfe,0,0,,2,1,20000000,True,True,1000000,1500,262144,"0xc0001,0x180002,0x300004,0x600008,0xc00010,0x8c0020,0x140040,0x280080,0x500100,0xa00200,0x4c0400,0x980800,0x3c1000,0x782000,0xf04000,0xec8000,0xd50000,0xa60000","0x79461,0x8bca3,0x117946,0x22f28c,0x41e518,0x83ca30",systematic cyclic code from degree-6 polynomial 0x43
515,natural,n24_k18_crc_defined_linear_R3_4,3,8799925068765557676,0,0,crc_defined_linear,R3_4,24,18,0.75,1,20,0.05,0x15a2ac,0xad15d,4,1,,2,2,20000000,True,True,1000000,1500,262144,"0xc0001,0x180002,0x300004,0x600008,0xc00010,0x8c0020,0x140040,0x280080,0x500100,0xa00200,0x4c0400,0x980800,0x3c1000,0x782000,0xf04000,0xec8000,0xd50000,0xa60000","0x79461,0x8bca3,0x117946,0x22f28c,0x41e518,0x83ca30",systematic cyclic code from degree-6 polynomial 0x43
516,natural,n24_k18_crc_defined_linear_R3_4,4,1134993103346489702,0,0,crc_defined_linear,R3_4,24,18,0.75,1,20,0.05,0x4a359d,0x24359d,17,0,,2,1,20000000,True,True,1000000,1500,262144,"0xc0001,0x180002,0x300004,0x600008,0xc00010,0x8c0020,0x140040,0x280080,0x500100,0xa00200,0x4c0400,0x980800,0x3c1000,0x782000,0xf04000,0xec8000,0xd50000,0xa60000","0x79461,0x8bca3,0x117946,0x22f28c,0x41e518,0x83ca30",systematic cyclic code from degree-6 polynomial 0x43
517,natural,n24_k18_crc_defined_linear_R3_4,5,1946143003148581569,0,0,crc_defined_linear,R3_4,24,18,0.75,1,20,0.05,0x873a5d,0x43953d,6,2,,2,3,20000000,True,True,1000000,1500,262144,"0xc0001,0x180002,0x300004,0x600008,0xc00010,0x8c0020,0x140040,0x280080,0x500100,0xa00200,0x4c0400,0x980800,0x3c1000,0x782000,0xf04000,0xec8000,0xd50000,0xa60000","0x79461,0x8bca3,0x117946,0x22f28c,0x41e518,0x83ca30",systematic cyclic code from degree-6 polynomial 0x43
518,natural,n24_k18_crc_defined_linear_R3_4,6,1457526425467346724,0,0,crc_defined_linear,R3_4,24,18,0.75,1,20,0.05,0x833240,0x433240,20,0,,2,1,20000000,True,True,1000000,1500,262144,"0xc0001,0x180002,0x300004,0x600008,0xc00010,0x8c0020,0x140040,0x280080,0x500100,0xa00200,0x4c0400,0x980800,0x3c1000,0x782000,0xf04000,0xec8000,0xd50000,0xa60000","0x79461,0x8bca3,0x117946,0x22f28c,0x41e518,0x83ca30",systematic cyclic code from degree-6 polynomial 0x43
519,natural,n24_k18_crc_defined_linear_R3_4,7,9098913072241030912,0,0,crc_defined_linear,R3_4,24,18,0.75,1,20,0.05,0xce6b5d,0x67319d,5,2,,2,3,20000000,True,True,1000000,1500,262144,"0xc0001,0x180002,0x300004,0x600008,0xc00010,0x8c0020,0x140040,0x280080,0x500100,0xa00200,0x4c0400,0x980800,0x3c1000,0x782000,0xf04000,0xec8000,0xd50000,0xa60000","0x79461,0x8bca3,0x117946,0x22f28c,0x41e518,0x83ca30",systematic cyclic code from degree-6 polynomial 0x43
520,natural,n24_k18_crc_defined_linear_R3_4,8,2244585359661919255,0,0,crc_defined_linear,R3_4,24,18,0.75,1,20,0.05,0x84f338,0x4473b8,22,2,,2,3,20000000,False,False,1000000,1500,262144,"0xc0001,0x180002,0x300004,0x600008,0xc00010,0x8c0020,0x140040,0x280080,0x500100,0xa00200,0x4c0400,0x980800,0x3c1000,0x782000,0xf04000,0xec8000,0xd50000,0xa60000","0x79461,0x8bca3,0x117946,0x22f28c,0x41e518,0x83ca30",systematic cyclic code from degree-6 polynomial 0x43
521,natural,n24_k18_crc_defined_linear_R3_4,9,9951892001132103216,0,0,crc_defined_linear,R3_4,24,18,0.75,1,20,0.05,0x78cf31,0x386735,9,2,,2,3,20000000,False,False,1000000,1500,262144,"0xc0001,0x180002,0x300004,0x600008,0xc00010,0x8c0020,0x140040,0x280080,0x500100,0xa00200,0x4c0400,0x980800,0x3c1000,0x782000,0xf04000,0xec8000,0xd50000,0xa60000","0x79461,0x8bca3,0x117946,0x22f28c,0x41e518,0x83ca30",systematic cyclic code from degree-6 polynomial 0x43
522,natural,n24_k18_crc_defined_linear_R3_4,10,486118702758249827,0,0,crc_defined_linear,R3_4,24,18,0.75,1,20,0.05,0xce873b,0x65439f,2,1,,2,2,20000000,False,False,1000000,1500,262144,"0xc0001,0x180002,0x300004,0x600008,0xc00010,0x8c0020,0x140040,0x280080,0x500100,0xa00200,0x4c0400,0x980800,0x3c1000,0x782000,0xf04000,0xec8000,0xd50000,0xa60000","0x79461,0x8bca3,0x117946,0x22f28c,0x41e518,0x83ca30",systematic cyclic code from degree-6 polynomial 0x43
523,natural,n24_k18_crc_defined_linear_R3_4,11,9324341317088969009,0,0,crc_defined_linear,R3_4,24,18,0.75,1,20,0.05,0xb34b70,0x49cb70,15,1,,2,2,20000000,False,False,1000000,1500,262144,"0xc0001,0x180002,0x300004,0x600008,0xc00010,0x8c0020,0x140040,0x280080,0x500100,0xa00200,0x4c0400,0x980800,0x3c1000,0x782000,0xf04000,0xec8000,0xd50000,0xa60000","0x79461,0x8bca3,0x117946,0x22f28c,0x41e518,0x83ca30",systematic cyclic code from degree-6 polynomial 0x43
524,natural,n24_k18_crc_defined_linear_R3_4,12,16682142515919156019,0,0,crc_defined_linear,R3_4,24,18,0.75,1,20,0.05,0x3b27a6,0x1f8782,13,3,,2,4,20000000,False,False,1000000,1500,262144,"0xc0001,0x180002,0x300004,0x600008,0xc00010,0x8c0020,0x140040,0x280080,0x500100,0xa00200,0x4c0400,0x980800,0x3c1000,0x782000,0xf04000,0xec8000,0xd50000,0xa60000","0x79461,0x8bca3,0x117946,0x22f28c,0x41e518,0x83ca30",systematic cyclic code from degree-6 polynomial 0x43
525,natural,n24_k18_crc_defined_linear_R3_4,13,16014689407986490111,0,0,crc_defined_linear,R3_4,24,18,0.75,1,20,0.05,0x5b4c87,0x2da643,4,1,,2,2,20000000,False,False,1000000,1500,262144,"0xc0001,0x180002,0x300004,0x600008,0xc00010,0x8c0020,0x140040,0x280080,0x500100,0xa00200,0x4c0400,0x980800,0x3c1000,0x782000,0xf04000,0xec8000,0xd50000,0xa60000","0x79461,0x8bca3,0x117946,0x22f28c,0x41e518,0x83ca30",systematic cyclic code from degree-6 polynomial 0x43
526,natural,n24_k18_crc_defined_linear_R3_4,14,10833860896832598742,0,0,crc_defined_linear,R3_4,24,18,0.75,1,20,0.05,0x3a211b,0x1a2119,20,1,,2,2,20000000,False,False,1000000,1500,262144,"0xc0001,0x180002,0x300004,0x600008,0xc00010,0x8c0020,0x140040,0x280080,0x500100,0xa00200,0x4c0400,0x980800,0x3c1000,0x782000,0xf04000,0xec8000,0xd50000,0xa60000","0x79461,0x8bca3,0x117946,0x22f28c,0x41e518,0x83ca30",systematic cyclic code from degree-6 polynomial 0x43
527,natural,n24_k18_crc_defined_linear_R3_4,15,1139344255816869239,0,0,crc_defined_linear,R3_4,24,18,0.75,1,20,0.05,0xf31128,0x79c929,10,2,,2,3,20000000,False,False,1000000,1500,262144,"0xc0001,0x180002,0x300004,0x600008,0xc00010,0x8c0020,0x140040,0x280080,0x500100,0xa00200,0x4c0400,0x980800,0x3c1000,0x782000,0xf04000,0xec8000,0xd50000,0xa60000","0x79461,0x8bca3,0x117946,0x22f28c,0x41e518,0x83ca30",systematic cyclic code from degree-6 polynomial 0x43
528,natural,n24_k18_crc_defined_linear_R3_4,16,8705692895436484153,0,0,crc_defined_linear,R3_4,24,18,0.75,1,20,0.05,0xe75754,0x73abb4,6,1,,2,2,20000000,False,False,1000000,1500,262144,"0xc0001,0x180002,0x300004,0x600008,0xc00010,0x8c0020,0x140040,0x280080,0x500100,0xa00200,0x4c0400,0x980800,0x3c1000,0x782000,0xf04000,0xec8000,0xd50000,0xa60000","0x79461,0x8bca3,0x117946,0x22f28c,0x41e518,0x83ca30",systematic cyclic code from degree-6 polynomial 0x43
529,natural,n24_k18_crc_defined_linear_R3_4,17,12545791300605423743,0,0,crc_defined_linear,R3_4,24,18,0.75,1,20,0.05,0xf87ca5,0x7c3ca5,12,0,,2,1,20000000,False,False,1000000,1500,262144,"0xc0001,0x180002,0x300004,0x600008,0xc00010,0x8c0020,0x140040,0x280080,0x500100,0xa00200,0x4c0400,0x980800,0x3c1000,0x782000,0xf04000,0xec8000,0xd50000,0xa60000","0x79461,0x8bca3,0x117946,0x22f28c,0x41e518,0x83ca30",systematic cyclic code from degree-6 polynomial 0x43
530,natural,n24_k18_crc_defined_linear_R3_4,18,15555826373365658205,0,0,crc_defined_linear,R3_4,24,18,0.75,1,20,0.05,0xfdee3b,0x7ee735,1,3,,2,4,20000000,False,False,1000000,1500,262144,"0xc0001,0x180002,0x300004,0x600008,0xc00010,0x8c0020,0x140040,0x280080,0x500100,0xa00200,0x4c0400,0x980800,0x3c1000,0x782000,0xf04000,0xec8000,0xd50000,0xa60000","0x79461,0x8bca3,0x117946,0x22f28c,0x41e518,0x83ca30",systematic cyclic code from degree-6 polynomial 0x43
531,natural,n24_k18_crc_defined_linear_R3_4,19,2255998616798937441,0,0,crc_defined_linear,R3_4,24,18,0.75,1,20,0.05,0x872f9,0x4432f9,13,1,,2,2,20000000,False,False,1000000,1500,262144,"0xc0001,0x180002,0x300004,0x600008,0xc00010,0x8c0020,0x140040,0x280080,0x500100,0xa00200,0x4c0400,0x980800,0x3c1000,0x782000,0xf04000,0xec8000,0xd50000,0xa60000","0x79461,0x8bca3,0x117946,0x22f28c,0x41e518,0x83ca30",systematic cyclic code from degree-6 polynomial 0x43
532,natural,n24_k18_crc_defined_linear_R3_4,20,16587473698275183149,0,0,crc_defined_linear,R3_4,24,18,0.75,1,20,0.05,0x90576a,0x4857ea,17,1,,2,2,20000000,False,False,1000000,1500,262144,"0xc0001,0x180002,0x300004,0x600008,0xc00010,0x8c0020,0x140040,0x280080,0x500100,0xa00200,0x4c0400,0x980800,0x3c1000,0x782000,0xf04000,0xec8000,0xd50000,0xa60000","0x79461,0x8bca3,0x117946,0x22f28c,0x41e518,0x83ca30",systematic cyclic code from degree-6 polynomial 0x43
533,natural,n24_k18_crc_defined_linear_R3_4,21,18148245100735950942,0,0,crc_defined_linear,R3_4,24,18,0.75,1,20,0.05,0x1cab6a,0xf2b7a,17,3,,2,4,20000000,False,False,1000000,1500,262144,"0xc0001,0x180002,0x300004,0x600008,0xc00010,0x8c0020,0x140040,0x280080,0x500100,0xa00200,0x4c0400,0x980800,0x3c1000,0x782000,0xf04000,0xec8000,0xd50000,0xa60000","0x79461,0x8bca3,0x117946,0x22f28c,0x41e518,0x83ca30",systematic cyclic code from degree-6 polynomial 0x43
534,natural,n24_k18_crc_defined_linear_R3_4,22,36971835082149939,0,0,crc_defined_linear,R3_4,24,18,0.75,1,20,0.05,0x7847bc,0x3c233d,9,2,,2,3,20000000,False,False,1000000,1500,262144,"0xc0001,0x180002,0x300004,0x600008,0xc00010,0x8c0020,0x140040,0x280080,0x500100,0xa00200,0x4c0400,0x980800,0x3c1000,0x782000,0xf04000,0xec8000,0xd50000,0xa60000","0x79461,0x8bca3,0x117946,0x22f28c,0x41e518,0x83ca30",systematic cyclic code from degree-6 polynomial 0x43
535,natural,n24_k18_crc_defined_linear_R3_4,23,1847894811387139629,0,0,crc_defined_linear,R3_4,24,18,0.75,1,20,0.05,0x18773d,0xd3a9d,2,2,,2,3,20000000,False,False,1000000,1500,262144,"0xc0001,0x180002,0x300004,0x600008,0xc00010,0x8c0020,0x140040,0x280080,0x500100,0xa00200,0x4c0400,0x980800,0x3c1000,0x782000,0xf04000,0xec8000,0xd50000,0xa60000","0x79461,0x8bca3,0x117946,0x22f28c,0x41e518,0x83ca30",systematic cyclic code from degree-6 polynomial 0x43
536,natural,n24_k18_crc_defined_linear_R3_4,24,17678605485366853656,0,0,crc_defined_linear,R3_4,24,18,0.75,1,20,0.05,0x358822,0x1ac820,12,1,,2,2,20000000,False,False,1000000,1500,262144,"0xc0001,0x180002,0x300004,0x600008,0xc00010,0x8c0020,0x140040,0x280080,0x500100,0xa00200,0x4c0400,0x980800,0x3c1000,0x782000,0xf04000,0xec8000,0xd50000,0xa60000","0x79461,0x8bca3,0x117946,0x22f28c,0x41e518,0x83ca30",systematic cyclic code from degree-6 polynomial 0x43
537,natural,n24_k18_crc_defined_linear_R3_4,25,2005098483384873428,0,0,crc_defined_linear,R3_4,24,18,0.75,1,20,0.05,0xb20e08,0x190629,10,3,,2,4,20000000,False,False,1000000,1500,262144,"0xc0001,0x180002,0x300004,0x600008,0xc00010,0x8c0020,0x140040,0x280080,0x500100,0xa00200,0x4c0400,0x980800,0x3c1000,0x782000,0xf04000,0xec8000,0xd50000,0xa60000","0x79461,0x8bca3,0x117946,0x22f28c,0x41e518,0x83ca30",systematic cyclic code from degree-6 polynomial 0x43
538,natural,n24_k18_crc_defined_linear_R3_4,26,8430467435559102951,0,0,crc_defined_linear,R3_4,24,18,0.75,1,20,0.05,0xaddacd,0x56eecd,10,0,,2,1,20000000,False,False,1000000,1500,262144,"0xc0001,0x180002,0x300004,0x600008,0xc00010,0x8c0020,0x140040,0x280080,0x500100,0xa00200,0x4c0400,0x980800,0x3c1000,0x782000,0xf04000,0xec8000,0xd50000,0xa60000","0x79461,0x8bca3,0x117946,0x22f28c,0x41e518,0x83ca30",systematic cyclic code from degree-6 polynomial 0x43
539,natural,n24_k18_crc_defined_linear_R3_4,27,11513207905255155197,0,0,crc_defined_linear,R3_4,24,18,0.75,1,20,0.05,0xca868f,0x65434f,4,0,,2,1,20000000,False,False,1000000,1500,262144,"0xc0001,0x180002,0x300004,0x600008,0xc00010,0x8c0020,0x140040,0x280080,0x500100,0xa00200,0x4c0400,0x980800,0x3c1000,0x782000,0xf04000,0xec8000,0xd50000,0xa60000","0x79461,0x8bca3,0x117946,0x22f28c,0x41e518,0x83ca30",systematic cyclic code from degree-6 polynomial 0x43
540,natural,n24_k18_crc_defined_linear_R3_4,28,15962913644422792580,0,0,crc_defined_linear,R3_4,24,18,0.75,1,20,0.05,0x148640,0xa4300,6,0,,2,1,20000000,False,False,1000000,1500,262144,"0xc0001,0x180002,0x300004,0x600008,0xc00010,0x8c0020,0x140040,0x280080,0x500100,0xa00200,0x4c0400,0x980800,0x3c1000,0x782000,0xf04000,0xec8000,0xd50000,0xa60000","0x79461,0x8bca3,0x117946,0x22f28c,0x41e518,0x83ca30",systematic cyclic code from degree-6 polynomial 0x43
541,natural,n24_k18_crc_defined_linear_R3_4,29,2995467264429703195,0,0,crc_defined_linear,R3_4,24,18,0.75,1,20,0.05,0xb40240,0x7a4120,5,2,,2,3,20000000,False,False,1000000,1500,262144,"0xc0001,0x180002,0x300004,0x600008,0xc00010,0x8c0020,0x140040,0x280080,0x500100,0xa00200,0x4c0400,0x980800,0x3c1000,0x782000,0xf04000,0xec8000,0xd50000,0xa60000","0x79461,0x8bca3,0x117946,0x22f28c,0x41e518,0x83ca30",systematic cyclic code from degree-6 polynomial 0x43
542,natural,n24_k18_crc_defined_linear_R3_4,30,12287681064975927215,0,0,crc_defined_linear,R3_4,24,18,0.75,1,20,0.05,0xc93d2c,0x649e9e,1,1,,2,2,20000000,False,False,1000000,1500,262144,"0xc0001,0x180002,0x300004,0x600008,0xc00010,0x8c0020,0x140040,0x280080,0x500100,0xa00200,0x4c0400,0x980800,0x3c1000,0x782000,0xf04000,0xec8000,0xd50000,0xa60000","0x79461,0x8bca3,0x117946,0x22f28c,0x41e518,0x83ca30",systematic cyclic code from degree-6 polynomial 0x43
543,natural,n24_k18_crc_defined_linear_R3_4,31,15596797808095258514,0,0,crc_defined_linear,R3_4,24,18,0.75,1,20,0.05,0xb27e50,0x27e50,23,2,,2,3,20000000,False,False,1000000,1500,262144,"0xc0001,0x180002,0x300004,0x600008,0xc00010,0x8c0020,0x140040,0x280080,0x500100,0xa00200,0x4c0400,0x980800,0x3c1000,0x782000,0xf04000,0xec8000,0xd50000,0xa60000","0x79461,0x8bca3,0x117946,0x22f28c,0x41e518,0x83ca30",systematic cyclic code from degree-6 polynomial 0x43
544,natural,n24_k18_crc_defined_linear_R3_4,32,396078975965304120,0,0,crc_defined_linear,R3_4,24,18,0.75,1,20,0.05,0x532896,0x232896,21,1,,2,2,20000000,False,False,1000000,1500,262144,"0xc0001,0x180002,0x300004,0x600008,0xc00010,0x8c0020,0x140040,0x280080,0x500100,0xa00200,0x4c0400,0x980800,0x3c1000,0x782000,0xf04000,0xec8000,0xd50000,0xa60000","0x79461,0x8bca3,0x117946,0x22f28c,0x41e518,0x83ca30",systematic cyclic code from degree-6 polynomial 0x43
545,natural,n24_k18_crc_defined_linear_R3_4,33,2356967589282051229,0,0,crc_defined_linear,R3_4,24,18,0.75,1,20,0.05,0xe23357,0x723b57,20,1,,2,2,20000000,False,False,1000000,1500,262144,"0xc0001,0x180002,0x300004,0x600008,0xc00010,0x8c0020,0x140040,0x280080,0x500100,0xa00200,0x4c0400,0x980800,0x3c1000,0x782000,0xf04000,0xec8000,0xd50000,0xa60000","0x79461,0x8bca3,0x117946,0x22f28c,0x41e518,0x83ca30",systematic cyclic code from degree-6 polynomial 0x43
546,natural,n24_k18_crc_defined_linear_R3_4,34,1801601836267583172,0,0,crc_defined_linear,R3_4,24,18,0.75,1,20,0.05,0xa5f8a3,0x52e8a3,13,1,,2,2,20000000,False,False,1000000,1500,262144,"0xc0001,0x180002,0x300004,0x600008,0xc00010,0x8c0020,0x140040,0x280080,0x500100,0xa00200,0x4c0400,0x980800,0x3c1000,0x782000,0xf04000,0xec8000,0xd50000,0xa60000","0x79461,0x8bca3,0x117946,0x22f28c,0x41e518,0x83ca30",systematic cyclic code from degree-6 polynomial 0x43
547,natural,n24_k18_crc_defined_linear_R3_4,35,12109912506528201828,0,0,crc_defined_linear,R3_4,24,18,0.75,1,20,0.05,0x889a4b,0x489a4b,20,0,,2,1,20000000,False,False,1000000,1500,262144,"0xc0001,0x180002,0x300004,0x600008,0xc00010,0x8c0020,0x140040,0x280080,0x500100,0xa00200,0x4c0400,0x980800,0x3c1000,0x782000,0xf04000,0xec8000,0xd50000,0xa60000","0x79461,0x8bca3,0x117946,0x22f28c,0x41e518,0x83ca30",systematic cyclic code from degree-6 polynomial 0x43
548,natural,n24_k18_crc_defined_linear_R3_4,36,10122359659062403585,0,0,crc_defined_linear,R3_4,24,18,0.75,1,20,0.05,0x14c953,0xb60ab,4,3,,2,4,20000000,False,False,1000000,1500,262144,"0xc0001,0x180002,0x300004,0x600008,0xc00010,0x8c0020,0x140040,0x280080,0x500100,0xa00200,0x4c0400,0x980800,0x3c1000,0x782000,0xf04000,0xec8000,0xd50000,0xa60000","0x79461,0x8bca3,0x117946,0x22f28c,0x41e518,0x83ca30",systematic cyclic code from degree-6 polynomial 0x43
549,natural,n24_k18_crc_defined_linear_R3_4,37,17494497076548885202,0,0,crc_defined_linear,R3_4,24,18,0.75,1,20,0.05,0xde7639,0x6e7639,18,0,,2,1,20000000,False,False,1000000,1500,262144,"0xc0001,0x180002,0x300004,0x600008,0xc00010,0x8c0020,0x140040,0x280080,0x500100,0xa00200,0x4c0400,0x980800,0x3c1000,0x782000,0xf04000,0xec8000,0xd50000,0xa60000","0x79461,0x8bca3,0x117946,0x22f28c,0x41e518,0x83ca30",systematic cyclic code from degree-6 polynomial 0x43
550,natural,n24_k18_crc_defined_linear_R3_4,38,615298526309640163,0,0,crc_defined_linear,R3_4,24,18,0.75,1,20,0.05,0x5e3700,0x2b1600,13,2,,2,3,20000000,False,False,1000000,1500,262144,"0xc0001,0x180002,0x300004,0x600008,0xc00010,0x8c0020,0x140040,0x280080,0x500100,0xa00200,0x4c0400,0x980800,0x3c1000,0x782000,0xf04000,0xec8000,0xd50000,0xa60000","0x79461,0x8bca3,0x117946,0x22f28c,0x41e518,0x83ca30",systematic cyclic code from degree-6 polynomial 0x43
551,natural,n24_k18_crc_defined_linear_R3_4,39,5460651624406062628,0,0,crc_defined_linear,R3_4,24,18,0.75,1,20,0.05,0xe29d7e,0x714efe,7,0,,2,1,20000000,False,False,1000000,1500,262144,"0xc0001,0x180002,0x300004,0x600008,0xc00010,0x8c0020,0x140040,0x280080,0x500100,0xa00200,0x4c0400,0x980800,0x3c1000,0x782000,0xf04000,0xec8000,0xd50000,0xa60000","0x79461,0x8bca3,0x117946,0x22f28c,0x41e518,0x83ca30",systematic cyclic code from degree-6 polynomial 0x43
552,natural,n24_k18_crc_defined_linear_R3_4,40,17977753883501381198,0,0,crc_defined_linear,R3_4,24,18,0.75,1,20,0.05,0xccb751,0x265751,13,1,,2,2,20000000,False,False,1000000,1500,262144,"0xc0001,0x180002,0x300004,0x600008,0xc00010,0x8c0020,0x140040,0x280080,0x500100,0xa00200,0x4c0400,0x980800,0x3c1000,0x782000,0xf04000,0xec8000,0xd50000,0xa60000","0x79461,0x8bca3,0x117946,0x22f28c,0x41e518,0x83ca30",systematic cyclic code from degree-6 polynomial 0x43
553,natural,n24_k18_crc_defined_linear_R3_4,41,15608705800506906125,0,0,crc_defined_linear,R3_4,24,18,0.75,1,20,0.05,0xfbc8c4,0x7dec64,4,1,,2,2,20000000,False,False,1000000,1500,262144,"0xc0001,0x180002,0x300004,0x600008,0xc00010,0x8c0020,0x140040,0x280080,0x500100,0xa00200,0x4c0400,0x980800,0x3c1000,0x782000,0xf04000,0xec8000,0xd50000,0xa60000","0x79461,0x8bca3,0x117946,0x22f28c,0x41e518,0x83ca30",systematic cyclic code from degree-6 polynomial 0x43
554,natural,n24_k18_crc_defined_linear_R3_4,42,8188688401318113717,0,0,crc_defined_linear,R3_4,24,18,0.75,1,20,0.05,0x3d2520,0x1e24a0,16,2,,2,3,20000000,False,False,1000000,1500,262144,"0xc0001,0x180002,0x300004,0x600008,0xc00010,0x8c0020,0x140040,0x280080,0x500100,0xa00200,0x4c0400,0x980800,0x3c1000,0x782000,0xf04000,0xec8000,0xd50000,0xa60000","0x79461,0x8bca3,0x117946,0x22f28c,0x41e518,0x83ca30",systematic cyclic code from degree-6 polynomial 0x43
555,natural,n24_k18_crc_defined_linear_R3_4,43,5171129343008996272,0,0,crc_defined_linear,R3_4,24,18,0.75,1,20,0.05,0x6a879b,0x35479b,11,0,,2,1,20000000,False,False,1000000,1500,262144,"0xc0001,0x180002,0x300004,0x600008,0xc00010,0x8c0020,0x140040,0x280080,0x500100,0xa00200,0x4c0400,0x980800,0x3c1000,0x782000,0xf04000,0xec8000,0xd50000,0xa60000","0x79461,0x8bca3,0x117946,0x22f28c,0x41e518,0x83ca30",systematic cyclic code from degree-6 polynomial 0x43
556,natural,n24_k18_crc_defined_linear_R3_4,44,8516384213374528034,0,0,crc_defined_linear,R3_4,24,18,0.75,1,20,0.05,0xcc7dc,0xcc7dc,21,0,,2,1,20000000,False,False,1000000,1500,262144,"0xc0001,0x180002,0x300004,0x600008,0xc00010,0x8c0020,0x140040,0x280080,0x500100,0xa00200,0x4c0400,0x980800,0x3c1000,0x782000,0xf04000,0xec8000,0xd50000,0xa60000","0x79461,0x8bca3,0x117946,0x22f28c,0x41e518,0x83ca30",systematic cyclic code from degree-6 polynomial 0x43
557,natural,n24_k18_crc_defined_linear_R3_4,45,5484860977758598727,0,0,crc_defined_linear,R3_4,24,18,0.75,1,20,0.05,0xfb5089,0x7f90f9,18,5,,2,6,20000000,False,False,1000000,1500,262144,"0xc0001,0x180002,0x300004,0x600008,0xc00010,0x8c0020,0x140040,0x280080,0x500100,0xa00200,0x4c0400,0x980800,0x3c1000,0x782000,0xf04000,0xec8000,0xd50000,0xa60000","0x79461,0x8bca3,0x117946,0x22f28c,0x41e518,0x83ca30",systematic cyclic code from degree-6 polynomial 0x43
558,natural,n24_k18_crc_defined_linear_R3_4,46,17734187884051411520,0,0,crc_defined_linear,R3_4,24,18,0.75,1,20,0.05,0xe8bff3,0x745ffb,3,0,,2,1,20000000,False,False,1000000,1500,262144,"0xc0001,0x180002,0x300004,0x600008,0xc00010,0x8c0020,0x140040,0x280080,0x500100,0xa00200,0x4c0400,0x980800,0x3c1000,0x782000,0xf04000,0xec8000,0xd50000,0xa60000","0x79461,0x8bca3,0x117946,0x22f28c,0x41e518,0x83ca30",systematic cyclic code from degree-6 polynomial 0x43
559,natural,n24_k18_crc_defined_linear_R3_4,47,3781029315108996439,0,0,crc_defined_linear,R3_4,24,18,0.75,1,20,0.05,0x4ed378,0x2e7370,21,3,,2,4,20000000,False,False,1000000,1500,262144,"0xc0001,0x180002,0x300004,0x600008,0xc00010,0x8c0020,0x140040,0x280080,0x500100,0xa00200,0x4c0400,0x980800,0x3c1000,0x782000,0xf04000,0xec8000,0xd50000,0xa60000","0x79461,0x8bca3,0x117946,0x22f28c,0x41e518,0x83ca30",systematic cyclic code from degree-6 polynomial 0x43
560,natural,n24_k18_crc_defined_linear_R3_4,48,14172299175887398206,0,0,crc_defined_linear,R3_4,24,18,0.75,1,20,0.05,0x44047c,0x22017c,10,1,,2,2,20000000,False,False,1000000,1500,262144,"0xc0001,0x180002,0x300004,0x600008,0xc00010,0x8c0020,0x140040,0x280080,0x500100,0xa00200,0x4c0400,0x980800,0x3c1000,0x782000,0xf04000,0xec8000,0xd50000,0xa60000","0x79461,0x8bca3,0x117946,0x22f28c,0x41e518,0x83ca30",systematic cyclic code from degree-6 polynomial 0x43
561,natural,n24_k18_crc_defined_linear_R3_4,49,1120887024208837535,0,0,crc_defined_linear,R3_4,24,18,0.75,1,20,0.05,0xb7e8bd,0x1bf43d,6,2,,2,3,20000000,False,False,1000000,1500,262144,"0xc0001,0x180002,0x300004,0x600008,0xc00010,0x8c0020,0x140040,0x280080,0x500100,0xa00200,0x4c0400,0x980800,0x3c1000,0x782000,0xf04000,0xec8000,0xd50000,0xa60000","0x79461,0x8bca3,0x117946,0x22f28c,0x41e518,0x83ca30",systematic cyclic code from degree-6 polynomial 0x43
562,natural,n24_k18_crc_defined_linear_R3_4,50,929283880724153098,0,0,crc_defined_linear,R3_4,24,18,0.75,1,20,0.05,0x78bdb4,0x2c5db4,13,1,,2,2,20000000,False,False,1000000,1500,262144,"0xc0001,0x180002,0x300004,0x600008,0xc00010,0x8c0020,0x140040,0x280080,0x500100,0xa00200,0x4c0400,0x980800,0x3c1000,0x782000,0xf04000,0xec8000,0xd50000,0xa60000","0x79461,0x8bca3,0x117946,0x22f28c,0x41e518,0x83ca30",systematic cyclic code from degree-6 polynomial 0x43
563,natural,n24_k18_crc_defined_linear_R3_4,51,12970395388125445595,0,0,crc_defined_linear,R3_4,24,18,0.75,1,20,0.05,0xcf8a74,0x47c670,10,2,,2,3,20000000,False,False,1000000,1500,262144,"0xc0001,0x180002,0x300004,0x600008,0xc00010,0x8c0020,0x140040,0x280080,0x500100,0xa00200,0x4c0400,0x980800,0x3c1000,0x782000,0xf04000,0xec8000,0xd50000,0xa60000","0x79461,0x8bca3,0x117946,0x22f28c,0x41e518,0x83ca30",systematic cyclic code from degree-6 polynomial 0x43
564,natural,n24_k18_crc_defined_linear_R3_4,52,6099504114541062578,0,0,crc_defined_linear,R3_4,24,18,0.75,1,20,0.05,0x4032a0,0x32a0,15,1,,2,2,20000000,False,False,1000000,1500,262144,"0xc0001,0x180002,0x300004,0x600008,0xc00010,0x8c0020,0x140040,0x280080,0x500100,0xa00200,0x4c0400,0x980800,0x3c1000,0x782000,0xf04000,0xec8000,0xd50000,0xa60000","0x79461,0x8bca3,0x117946,0x22f28c,0x41e518,0x83ca30",systematic cyclic code from degree-6 polynomial 0x43
565,natural,n24_k18_crc_defined_linear_R3_4,53,3087244708617967999,0,0,crc_defined_linear,R3_4,24,18,0.75,1,20,0.05,0x835a3e,0x41ae1e,12,2,,2,3,20000000,False,False,1000000,1500,262144,"0xc0001,0x180002,0x300004,0x600008,0xc00010,0x8c0020,0x140040,0x280080,0x500100,0xa00200,0x4c0400,0x980800,0x3c1000,0x782000,0xf04000,0xec8000,0xd50000,0xa60000","0x79461,0x8bca3,0x117946,0x22f28c,0x41e518,0x83ca30",systematic cyclic code from degree-6 polynomial 0x43
566,natural,n24_k18_crc_defined_linear_R3_4,54,2887181772725781412,0,0,crc_defined_linear,R3_4,24,18,0.75,1,20,0.05,0x9fe931,0x1fe931,21,1,,2,2,20000000,False,False,1000000,1500,262144,"0xc0001,0x180002,0x300004,0x600008,0xc00010,0x8c0020,0x140040,0x280080,0x500100,0xa00200,0x4c0400,0x980800,0x3c1000,0x782000,0xf04000,0xec8000,0xd50000,0xa60000","0x79461,0x8bca3,0x117946,0x22f28c,0x41e518,0x83ca30",systematic cyclic code from degree-6 polynomial 0x43
567,natural,n24_k18_crc_defined_linear_R3_4,55,1786540987793671818,0,0,crc_defined_linear,R3_4,24,18,0.75,1,20,0.05,0xc9e661,0x74f261,9,1,,2,2,20000000,False,False,1000000,1500,262144,"0xc0001,0x180002,0x300004,0x600008,0xc00010,0x8c0020,0x140040,0x280080,0x500100,0xa00200,0x4c0400,0x980800,0x3c1000,0x782000,0xf04000,0xec8000,0xd50000,0xa60000","0x79461,0x8bca3,0x117946,0x22f28c,0x41e518,0x83ca30",systematic cyclic code from degree-6 polynomial 0x43
568,natural,n24_k18_crc_defined_linear_R3_4,56,17030289102493525490,0,0,crc_defined_linear,R3_4,24,18,0.75,1,20,0.05,0xa65fe,0xa65fe,21,0,,2,1,20000000,False,False,1000000,1500,262144,"0xc0001,0x180002,0x300004,0x600008,0xc00010,0x8c0020,0x140040,0x280080,0x500100,0xa00200,0x4c0400,0x980800,0x3c1000,0x782000,0xf04000,0xec8000,0xd50000,0xa60000","0x79461,0x8bca3,0x117946,0x22f28c,0x41e518,0x83ca30",systematic cyclic code from degree-6 polynomial 0x43
569,natural,n24_k18_crc_defined_linear_R3_4,57,17378621803197689680,0,0,crc_defined_linear,R3_4,24,18,0.75,1,20,0.05,0xa8e15e,0x50e15e,19,0,,2,1,20000000,False,False,1000000,1500,262144,"0xc0001,0x180002,0x300004,0x600008,0xc00010,0x8c0020,0x140040,0x280080,0x500100,0xa00200,0x4c0400,0x980800,0x3c1000,0x782000,0xf04000,0xec8000,0xd50000,0xa60000","0x79461,0x8bca3,0x117946,0x22f28c,0x41e518,0x83ca30",systematic cyclic code from degree-6 polynomial 0x43
570,natural,n24_k18_crc_defined_linear_R3_4,58,11038560203719897447,0,0,crc_defined_linear,R3_4,24,18,0.75,1,20,0.05,0xc2bd0e,0x62bd0e,19,0,,2,1,20000000,False,False,1000000,1500,262144,"0xc0001,0x180002,0x300004,0x600008,0xc00010,0x8c0020,0x140040,0x280080,0x500100,0xa00200,0x4c0400,0x980800,0x3c1000,0x782000,0xf04000,0xec8000,0xd50000,0xa60000","0x79461,0x8bca3,0x117946,0x22f28c,0x41e518,0x83ca30",systematic cyclic code from degree-6 polynomial 0x43
571,natural,n24_k18_crc_defined_linear_R3_4,59,663039567794417715,0,0,crc_defined_linear,R3_4,24,18,0.75,1,20,0.05,0x605d80,0x30aee4,3,3,,2,4,20000000,False,False,1000000,1500,262144,"0xc0001,0x180002,0x300004,0x600008,0xc00010,0x8c0020,0x140040,0x280080,0x500100,0xa00200,0x4c0400,0x980800,0x3c1000,0x782000,0xf04000,0xec8000,0xd50000,0xa60000","0x79461,0x8bca3,0x117946,0x22f28c,0x41e518,0x83ca30",systematic cyclic code from degree-6 polynomial 0x43
572,natural,n24_k18_crc_defined_linear_R3_4,60,14010911078561368312,0,0,crc_defined_linear,R3_4,24,18,0.75,1,20,0.05,0x7737d0,0x1b9bf0,5,1,,2,2,20000000,False,False,1000000,1500,262144,"0xc0001,0x180002,0x300004,0x600008,0xc00010,0x8c0020,0x140040,0x280080,0x500100,0xa00200,0x4c0400,0x980800,0x3c1000,0x782000,0xf04000,0xec8000,0xd50000,0xa60000","0x79461,0x8bca3,0x117946,0x22f28c,0x41e518,0x83ca30",systematic cyclic code from degree-6 polynomial 0x43
573,natural,n24_k18_crc_defined_linear_R3_4,61,5681518413005560758,0,0,crc_defined_linear,R3_4,24,18,0.75,1,20,0.05,0x3f5eef,0x1f5eef,19,0,,2,1,20000000,False,False,1000000,1500,262144,"0xc0001,0x180002,0x300004,0x600008,0xc00010,0x8c0020,0x140040,0x280080,0x500100,0xa00200,0x4c0400,0x980800,0x3c1000,0x782000,0xf04000,0xec8000,0xd50000,0xa60000","0x79461,0x8bca3,0x117946,0x22f28c,0x41e518,0x83ca30",systematic cyclic code from degree-6 polynomial 0x43
574,natural,n24_k18_crc_defined_linear_R3_4,62,16388456131011533059,0,0,crc_defined_linear,R3_4,24,18,0.75,1,20,0.05,0xc7f981,0x63fc89,7,1,,2,2,20000000,False,False,1000000,1500,262144,"0xc0001,0x180002,0x300004,0x600008,0xc00010,0x8c0020,0x140040,0x280080,0x500100,0xa00200,0x4c0400,0x980800,0x3c1000,0x782000,0xf04000,0xec8000,0xd50000,0xa60000","0x79461,0x8bca3,0x117946,0x22f28c,0x41e518,0x83ca30",systematic cyclic code from degree-6 polynomial 0x43
575,natural,n24_k18_crc_defined_linear_R3_4,63,2264402692718926177,0,0,crc_defined_linear,R3_4,24,18,0.75,1,20,0.05,0x60da49,0x306c49,9,0,,2,1,20000000,False,False,1000000,1500,262144,"0xc0001,0x180002,0x300004,0x600008,0xc00010,0x8c0020,0x140040,0x280080,0x500100,0xa00200,0x4c0400,0x980800,0x3c1000,0x782000,0xf04000,0xec8000,0xd50000,0xa60000","0x79461,0x8bca3,0x117946,0x22f28c,0x41e518,0x83ca30",systematic cyclic code from degree-6 polynomial 0x43
576,natural,n32_k21_random_systematic_linear_R2_3,0,17609806597763236508,0,9870783766797209143,random_systematic_linear,R2_3,32,21,0.65625,1,20,0.05,0x131e9b24,0x98f4d90,0,1,,2,2,20000000,True,True,1000000,1500,2097152,"0x72000001,0x31200002,0xe0000004,0xe9600008,0x91000010,0x40a00020,0x27800040,0x49800080,0xdb600100,0xa5800200,0xe5c00400,0xe9800800,0xba001000,0xf4402000,0x8404000,0x79208000,0xfee10000,0x5de20000,0xe9240000,0x39280000,0x6a100000","0x2f812a,0x436508,0x830ee0,0x10e8fda,0x2111141,0x4032640,0x81fd988,0x100bb113,0x201dbe4f,0x4017adad,0x80053f1c",dense systematic parity map; seed=9870783766797209143
577,natural,n32_k21_random_systematic_linear_R2_3,1,15525254596493413008,1,879842654954723455,random_systematic_linear,R2_3,32,21,0.65625,1,20,0.05,0xf831c1df,0x7c18e1dd,10,1,,2,2,20000000,True,True,1000000,1500,2097152,"0x800001,0x14600002,0x1e00004,0x7a00008,0xbbc00010,0x10e00020,0x8e200040,0x27600080,0xea600100,0xa1e00200,0xe4800400,0x13400800,0x56601000,0xe6c02000,0xcfc04000,0xacc08000,0x2c010000,0x84a20000,0x2d240000,0x4dc80000,0x5d700000","0x3613ee,0x58fbb6,0x8ae63d,0x11c4a9c,0x20079d8,0x41ff4ca,0x81dc150,0x10101832,0x2005a790,0x40187500,0x8002e750",dense systematic parity map; seed=879842654954723455
578,natural,n32_k21_random_systematic_linear_R2_3,2,14365417570609565050,2,4754826715964368624,random_systematic_linear,R2_3,32,21,0.65625,1,20,0.05,0x34825967,0x1c825347,27,3,,2,4,20000000,True,True,1000000,1500,2097152,"0xa3800001,0x35c00002,0xa6c00004,0x4da00008,0xcb400010,0x9f400020,0x8a800040,0x19a00080,0x74200100,0xf9a00200,0x3c00400,0xf6800800,0x66001000,0x4b402000,0x64c04000,0xc1a08000,0x29210000,0x91a20000,0xa4640000,0xb5e80000,0xaab00000","0x3f8388,0x4c6436,0x9acecf,0x10ba6bb,0x2103c75,0x40c592e,0x81122f8,0x100a0ba2,0x201d5b07,0x4000fb18,0x801e8a75",dense systematic parity map; seed=4754826715964368624
579,natural,n32_k21_random_systematic_linear_R2_3,3,3037760723609381785,3,4541330032479931411,random_systematic_linear,R2_3,32,21,0.65625,1,20,0.05,0xebc06297,0x77c16297,26,1,,2,2,20000000,True,True,1000000,1500,2097152,"0x65200001,0xc2a00002,0xe6c00004,0x21e00008,0xfe200010,0xfc000020,0xa7200040,0x80200080,0xda400100,0x71600200,0x5c800400,0x11a00800,0xc4c01000,0xca202000,0x6fc04000,0x3b608000,0x3d610000,0x5f620000,0xb0040000,0xcee80000,0x5e500000","0x2baadb,0x5bd30c,0x885c0e,0x103ca49,0x21ae156,0x41b5475,0x81be530,0x10178f30,0x2005c27d,0x401a7737,0x800c31f6",dense systematic parity map; seed=4541330032479931411
580,natural,n32_k21_random_systematic_linear_R2_3,4,6335902984331010082,0,9870783766797209143,random_systematic_linear,R2_3,32,21,0.65625,1,20,0.05,0xd99918ec,0x6cd918ec,21,0,,2,1,20000000,True,True,1000000,1500,2097152,"0x72000001,0x31200002,0xe0000004,0xe9600008,0x91000010,0x40a00020,0x27800040,0x49800080,0xdb600100,0xa5800200,0xe5c00400,0xe9800800,0xba001000,0xf4402000,0x8404000,0x79208000,0xfee10000,0x5de20000,0xe9240000,0x39280000,0x6a100000","0x2f812a,0x436508,0x830ee0,0x10e8fda,0x2111141,0x4032640,0x81fd988,0x100bb113,0x201dbe4f,0x4017adad,0x80053f1c",dense systematic parity map; seed=9870783766797209143
581,natural,n32_k21_random_systematic_linear_R2_3,5,16765495394842814759,1,879842654954723455,random_systematic_linear,R2_3,32,21,0.65625,1,20,0.05,0x1809d309,0xc056989,7,2,,2,3,20000000,True,True,1000000,1500,2097152,"0x800001,0x14600002,0x1e00004,0x7a00008,0xbbc00010,0x10e00020,0x8e200040,0x27600080,0xea600100,0xa1e00200,0xe4800400,0x13400800,0x56601000,0xe6c02000,0xcfc04000,0xacc08000,0x2c010000,0x84a20000,0x2d240000,0x4dc80000,0x5d700000","0x3613ee,0x58fbb6,0x8ae63d,0x11c4a9c,0x20079d8,0x41ff4ca,0x81dc150,0x10101832,0x2005a790,0x40187500,0x8002e750",dense systematic parity map; seed=879842654954723455
582,natural,n32_k21_random_systematic_linear_R2_3,6,8454633956207935098,2,4754826715964368624,random_systematic_linear,R2_3,32,21,0.65625,1,20,0.05,0x8436883a,0x423b483a,12,1,,2,2,20000000,True,True,1000000,1500,2097152,"0xa3800001,0x35c00002,0xa6c00004,0x4da00008,0xcb400010,0x9f400020,0x8a800040,0x19a00080,0x74200100,0xf9a00200,0x3c00400,0xf6800800,0x66001000,0x4b402000,0x64c04000,0xc1a08000,0x29210000,0x91a20000,0xa4640000,0xb5e80000,0xaab00000","0x3f8388,0x4c6436,0x9acecf,0x10ba6bb,0x2103c75,0x40c592e,0x81122f8,0x100a0ba2,0x201d5b07,0x4000fb18,0x801e8a75",dense systematic parity map; seed=4754826715964368624
583,natural,n32_k21_random_systematic_linear_R2_3,7,10466602470655750832,3,4541330032479931411,random_systematic_linear,R2_3,32,21,0.65625,1,20,0.05,0xaeb4ff63,0x575a7fb1,1,0,,2,1,20000000,True,True,1000000,1500,2097152,"0x65200001,0xc2a00002,0xe6c00004,0x21e00008,0xfe200010,0xfc000020,0xa7200040,0x80200080,0xda400100,0x71600200,0x5c800400,0x11a00800,0xc4c01000,0xca202000,0x6fc04000,0x3b608000,0x3d610000,0x5f620000,0xb0040000,0xcee80000,0x5e500000","0x2baadb,0x5bd30c,0x885c0e,0x103ca49,0x21ae156,0x41b5475,0x81be530,0x10178f30,0x2005c27d,0x401a7737,0x800c31f6",dense systematic parity map; seed=4541330032479931411
584,natural,n32_k21_random_systematic_linear_R2_3,8,10591672634213851892,0,9870783766797209143,random_systematic_linear,R2_3,32,21,0.65625,1,20,0.05,0xd830ec1b,0x6c18363f,2,3,,2,4,20000000,False,False,1000000,1500,2097152,"0x72000001,0x31200002,0xe0000004,0xe9600008,0x91000010,0x40a00020,0x27800040,0x49800080,0xdb600100,0xa5800200,0xe5c00400,0xe9800800,0xba001000,0xf4402000,0x8404000,0x79208000,0xfee10000,0x5de20000,0xe9240000,0x39280000,0x6a100000","0x2f812a,0x436508,0x830ee0,0x10e8fda,0x2111141,0x4032640,0x81fd988,0x100bb113,0x201dbe4f,0x4017adad,0x80053f1c",dense systematic parity map; seed=9870783766797209143
585,natural,n32_k21_random_systematic_linear_R2_3,9,14534132975655598668,1,879842654954723455,random_systematic_linear,R2_3,32,21,0.65625,1,20,0.05,0x567cf0e4,0x637cf0e4,24,2,,2,3,20000000,False,False,1000000,1500,2097152,"0x800001,0x14600002,0x1e00004,0x7a00008,0xbbc00010,0x10e00020,0x8e200040,0x27600080,0xea600100,0xa1e00200,0xe4800400,0x13400800,0x56601000,0xe6c02000,0xcfc04000,0xacc08000,0x2c010000,0x84a20000,0x2d240000,0x4dc80000,0x5d700000","0x3613ee,0x58fbb6,0x8ae63d,0x11c4a9c,0x20079d8,0x41ff4ca,0x81dc150,0x10101832,0x2005a790,0x40187500,0x8002e750",dense systematic parity map; seed=879842654954723455
586,natural,n32_k21_random_systematic_linear_R2_3,10,16741327204761113119,2,4754826715964368624,random_systematic_linear,R2_3,32,21,0.65625,1,20,0.05,0x169de2be,0xb4ee2b6,13,1,,2,2,20000000,False,False,1000000,1500,2097152,"0xa3800001,0x35c00002,0xa6c00004,0x4da00008,0xcb400010,0x9f400020,0x8a800040,0x19a00080,0x74200100,0xf9a00200,0x3c00400,0xf6800800,0x66001000,0x4b402000,0x64c04000,0xc1a08000,0x29210000,0x91a20000,0xa4640000,0xb5e80000,0xaab00000","0x3f8388,0x4c6436,0x9acecf,0x10ba6bb,0x2103c75,0x40c592e,0x81122f8,0x100a0ba2,0x201d5b07,0x4000fb18,0x801e8a75",dense systematic parity map; seed=4754826715964368624
587,natural,n32_k21_random_systematic_linear_R2_3,11,10695375827319229165,3,4541330032479931411,random_systematic_linear,R2_3,32,21,0.65625,1,20,0.05,0x78c7057,0x3c63837,5,0,,2,1,20000000,False,False,1000000,1500,2097152,"0x65200001,0xc2a00002,0xe6c00004,0x21e00008,0xfe200010,0xfc000020,0xa7200040,0x80200080,0xda400100,0x71600200,0x5c800400,0x11a00800,0xc4c01000,0xca202000,0x6fc04000,0x3b608000,0x3d610000,0x5f620000,0xb0040000,0xcee80000,0x5e500000","0x2baadb,0x5bd30c,0x885c0e,0x103ca49,0x21ae156,0x41b5475,0x81be530,0x10178f30,0x2005c27d,0x401a7737,0x800c31f6",dense systematic parity map; seed=4541330032479931411
588,natural,n32_k21_random_systematic_linear_R2_3,12,13858610178097028969,0,9870783766797209143,random_systematic_linear,R2_3,32,21,0.65625,1,20,0.05,0xe5575225,0x71575227,26,1,,2,2,20000000,False,False,1000000,1500,2097152,"0x72000001,0x31200002,0xe0000004,0xe9600008,0x91000010,0x40a00020,0x27800040,0x49800080,0xdb600100,0xa5800200,0xe5c00400,0xe9800800,0xba001000,0xf4402000,0x8404000,0x79208000,0xfee10000,0x5de20000,0xe9240000,0x39280000,0x6a100000","0x2f812a,0x436508,0x830ee0,0x10e8fda,0x2111141,0x4032640,0x81fd988,0x100bb113,0x201dbe4f,0x4017adad,0x80053f1c",dense systematic parity map; seed=9870783766797209143
589,natural,n32_k21_random_systematic_linear_R2_3,13,1424990193068712892,1,879842654954723455,random_systematic_linear,R2_3,32,21,0.65625,1,20,0.05,0x392badb8,0x1c15dd98,12,2,,2,3,20000000,False,False,1000000,1500,2097152,"0x800001,0x14600002,0x1e00004,0x7a00008,0xbbc00010,0x10e00020,0x8e200040,0x27600080,0xea600100,0xa1e00200,0xe4800400,0x13400800,0x56601000,0xe6c02000,0xcfc04000,0xacc08000,0x2c010000,0x84a20000,0x2d240000,0x4dc80000,0x5d700000","0x3613ee,0x58fbb6,0x8ae63d,0x11c4a9c,0x20079d8,0x41ff4ca,0x81dc150,0x10101832,0x2005a790,0x40187500,0x8002e750",dense systematic parity map; seed=879842654954723455
590,natural,n32_k21_random_systematic_linear_R2_3,14,11267328441124924133,2,4754826715964368624,random_systematic_linear,R2_3,32,21,0.65625,1,20,0.05,0x7c596954,0x3e2cb154,11,0,,2,1,20000000,False,False,1000000,1500,2097152,"0xa3800001,0x35c00002,0xa6c00004,0x4da00008,0xcb400010,0x9f400020,0x8a800040,0x19a00080,0x74200100,0xf9a00200,0x3c00400,0xf6800800,0x66001000,0x4b402000,0x64c04000,0xc1a08000,0x29210000,0x91a20000,0xa4640000,0xb5e80000,0xaab00000","0x3f8388,0x4c6436,0x9acecf,0x10ba6bb,0x2103c75,0x40c592e,0x81122f8,0x100a0ba2,0x201d5b07,0x4000fb18,0x801e8a75",dense systematic parity map; seed=4754826715964368624
591,natural,n32_k21_random_systematic_linear_R2_3,15,11160957245248023978,3,4541330032479931411,random_systematic_linear,R2_3,32,21,0.65625,1,20,0.05,0x253337cc,0x13b33fcd,21,4,,2,5,20000000,False,False,1000000,1500,2097152,"0x65200001,0xc2a00002,0xe6c00004,0x21e00008,0xfe200010,0xfc000020,0xa7200040,0x80200080,0xda400100,0x71600200,0x5c800400,0x11a00800,0xc4c01000,0xca202000,0x6fc04000,0x3b608000,0x3d610000,0x5f620000,0xb0040000,0xcee80000,0x5e500000","0x2baadb,0x5bd30c,0x885c0e,0x103ca49,0x21ae156,0x41b5475,0x81be530,0x10178f30,0x2005c27d,0x401a7737,0x800c31f6",dense systematic parity map; seed=4541330032479931411
592,natural,n32_k21_random_systematic_linear_R2_3,16,8982895491606991239,0,9870783766797209143,random_systematic_linear,R2_3,32,21,0.65625,1,20,0.05,0xcad59595,0x44d58715,25,4,,2,5,20000000,False,False,1000000,1500,2097152,"0x72000001,0x31200002,0xe0000004,0xe9600008,0x91000010,0x40a00020,0x27800040,0x49800080,0xdb600100,0xa5800200,0xe5c00400,0xe9800800,0xba001000,0xf4402000,0x8404000,0x79208000,0xfee10000,0x5de20000,0xe9240000,0x39280000,0x6a100000","0x2f812a,0x436508,0x830ee0,0x10e8fda,0x2111141,0x4032640,0x81fd988,0x100bb113,0x201dbe4f,0x4017adad,0x80053f1c",dense systematic parity map; seed=9870783766797209143
593,natural,n32_k21_random_systematic_linear_R2_3,17,11482828190707288930,1,879842654954723455,random_systematic_linear,R2_3,32,21,0.65625,1,20,0.05,0x2277f55e,0x113bf55e,17,0,,2,1,20000000,False,False,1000000,1500,2097152,"0x800001,0x14600002,0x1e00004,0x7a00008,0xbbc00010,0x10e00020,0x8e200040,0x27600080,0xea600100,0xa1e00200,0xe4800400,0x13400800,0x56601000,0xe6c02000,0xcfc04000,0xacc08000,0x2c010000,0x84a20000,0x2d240000,0x4dc80000,0x5d700000","0x3613ee,0x58fbb6,0x8ae63d,0x11c4a9c,0x20079d8,0x41ff4ca,0x81dc150,0x10101832,0x2005a790,0x40187500,0x8002e750",dense systematic parity map; seed=879842654954723455
594,natural,n32_k21_random_systematic_linear_R2_3,18,2313918826852895325,2,4754826715964368624,random_systematic_linear,R2_3,32,21,0.65625,1,20,0.05,0x4851d634,0x202afb1c,3,3,,2,4,20000000,False,False,1000000,1500,2097152,"0xa3800001,0x35c00002,0xa6c00004,0x4da00008,0xcb400010,0x9f400020,0x8a800040,0x19a00080,0x74200100,0xf9a00200,0x3c00400,0xf6800800,0x66001000,0x4b402000,0x64c04000,0xc1a08000,0x29210000,0x91a20000,0xa4640000,0xb5e80000,0xaab00000","0x3f8388,0x4c6436,0x9acecf,0x10ba6bb,0x2103c75,0x40c592e,0x81122f8,0x100a0ba2,0x201d5b07,0x4000fb18,0x801e8a75",dense systematic parity map; seed=4754826715964368624
595,natural,n32_k21_random_systematic_linear_R2_3,19,1737594062394244606,3,4541330032479931411,random_systematic_linear,R2_3,32,21,0.65625,1,20,0.05,0x6f4c4fd7,0x37a727eb,2,1,,2,2,20000000,False,False,1000000,1500,2097152,"0x65200001,0xc2a00002,0xe6c00004,0x21e00008,0xfe200010,0xfc000020,0xa7200040,0x80200080,0xda400100,0x71600200,0x5c800400,0x11a00800,0xc4c01000,0xca202000,0x6fc04000,0x3b608000,0x3d610000,0x5f620000,0xb0040000,0xcee80000,0x5e500000","0x2baadb,0x5bd30c,0x885c0e,0x103ca49,0x21ae156,0x41b5475,0x81be530,0x10178f30,0x2005c27d,0x401a7737,0x800c31f6",dense systematic parity map; seed=4541330032479931411
596,natural,n32_k21_random_systematic_linear_R2_3,20,2212348543333741193,0,9870783766797209143,random_systematic_linear,R2_3,32,21,0.65625,1,20,0.05,0xd694015e,0x5694015e,30,0,,2,1,20000000,False,False,1000000,1500,2097152,"0x72000001,0x31200002,0xe0000004,0xe9600008,0x91000010,0x40a00020,0x27800040,0x49800080,0xdb600100,0xa5800200,0xe5c00400,0xe9800800,0xba001000,0xf4402000,0x8404000,0x79208000,0xfee10000,0x5de20000,0xe9240000,0x39280000,0x6a100000","0x2f812a,0x436508,0x830ee0,0x10e8fda,0x2111141,0x4032640,0x81fd988,0x100bb113,0x201dbe4f,0x4017adad,0x80053f1c",dense systematic parity map; seed=9870783766797209143
597,natural,n32_k21_random_systematic_linear_R2_3,21,17791823978939320767,1,879842654954723455,random_systematic_linear,R2_3,32,21,0.65625,1,20,0.05,0xbcff5de2,0x7cff5de2,30,0,,2,1,20000000,False,False,1000000,1500,2097152,"0x800001,0x14600002,0x1e00004,0x7a00008,0xbbc00010,0x10e00020,0x8e200040,0x27600080,0xea600100,0xa1e00200,0xe4800400,0x13400800,0x56601000,0xe6c02000,0xcfc04000,0xacc08000,0x2c010000,0x84a20000,0x2d240000,0x4dc80000,0x5d700000","0x3613ee,0x58fbb6,0x8ae63d,0x11c4a9c,0x20079d8,0x41ff4ca,0x81dc150,0x10101832,0x2005a790,0x40187500,0x8002e750",dense systematic parity map; seed=879842654954723455
598,natural,n32_k21_random_systematic_linear_R2_3,22,6142065241608475793,2,4754826715964368624,random_systematic_linear,R2_3,32,21,0.65625,1,20,0.05,0x23b36d5e,0x43b36d5e,26,2,,2,3,20000000,False,False,1000000,1500,2097152,"0xa3800001,0x35c00002,0xa6c00004,0x4da00008,0xcb400010,0x9f400020,0x8a800040,0x19a00080,0x74200100,0xf9a00200,0x3c00400,0xf6800800,0x66001000,0x4b402000,0x64c04000,0xc1a08000,0x29210000,0x91a20000,0xa4640000,0xb5e80000,0xaab00000","0x3f8388,0x4c6436,0x9acecf,0x10ba6bb,0x2103c75,0x40c592e,0x81122f8,0x100a0ba2,0x201d5b07,0x4000fb18,0x801e8a75",dense systematic parity map; seed=4754826715964368624
599,natural,n32_k21_random_systematic_linear_R2_3,23,9569243051963805464,3,4541330032479931411,random_systematic_linear,R2_3,32,21,0.65625,1,20,0.05,0x5e003911,0x2f401911,11,1,,2,2,20000000,False,False,1000000,1500,2097152,"0x65200001,0xc2a00002,0xe6c00004,0x21e00008,0xfe200010,0xfc000020,0xa7200040,0x80200080,0xda400100,0x71600200,0x5c800400,0x11a00800,0xc4c01000,0xca202000,0x6fc04000,0x3b608000,0x3d610000,0x5f620000,0xb0040000,0xcee80000,0x5e500000","0x2baadb,0x5bd30c,0x885c0e,0x103ca49,0x21ae156,0x41b5475,0x81be530,0x10178f30,0x2005c27d,0x401a7737,0x800c31f6",dense systematic parity map; seed=4541330032479931411
600,natural,n32_k21_random_systematic_linear_R2_3,24,3307520843357133335,0,9870783766797209143,random_systematic_linear,R2_3,32,21,0.65625,1,20,0.05,0x2984d5e,0x4c26aa,1,2,,2,3,20000000,False,False,1000000,1500,2097152,"0x72000001,0x31200002,0xe0000004,0xe9600008,0x91000010,0x40a00020,0x27800040,0x49800080,0xdb600100,0xa5800200,0xe5c00400,0xe9800800,0xba001000,0xf4402000,0x8404000,0x79208000,0xfee10000,0x5de20000,0xe9240000,0x39280000,0x6a100000","0x2f812a,0x436508,0x830ee0,0x10e8fda,0x2111141,0x4032640,0x81fd988,0x100bb113,0x201dbe4f,0x4017adad,0x80053f1c",dense systematic parity map; seed=9870783766797209143
601,natural,n32_k21_random_systematic_linear_R2_3,25,13296301668803635467,1,879842654954723455,random_systematic_linear,R2_3,32,21,0.65625,1,20,0.05,0xb4d4eef7,0x5aea7777,7,1,,2,2,20000000,False,False,1000000,1500,2097152,"0x800001,0x14600002,0x1e00004,0x7a00008,0xbbc00010,0x10e00020,0x8e200040,0x27600080,0xea600100,0xa1e00200,0xe4800400,0x13400800,0x56601000,0xe6c02000,0xcfc04000,0xacc08000,0x2c010000,0x84a20000,0x2d240000,0x4dc80000,0x5d700000","0x3613ee,0x58fbb6,0x8ae63d,0x11c4a9c,0x20079d8,0x41ff4ca,0x81dc150,0x10101832,0x2005a790,0x40187500,0x8002e750",dense systematic parity map; seed=879842654954723455
602,natural,n32_k21_random_systematic_linear_R2_3,26,11771755408599607465,2,4754826715964368624,random_systematic_linear,R2_3,32,21,0.65625,1,20,0.05,0x3fdc9bae,0x1dec1bae,15,2,,2,3,20000000,False,False,1000000,1500,2097152,"0xa3800001,0x35c00002,0xa6c00004,0x4da00008,0xcb400010,0x9f400020,0x8a800040,0x19a00080,0x74200100,0xf9a00200,0x3c00400,0xf6800800,0x66001000,0x4b402000,0x64c04000,0xc1a08000,0x29210000,0x91a20000,0xa4640000,0xb5e80000,0xaab00000","0x3f8388,0x4c6436,0x9acecf,0x10ba6bb,0x2103c75,0x40c592e,0x81122f8,0x100a0ba2,0x201d5b07,0x4000fb18,0x801e8a75",dense systematic parity map; seed=4754826715964368624
603,natural,n32_k21_random_systematic_linear_R2_3,27,6768056782821224535,3,4541330032479931411,random_systematic_linear,R2_3,32,21,0.65625,1,20,0.05,0xb016d784,0x5816d794,24,1,,2,2,20000000,False,False,1000000,1500,2097152,"0x65200001,0xc2a00002,0xe6c00004,0x21e00008,0xfe200010,0xfc000020,0xa7200040,0x80200080,0xda400100,0x71600200,0x5c800400,0x11a00800,0xc4c01000,0xca202000,0x6fc04000,0x3b608000,0x3d610000,0x5f620000,0xb0040000,0xcee80000,0x5e500000","0x2baadb,0x5bd30c,0x885c0e,0x103ca49,0x21ae156,0x41b5475,0x81be530,0x10178f30,0x2005c27d,0x401a7737,0x800c31f6",dense systematic parity map; seed=4541330032479931411
604,natural,n32_k21_random_systematic_linear_R2_3,28,8669694048710639905,0,9870783766797209143,random_systematic_linear,R2_3,32,21,0.65625,1,20,0.05,0xf64880ca,0x7a244144,7,5,,2,6,20000000,False,False,1000000,1500,2097152,"0x72000001,0x31200002,0xe0000004,0xe9600008,0x91000010,0x40a00020,0x27800040,0x49800080,0xdb600100,0xa5800200,0xe5c00400,0xe9800800,0xba001000,0xf4402000,0x8404000,0x79208000,0xfee10000,0x5de20000,0xe9240000,0x39280000,0x6a100000","0x2f812a,0x436508,0x830ee0,0x10e8fda,0x2111141,0x4032640,0x81fd988,0x100bb113,0x201dbe4f,0x4017adad,0x80053f1c",dense systematic parity map; seed=9870783766797209143
605,natural,n32_k21_random_systematic_linear_R2_3,29,15628602665010407134,1,879842654954723455,random_systematic_linear,R2_3,32,21,0.65625,1,20,0.05,0x676006a6,0x13b006aa,12,3,,2,4,20000000,False,False,1000000,1500,2097152,"0x800001,0x14600002,0x1e00004,0x7a00008,0xbbc00010,0x10e00020,0x8e200040,0x27600080,0xea600100,0xa1e00200,0xe4800400,0x13400800,0x56601000,0xe6c02000,0xcfc04000,0xacc08000,0x2c010000,0x84a20000,0x2d240000,0x4dc80000,0x5d700000","0x3613ee,0x58fbb6,0x8ae63d,0x11c4a9c,0x20079d8,0x41ff4ca,0x81dc150,0x10101832,0x2005a790,0x40187500,0x8002e750",dense systematic parity map; seed=879842654954723455
606,natural,n32_k21_random_systematic_linear_R2_3,30,14210236181260165262,2,4754826715964368624,random_systematic_linear,R2_3,32,21,0.65625,1,20,0.05,0xbe8af2ca,0x5f4af2ca,22,0,,2,1,20000000,False,False,1000000,1500,2097152,"0xa3800001,0x35c00002,0xa6c00004,0x4da00008,0xcb400010,0x9f400020,0x8a800040,0x19a00080,0x74200100,0xf9a00200,0x3c00400,0xf6800800,0x66001000,0x4b402000,0x64c04000,0xc1a08000,0x29210000,0x91a20000,0xa4640000,0xb5e80000,0xaab00000","0x3f8388,0x4c6436,0x9acecf,0x10ba6bb,0x2103c75,0x40c592e,0x81122f8,0x100a0ba2,0x201d5b07,0x4000fb18,0x801e8a75",dense systematic parity map; seed=4754826715964368624
607,natural,n32_k21_random_systematic_linear_R2_3,31,14414335214008783613,3,4541330032479931411,random_systematic_linear,R2_3,32,21,0.65625,1,20,0.05,0x9ad8ce3f,0x4cd8ce3f,25,0,,2,1,20000000,False,False,1000000,1500,2097152,"0x65200001,0xc2a00002,0xe6c00004,0x21e00008,0xfe200010,0xfc000020,0xa7200040,0x80200080,0xda400100,0x71600200,0x5c800400,0x11a00800,0xc4c01000,0xca202000,0x6fc04000,0x3b608000,0x3d610000,0x5f620000,0xb0040000,0xcee80000,0x5e500000","0x2baadb,0x5bd30c,0x885c0e,0x103ca49,0x21ae156,0x41b5475,0x81be530,0x10178f30,0x2005c27d,0x401a7737,0x800c31f6",dense systematic parity map; seed=4541330032479931411
608,natural,n32_k21_random_systematic_linear_R2_3,32,4957141910823226490,0,9870783766797209143,random_systematic_linear,R2_3,32,21,0.65625,1,20,0.05,0x6a09f80d,0x3104fc0d,13,2,,2,3,20000000,False,False,1000000,1500,2097152,"0x72000001,0x31200002,0xe0000004,0xe9600008,0x91000010,0x40a00020,0x27800040,0x49800080,0xdb600100,0xa5800200,0xe5c00400,0xe9800800,0xba001000,0xf4402000,0x8404000,0x79208000,0xfee10000,0x5de20000,0xe9240000,0x39280000,0x6a100000","0x2f812a,0x436508,0x830ee0,0x10e8fda,0x2111141,0x4032640,0x81fd988,0x100bb113,0x201dbe4f,0x4017adad,0x80053f1c",dense systematic parity map; seed=9870783766797209143
609,natural,n32_k21_random_systematic_linear_R2_3,33,13235716918529241651,1,879842654954723455,random_systematic_linear,R2_3,32,21,0.65625,1,20,0.05,0x4d39a3e,0x2694d1c,3,2,,2,3,20000000,False,False,1000000,1500,2097152,"0x800001,0x14600002,0x1e00004,0x7a00008,0xbbc00010,0x10e00020,0x8e200040,0x27600080,0xea600100,0xa1e00200,0xe4800400,0x13400800,0x56601000,0xe6c02000,0xcfc04000,0xacc08000,0x2c010000,0x84a20000,0x2d240000,0x4dc80000,0x5d700000","0x3613ee,0x58fbb6,0x8ae63d,0x11c4a9c,0x20079d8,0x41ff4ca,0x81dc150,0x10101832,0x2005a790,0x40187500,0x8002e750",dense systematic parity map; seed=879842654954723455
610,natural,n32_k21_random_systematic_linear_R2_3,34,1373192731005041306,2,4754826715964368624,random_systematic_linear,R2_3,32,21,0.65625,1,20,0.05,0x77acf4e,0x77acfce,30,1,,2,2,20000000,False,False,1000000,1500,2097152,"0xa3800001,0x35c00002,0xa6c00004,0x4da00008,0xcb400010,0x9f400020,0x8a800040,0x19a00080,0x74200100,0xf9a00200,0x3c00400,0xf6800800,0x66001000,0x4b402000,0x64c04000,0xc1a08000,0x29210000,0x91a20000,0xa4640000,0xb5e80000,0xaab00000","0x3f8388,0x4c6436,0x9acecf,0x10ba6bb,0x2103c75,0x40c592e,0x81122f8,0x100a0ba2,0x201d5b07,0x4000fb18,0x801e8a75",dense systematic parity map; seed=4754826715964368624
611,natural,n32_k21_random_systematic_linear_R2_3,35,2531801169591376919,3,4541330032479931411,random_systematic_linear,R2_3,32,21,0.65625,1,20,0.05,0xffefc3af,0x7ff7d3af,17,1,,2,2,20000000,False,False,1000000,1500,2097152,"0x65200001,0xc2a00002,0xe6c00004,0x21e00008,0xfe200010,0xfc000020,0xa7200040,0x80200080,0xda400100,0x71600200,0x5c800400,0x11a00800,0xc4c01000,0xca202000,0x6fc04000,0x3b608000,0x3d610000,0x5f620000,0xb0040000,0xcee80000,0x5e500000","0x2baadb,0x5bd30c,0x885c0e,0x103ca49,0x21ae156,0x41b5475,0x81be530,0x10178f30,0x2005c27d,0x401a7737,0x800c31f6",dense systematic parity map; seed=4541330032479931411
612,natural,n32_k21_random_systematic_linear_R2_3,36,9048659961480711337,0,9870783766797209143,random_systematic_linear,R2_3,32,21,0.65625,1,20,0.05,0x25924b7d,0x16c925bd,4,1,,2,2,20000000,False,False,1000000,1500,2097152,"0x72000001,0x31200002,0xe0000004,0xe9600008,0x91000010,0x40a00020,0x27800040,0x49800080,0xdb600100,0xa5800200,0xe5c00400,0xe9800800,0xba001000,0xf4402000,0x8404000,0x79208000,0xfee10000,0x5de20000,0xe9240000,0x39280000,0x6a100000","0x2f812a,0x436508,0x830ee0,0x10e8fda,0x2111141,0x4032640,0x81fd988,0x100bb113,0x201dbe4f,0x4017adad,0x80053f1c",dense systematic parity map; seed=9870783766797209143
613,natural,n32_k21_random_systematic_linear_R2_3,37,3932735671747989621,1,879842654954723455,random_systematic_linear,R2_3,32,21,0.65625,1,20,0.05,0x4efbafde,0x7fdafde,17,2,,2,3,20000000,False,False,1000000,1500,2097152,"0x800001,0x14600002,0x1e00004,0x7a00008,0xbbc00010,0x10e00020,0x8e200040,0x27600080,0xea600100,0xa1e00200,0xe4800400,0x13400800,0x56601000,0xe6c02000,0xcfc04000,0xacc08000,0x2c010000,0x84a20000,0x2d240000,0x4dc80000,0x5d700000","0x3613ee,0x58fbb6,0x8ae63d,0x11c4a9c,0x20079d8,0x41ff4ca,0x81dc150,0x10101832,0x2005a790,0x40187500,0x8002e750",dense systematic parity map; seed=879842654954723455
614,natural,n32_k21_random_systematic_linear_R2_3,38,7867480351133469187,2,4754826715964368624,random_systematic_linear,R2_3,32,21,0.65625,1,20,0.05,0x497ffead,0x257ffebd,25,1,,2,2,20000000,False,False,1000000,1500,2097152,"0xa3800001,0x35c00002,0xa6c00004,0x4da00008,0xcb400010,0x9f400020,0x8a800040,0x19a00080,0x74200100,0xf9a00200,0x3c00400,0xf6800800,0x66001000,0x4b402000,0x64c04000,0xc1a08000,0x29210000,0x91a20000,0xa4640000,0xb5e80000,0xaab00000","0x3f8388,0x4c6436,0x9acecf,0x10ba6bb,0x2103c75,0x40c592e,0x81122f8,0x100a0ba2,0x201d5b07,0x4000fb18,0x801e8a75",dense systematic parity map; seed=4754826715964368624
615,natural,n32_k21_random_systematic_linear_R2_3,39,3988449211799418269,3,4541330032479931411,random_systematic_linear,R2_3,32,21,0.65625,1,20,0.05,0x7b4912a7,0x35ac8a83,11,4,,2,5,20000000,False,False,1000000,1500,2097152,"0x65200001,0xc2a00002,0xe6c00004,0x21e00008,0xfe200010,0xfc000020,0xa7200040,0x80200080,0xda400100,0x71600200,0x5c800400,0x11a00800,0xc4c01000,0xca202000,0x6fc04000,0x3b608000,0x3d610000,0x5f620000,0xb0040000,0xcee80000,0x5e500000","0x2baadb,0x5bd30c,0x885c0e,0x103ca49,0x21ae156,0x41b5475,0x81be530,0x10178f30,0x2005c27d,0x401a7737,0x800c31f6",dense systematic parity map; seed=4541330032479931411
616,natural,n32_k21_random_systematic_linear_R2_3,40,7065418024129890397,0,9870783766797209143,random_systematic_linear,R2_3,32,21,0.65625,1,20,0.05,0xc5002f99,0x62002f99,21,1,,2,2,20000000,False,False,1000000,1500,2097152,"0x72000001,0x31200002,0xe0000004,0xe9600008,0x91000010,0x40a00020,0x27800040,0x49800080,0xdb600100,0xa5800200,0xe5c00400,0xe9800800,0xba001000,0xf4402000,0x8404000,0x79208000,0xfee10000,0x5de20000,0xe9240000,0x39280000,0x6a100000","0x2f812a,0x436508,0x830ee0,0x10e8fda,0x2111141,0x4032640,0x81fd988,0x100bb113,0x201dbe4f,0x4017adad,0x80053f1c",dense systematic parity map; seed=9870783766797209143
617,natural,n32_k21_random_systematic_linear_R2_3,41,741080486928183926,1,879842654954723455,random_systematic_linear,R2_3,32,21,0.65625,1,20,0.05,0xf64809e,0x792005e,6,2,,2,3,20000000,False,False,1000000,1500,2097152,"0x800001,0x14600002,0x1e00004,0x7a00008,0xbbc00010,0x10e00020,0x8e200040,0x27600080,0xea600100,0xa1e00200,0xe4800400,0x13400800,0x56601000,0xe6c02000,0xcfc04000,0xacc08000,0x2c010000,0x84a20000,0x2d240000,0x4dc80000,0x5d700000","0x3613ee,0x58fbb6,0x8ae63d,0x11c4a9c,0x20079d8,0x41ff4ca,0x81dc150,0x10101832,0x2005a790,0x40187500,0x8002e750",dense systematic parity map; seed=879842654954723455
618,natural,n32_k21_random_systematic_linear_R2_3,42,2101000505318690542,2,4754826715964368624,random_systematic_linear,R2_3,32,21,0.65625,1,20,0.05,0x2377ea2c,0x31bbfa2c,16,2,,2,3,20000000,False,False,1000000,1500,2097152,"0xa3800001,0x35c00002,0xa6c00004,0x4da00008,0xcb400010,0x9f400020,0x8a800040,0x19a00080,0x74200100,0xf9a00200,0x3c00400,0xf6800800,0x66001000,0x4b402000,0x64c04000,0xc1a08000,0x29210000,0x91a20000,0xa4640000,0xb5e80000,0xaab00000","0x3f8388,0x4c6436,0x9acecf,0x10ba6bb,0x2103c75,0x40c592e,0x81122f8,0x100a0ba2,0x201d5b07,0x4000fb18,0x801e8a75",dense systematic parity map; seed=4754826715964368624
619,natural,n32_k21_random_systematic_linear_R2_3,43,5052454006302298739,3,4541330032479931411,random_systematic_linear,R2_3,32,21,0.65625,1,20,0.05,0xb3928d9f,0x73928d9f,27,2,,2,3,20000000,False,False,1000000,1500,2097152,"0x65200001,0xc2a00002,0xe6c00004,0x21e00008,0xfe200010,0xfc000020,0xa7200040,0x80200080,0xda400100,0x71600200,0x5c800400,0x11a00800,0xc4c01000,0xca202000,0x6fc04000,0x3b608000,0x3d610000,0x5f620000,0xb0040000,0xcee80000,0x5e500000","0x2baadb,0x5bd30c,0x885c0e,0x103ca49,0x21ae156,0x41b5475,0x81be530,0x10178f30,0x2005c27d,0x401a7737,0x800c31f6",dense systematic parity map; seed=4541330032479931411
620,natural,n32_k21_random_systematic_linear_R2_3,44,13343125752579072989,0,9870783766797209143,random_systematic_linear,R2_3,32,21,0.65625,1,20,0.05,0x2743a705,0x13a1e705,17,1,,2,2,20000000,False,False,1000000,1500,2097152,"0x72000001,0x31200002,0xe0000004,0xe9600008,0x91000010,0x40a00020,0x27800040,0x49800080,0xdb600100,0xa5800200,0xe5c00400,0xe9800800,0xba001000,0xf4402000,0x8404000,0x79208000,0xfee10000,0x5de20000,0xe9240000,0x39280000,0x6a100000","0x2f812a,0x436508,0x830ee0,0x10e8fda,0x2111141,0x4032640,0x81fd988,0x100bb113,0x201dbe4f,0x4017adad,0x80053f1c",dense systematic parity map; seed=9870783766797209143
621,natural,n32_k21_random_systematic_linear_R2_3,45,6851048897761179774,1,879842654954723455,random_systematic_linear,R2_3,32,21,0.65625,1,20,0.05,0xcefbfd3a,0x677ffd3a,18,0,,2,1,20000000,False,False,1000000,1500,2097152,"0x800001,0x14600002,0x1e00004,0x7a00008,0xbbc00010,0x10e00020,0x8e200040,0x27600080,0xea600100,0xa1e00200,0xe4800400,0x13400800,0x56601000,0xe6c02000,0xcfc04000,0xacc08000,0x2c010000,0x84a20000,0x2d240000,0x4dc80000,0x5d700000","0x3613ee,0x58fbb6,0x8ae63d,0x11c4a9c,0x20079d8,0x41ff4ca,0x81dc150,0x10101832,0x2005a790,0x40187500,0x8002e750",dense systematic parity map; seed=879842654954723455
622,natural,n32_k21_random_systematic_linear_R2_3,46,13159822413263318414,2,4754826715964368624,random_systematic_linear,R2_3,32,21,0.65625,1,20,0.05,0x4a3ea9d7,0x223e89f7,28,3,,2,4,20000000,False,False,1000000,1500,2097152,"0xa3800001,0x35c00002,0xa6c00004,0x4da00008,0xcb400010,0x9f400020,0x8a800040,0x19a00080,0x74200100,0xf9a00200,0x3c00400,0xf6800800,0x66001000,0x4b402000,0x64c04000,0xc1a08000,0x29210000,0x91a20000,0xa4640000,0xb5e80000,0xaab00000","0x3f8388,0x4c6436,0x9acecf,0x10ba6bb,0x2103c75,0x40c592e,0x81122f8,0x100a0ba2,0x201d5b07,0x4000fb18,0x801e8a75",dense systematic parity map; seed=4754826715964368624
623,natural,n32_k21_random_systematic_linear_R2_3,47,7313664531432497294,3,4541330032479931411,random_systematic_linear,R2_3,32,21,0.65625,1,20,0.05,0x45707a24,0x2b717e24,25,3,,2,4,20000000,False,False,1000000,1500,2097152,"0x65200001,0xc2a00002,0xe6c00004,0x21e00008,0xfe200010,0xfc000020,0xa7200040,0x80200080,0xda400100,0x71600200,0x5c800400,0x11a00800,0xc4c01000,0xca202000,0x6fc04000,0x3b608000,0x3d610000,0x5f620000,0xb0040000,0xcee80000,0x5e500000","0x2baadb,0x5bd30c,0x885c0e,0x103ca49,0x21ae156,0x41b5475,0x81be530,0x10178f30,0x2005c27d,0x401a7737,0x800c31f6",dense systematic parity map; seed=4541330032479931411
624,natural,n32_k21_random_systematic_linear_R2_3,48,5706777249845798103,0,9870783766797209143,random_systematic_linear,R2_3,32,21,0.65625,1,20,0.05,0xfba217c8,0x79d10b88,9,2,,2,3,20000000,False,False,1000000,1500,2097152,"0x72000001,0x31200002,0xe0000004,0xe9600008,0x91000010,0x40a00020,0x27800040,0x49800080,0xdb600100,0xa5800200,0xe5c00400,0xe9800800,0xba001000,0xf4402000,0x8404000,0x79208000,0xfee10000,0x5de20000,0xe9240000,0x39280000,0x6a100000","0x2f812a,0x436508,0x830ee0,0x10e8fda,0x2111141,0x4032640,0x81fd988,0x100bb113,0x201dbe4f,0x4017adad,0x80053f1c",dense systematic parity map; seed=9870783766797209143
625,natural,n32_k21_random_systematic_linear_R2_3,49,14333746567358043877,1,879842654954723455,random_systematic_linear,R2_3,32,21,0.65625,1,20,0.05,0xc532236,0x462b3236,17,3,,2,4,20000000,False,False,1000000,1500,2097152,"0x800001,0x14600002,0x1e00004,0x7a00008,0xbbc00010,0x10e00020,0x8e200040,0x27600080,0xea600100,0xa1e00200,0xe4800400,0x13400800,0x56601000,0xe6c02000,0xcfc04000,0xacc08000,0x2c010000,0x84a20000,0x2d240000,0x4dc80000,0x5d700000","0x3613ee,0x58fbb6,0x8ae63d,0x11c4a9c,0x20079d8,0x41ff4ca,0x81dc150,0x10101832,0x2005a790,0x40187500,0x8002e750",dense systematic parity map; seed=879842654954723455
626,natural,n32_k21_random_systematic_linear_R2_3,50,15641024193530253816,2,4754826715964368624,random_systematic_linear,R2_3,32,21,0.65625,1,20,0.05,0x788eb609,0x3c43190d,2,4,,2,5,20000000,False,False,1000000,1500,2097152,"0xa3800001,0x35c00002,0xa6c00004,0x4da00008,0xcb400010,0x9f400020,0x8a800040,0x19a00080,0x74200100,0xf9a00200,0x3c00400,0xf6800800,0x66001000,0x4b402000,0x64c04000,0xc1a08000,0x29210000,0x91a20000,0xa4640000,0xb5e80000,0xaab00000","0x3f8388,0x4c6436,0x9acecf,0x10ba6bb,0x2103c75,0x40c592e,0x81122f8,0x100a0ba2,0x201d5b07,0x4000fb18,0x801e8a75",dense systematic parity map; seed=4754826715964368624
627,natural,n32_k21_random_systematic_linear_R2_3,51,7701431344772144161,3,4541330032479931411,random_systematic_linear,R2_3,32,21,0.65625,1,20,0.05,0x9fe84e73,0x4ee84e70,23,3,,2,4,20000000,False,False,1000000,1500,2097152,"0x65200001,0xc2a00002,0xe6c00004,0x21e00008,0xfe200010,0xfc000020,0xa7200040,0x80200080,0xda400100,0x71600200,0x5c800400,0x11a00800,0xc4c01000,0xca202000,0x6fc04000,0x3b608000,0x3d610000,0x5f620000,0xb0040000,0xcee80000,0x5e500000","0x2baadb,0x5bd30c,0x885c0e,0x103ca49,0x21ae156,0x41b5475,0x81be530,0x10178f30,0x2005c27d,0x401a7737,0x800c31f6",dense systematic parity map; seed=4541330032479931411
628,natural,n32_k21_random_systematic_linear_R2_3,52,13893435839878002038,0,9870783766797209143,random_systematic_linear,R2_3,32,21,0.65625,1,20,0.05,0xc017c931,0x600be031,8,1,,2,2,20000000,False,False,1000000,1500,2097152,"0x72000001,0x31200002,0xe0000004,0xe9600008,0x91000010,0x40a00020,0x27800040,0x49800080,0xdb600100,0xa5800200,0xe5c00400,0xe9800800,0xba001000,0xf4402000,0x8404000,0x79208000,0xfee10000,0x5de20000,0xe9240000,0x39280000,0x6a100000","0x2f812a,0x436508,0x830ee0,0x10e8fda,0x2111141,0x4032640,0x81fd988,0x100bb113,0x201dbe4f,0x4017adad,0x80053f1c",dense systematic parity map; seed=9870783766797209143
629,natural,n32_k21_random_systematic_linear_R2_3,53,5166392000460598040,1,879842654954723455,random_systematic_linear,R2_3,32,21,0.65625,1,20,0.05,0x1f22f4e7,0xe90f4e7,17,1,,2,2,20000000,False,False,1000000,1500,2097152,"0x800001,0x14600002,0x1e00004,0x7a00008,0xbbc00010,0x10e00020,0x8e200040,0x27600080,0xea600100,0xa1e00200,0xe4800400,0x13400800,0x56601000,0xe6c02000,0xcfc04000,0xacc08000,0x2c010000,0x84a20000,0x2d240000,0x4dc80000,0x5d700000","0x3613ee,0x58fbb6,0x8ae63d,0x11c4a9c,0x20079d8,0x41ff4ca,0x81dc150,0x10101832,0x2005a790,0x40187500,0x8002e750",dense systematic parity map; seed=879842654954723455
630,natural,n32_k21_random_systematic_linear_R2_3,54,16349329376440978298,2,4754826715964368624,random_systematic_linear,R2_3,32,21,0.65625,1,20,0.05,0xc97b17a0,0x649d9be0,8,3,,2,4,20000000,False,False,1000000,1500,2097152,"0xa3800001,0x35c00002,0xa6c00004,0x4da00008,0xcb400010,0x9f400020,0x8a800040,0x19a00080,0x74200100,0xf9a00200,0x3c00400,0xf6800800,0x66001000,0x4b402000,0x64c04000,0xc1a08000,0x29210000,0x91a20000,0xa4640000,0xb5e80000,0xaab00000","0x3f8388,0x4c6436,0x9acecf,0x10ba6bb,0x2103c75,0x40c592e,0x81122f8,0x100a0ba2,0x201d5b07,0x4000fb18,0x801e8a75",dense systematic parity map; seed=4754826715964368624
631,natural,n32_k21_random_systematic_linear_R2_3,55,15929018135689774030,3,4541330032479931411,random_systematic_linear,R2_3,32,21,0.65625,1,20,0.05,0x79ce432f,0x1ee52197,2,3,,2,4,20000000,False,False,1000000,1500,2097152,"0x65200001,0xc2a00002,0xe6c00004,0x21e00008,0xfe200010,0xfc000020,0xa7200040,0x80200080,0xda400100,0x71600200,0x5c800400,0x11a00800,0xc4c01000,0xca202000,0x6fc04000,0x3b608000,0x3d610000,0x5f620000,0xb0040000,0xcee80000,0x5e500000","0x2baadb,0x5bd30c,0x885c0e,0x103ca49,0x21ae156,0x41b5475,0x81be530,0x10178f30,0x2005c27d,0x401a7737,0x800c31f6",dense systematic parity map; seed=4541330032479931411
632,natural,n32_k21_random_systematic_linear_R2_3,56,13374447656061890134,0,9870783766797209143,random_systematic_linear,R2_3,32,21,0.65625,1,20,0.05,0x80e7903a,0x1ce7903a,31,3,,2,4,20000000,False,False,1000000,1500,2097152,"0x72000001,0x31200002,0xe0000004,0xe9600008,0x91000010,0x40a00020,0x27800040,0x49800080,0xdb600100,0xa5800200,0xe5c00400,0xe9800800,0xba001000,0xf4402000,0x8404000,0x79208000,0xfee10000,0x5de20000,0xe9240000,0x39280000,0x6a100000","0x2f812a,0x436508,0x830ee0,0x10e8fda,0x2111141,0x4032640,0x81fd988,0x100bb113,0x201dbe4f,0x4017adad,0x80053f1c",dense systematic parity map; seed=9870783766797209143
633,natural,n32_k21_random_systematic_linear_R2_3,57,5133267841069193480,1,879842654954723455,random_systematic_linear,R2_3,32,21,0.65625,1,20,0.05,0x66228434,0x33108414,17,1,,2,2,20000000,False,False,1000000,1500,2097152,"0x800001,0x14600002,0x1e00004,0x7a00008,0xbbc00010,0x10e00020,0x8e200040,0x27600080,0xea600100,0xa1e00200,0xe4800400,0x13400800,0x56601000,0xe6c02000,0xcfc04000,0xacc08000,0x2c010000,0x84a20000,0x2d240000,0x4dc80000,0x5d700000","0x3613ee,0x58fbb6,0x8ae63d,0x11c4a9c,0x20079d8,0x41ff4ca,0x81dc150,0x10101832,0x2005a790,0x40187500,0x8002e750",dense systematic parity map; seed=879842654954723455
634,natural,n32_k21_random_systematic_linear_R2_3,58,15330775521739722995,2,4754826715964368624,random_systematic_linear,R2_3,32,21,0.65625,1,20,0.05,0xad2b591c,0x5695d91c,15,0,,2,1,20000000,False,False,1000000,1500,2097152,"0xa3800001,0x35c00002,0xa6c00004,0x4da00008,0xcb400010,0x9f400020,0x8a800040,0x19a00080,0x74200100,0xf9a00200,0x3c00400,0xf6800800,0x66001000,0x4b402000,0x64c04000,0xc1a08000,0x29210000,0x91a20000,0xa4640000,0xb5e80000,0xaab00000","0x3f8388,0x4c6436,0x9acecf,0x10ba6bb,0x2103c75,0x40c592e,0x81122f8,0x100a0ba2,0x201d5b07,0x4000fb18,0x801e8a75",dense systematic parity map; seed=4754826715964368624
635,natural,n32_k21_random_systematic_linear_R2_3,59,10562330555383517680,3,4541330032479931411,random_systematic_linear,R2_3,32,21,0.65625,1,20,0.05,0xa15384e8,0x50a9c4e8,14,0,,2,1,20000000,False,False,1000000,1500,2097152,"0x65200001,0xc2a00002,0xe6c00004,0x21e00008,0xfe200010,0xfc000020,0xa7200040,0x80200080,0xda400100,0x71600200,0x5c800400,0x11a00800,0xc4c01000,0xca202000,0x6fc04000,0x3b608000,0x3d610000,0x5f620000,0xb0040000,0xcee80000,0x5e500000","0x2baadb,0x5bd30c,0x885c0e,0x103ca49,0x21ae156,0x41b5475,0x81be530,0x10178f30,0x2005c27d,0x401a7737,0x800c31f6",dense systematic parity map; seed=4541330032479931411
636,natural,n32_k21_random_systematic_linear_R2_3,60,11360255370754590355,0,9870783766797209143,random_systematic_linear,R2_3,32,21,0.65625,1,20,0.05,0xd883d568,0x6c83d568,26,0,,2,1,20000000,False,False,1000000,1500,2097152,"0x72000001,0x31200002,0xe0000004,0xe9600008,0x91000010,0x40a00020,0x27800040,0x49800080,0xdb600100,0xa5800200,0xe5c00400,0xe9800800,0xba001000,0xf4402000,0x8404000,0x79208000,0xfee10000,0x5de20000,0xe9240000,0x39280000,0x6a100000","0x2f812a,0x436508,0x830ee0,0x10e8fda,0x2111141,0x4032640,0x81fd988,0x100bb113,0x201dbe4f,0x4017adad,0x80053f1c",dense systematic parity map; seed=9870783766797209143
637,natural,n32_k21_random_systematic_linear_R2_3,61,3201221384521387025,1,879842654954723455,random_systematic_linear,R2_3,32,21,0.65625,1,20,0.05,0x87d1d393,0x7c1d396,31,3,,2,4,20000000,False,False,1000000,1500,2097152,"0x800001,0x14600002,0x1e00004,0x7a00008,0xbbc00010,0x10e00020,0x8e200040,0x27600080,0xea600100,0xa1e00200,0xe4800400,0x13400800,0x56601000,0xe6c02000,0xcfc04000,0xacc08000,0x2c010000,0x84a20000,0x2d240000,0x4dc80000,0x5d700000","0x3613ee,0x58fbb6,0x8ae63d,0x11c4a9c,0x20079d8,0x41ff4ca,0x81dc150,0x10101832,0x2005a790,0x40187500,0x8002e750",dense systematic parity map; seed=879842654954723455
638,natural,n32_k21_random_systematic_linear_R2_3,62,4290943523978529414,2,4754826715964368624,random_systematic_linear,R2_3,32,21,0.65625,1,20,0.05,0x2dec8af2,0x16f28af2,17,1,,2,2,20000000,False,False,1000000,1500,2097152,"0xa3800001,0x35c00002,0xa6c00004,0x4da00008,0xcb400010,0x9f400020,0x8a800040,0x19a00080,0x74200100,0xf9a00200,0x3c00400,0xf6800800,0x66001000,0x4b402000,0x64c04000,0xc1a08000,0x29210000,0x91a20000,0xa4640000,0xb5e80000,0xaab00000","0x3f8388,0x4c6436,0x9acecf,0x10ba6bb,0x2103c75,0x40c592e,0x81122f8,0x100a0ba2,0x201d5b07,0x4000fb18,0x801e8a75",dense systematic parity map; seed=4754826715964368624
639,natural,n32_k21_random_systematic_linear_R2_3,63,8213089625548243200,3,4541330032479931411,random_systematic_linear,R2_3,32,21,0.65625,1,20,0.05,0xb6030969,0x5b0185ad,9,3,,2,4,20000000,False,False,1000000,1500,2097152,"0x65200001,0xc2a00002,0xe6c00004,0x21e00008,0xfe200010,0xfc000020,0xa7200040,0x80200080,0xda400100,0x71600200,0x5c800400,0x11a00800,0xc4c01000,0xca202000,0x6fc04000,0x3b608000,0x3d610000,0x5f620000,0xb0040000,0xcee80000,0x5e500000","0x2baadb,0x5bd30c,0x885c0e,0x103ca49,0x21ae156,0x41b5475,0x81be530,0x10178f30,0x2005c27d,0x401a7737,0x800c31f6",dense systematic parity map; seed=4541330032479931411
640,natural,n32_k24_random_systematic_linear_R3_4,0,2418210550360177812,0,13148762976802034727,random_systematic_linear,R3_4,32,24,0.75,1,20,0.05,0x6e4f6296,0x364f6686,27,2,,2,3,20000000,False,True,1000000,1500,16777216,"0x3000001,0x9e000002,0x1c000004,0xf1000008,0xfe000010,0xb000020,0xf5000040,0xa3000080,0xa8000100,0x84000200,0x9d000400,0x14000800,0xdd001000,0x12002000,0x2c004000,0x77008000,0x35010000,0x17020000,0x37040000,0x9f080000,0x73100000,0x17200000,0x81400000,0x8f800000","0x1ff94e9,0x2bea0b3,0x4afde56,0x8885536,0x103fbc5e,0x2015c1d8,0x40109058,0x80c817da",dense systematic parity map; seed=13148762976802034727
641,natural,n32_k24_random_systematic_linear_R3_4,1,15902416647779323244,1,1121212559055557001,random_systematic_linear,R3_4,32,24,0.75,1,20,0.05,0x227638bb,0x12763cba,27,2,,2,3,20000000,False,True,1000000,1500,16777216,"0xbd000001,0x94000002,0x1e000004,0x4b000008,0xc7000010,0x3a000020,0xc1000040,0xe5000080,0x55000100,0xe0000200,0x6d000400,0x5c000800,0xce001000,0xfc002000,0xde004000,0xeb008000,0xed010000,0xe8020000,0x2a040000,0x4d080000,0x6b100000,0x98200000,0x7400000,0x8c800000","0x15985d9,0x254d03c,0x4c97d97,0x8bffc2d,0x10206927,0x2017a6a1,0x401bffd8,0x80a3f2d3",dense systematic parity map; seed=1121212559055557001
642,natural,n32_k24_random_systematic_linear_R3_4,2,9016278798857772148,2,5176584072621387539,random_systematic_linear,R3_4,32,24,0.75,1,20,0.05,0xe5189066,0x728d9065,18,3,,2,4,20000000,False,True,1000000,1500,16777216,"0x5c000001,0x33000002,0xe6000004,0xe3000008,0xc2000010,0x39000020,0xc6000040,0xbe000080,0xd000100,0x8b000200,0x15000400,0xe000800,0x55001000,0xce002000,0x97004000,0xc4008000,0xe2010000,0xb8020000,0x36040000,0xa6080000,0xf8100000,0xb2200000,0x69400000,0xc5800000","0x1c0572a,0x22d6ade,0x48cfdc5,0x8522ba1,0x103654a3,0x207f00ae,0x40d1b05d,0x80bbe2dc",dense systematic parity map; seed=5176584072621387539
643,natural,n32_k24_random_systematic_linear_R3_4,3,27883931807018205,3,15586299980911434873,random_systematic_linear,R3_4,32,24,0.75,1,20,0.05,0x43edd5b7,0x21f6f5b7,12,1,,2,2,20000000,False,True,1000000,1500,16777216,"0x49000001,0x2,0xe3000004,0xb8000008,0xc1000010,0x8d000020,0xd8000040,0xbf000080,0x3a000100,0xf1000200,0xe5000400,0xd5000800,0x44001000,0xfe002000,0xb3004000,0xc3008000,0xcc010000,0xc4020000,0xce040000,0x9b080000,0x57100000,0x49200000,0x91400000,0xb0800000","0x178ceb5,0x21ce184,0x4173ca0,0x82d21e9,0x10d86bc8,0x2080678c,0x4037be55,0x80cfeefc",dense systematic parity map; seed=15586299980911434873
644,natural,n32_k24_random_systematic_linear_R3_4,4,6816339052821310277,0,13148762976802034727,random_systematic_linear,R3_4,32,24,0.75,1,20,0.05,0x76eb0b45,0x3b6b0b44,22,1,,2,2,20000000,False,True,1000000,1500,16777216,"0x3000001,0x9e000002,0x1c000004,0xf1000008,0xfe000010,0xb000020,0xf5000040,0xa3000080,0xa8000100,0x84000200,0x9d000400,0x14000800,0xdd001000,0x12002000,0x2c004000,0x77008000,0x35010000,0x17020000,0x37040000,0x9f080000,0x73100000,0x17200000,0x81400000,0x8f800000","0x1ff94e9,0x2bea0b3,0x4afde56,0x8885536,0x103fbc5e,0x2015c1d8,0x40109058,0x80c817da",dense systematic parity map; seed=13148762976802034727
645,natural,n32_k24_random_systematic_linear_R3_4,5,7233696169977582153,1,1121212559055557001,random_systematic_linear,R3_4,32,24,0.75,1,20,0.05,0x993c3f51,0x193c3f51,31,0,,2,1,20000000,False,True,1000000,1500,16777216,"0xbd000001,0x94000002,0x1e000004,0x4b000008,0xc7000010,0x3a000020,0xc1000040,0xe5000080,0x55000100,0xe0000200,0x6d000400,0x5c000800,0xce001000,0xfc002000,0xde004000,0xeb008000,0xed010000,0xe8020000,0x2a040000,0x4d080000,0x6b100000,0x98200000,0x7400000,0x8c800000","0x15985d9,0x254d03c,0x4c97d97,0x8bffc2d,0x10206927,0x2017a6a1,0x401bffd8,0x80a3f2d3",dense systematic parity map; seed=1121212559055557001
646,natural,n32_k24_random_systematic_linear_R3_4,6,4753367687401380866,2,5176584072621387539,random_systematic_linear,R3_4,32,24,0.75,1,20,0.05,0xd817edc9,0x2c1fecc9,23,3,,2,4,20000000,False,True,1000000,1500,16777216,"0x5c000001,0x33000002,0xe6000004,0xe3000008,0xc2000010,0x39000020,0xc6000040,0xbe000080,0xd000100,0x8b000200,0x15000400,0xe000800,0x55001000,0xce002000,0x97004000,0xc4008000,0xe2010000,0xb8020000,0x36040000,0xa6080000,0xf8100000,0xb2200000,0x69400000,0xc5800000","0x1c0572a,0x22d6ade,0x48cfdc5,0x8522ba1,0x103654a3,0x207f00ae,0x40d1b05d,0x80bbe2dc",dense systematic parity map; seed=5176584072621387539
647,natural,n32_k24_random_systematic_linear_R3_4,7,13549029618724703124,3,15586299980911434873,random_systematic_linear,R3_4,32,24,0.75,1,20,0.05,0x71d643cd,0x38eb21e5,2,0,,2,1,20000000,False,True,1000000,1500,16777216,"0x49000001,0x2,0xe3000004,0xb8000008,0xc1000010,0x8d000020,0xd8000040,0xbf000080,0x3a000100,0xf1000200,0xe5000400,0xd5000800,0x44001000,0xfe002000,0xb3004000,0xc3008000,0xcc010000,0xc4020000,0xce040000,0x9b080000,0x57100000,0x49200000,0x91400000,0xb0800000","0x178ceb5,0x21ce184,0x4173ca0,0x82d21e9,0x10d86bc8,0x2080678c,0x4037be55,0x80cfeefc",dense systematic parity map; seed=15586299980911434873
648,natural,n32_k24_random_systematic_linear_R3_4,8,15324132764335056516,0,13148762976802034727,random_systematic_linear,R3_4,32,24,0.75,1,20,0.05,0xfbe3ec00,0x75f1f600,4,1,,2,2,20000000,False,False,1000000,1500,16777216,"0x3000001,0x9e000002,0x1c000004,0xf1000008,0xfe000010,0xb000020,0xf5000040,0xa3000080,0xa8000100,0x84000200,0x9d000400,0x14000800,0xdd001000,0x12002000,0x2c004000,0x77008000,0x35010000,0x17020000,0x37040000,0x9f080000,0x73100000,0x17200000,0x81400000,0x8f800000","0x1ff94e9,0x2bea0b3,0x4afde56,0x8885536,0x103fbc5e,0x2015c1d8,0x40109058,0x80c817da",dense systematic parity map; seed=13148762976802034727
649,natural,n32_k24_random_systematic_linear_R3_4,9,2275033175008439136,1,1121212559055557001,random_systematic_linear,R3_4,32,24,0.75,1,20,0.05,0xd6a27a11,0x6b427b11,21,1,,2,2,20000000,False,False,1000000,1500,16777216,"0xbd000001,0x94000002,0x1e000004,0x4b000008,0xc7000010,0x3a000020,0xc1000040,0xe5000080,0x55000100,0xe0000200,0x6d000400,0x5c000800,0xce001000,0xfc002000,0xde004000,0xeb008000,0xed010000,0xe8020000,0x2a040000,0x4d080000,0x6b100000,0x98200000,0x7400000,0x8c800000","0x15985d9,0x254d03c,0x4c97d97,0x8bffc2d,0x10206927,0x2017a6a1,0x401bffd8,0x80a3f2d3",dense systematic parity map; seed=1121212559055557001
650,natural,n32_k24_random_systematic_linear_R3_4,10,14424879956681016143,2,5176584072621387539,random_systematic_linear,R3_4,32,24,0.75,1,20,0.05,0x5e91be1b,0x2f11be1b,23,0,,2,1,20000000,False,False,1000000,1500,16777216,"0x5c000001,0x33000002,0xe6000004,0xe3000008,0xc2000010,0x39000020,0xc6000040,0xbe000080,0xd000100,0x8b000200,0x15000400,0xe000800,0x55001000,0xce002000,0x97004000,0xc4008000,0xe2010000,0xb8020000,0x36040000,0xa6080000,0xf8100000,0xb2200000,0x69400000,0xc5800000","0x1c0572a,0x22d6ade,0x48cfdc5,0x8522ba1,0x103654a3,0x207f00ae,0x40d1b05d,0x80bbe2dc",dense systematic parity map; seed=5176584072621387539
651,natural,n32_k24_random_systematic_linear_R3_4,11,3814508493254584404,3,15586299980911434873,random_systematic_linear,R3_4,32,24,0.75,1,20,0.05,0x5d289fb0,0x29299fb0,27,2,,2,3,20000000,False,False,1000000,1500,16777216,"0x49000001,0x2,0xe3000004,0xb8000008,0xc1000010,0x8d000020,0xd8000040,0xbf000080,0x3a000100,0xf1000200,0xe5000400,0xd5000800,0x44001000,0xfe002000,0xb3004000,0xc3008000,0xcc010000,0xc4020000,0xce040000,0x9b080000,0x57100000,0x49200000,0x91400000,0xb0800000","0x178ceb5,0x21ce184,0x4173ca0,0x82d21e9,0x10d86bc8,0x2080678c,0x4037be55,0x80cfeefc",dense systematic parity map; seed=15586299980911434873
652,natural,n32_k24_random_systematic_linear_R3_4,12,11388359058279629683,0,13148762976802034727,random_systematic_linear,R3_4,32,24,0.75,1,20,0.05,0xeecb1a1d,0x6ec93a0d,31,3,,2,4,20000000,False,False,1000000,1500,16777216,"0x3000001,0x9e000002,0x1c000004,0xf1000008,0xfe000010,0xb000020,0xf5000040,0xa3000080,0xa8000100,0x84000200,0x9d000400,0x14000800,0xdd001000,0x12002000,0x2c004000,0x77008000,0x35010000,0x17020000,0x37040000,0x9f080000,0x73100000,0x17200000,0x81400000,0x8f800000","0x1ff94e9,0x2bea0b3,0x4afde56,0x8885536,0x103fbc5e,0x2015c1d8,0x40109058,0x80c817da",dense systematic parity map; seed=13148762976802034727
653,natural,n32_k24_random_systematic_linear_R3_4,13,6519686932091034705,1,1121212559055557001,random_systematic_linear,R3_4,32,24,0.75,1,20,0.05,0x909d198a,0x584e898a,12,1,,2,2,20000000,False,False,1000000,1500,16777216,"0xbd000001,0x94000002,0x1e000004,0x4b000008,0xc7000010,0x3a000020,0xc1000040,0xe5000080,0x55000100,0xe0000200,0x6d000400,0x5c000800,0xce001000,0xfc002000,0xde004000,0xeb008000,0xed010000,0xe8020000,0x2a040000,0x4d080000,0x6b100000,0x98200000,0x7400000,0x8c800000","0x15985d9,0x254d03c,0x4c97d97,0x8bffc2d,0x10206927,0x2017a6a1,0x401bffd8,0x80a3f2d3",dense systematic parity map; seed=1121212559055557001
654,natural,n32_k24_random_systematic_linear_R3_4,14,7275947575903208375,2,5176584072621387539,random_systematic_linear,R3_4,32,24,0.75,1,20,0.05,0x9f8e7a30,0x4f873d10,4,1,,2,2,20000000,False,False,1000000,1500,16777216,"0x5c000001,0x33000002,0xe6000004,0xe3000008,0xc2000010,0x39000020,0xc6000040,0xbe000080,0xd000100,0x8b000200,0x15000400,0xe000800,0x55001000,0xce002000,0x97004000,0xc4008000,0xe2010000,0xb8020000,0x36040000,0xa6080000,0xf8100000,0xb2200000,0x69400000,0xc5800000","0x1c0572a,0x22d6ade,0x48cfdc5,0x8522ba1,0x103654a3,0x207f00ae,0x40d1b05d,0x80bbe2dc",dense systematic parity map; seed=5176584072621387539
655,natural,n32_k24_random_systematic_linear_R3_4,15,1184998930398019290,3,15586299980911434873,random_systematic_linear,R3_4,32,24,0.75,1,20,0.05,0x4a5757fa,0x1e5757ba,29,4,,2,5,20000000,False,False,1000000,1500,16777216,"0x49000001,0x2,0xe3000004,0xb8000008,0xc1000010,0x8d000020,0xd8000040,0xbf000080,0x3a000100,0xf1000200,0xe5000400,0xd5000800,0x44001000,0xfe002000,0xb3004000,0xc3008000,0xcc010000,0xc4020000,0xce040000,0x9b080000,0x57100000,0x49200000,0x91400000,0xb0800000","0x178ceb5,0x21ce184,0x4173ca0,0x82d21e9,0x10d86bc8,0x2080678c,0x4037be55,0x80cfeefc",dense systematic parity map; seed=15586299980911434873
656,natural,n32_k24_random_systematic_linear_R3_4,16,8867145005849747372,0,13148762976802034727,random_systematic_linear,R3_4,32,24,0.75,1,20,0.05,0x7a308a59,0x3d18458f,1,3,,2,4,20000000,False,False,1000000,1500,16777216,"0x3000001,0x9e000002,0x1c000004,0xf1000008,0xfe000010,0xb000020,0xf5000040,0xa3000080,0xa8000100,0x84000200,0x9d000400,0x14000800,0xdd001000,0x12002000,0x2c004000,0x77008000,0x35010000,0x17020000,0x37040000,0x9f080000,0x73100000,0x17200000,0x81400000,0x8f800000","0x1ff94e9,0x2bea0b3,0x4afde56,0x8885536,0x103fbc5e,0x2015c1d8,0x40109058,0x80c817da",dense systematic parity map; seed=13148762976802034727
657,natural,n32_k24_random_systematic_linear_R3_4,17,1724729195788460282,1,1121212559055557001,random_systematic_linear,R3_4,32,24,0.75,1,20,0.05,0x2d7a6c2c,0x16bdb42c,10,1,,2,2,20000000,False,False,1000000,1500,16777216,"0xbd000001,0x94000002,0x1e000004,0x4b000008,0xc7000010,0x3a000020,0xc1000040,0xe5000080,0x55000100,0xe0000200,0x6d000400,0x5c000800,0xce001000,0xfc002000,0xde004000,0xeb008000,0xed010000,0xe8020000,0x2a040000,0x4d080000,0x6b100000,0x98200000,0x7400000,0x8c800000","0x15985d9,0x254d03c,0x4c97d97,0x8bffc2d,0x10206927,0x2017a6a1,0x401bffd8,0x80a3f2d3",dense systematic parity map; seed=1121212559055557001
658,natural,n32_k24_random_systematic_linear_R3_4,18,8760907664000206022,2,5176584072621387539,random_systematic_linear,R3_4,32,24,0.75,1,20,0.05,0x6e08c8ba,0x3708c8ba,23,0,,2,1,20000000,False,False,1000000,1500,16777216,"0x5c000001,0x33000002,0xe6000004,0xe3000008,0xc2000010,0x39000020,0xc6000040,0xbe000080,0xd000100,0x8b000200,0x15000400,0xe000800,0x55001000,0xce002000,0x97004000,0xc4008000,0xe2010000,0xb8020000,0x36040000,0xa6080000,0xf8100000,0xb2200000,0x69400000,0xc5800000","0x1c0572a,0x22d6ade,0x48cfdc5,0x8522ba1,0x103654a3,0x207f00ae,0x40d1b05d,0x80bbe2dc",dense systematic parity map; seed=5176584072621387539
659,natural,n32_k24_random_systematic_linear_R3_4,19,15140251725028913684,3,15586299980911434873,random_systematic_linear,R3_4,32,24,0.75,1,20,0.05,0xc554cc20,0x72aa6611,2,2,,2,3,20000000,False,False,1000000,1500,16777216,"0x49000001,0x2,0xe3000004,0xb8000008,0xc1000010,0x8d000020,0xd8000040,0xbf000080,0x3a000100,0xf1000200,0xe5000400,0xd5000800,0x44001000,0xfe002000,0xb3004000,0xc3008000,0xcc010000,0xc4020000,0xce040000,0x9b080000,0x57100000,0x49200000,0x91400000,0xb0800000","0x178ceb5,0x21ce184,0x4173ca0,0x82d21e9,0x10d86bc8,0x2080678c,0x4037be55,0x80cfeefc",dense systematic parity map; seed=15586299980911434873
660,natural,n32_k24_random_systematic_linear_R3_4,20,13913311218679633804,0,13148762976802034727,random_systematic_linear,R3_4,32,24,0.75,1,20,0.05,0xe7a2fe08,0x73d2fe08,19,0,,2,1,20000000,False,False,1000000,1500,16777216,"0x3000001,0x9e000002,0x1c000004,0xf1000008,0xfe000010,0xb000020,0xf5000040,0xa3000080,0xa8000100,0x84000200,0x9d000400,0x14000800,0xdd001000,0x12002000,0x2c004000,0x77008000,0x35010000,0x17020000,0x37040000,0x9f080000,0x73100000,0x17200000,0x81400000,0x8f800000","0x1ff94e9,0x2bea0b3,0x4afde56,0x8885536,0x103fbc5e,0x2015c1d8,0x40109058,0x80c817da",dense systematic parity map; seed=13148762976802034727
661,natural,n32_k24_random_systematic_linear_R3_4,21,18181311522442184473,1,1121212559055557001,random_systematic_linear,R3_4,32,24,0.75,1,20,0.05,0xd145cc73,0x6ca2e673,9,1,,2,2,20000000,False,False,1000000,1500,16777216,"0xbd000001,0x94000002,0x1e000004,0x4b000008,0xc7000010,0x3a000020,0xc1000040,0xe5000080,0x55000100,0xe0000200,0x6d000400,0x5c000800,0xce001000,0xfc002000,0xde004000,0xeb008000,0xed010000,0xe8020000,0x2a040000,0x4d080000,0x6b100000,0x98200000,0x7400000,0x8c800000","0x15985d9,0x254d03c,0x4c97d97,0x8bffc2d,0x10206927,0x2017a6a1,0x401bffd8,0x80a3f2d3",dense systematic parity map; seed=1121212559055557001
662,natural,n32_k24_random_systematic_linear_R3_4,22,3388454367315021758,2,5176584072621387539,random_systematic_linear,R3_4,32,24,0.75,1,20,0.05,0x7ca1002a,0x3ca11028,26,2,,2,3,20000000,False,False,1000000,1500,16777216,"0x5c000001,0x33000002,0xe6000004,0xe3000008,0xc2000010,0x39000020,0xc6000040,0xbe000080,0xd000100,0x8b000200,0x15000400,0xe000800,0x55001000,0xce002000,0x97004000,0xc4008000,0xe2010000,0xb8020000,0x36040000,0xa6080000,0xf8100000,0xb2200000,0x69400000,0xc5800000","0x1c0572a,0x22d6ade,0x48cfdc5,0x8522ba1,0x103654a3,0x207f00ae,0x40d1b05d,0x80bbe2dc",dense systematic parity map; seed=5176584072621387539
663,natural,n32_k24_random_systematic_linear_R3_4,23,5738600934757317272,3,15586299980911434873,random_systematic_linear,R3_4,32,24,0.75,1,20,0.05,0xeef74c70,0x737ba630,5,1,,2,2,20000000,False,False,1000000,1500,16777216,"0x49000001,0x2,0xe3000004,0xb8000008,0xc1000010,0x8d000020,0xd8000040,0xbf000080,0x3a000100,0xf1000200,0xe5000400,0xd5000800,0x44001000,0xfe002000,0xb3004000,0xc3008000,0xcc010000,0xc4020000,0xce040000,0x9b080000,0x57100000,0x49200000,0x91400000,0xb0800000","0x178ceb5,0x21ce184,0x4173ca0,0x82d21e9,0x10d86bc8,0x2080678c,0x4037be55,0x80cfeefc",dense systematic parity map; seed=15586299980911434873
664,natural,n32_k24_random_systematic_linear_R3_4,24,5536758107760815112,0,13148762976802034727,random_systematic_linear,R3_4,32,24,0.75,1,20,0.05,0xd61f4b8,0xf61f4b8,30,1,,2,2,20000000,False,False,1000000,1500,16777216,"0x3000001,0x9e000002,0x1c000004,0xf1000008,0xfe000010,0xb000020,0xf5000040,0xa3000080,0xa8000100,0x84000200,0x9d000400,0x14000800,0xdd001000,0x12002000,0x2c004000,0x77008000,0x35010000,0x17020000,0x37040000,0x9f080000,0x73100000,0x17200000,0x81400000,0x8f800000","0x1ff94e9,0x2bea0b3,0x4afde56,0x8885536,0x103fbc5e,0x2015c1d8,0x40109058,0x80c817da",dense systematic parity map; seed=13148762976802034727
665,natural,n32_k24_random_systematic_linear_R3_4,25,15749847145461988394,1,1121212559055557001,random_systematic_linear,R3_4,32,24,0.75,1,20,0.05,0x2c86bc06,0x16435e06,5,0,,2,1,20000000,False,False,1000000,1500,16777216,"0xbd000001,0x94000002,0x1e000004,0x4b000008,0xc7000010,0x3a000020,0xc1000040,0xe5000080,0x55000100,0xe0000200,0x6d000400,0x5c000800,0xce001000,0xfc002000,0xde004000,0xeb008000,0xed010000,0xe8020000,0x2a040000,0x4d080000,0x6b100000,0x98200000,0x7400000,0x8c800000","0x15985d9,0x254d03c,0x4c97d97,0x8bffc2d,0x10206927,0x2017a6a1,0x401bffd8,0x80a3f2d3",dense systematic parity map; seed=1121212559055557001
666,natural,n32_k24_random_systematic_linear_R3_4,26,9366753250738627971,2,5176584072621387539,random_systematic_linear,R3_4,32,24,0.75,1,20,0.05,0x70cfc55d,0x3067e55d,13,1,,2,2,20000000,False,False,1000000,1500,16777216,"0x5c000001,0x33000002,0xe6000004,0xe3000008,0xc2000010,0x39000020,0xc6000040,0xbe000080,0xd000100,0x8b000200,0x15000400,0xe000800,0x55001000,0xce002000,0x97004000,0xc4008000,0xe2010000,0xb8020000,0x36040000,0xa6080000,0xf8100000,0xb2200000,0x69400000,0xc5800000","0x1c0572a,0x22d6ade,0x48cfdc5,0x8522ba1,0x103654a3,0x207f00ae,0x40d1b05d,0x80bbe2dc",dense systematic parity map; seed=5176584072621387539
667,natural,n32_k24_random_systematic_linear_R3_4,27,8258890918376353606,3,15586299980911434873,random_systematic_linear,R3_4,32,24,0.75,1,20,0.05,0x9101a048,0x5801a048,21,2,,2,3,20000000,False,False,1000000,1500,16777216,"0x49000001,0x2,0xe3000004,0xb8000008,0xc1000010,0x8d000020,0xd8000040,0xbf000080,0x3a000100,0xf1000200,0xe5000400,0xd5000800,0x44001000,0xfe002000,0xb3004000,0xc3008000,0xcc010000,0xc4020000,0xce040000,0x9b080000,0x57100000,0x49200000,0x91400000,0xb0800000","0x178ceb5,0x21ce184,0x4173ca0,0x82d21e9,0x10d86bc8,0x2080678c,0x4037be55,0x80cfeefc",dense systematic parity map; seed=15586299980911434873
668,natural,n32_k24_random_systematic_linear_R3_4,28,14514155349096628590,0,13148762976802034727,random_systematic_linear,R3_4,32,24,0.75,1,20,0.05,0xd14a050c,0x68b5070c,14,2,,2,3,20000000,False,False,1000000,1500,16777216,"0x3000001,0x9e000002,0x1c000004,0xf1000008,0xfe000010,0xb000020,0xf5000040,0xa3000080,0xa8000100,0x84000200,0x9d000400,0x14000800,0xdd001000,0x12002000,0x2c004000,0x77008000,0x35010000,0x17020000,0x37040000,0x9f080000,0x73100000,0x17200000,0x81400000,0x8f800000","0x1ff94e9,0x2bea0b3,0x4afde56,0x8885536,0x103fbc5e,0x2015c1d8,0x40109058,0x80c817da",dense systematic parity map; seed=13148762976802034727
669,natural,n32_k24_random_systematic_linear_R3_4,29,2051128036061001216,1,1121212559055557001,random_systematic_linear,R3_4,32,24,0.75,1,20,0.05,0xe77b2479,0x73bd5479,12,2,,2,3,20000000,False,False,1000000,1500,16777216,"0xbd000001,0x94000002,0x1e000004,0x4b000008,0xc7000010,0x3a000020,0xc1000040,0xe5000080,0x55000100,0xe0000200,0x6d000400,0x5c000800,0xce001000,0xfc002000,0xde004000,0xeb008000,0xed010000,0xe8020000,0x2a040000,0x4d080000,0x6b100000,0x98200000,0x7400000,0x8c800000","0x15985d9,0x254d03c,0x4c97d97,0x8bffc2d,0x10206927,0x2017a6a1,0x401bffd8,0x80a3f2d3",dense systematic parity map; seed=1121212559055557001
670,natural,n32_k24_random_systematic_linear_R3_4,30,13804598004950533807,2,5176584072621387539,random_systematic_linear,R3_4,32,24,0.75,1,20,0.05,0xf525f732,0x7a92f9b2,6,1,,2,2,20000000,False,False,1000000,1500,16777216,"0x5c000001,0x33000002,0xe6000004,0xe3000008,0xc2000010,0x39000020,0xc6000040,0xbe000080,0xd000100,0x8b000200,0x15000400,0xe000800,0x55001000,0xce002000,0x97004000,0xc4008000,0xe2010000,0xb8020000,0x36040000,0xa6080000,0xf8100000,0xb2200000,0x69400000,0xc5800000","0x1c0572a,0x22d6ade,0x48cfdc5,0x8522ba1,0x103654a3,0x207f00ae,0x40d1b05d,0x80bbe2dc",dense systematic parity map; seed=5176584072621387539
671,natural,n32_k24_random_systematic_linear_R3_4,31,5276561173740172225,3,15586299980911434873,random_systematic_linear,R3_4,32,24,0.75,1,20,0.05,0x29fdc26e,0x14fee12e,6,0,,2,1,20000000,False,False,1000000,1500,16777216,"0x49000001,0x2,0xe3000004,0xb8000008,0xc1000010,0x8d000020,0xd8000040,0xbf000080,0x3a000100,0xf1000200,0xe5000400,0xd5000800,0x44001000,0xfe002000,0xb3004000,0xc3008000,0xcc010000,0xc4020000,0xce040000,0x9b080000,0x57100000,0x49200000,0x91400000,0xb0800000","0x178ceb5,0x21ce184,0x4173ca0,0x82d21e9,0x10d86bc8,0x2080678c,0x4037be55,0x80cfeefc",dense systematic parity map; seed=15586299980911434873
672,natural,n32_k24_random_systematic_linear_R3_4,32,13090505304260314653,0,13148762976802034727,random_systematic_linear,R3_4,32,24,0.75,1,20,0.05,0xbbd76989,0x79d76999,30,2,,2,3,20000000,False,False,1000000,1500,16777216,"0x3000001,0x9e000002,0x1c000004,0xf1000008,0xfe000010,0xb000020,0xf5000040,0xa3000080,0xa8000100,0x84000200,0x9d000400,0x14000800,0xdd001000,0x12002000,0x2c004000,0x77008000,0x35010000,0x17020000,0x37040000,0x9f080000,0x73100000,0x17200000,0x81400000,0x8f800000","0x1ff94e9,0x2bea0b3,0x4afde56,0x8885536,0x103fbc5e,0x2015c1d8,0x40109058,0x80c817da",dense systematic parity map; seed=13148762976802034727
673,natural,n32_k24_random_systematic_linear_R3_4,33,4264958860789251612,1,1121212559055557001,random_systematic_linear,R3_4,32,24,0.75,1,20,0.05,0x5c2919af,0x2f1091af,13,3,,2,4,20000000,False,False,1000000,1500,16777216,"0xbd000001,0x94000002,0x1e000004,0x4b000008,0xc7000010,0x3a000020,0xc1000040,0xe5000080,0x55000100,0xe0000200,0x6d000400,0x5c000800,0xce001000,0xfc002000,0xde004000,0xeb008000,0xed010000,0xe8020000,0x2a040000,0x4d080000,0x6b100000,0x98200000,0x7400000,0x8c800000","0x15985d9,0x254d03c,0x4c97d97,0x8bffc2d,0x10206927,0x2017a6a1,0x401bffd8,0x80a3f2d3",dense systematic parity map; seed=1121212559055557001
674,natural,n32_k24_random_systematic_linear_R3_4,34,13609834840325589571,2,5176584072621387539,random_systematic_linear,R3_4,32,24,0.75,1,20,0.05,0xac3ff12a,0x173ff11a,23,4,,2,5,20000000,False,False,1000000,1500,16777216,"0x5c000001,0x33000002,0xe6000004,0xe3000008,0xc2000010,0x39000020,0xc6000040,0xbe000080,0xd000100,0x8b000200,0x15000400,0xe000800,0x55001000,0xce002000,0x97004000,0xc4008000,0xe2010000,0xb8020000,0x36040000,0xa6080000,0xf8100000,0xb2200000,0x69400000,0xc5800000","0x1c0572a,0x22d6ade,0x48cfdc5,0x8522ba1,0x103654a3,0x207f00ae,0x40d1b05d,0x80bbe2dc",dense systematic parity map; seed=5176584072621387539
675,natural,n32_k24_random_systematic_linear_R3_4,35,17190277494899138131,3,15586299980911434873,random_systematic_linear,R3_4,32,24,0.75,1,20,0.05,0x7a47bd3d,0x3d27bd3d,21,0,,2,1,20000000,False,False,1000000,1500,16777216,"0x49000001,0x2,0xe3000004,0xb8000008,0xc1000010,0x8d000020,0xd8000040,0xbf000080,0x3a000100,0xf1000200,0xe5000400,0xd5000800,0x44001000,0xfe002000,0xb3004000,0xc3008000,0xcc010000,0xc4020000,0xce040000,0x9b080000,0x57100000,0x49200000,0x91400000,0xb0800000","0x178ceb5,0x21ce184,0x4173ca0,0x82d21e9,0x10d86bc8,0x2080678c,0x4037be55,0x80cfeefc",dense systematic parity map; seed=15586299980911434873
676,natural,n32_k24_random_systematic_linear_R3_4,36,2312054836522037962,0,13148762976802034727,random_systematic_linear,R3_4,32,24,0.75,1,20,0.05,0xc31811a9,0x2198112b,23,3,,2,4,20000000,False,False,1000000,1500,16777216,"0x3000001,0x9e000002,0x1c000004,0xf1000008,0xfe000010,0xb000020,0xf5000040,0xa3000080,0xa8000100,0x84000200,0x9d000400,0x14000800,0xdd001000,0x12002000,0x2c004000,0x77008000,0x35010000,0x17020000,0x37040000,0x9f080000,0x73100000,0x17200000,0x81400000,0x8f800000","0x1ff94e9,0x2bea0b3,0x4afde56,0x8885536,0x103fbc5e,0x2015c1d8,0x40109058,0x80c817da",dense systematic parity map; seed=13148762976802034727
677,natural,n32_k24_random_systematic_linear_R3_4,37,17408426702249810008,1,1121212559055557001,random_systematic_linear,R3_4,32,24,0.75,1,20,0.05,0x23bd43ab,0x11dd43ab,20,0,,2,1,20000000,False,False,1000000,1500,16777216,"0xbd000001,0x94000002,0x1e000004,0x4b000008,0xc7000010,0x3a000020,0xc1000040,0xe5000080,0x55000100,0xe0000200,0x6d000400,0x5c000800,0xce001000,0xfc002000,0xde004000,0xeb008000,0xed010000,0xe8020000,0x2a040000,0x4d080000,0x6b100000,0x98200000,0x7400000,0x8c800000","0x15985d9,0x254d03c,0x4c97d97,0x8bffc2d,0x10206927,0x2017a6a1,0x401bffd8,0x80a3f2d3",dense systematic parity map; seed=1121212559055557001
678,natural,n32_k24_random_systematic_linear_R3_4,38,15912770853955624214,2,5176584072621387539,random_systematic_linear,R3_4,32,24,0.75,1,20,0.05,0x954e8993,0x4a86cb8b,19,5,,2,6,20000000,False,False,1000000,1500,16777216,"0x5c000001,0x33000002,0xe6000004,0xe3000008,0xc2000010,0x39000020,0xc6000040,0xbe000080,0xd000100,0x8b000200,0x15000400,0xe000800,0x55001000,0xce002000,0x97004000,0xc4008000,0xe2010000,0xb8020000,0x36040000,0xa6080000,0xf8100000,0xb2200000,0x69400000,0xc5800000","0x1c0572a,0x22d6ade,0x48cfdc5,0x8522ba1,0x103654a3,0x207f00ae,0x40d1b05d,0x80bbe2dc",dense systematic parity map; seed=5176584072621387539
679,natural,n32_k24_random_systematic_linear_R3_4,39,7654602979498218982,3,15586299980911434873,random_systematic_linear,R3_4,32,24,0.75,1,20,0.05,0xed06b360,0x368b5ba0,6,3,,2,4,20000000,False,False,1000000,1500,16777216,"0x49000001,0x2,0xe3000004,0xb8000008,0xc1000010,0x8d000020,0xd8000040,0xbf000080,0x3a000100,0xf1000200,0xe5000400,0xd5000800,0x44001000,0xfe002000,0xb3004000,0xc3008000,0xcc010000,0xc4020000,0xce040000,0x9b080000,0x57100000,0x49200000,0x91400000,0xb0800000","0x178ceb5,0x21ce184,0x4173ca0,0x82d21e9,0x10d86bc8,0x2080678c,0x4037be55,0x80cfeefc",dense systematic parity map; seed=15586299980911434873
680,natural,n32_k24_random_systematic_linear_R3_4,40,8433968694944421108,0,13148762976802034727,random_systematic_linear,R3_4,32,24,0.75,1,20,0.05,0x9cd46b8e,0x4ed06b8e,24,1,,2,2,20000000,False,False,1000000,1500,16777216,"0x3000001,0x9e000002,0x1c000004,0xf1000008,0xfe000010,0xb000020,0xf5000040,0xa3000080,0xa8000100,0x84000200,0x9d000400,0x14000800,0xdd001000,0x12002000,0x2c004000,0x77008000,0x35010000,0x17020000,0x37040000,0x9f080000,0x73100000,0x17200000,0x81400000,0x8f800000","0x1ff94e9,0x2bea0b3,0x4afde56,0x8885536,0x103fbc5e,0x2015c1d8,0x40109058,0x80c817da",dense systematic parity map; seed=13148762976802034727
681,natural,n32_k24_random_systematic_linear_R3_4,41,10993983798578308484,1,1121212559055557001,random_systematic_linear,R3_4,32,24,0.75,1,20,0.05,0x7047c4e4,0x3047c4e4,25,1,,2,2,20000000,False,False,1000000,1500,16777216,"0xbd000001,0x94000002,0x1e000004,0x4b000008,0xc7000010,0x3a000020,0xc1000040,0xe5000080,0x55000100,0xe0000200,0x6d000400,0x5c000800,0xce001000,0xfc002000,0xde004000,0xeb008000,0xed010000,0xe8020000,0x2a040000,0x4d080000,0x6b100000,0x98200000,0x7400000,0x8c800000","0x15985d9,0x254d03c,0x4c97d97,0x8bffc2d,0x10206927,0x2017a6a1,0x401bffd8,0x80a3f2d3",dense systematic parity map; seed=1121212559055557001
682,natural,n32_k24_random_systematic_linear_R3_4,42,14375008876939003225,2,5176584072621387539,random_systematic_linear,R3_4,32,24,0.75,1,20,0.05,0x90bc3916,0x12bc3d16,31,2,,2,3,20000000,False,False,1000000,1500,16777216,"0x5c000001,0x33000002,0xe6000004,0xe3000008,0xc2000010,0x39000020,0xc6000040,0xbe000080,0xd000100,0x8b000200,0x15000400,0xe000800,0x55001000,0xce002000,0x97004000,0xc4008000,0xe2010000,0xb8020000,0x36040000,0xa6080000,0xf8100000,0xb2200000,0x69400000,0xc5800000","0x1c0572a,0x22d6ade,0x48cfdc5,0x8522ba1,0x103654a3,0x207f00ae,0x40d1b05d,0x80bbe2dc",dense systematic parity map; seed=5176584072621387539
683,natural,n32_k24_random_systematic_linear_R3_4,43,13945633250396088699,3,15586299980911434873,random_systematic_linear,R3_4,32,24,0.75,1,20,0.05,0xfa3ec5f9,0x7d1f65f9,13,0,,2,1,20000000,False,False,1000000,1500,16777216,"0x49000001,0x2,0xe3000004,0xb8000008,0xc1000010,0x8d000020,0xd8000040,0xbf000080,0x3a000100,0xf1000200,0xe5000400,0xd5000800,0x44001000,0xfe002000,0xb3004000,0xc3008000,0xcc010000,0xc4020000,0xce040000,0x9b080000,0x57100000,0x49200000,0x91400000,0xb0800000","0x178ceb5,0x21ce184,0x4173ca0,0x82d21e9,0x10d86bc8,0x2080678c,0x4037be55,0x80cfeefc",dense systematic parity map; seed=15586299980911434873
684,natural,n32_k24_random_systematic_linear_R3_4,44,3814286377715036179,0,13148762976802034727,random_systematic_linear,R3_4,32,24,0.75,1,20,0.05,0x1fea2a3,0xff51a3,12,2,,2,3,20000000,False,False,1000000,1500,16777216,"0x3000001,0x9e000002,0x1c000004,0xf1000008,0xfe000010,0xb000020,0xf5000040,0xa3000080,0xa8000100,0x84000200,0x9d000400,0x14000800,0xdd001000,0x12002000,0x2c004000,0x77008000,0x35010000,0x17020000,0x37040000,0x9f080000,0x73100000,0x17200000,0x81400000,0x8f800000","0x1ff94e9,0x2bea0b3,0x4afde56,0x8885536,0x103fbc5e,0x2015c1d8,0x40109058,0x80c817da",dense systematic parity map; seed=13148762976802034727
685,natural,n32_k24_random_systematic_linear_R3_4,45,4318470299700556664,1,1121212559055557001,random_systematic_linear,R3_4,32,24,0.75,1,20,0.05,0x699cc37c,0x34eec37c,16,1,,2,2,20000000,False,False,1000000,1500,16777216,"0xbd000001,0x94000002,0x1e000004,0x4b000008,0xc7000010,0x3a000020,0xc1000040,0xe5000080,0x55000100,0xe0000200,0x6d000400,0x5c000800,0xce001000,0xfc002000,0xde004000,0xeb008000,0xed010000,0xe8020000,0x2a040000,0x4d080000,0x6b100000,0x98200000,0x7400000,0x8c800000","0x15985d9,0x254d03c,0x4c97d97,0x8bffc2d,0x10206927,0x2017a6a1,0x401bffd8,0x80a3f2d3",dense systematic parity map; seed=1121212559055557001
686,natural,n32_k24_random_systematic_linear_R3_4,46,14964093416750655405,2,5176584072621387539,random_systematic_linear,R3_4,32,24,0.75,1,20,0.05,0xf7298f51,0x7b94c7a9,3,0,,2,1,20000000,False,False,1000000,1500,16777216,"0x5c000001,0x33000002,0xe6000004,0xe3000008,0xc2000010,0x39000020,0xc6000040,0xbe000080,0xd000100,0x8b000200,0x15000400,0xe000800,0x55001000,0xce002000,0x97004000,0xc4008000,0xe2010000,0xb8020000,0x36040000,0xa6080000,0xf8100000,0xb2200000,0x69400000,0xc5800000","0x1c0572a,0x22d6ade,0x48cfdc5,0x8522ba1,0x103654a3,0x207f00ae,0x40d1b05d,0x80bbe2dc",dense systematic parity map; seed=5176584072621387539
687,natural,n32_k24_random_systematic_linear_R3_4,47,7149410914942308185,3,15586299980911434873,random_systematic_linear,R3_4,32,24,0.75,1,20,0.05,0x93b8d86f,0x499c6c6f,5,2,,2,3,20000000,False,False,1000000,1500,16777216,"0x49000001,0x2,0xe3000004,0xb8000008,0xc1000010,0x8d000020,0xd8000040,0xbf000080,0x3a000100,0xf1000200,0xe5000400,0xd5000800,0x44001000,0xfe002000,0xb3004000,0xc3008000,0xcc010000,0xc4020000,0xce040000,0x9b080000,0x57100000,0x49200000,0x91400000,0xb0800000","0x178ceb5,0x21ce184,0x4173ca0,0x82d21e9,0x10d86bc8,0x2080678c,0x4037be55,0x80cfeefc",dense systematic parity map; seed=15586299980911434873
688,natural,n32_k24_random_systematic_linear_R3_4,48,1891341869290727133,0,13148762976802034727,random_systematic_linear,R3_4,32,24,0.75,1,20,0.05,0xb31e541c,0x498b2b0e,0,3,,2,4,20000000,False,False,1000000,1500,16777216,"0x3000001,0x9e000002,0x1c000004,0xf1000008,0xfe000010,0xb000020,0xf5000040,0xa3000080,0xa8000100,0x84000200,0x9d000400,0x14000800,0xdd001000,0x12002000,0x2c004000,0x77008000,0x35010000,0x17020000,0x37040000,0x9f080000,0x73100000,0x17200000,0x81400000,0x8f800000","0x1ff94e9,0x2bea0b3,0x4afde56,0x8885536,0x103fbc5e,0x2015c1d8,0x40109058,0x80c817da",dense systematic parity map; seed=13148762976802034727
689,natural,n32_k24_random_systematic_linear_R3_4,49,17997039533415514171,1,1121212559055557001,random_systematic_linear,R3_4,32,24,0.75,1,20,0.05,0x8fbeb1a,0x47feb9a,18,1,,2,2,20000000,False,False,1000000,1500,16777216,"0xbd000001,0x94000002,0x1e000004,0x4b000008,0xc7000010,0x3a000020,0xc1000040,0xe5000080,0x55000100,0xe0000200,0x6d000400,0x5c000800,0xce001000,0xfc002000,0xde004000,0xeb008000,0xed010000,0xe8020000,0x2a040000,0x4d080000,0x6b100000,0x98200000,0x7400000,0x8c800000","0x15985d9,0x254d03c,0x4c97d97,0x8bffc2d,0x10206927,0x2017a6a1,0x401bffd8,0x80a3f2d3",dense systematic parity map; seed=1121212559055557001
690,natural,n32_k24_random_systematic_linear_R3_4,50,12465628319927808272,2,5176584072621387539,random_systematic_linear,R3_4,32,24,0.75,1,20,0.05,0x65dd109f,0x3aec109f,20,2,,2,3,20000000,False,False,1000000,1500,16777216,"0x5c000001,0x33000002,0xe6000004,0xe3000008,0xc2000010,0x39000020,0xc6000040,0xbe000080,0xd000100,0x8b000200,0x15000400,0xe000800,0x55001000,0xce002000,0x97004000,0xc4008000,0xe2010000,0xb8020000,0x36040000,0xa6080000,0xf8100000,0xb2200000,0x69400000,0xc5800000","0x1c0572a,0x22d6ade,0x48cfdc5,0x8522ba1,0x103654a3,0x207f00ae,0x40d1b05d,0x80bbe2dc",dense systematic parity map; seed=5176584072621387539
691,natural,n32_k24_random_systematic_linear_R3_4,51,18093978071926934123,3,15586299980911434873,random_systematic_linear,R3_4,32,24,0.75,1,20,0.05,0x95fa44e1,0x5dfa44a1,29,2,,2,3,20000000,False,False,1000000,1500,16777216,"0x49000001,0x2,0xe3000004,0xb8000008,0xc1000010,0x8d000020,0xd8000040,0xbf000080,0x3a000100,0xf1000200,0xe5000400,0xd5000800,0x44001000,0xfe002000,0xb3004000,0xc3008000,0xcc010000,0xc4020000,0xce040000,0x9b080000,0x57100000,0x49200000,0x91400000,0xb0800000","0x178ceb5,0x21ce184,0x4173ca0,0x82d21e9,0x10d86bc8,0x2080678c,0x4037be55,0x80cfeefc",dense systematic parity map; seed=15586299980911434873
692,natural,n32_k24_random_systematic_linear_R3_4,52,14573741184211114378,0,13148762976802034727,random_systematic_linear,R3_4,32,24,0.75,1,20,0.05,0x94e9717b,0x4a74b8bb,4,0,,2,1,20000000,False,False,1000000,1500,16777216,"0x3000001,0x9e000002,0x1c000004,0xf1000008,0xfe000010,0xb000020,0xf5000040,0xa3000080,0xa8000100,0x84000200,0x9d000400,0x14000800,0xdd001000,0x12002000,0x2c004000,0x77008000,0x35010000,0x17020000,0x37040000,0x9f080000,0x73100000,0x17200000,0x81400000,0x8f800000","0x1ff94e9,0x2bea0b3,0x4afde56,0x8885536,0x103fbc5e,0x2015c1d8,0x40109058,0x80c817da",dense systematic parity map; seed=13148762976802034727
693,natural,n32_k24_random_systematic_linear_R3_4,53,2108086306134048260,1,1121212559055557001,random_systematic_linear,R3_4,32,24,0.75,1,20,0.05,0xd543d229,0x35637229,29,4,,2,5,20000000,False,False,1000000,1500,16777216,"0xbd000001,0x94000002,0x1e000004,0x4b000008,0xc7000010,0x3a000020,0xc1000040,0xe5000080,0x55000100,0xe0000200,0x6d000400,0x5c000800,0xce001000,0xfc002000,0xde004000,0xeb008000,0xed010000,0xe8020000,0x2a040000,0x4d080000,0x6b100000,0x98200000,0x7400000,0x8c800000","0x15985d9,0x254d03c,0x4c97d97,0x8bffc2d,0x10206927,0x2017a6a1,0x401bffd8,0x80a3f2d3",dense systematic parity map; seed=1121212559055557001
694,natural,n32_k24_random_systematic_linear_R3_4,54,18173129887095159667,2,5176584072621387539,random_systematic_linear,R3_4,32,24,0.75,1,20,0.05,0x7bce5ec6,0x3ca52b62,1,4,,2,5,20000000,False,False,1000000,1500,16777216,"0x5c000001,0x33000002,0xe6000004,0xe3000008,0xc2000010,0x39000020,0xc6000040,0xbe000080,0xd000100,0x8b000200,0x15000400,0xe000800,0x55001000,0xce002000,0x97004000,0xc4008000,0xe2010000,0xb8020000,0x36040000,0xa6080000,0xf8100000,0xb2200000,0x69400000,0xc5800000","0x1c0572a,0x22d6ade,0x48cfdc5,0x8522ba1,0x103654a3,0x207f00ae,0x40d1b05d,0x80bbe2dc",dense systematic parity map; seed=5176584072621387539
695,natural,n32_k24_random_systematic_linear_R3_4,55,1810736976633188020,3,15586299980911434873,random_systematic_linear,R3_4,32,24,0.75,1,20,0.05,0x959b705b,0x559b725b,29,1,,2,2,20000000,False,False,1000000,1500,16777216,"0x49000001,0x2,0xe3000004,0xb8000008,0xc1000010,0x8d000020,0xd8000040,0xbf000080,0x3a000100,0xf1000200,0xe5000400,0xd5000800,0x44001000,0xfe002000,0xb3004000,0xc3008000,0xcc010000,0xc4020000,0xce040000,0x9b080000,0x57100000,0x49200000,0x91400000,0xb0800000","0x178ceb5,0x21ce184,0x4173ca0,0x82d21e9,0x10d86bc8,0x2080678c,0x4037be55,0x80cfeefc",dense systematic parity map; seed=15586299980911434873
696,natural,n32_k24_random_systematic_linear_R3_4,56,18173190047503933030,0,13148762976802034727,random_systematic_linear,R3_4,32,24,0.75,1,20,0.05,0xd752ca59,0x6ba9ca59,16,0,,2,1,20000000,False,False,1000000,1500,16777216,"0x3000001,0x9e000002,0x1c000004,0xf1000008,0xfe000010,0xb000020,0xf5000040,0xa3000080,0xa8000100,0x84000200,0x9d000400,0x14000800,0xdd001000,0x12002000,0x2c004000,0x77008000,0x35010000,0x17020000,0x37040000,0x9f080000,0x73100000,0x17200000,0x81400000,0x8f800000","0x1ff94e9,0x2bea0b3,0x4afde56,0x8885536,0x103fbc5e,0x2015c1d8,0x40109058,0x80c817da",dense systematic parity map; seed=13148762976802034727
697,natural,n32_k24_random_systematic_linear_R3_4,57,4304237199604984601,1,1121212559055557001,random_systematic_linear,R3_4,32,24,0.75,1,20,0.05,0x739c1b33,0x39c41b33,22,2,,2,3,20000000,False,False,1000000,1500,16777216,"0xbd000001,0x94000002,0x1e000004,0x4b000008,0xc7000010,0x3a000020,0xc1000040,0xe5000080,0x55000100,0xe0000200,0x6d000400,0x5c000800,0xce001000,0xfc002000,0xde004000,0xeb008000,0xed010000,0xe8020000,0x2a040000,0x4d080000,0x6b100000,0x98200000,0x7400000,0x8c800000","0x15985d9,0x254d03c,0x4c97d97,0x8bffc2d,0x10206927,0x2017a6a1,0x401bffd8,0x80a3f2d3",dense systematic parity map; seed=1121212559055557001
698,natural,n32_k24_random_systematic_linear_R3_4,58,18387458170607193919,2,5176584072621387539,random_systematic_linear,R3_4,32,24,0.75,1,20,0.05,0x58e68a07,0x2cf34a07,14,1,,2,2,20000000,False,False,1000000,1500,16777216,"0x5c000001,0x33000002,0xe6000004,0xe3000008,0xc2000010,0x39000020,0xc6000040,0xbe000080,0xd000100,0x8b000200,0x15000400,0xe000800,0x55001000,0xce002000,0x97004000,0xc4008000,0xe2010000,0xb8020000,0x36040000,0xa6080000,0xf8100000,0xb2200000,0x69400000,0xc5800000","0x1c0572a,0x22d6ade,0x48cfdc5,0x8522ba1,0x103654a3,0x207f00ae,0x40d1b05d,0x80bbe2dc",dense systematic parity map; seed=5176584072621387539
699,natural,n32_k24_random_systematic_linear_R3_4,59,16860800853007289478,3,15586299980911434873,random_systematic_linear,R3_4,32,24,0.75,1,20,0.05,0x3ea48c56,0x1f52422a,1,1,,2,2,20000000,False,False,1000000,1500,16777216,"0x49000001,0x2,0xe3000004,0xb8000008,0xc1000010,0x8d000020,0xd8000040,0xbf000080,0x3a000100,0xf1000200,0xe5000400,0xd5000800,0x44001000,0xfe002000,0xb3004000,0xc3008000,0xcc010000,0xc4020000,0xce040000,0x9b080000,0x57100000,0x49200000,0x91400000,0xb0800000","0x178ceb5,0x21ce184,0x4173ca0,0x82d21e9,0x10d86bc8,0x2080678c,0x4037be55,0x80cfeefc",dense systematic parity map; seed=15586299980911434873
700,natural,n32_k24_random_systematic_linear_R3_4,60,5788460428583411370,0,13148762976802034727,random_systematic_linear,R3_4,32,24,0.75,1,20,0.05,0xd8c10658,0x6c608318,6,0,,2,1,20000000,False,False,1000000,1500,16777216,"0x3000001,0x9e000002,0x1c000004,0xf1000008,0xfe000010,0xb000020,0xf5000040,0xa3000080,0xa8000100,0x84000200,0x9d000400,0x14000800,0xdd001000,0x12002000,0x2c004000,0x77008000,0x35010000,0x17020000,0x37040000,0x9f080000,0x73100000,0x17200000,0x81400000,0x8f800000","0x1ff94e9,0x2bea0b3,0x4afde56,0x8885536,0x103fbc5e,0x2015c1d8,0x40109058,0x80c817da",dense systematic parity map; seed=13148762976802034727
701,natural,n32_k24_random_systematic_linear_R3_4,61,581847520114519808,1,1121212559055557001,random_systematic_linear,R3_4,32,24,0.75,1,20,0.05,0xab268478,0x5526847c,24,1,,2,2,20000000,False,False,1000000,1500,16777216,"0xbd000001,0x94000002,0x1e000004,0x4b000008,0xc7000010,0x3a000020,0xc1000040,0xe5000080,0x55000100,0xe0000200,0x6d000400,0x5c000800,0xce001000,0xfc002000,0xde004000,0xeb008000,0xed010000,0xe8020000,0x2a040000,0x4d080000,0x6b100000,0x98200000,0x7400000,0x8c800000","0x15985d9,0x254d03c,0x4c97d97,0x8bffc2d,0x10206927,0x2017a6a1,0x401bffd8,0x80a3f2d3",dense systematic parity map; seed=1121212559055557001
702,natural,n32_k24_random_systematic_linear_R3_4,62,14646307111564283498,2,5176584072621387539,random_systematic_linear,R3_4,32,24,0.75,1,20,0.05,0x8dc7c26f,0x46e3e26f,10,0,,2,1,20000000,False,False,1000000,1500,16777216,"0x5c000001,0x33000002,0xe6000004,0xe3000008,0xc2000010,0x39000020,0xc6000040,0xbe000080,0xd000100,0x8b000200,0x15000400,0xe000800,0x55001000,0xce002000,0x97004000,0xc4008000,0xe2010000,0xb8020000,0x36040000,0xa6080000,0xf8100000,0xb2200000,0x69400000,0xc5800000","0x1c0572a,0x22d6ade,0x48cfdc5,0x8522ba1,0x103654a3,0x207f00ae,0x40d1b05d,0x80bbe2dc",dense systematic parity map; seed=5176584072621387539
703,natural,n32_k24_random_systematic_linear_R3_4,63,8013708691361829652,3,15586299980911434873,random_systematic_linear,R3_4,32,24,0.75,1,20,0.05,0xc7a1a7bd,0x63d1a7b9,17,1,,2,2,20000000,False,False,1000000,1500,16777216,"0x49000001,0x2,0xe3000004,0xb8000008,0xc1000010,0x8d000020,0xd8000040,0xbf000080,0x3a000100,0xf1000200,0xe5000400,0xd5000800,0x44001000,0xfe002000,0xb3004000,0xc3008000,0xcc010000,0xc4020000,0xce040000,0x9b080000,0x57100000,0x49200000,0x91400000,0xb0800000","0x178ceb5,0x21ce184,0x4173ca0,0x82d21e9,0x10d86bc8,0x2080678c,0x4037be55,0x80cfeefc",dense systematic parity map; seed=15586299980911434873
704,natural,n32_k21_crc_defined_linear_R2_3,0,17305090814331675295,0,0,crc_defined_linear,R2_3,32,21,0.65625,1,20,0.05,0x5d97b1b7,0x2ecbd8f7,6,0,,2,1,20000000,True,True,1000000,1500,2097152,"0xa00001,0x1400002,0x2800004,0x5000008,0xa000010,0x14000020,0x28000040,0x50000080,0xa0000100,0x40a00200,0x81400400,0x2200800,0x4401000,0x8802000,0x11004000,0x22008000,0x44010000,0x88020000,0x10a40000,0x21480000,0x42900000","0x240a01,0x481402,0x942205,0x108440a,0x2108814,0x4011028,0x8022050,0x100440a0,0x20088140,0x40110280,0x80020500",systematic cyclic code from degree-11 polynomial 0x805
705,natural,n32_k21_crc_defined_linear_R2_3,1,6402730401516498170,0,0,crc_defined_linear,R2_3,32,21,0.65625,1,20,0.05,0xb8f2df5b,0x5c796fab,4,0,,2,1,20000000,True,True,1000000,1500,2097152,"0xa00001,0x1400002,0x2800004,0x5000008,0xa000010,0x14000020,0x28000040,0x50000080,0xa0000100,0x40a00200,0x81400400,0x2200800,0x4401000,0x8802000,0x11004000,0x22008000,0x44010000,0x88020000,0x10a40000,0x21480000,0x42900000","0x240a01,0x481402,0x942205,0x108440a,0x2108814,0x4011028,0x8022050,0x100440a0,0x20088140,0x40110280,0x80020500",systematic cyclic code from degree-11 polynomial 0x805
706,natural,n32_k21_crc_defined_linear_R2_3,2,11473889340317564280,0,0,crc_defined_linear,R2_3,32,21,0.65625,1,20,0.05,0xf8581166,0x7c2c08b2,1,0,,2,1,20000000,True,True,1000000,1500,2097152,"0xa00001,0x1400002,0x2800004,0x5000008,0xa000010,0x14000020,0x28000040,0x50000080,0xa0000100,0x40a00200,0x81400400,0x2200800,0x4401000,0x8802000,0x11004000,0x22008000,0x44010000,0x88020000,0x10a40000,0x21480000,0x42900000","0x240a01,0x481402,0x942205,0x108440a,0x2108814,0x4011028,0x8022050,0x100440a0,0x20088140,0x40110280,0x80020500",systematic cyclic code from degree-11 polynomial 0x805
707,natural,n32_k21_crc_defined_linear_R2_3,3,9624740750645803969,0,0,crc_defined_linear,R2_3,32,21,0.65625,1,20,0.05,0xd36d23b1,0x49bd23b1,20,1,,2,2,20000000,True,True,1000000,1500,2097152,"0xa00001,0x1400002,0x2800004,0x5000008,0xa000010,0x14000020,0x28000040,0x50000080,0xa0000100,0x40a00200,0x81400400,0x2200800,0x4401000,0x8802000,0x11004000,0x22008000,0x44010000,0x88020000,0x10a40000,0x21480000,0x42900000","0x240a01,0x481402,0x942205,0x108440a,0x2108814,0x4011028,0x8022050,0x100440a0,0x20088140,0x40110280,0x80020500",systematic cyclic code from degree-11 polynomial 0x805
708,natural,n32_k21_crc_defined_linear_R2_3,4,1896761812651409911,0,0,crc_defined_linear,R2_3,32,21,0.65625,1,20,0.05,0x298b9305,0x14c5c905,8,0,,2,1,20000000,True,True,1000000,1500,2097152,"0xa00001,0x1400002,0x2800004,0x5000008,0xa000010,0x14000020,0x28000040,0x50000080,0xa0000100,0x40a00200,0x81400400,0x2200800,0x4401000,0x8802000,0x11004000,0x22008000,0x44010000,0x88020000,0x10a40000,0x21480000,0x42900000","0x240a01,0x481402,0x942205,0x108440a,0x2108814,0x4011028,0x8022050,0x100440a0,0x20088140,0x40110280,0x80020500",systematic cyclic code from degree-11 polynomial 0x805
709,natural,n32_k21_crc_defined_linear_R2_3,5,4998520216234009785,0,0,crc_defined_linear,R2_3,32,21,0.65625,1,20,0.05,0x1ae23165,0xd713165,15,0,,2,1,20000000,True,True,1000000,1500,2097152,"0xa00001,0x1400002,0x2800004,0x5000008,0xa000010,0x14000020,0x28000040,0x50000080,0xa0000100,0x40a00200,0x81400400,0x2200800,0x4401000,0x8802000,0x11004000,0x22008000,0x44010000,0x88020000,0x10a40000,0x21480000,0x42900000","0x240a01,0x481402,0x942205,0x108440a,0x2108814,0x4011028,0x8022050,0x100440a0,0x20088140,0x40110280,0x80020500",systematic cyclic code from degree-11 polynomial 0x805
710,natural,n32_k21_crc_defined_linear_R2_3,6,16036487889422401103,0,0,crc_defined_linear,R2_3,32,21,0.65625,1,20,0.05,0xd126f8df,0x5526e8df,30,2,,2,3,20000000,True,True,1000000,1500,2097152,"0xa00001,0x1400002,0x2800004,0x5000008,0xa000010,0x14000020,0x28000040,0x50000080,0xa0000100,0x40a00200,0x81400400,0x2200800,0x4401000,0x8802000,0x11004000,0x22008000,0x44010000,0x88020000,0x10a40000,0x21480000,0x42900000","0x240a01,0x481402,0x942205,0x108440a,0x2108814,0x4011028,0x8022050,0x100440a0,0x20088140,0x40110280,0x80020500",systematic cyclic code from degree-11 polynomial 0x805
711,natural,n32_k21_crc_defined_linear_R2_3,7,4871991436175352448,0,0,crc_defined_linear,R2_3,32,21,0.65625,1,20,0.05,0x10908d87,0x48e583,10,4,,2,5,20000000,True,True,1000000,1500,2097152,"0xa00001,0x1400002,0x2800004,0x5000008,0xa000010,0x14000020,0x28000040,0x50000080,0xa0000100,0x40a00200,0x81400400,0x2200800,0x4401000,0x8802000,0x11004000,0x22008000,0x44010000,0x88020000,0x10a40000,0x21480000,0x42900000","0x240a01,0x481402,0x942205,0x108440a,0x2108814,0x4011028,0x8022050,0x100440a0,0x20088140,0x40110280,0x80020500",systematic cyclic code from degree-11 polynomial 0x805
712,natural,n32_k21_crc_defined_linear_R2_3,8,13112232162986143537,0,0,crc_defined_linear,R2_3,32,21,0.65625,1,20,0.05,0x4d1a1104,0x2e8d1184,14,2,,2,3,20000000,False,False,1000000,1500,2097152,"0xa00001,0x1400002,0x2800004,0x5000008,0xa000010,0x14000020,0x28000040,0x50000080,0xa0000100,0x40a00200,0x81400400,0x2200800,0x4401000,0x8802000,0x11004000,0x22008000,0x44010000,0x88020000,0x10a40000,0x21480000,0x42900000","0x240a01,0x481402,0x942205,0x108440a,0x2108814,0x4011028,0x8022050,0x100440a0,0x20088140,0x40110280,0x80020500",systematic cyclic code from degree-11 polynomial 0x805
713,natural,n32_k21_crc_defined_linear_R2_3,9,10633359606276071639,0,0,crc_defined_linear,R2_3,32,21,0.65625,1,20,0.05,0x98343e08,0x4c1a3b08,5,2,,2,3,20000000,False,False,1000000,1500,2097152,"0xa00001,0x1400002,0x2800004,0x5000008,0xa000010,0x14000020,0x28000040,0x50000080,0xa0000100,0x40a00200,0x81400400,0x2200800,0x4401000,0x8802000,0x11004000,0x22008000,0x44010000,0x88020000,0x10a40000,0x21480000,0x42900000","0x240a01,0x481402,0x942205,0x108440a,0x2108814,0x4011028,0x8022050,0x100440a0,0x20088140,0x40110280,0x80020500",systematic cyclic code from degree-11 polynomial 0x805
714,natural,n32_k21_crc_defined_linear_R2_3,10,12143916753882516282,0,0,crc_defined_linear,R2_3,32,21,0.65625,1,20,0.05,0x3c6d88e9,0x1e76c465,2,2,,2,3,20000000,False,False,1000000,1500,2097152,"0xa00001,0x1400002,0x2800004,0x5000008,0xa000010,0x14000020,0x28000040,0x50000080,0xa0000100,0x40a00200,0x81400400,0x2200800,0x4401000,0x8802000,0x11004000,0x22008000,0x44010000,0x88020000,0x10a40000,0x21480000,0x42900000","0x240a01,0x481402,0x942205,0x108440a,0x2108814,0x4011028,0x8022050,0x100440a0,0x20088140,0x40110280,0x80020500",systematic cyclic code from degree-11 polynomial 0x805
715,natural,n32_k21_crc_defined_linear_R2_3,11,74065944153645119,0,0,crc_defined_linear,R2_3,32,21,0.65625,1,20,0.05,0x59d81799,0x2cd99799,22,2,,2,3,20000000,False,False,1000000,1500,2097152,"0xa00001,0x1400002,0x2800004,0x5000008,0xa000010,0x14000020,0x28000040,0x50000080,0xa0000100,0x40a00200,0x81400400,0x2200800,0x4401000,0x8802000,0x11004000,0x22008000,0x44010000,0x88020000,0x10a40000,0x21480000,0x42900000","0x240a01,0x481402,0x942205,0x108440a,0x2108814,0x4011028,0x8022050,0x100440a0,0x20088140,0x40110280,0x80020500",systematic cyclic code from degree-11 polynomial 0x805
716,natural,n32_k21_crc_defined_linear_R2_3,12,18099467385049776840,0,0,crc_defined_linear,R2_3,32,21,0.65625,1,20,0.05,0x9c8b8086,0x4e458086,16,0,,2,1,20000000,False,False,1000000,1500,2097152,"0xa00001,0x1400002,0x2800004,0x5000008,0xa000010,0x14000020,0x28000040,0x50000080,0xa0000100,0x40a00200,0x81400400,0x2200800,0x4401000,0x8802000,0x11004000,0x22008000,0x44010000,0x88020000,0x10a40000,0x21480000,0x42900000","0x240a01,0x481402,0x942205,0x108440a,0x2108814,0x4011028,0x8022050,0x100440a0,0x20088140,0x40110280,0x80020500",systematic cyclic code from degree-11 polynomial 0x805
717,natural,n32_k21_crc_defined_linear_R2_3,13,1089862745873526134,0,0,crc_defined_linear,R2_3,32,21,0.65625,1,20,0.05,0xe3ec41f8,0x63f420f8,7,3,,2,4,20000000,False,False,1000000,1500,2097152,"0xa00001,0x1400002,0x2800004,0x5000008,0xa000010,0x14000020,0x28000040,0x50000080,0xa0000100,0x40a00200,0x81400400,0x2200800,0x4401000,0x8802000,0x11004000,0x22008000,0x44010000,0x88020000,0x10a40000,0x21480000,0x42900000","0x240a01,0x481402,0x942205,0x108440a,0x2108814,0x4011028,0x8022050,0x100440a0,0x20088140,0x40110280,0x80020500",systematic cyclic code from degree-11 polynomial 0x805
718,natural,n32_k21_crc_defined_linear_R2_3,14,9144000290098214773,0,0,crc_defined_linear,R2_3,32,21,0.65625,1,20,0.05,0xfce556cb,0x7e6576cb,22,1,,2,2,20000000,False,False,1000000,1500,2097152,"0xa00001,0x1400002,0x2800004,0x5000008,0xa000010,0x14000020,0x28000040,0x50000080,0xa0000100,0x40a00200,0x81400400,0x2200800,0x4401000,0x8802000,0x11004000,0x22008000,0x44010000,0x88020000,0x10a40000,0x21480000,0x42900000","0x240a01,0x481402,0x942205,0x108440a,0x2108814,0x4011028,0x8022050,0x100440a0,0x20088140,0x40110280,0x80020500",systematic cyclic code from degree-11 polynomial 0x805
719,natural,n32_k21_crc_defined_linear_R2_3,15,6295501648088528994,0,0,crc_defined_linear,R2_3,32,21,0.65625,1,20,0.05,0xbacd9316,0x5d4d9316,23,0,,2,1,20000000,False,False,1000000,1500,2097152,"0xa00001,0x1400002,0x2800004,0x5000008,0xa000010,0x14000020,0x28000040,0x50000080,0xa0000100,0x40a00200,0x81400400,0x2200800,0x4401000,0x8802000,0x11004000,0x22008000,0x44010000,0x88020000,0x10a40000,0x21480000,0x42900000","0x240a01,0x481402,0x942205,0x108440a,0x2108814,0x4011028,0x8022050,0x100440a0,0x20088140,0x40110280,0x80020500",systematic cyclic code from degree-11 polynomial 0x805
720,natural,n32_k21_crc_defined_linear_R2_3,16,15467989319102120630,0,0,crc_defined_linear,R2_3,32,21,0.65625,1,20,0.05,0x718bf6fb,0x38c5fb7b,5,0,,2,1,20000000,False,False,1000000,1500,2097152,"0xa00001,0x1400002,0x2800004,0x5000008,0xa000010,0x14000020,0x28000040,0x50000080,0xa0000100,0x40a00200,0x81400400,0x2200800,0x4401000,0x8802000,0x11004000,0x22008000,0x44010000,0x88020000,0x10a40000,0x21480000,0x42900000","0x240a01,0x481402,0x942205,0x108440a,0x2108814,0x4011028,0x8022050,0x100440a0,0x20088140,0x40110280,0x80020500",systematic cyclic code from degree-11 polynomial 0x805
721,natural,n32_k21_crc_defined_linear_R2_3,17,7461350603417917157,0,0,crc_defined_linear,R2_3,32,21,0.65625,1,20,0.05,0x76a5c82d,0x3372e40d,5,2,,2,3,20000000,False,False,1000000,1500,2097152,"0xa00001,0x1400002,0x2800004,0x5000008,0xa000010,0x14000020,0x28000040,0x50000080,0xa0000100,0x40a00200,0x81400400,0x2200800,0x4401000,0x8802000,0x11004000,0x22008000,0x44010000,0x88020000,0x10a40000,0x21480000,0x42900000","0x240a01,0x481402,0x942205,0x108440a,0x2108814,0x4011028,0x8022050,0x100440a0,0x20088140,0x40110280,0x80020500",systematic cyclic code from degree-11 polynomial 0x805
722,natural,n32_k21_crc_defined_linear_R2_3,18,4385805033650049846,0,0,crc_defined_linear,R2_3,32,21,0.65625,1,20,0.05,0x4ac62e3d,0x256b1e3d,12,1,,2,2,20000000,False,False,1000000,1500,2097152,"0xa00001,0x1400002,0x2800004,0x5000008,0xa000010,0x14000020,0x28000040,0x50000080,0xa0000100,0x40a00200,0x81400400,0x2200800,0x4401000,0x8802000,0x11004000,0x22008000,0x44010000,0x88020000,0x10a40000,0x21480000,0x42900000","0x240a01,0x481402,0x942205,0x108440a,0x2108814,0x4011028,0x8022050,0x100440a0,0x20088140,0x40110280,0x80020500",systematic cyclic code from degree-11 polynomial 0x805
723,natural,n32_k21_crc_defined_linear_R2_3,19,2376653358986049221,0,0,crc_defined_linear,R2_3,32,21,0.65625,1,20,0.05,0x948fa750,0x2a479320,5,5,,2,6,20000000,False,False,1000000,1500,2097152,"0xa00001,0x1400002,0x2800004,0x5000008,0xa000010,0x14000020,0x28000040,0x50000080,0xa0000100,0x40a00200,0x81400400,0x2200800,0x4401000,0x8802000,0x11004000,0x22008000,0x44010000,0x88020000,0x10a40000,0x21480000,0x42900000","0x240a01,0x481402,0x942205,0x108440a,0x2108814,0x4011028,0x8022050,0x100440a0,0x20088140,0x40110280,0x80020500",systematic cyclic code from degree-11 polynomial 0x805
724,natural,n32_k21_crc_defined_linear_R2_3,20,5882268144417896852,0,0,crc_defined_linear,R2_3,32,21,0.65625,1,20,0.05,0xfdada3af,0x7eeda38f,22,1,,2,2,20000000,False,False,1000000,1500,2097152,"0xa00001,0x1400002,0x2800004,0x5000008,0xa000010,0x14000020,0x28000040,0x50000080,0xa0000100,0x40a00200,0x81400400,0x2200800,0x4401000,0x8802000,0x11004000,0x22008000,0x44010000,0x88020000,0x10a40000,0x21480000,0x42900000","0x240a01,0x481402,0x942205,0x108440a,0x2108814,0x4011028,0x8022050,0x100440a0,0x20088140,0x40110280,0x80020500",systematic cyclic code from degree-11 polynomial 0x805
725,natural,n32_k21_crc_defined_linear_R2_3,21,3004932329373039602,0,0,crc_defined_linear,R2_3,32,21,0.65625,1,20,0.05,0x33bdf53a,0x1bdab93a,10,3,,2,4,20000000,False,False,1000000,1500,2097152,"0xa00001,0x1400002,0x2800004,0x5000008,0xa000010,0x14000020,0x28000040,0x50000080,0xa0000100,0x40a00200,0x81400400,0x2200800,0x4401000,0x8802000,0x11004000,0x22008000,0x44010000,0x88020000,0x10a40000,0x21480000,0x42900000","0x240a01,0x481402,0x942205,0x108440a,0x2108814,0x4011028,0x8022050,0x100440a0,0x20088140,0x40110280,0x80020500",systematic cyclic code from degree-11 polynomial 0x805
726,natural,n32_k21_crc_defined_linear_R2_3,22,11455013953874301824,0,0,crc_defined_linear,R2_3,32,21,0.65625,1,20,0.05,0xd704eb31,0x6a867531,8,2,,2,3,20000000,False,False,1000000,1500,2097152,"0xa00001,0x1400002,0x2800004,0x5000008,0xa000010,0x14000020,0x28000040,0x50000080,0xa0000100,0x40a00200,0x81400400,0x2200800,0x4401000,0x8802000,0x11004000,0x22008000,0x44010000,0x88020000,0x10a40000,0x21480000,0x42900000","0x240a01,0x481402,0x942205,0x108440a,0x2108814,0x4011028,0x8022050,0x100440a0,0x20088140,0x40110280,0x80020500",systematic cyclic code from degree-11 polynomial 0x805
727,natural,n32_k21_crc_defined_linear_R2_3,23,6232039244980461961,0,0,crc_defined_linear,R2_3,32,21,0.65625,1,20,0.05,0x946033c0,0x4a301961,3,2,,2,3,20000000,False,False,1000000,1500,2097152,"0xa00001,0x1400002,0x2800004,0x5000008,0xa000010,0x14000020,0x28000040,0x50000080,0xa0000100,0x40a00200,0x81400400,0x2200800,0x4401000,0x8802000,0x11004000,0x22008000,0x44010000,0x88020000,0x10a40000,0x21480000,0x42900000","0x240a01,0x481402,0x942205,0x108440a,0x2108814,0x4011028,0x8022050,0x100440a0,0x20088140,0x40110280,0x80020500",systematic cyclic code from degree-11 polynomial 0x805
728,natural,n32_k21_crc_defined_linear_R2_3,24,12496117901228666310,0,0,crc_defined_linear,R2_3,32,21,0.65625,1,20,0.05,0x1a4fc622,0xd4fc620,24,1,,2,2,20000000,False,False,1000000,1500,2097152,"0xa00001,0x1400002,0x2800004,0x5000008,0xa000010,0x14000020,0x28000040,0x50000080,0xa0000100,0x40a00200,0x81400400,0x2200800,0x4401000,0x8802000,0x11004000,0x22008000,0x44010000,0x88020000,0x10a40000,0x21480000,0x42900000","0x240a01,0x481402,0x942205,0x108440a,0x2108814,0x4011028,0x8022050,0x100440a0,0x20088140,0x40110280,0x80020500",systematic cyclic code from degree-11 polynomial 0x805
729,natural,n32_k21_crc_defined_linear_R2_3,25,2715019113870742531,0,0,crc_defined_linear,R2_3,32,21,0.65625,1,20,0.05,0x63bbfe7f,0x23bbfe7f,29,0,,2,1,20000000,False,False,1000000,1500,2097152,"0xa00001,0x1400002,0x2800004,0x5000008,0xa000010,0x14000020,0x28000040,0x50000080,0xa0000100,0x40a00200,0x81400400,0x2200800,0x4401000,0x8802000,0x11004000,0x22008000,0x44010000,0x88020000,0x10a40000,0x21480000,0x42900000","0x240a01,0x481402,0x942205,0x108440a,0x2108814,0x4011028,0x8022050,0x100440a0,0x20088140,0x40110280,0x80020500",systematic cyclic code from degree-11 polynomial 0x805
730,natural,n32_k21_crc_defined_linear_R2_3,26,1846669362706040098,0,0,crc_defined_linear,R2_3,32,21,0.65625,1,20,0.05,0x47130cbb,0x78b845b,4,4,,2,5,20000000,False,False,1000000,1500,2097152,"0xa00001,0x1400002,0x2800004,0x5000008,0xa000010,0x14000020,0x28000040,0x50000080,0xa0000100,0x40a00200,0x81400400,0x2200800,0x4401000,0x8802000,0x11004000,0x22008000,0x44010000,0x88020000,0x10a40000,0x21480000,0x42900000","0x240a01,0x481402,0x942205,0x108440a,0x2108814,0x4011028,0x8022050,0x100440a0,0x20088140,0x40110280,0x80020500",systematic cyclic code from degree-11 polynomial 0x805
731,natural,n32_k21_crc_defined_linear_R2_3,27,8525425556953270250,0,0,crc_defined_linear,R2_3,32,21,0.65625,1,20,0.05,0x325112d5,0x19288969,2,0,,2,1,20000000,False,False,1000000,1500,2097152,"0xa00001,0x1400002,0x2800004,0x5000008,0xa000010,0x14000020,0x28000040,0x50000080,0xa0000100,0x40a00200,0x81400400,0x2200800,0x4401000,0x8802000,0x11004000,0x22008000,0x44010000,0x88020000,0x10a40000,0x21480000,0x42900000","0x240a01,0x481402,0x942205,0x108440a,0x2108814,0x4011028,0x8022050,0x100440a0,0x20088140,0x40110280,0x80020500",systematic cyclic code from degree-11 polynomial 0x805
732,natural,n32_k21_crc_defined_linear_R2_3,28,9266113310835531177,0,0,crc_defined_linear,R2_3,32,21,0.65625,1,20,0.05,0xc3fe8fc2,0x63fe8fc2,18,1,,2,2,20000000,False,False,1000000,1500,2097152,"0xa00001,0x1400002,0x2800004,0x5000008,0xa000010,0x14000020,0x28000040,0x50000080,0xa0000100,0x40a00200,0x81400400,0x2200800,0x4401000,0x8802000,0x11004000,0x22008000,0x44010000,0x88020000,0x10a40000,0x21480000,0x42900000","0x240a01,0x481402,0x942205,0x108440a,0x2108814,0x4011028,0x8022050,0x100440a0,0x20088140,0x40110280,0x80020500",systematic cyclic code from degree-11 polynomial 0x805
733,natural,n32_k21_crc_defined_linear_R2_3,29,12646667488819751452,0,0,crc_defined_linear,R2_3,32,21,0.65625,1,20,0.05,0x6306b376,0x218359b6,6,1,,2,2,20000000,False,False,1000000,1500,2097152,"0xa00001,0x1400002,0x2800004,0x5000008,0xa000010,0x14000020,0x28000040,0x50000080,0xa0000100,0x40a00200,0x81400400,0x2200800,0x4401000,0x8802000,0x11004000,0x22008000,0x44010000,0x88020000,0x10a40000,0x21480000,0x42900000","0x240a01,0x481402,0x942205,0x108440a,0x2108814,0x4011028,0x8022050,0x100440a0,0x20088140,0x40110280,0x80020500",systematic cyclic code from degree-11 polynomial 0x805
734,natural,n32_k21_crc_defined_linear_R2_3,30,4069009193570067421,0,0,crc_defined_linear,R2_3,32,21,0.65625,1,20,0.05,0x6d8d003f,0x36c6882f,15,2,,2,3,20000000,False,False,1000000,1500,2097152,"0xa00001,0x1400002,0x2800004,0x5000008,0xa000010,0x14000020,0x28000040,0x50000080,0xa0000100,0x40a00200,0x81400400,0x2200800,0x4401000,0x8802000,0x11004000,0x22008000,0x44010000,0x88020000,0x10a40000,0x21480000,0x42900000","0x240a01,0x481402,0x942205,0x108440a,0x2108814,0x4011028,0x8022050,0x100440a0,0x20088140,0x40110280,0x80020500",systematic cyclic code from degree-11 polynomial 0x805
735,natural,n32_k21_crc_defined_linear_R2_3,31,9251810163853362121,0,0,crc_defined_linear,R2_3,32,21,0.65625,1,20,0.05,0x1d4354a2,0xea1d482,15,1,,2,2,20000000,False,False,1000000,1500,2097152,"0xa00001,0x1400002,0x2800004,0x5000008,0xa000010,0x14000020,0x28000040,0x50000080,0xa0000100,0x40a00200,0x81400400,0x2200800,0x4401000,0x8802000,0x11004000,0x22008000,0x44010000,0x88020000,0x10a40000,0x21480000,0x42900000","0x240a01,0x481402,0x942205,0x108440a,0x2108814,0x4011028,0x8022050,0x100440a0,0x20088140,0x40110280,0x80020500",systematic cyclic code from degree-11 polynomial 0x805
736,natural,n32_k21_crc_defined_linear_R2_3,32,10224624956051641106,0,0,crc_defined_linear,R2_3,32,21,0.65625,1,20,0.05,0x80493317,0x40251397,17,2,,2,3,20000000,False,False,1000000,1500,2097152,"0xa00001,0x1400002,0x2800004,0x5000008,0xa000010,0x14000020,0x28000040,0x50000080,0xa0000100,0x40a00200,0x81400400,0x2200800,0x4401000,0x8802000,0x11004000,0x22008000,0x44010000,0x88020000,0x10a40000,0x21480000,0x42900000","0x240a01,0x481402,0x942205,0x108440a,0x2108814,0x4011028,0x8022050,0x100440a0,0x20088140,0x40110280,0x80020500",systematic cyclic code from degree-11 polynomial 0x805
737,natural,n32_k21_crc_defined_linear_R2_3,33,13107077722714306216,0,0,crc_defined_linear,R2_3,32,21,0.65625,1,20,0.05,0xf351e619,0x7951e619,24,0,,2,1,20000000,False,False,1000000,1500,2097152,"0xa00001,0x1400002,0x2800004,0x5000008,0xa000010,0x14000020,0x28000040,0x50000080,0xa0000100,0x40a00200,0x81400400,0x2200800,0x4401000,0x8802000,0x11004000,0x22008000,0x44010000,0x88020000,0x10a40000,0x21480000,0x42900000","0x240a01,0x481402,0x942205,0x108440a,0x2108814,0x4011028,0x8022050,0x100440a0,0x20088140,0x40110280,0x80020500",systematic cyclic code from degree-11 polynomial 0x805
738,natural,n32_k21_crc_defined_linear_R2_3,34,18226118106954245969,0,0,crc_defined_linear,R2_3,32,21,0.65625,1,20,0.05,0x97cb78f7,0x4be5bed2,8,4,,2,5,20000000,False,False,1000000,1500,2097152,"0xa00001,0x1400002,0x2800004,0x5000008,0xa000010,0x14000020,0x28000040,0x50000080,0xa0000100,0x40a00200,0x81400400,0x2200800,0x4401000,0x8802000,0x11004000,0x22008000,0x44010000,0x88020000,0x10a40000,0x21480000,0x42900000","0x240a01,0x481402,0x942205,0x108440a,0x2108814,0x4011028,0x8022050,0x100440a0,0x20088140,0x40110280,0x80020500",systematic cyclic code from degree-11 polynomial 0x805
739,natural,n32_k21_crc_defined_linear_R2_3,35,16581355193387037583,0,0,crc_defined_linear,R2_3,32,21,0.65625,1,20,0.05,0xe66f2d7f,0x766f297f,27,1,,2,2,20000000,False,False,1000000,1500,2097152,"0xa00001,0x1400002,0x2800004,0x5000008,0xa000010,0x14000020,0x28000040,0x50000080,0xa0000100,0x40a00200,0x81400400,0x2200800,0x4401000,0x8802000,0x11004000,0x22008000,0x44010000,0x88020000,0x10a40000,0x21480000,0x42900000","0x240a01,0x481402,0x942205,0x108440a,0x2108814,0x4011028,0x8022050,0x100440a0,0x20088140,0x40110280,0x80020500",systematic cyclic code from degree-11 polynomial 0x805
740,natural,n32_k21_crc_defined_linear_R2_3,36,13772198049344820376,0,0,crc_defined_linear,R2_3,32,21,0.65625,1,20,0.05,0x1c279b0a,0xa239b9a,23,4,,2,5,20000000,False,False,1000000,1500,2097152,"0xa00001,0x1400002,0x2800004,0x5000008,0xa000010,0x14000020,0x28000040,0x50000080,0xa0000100,0x40a00200,0x81400400,0x2200800,0x4401000,0x8802000,0x11004000,0x22008000,0x44010000,0x88020000,0x10a40000,0x21480000,0x42900000","0x240a01,0x481402,0x942205,0x108440a,0x2108814,0x4011028,0x8022050,0x100440a0,0x20088140,0x40110280,0x80020500",systematic cyclic code from degree-11 polynomial 0x805
741,natural,n32_k21_crc_defined_linear_R2_3,37,14114679322523261769,0,0,crc_defined_linear,R2_3,32,21,0.65625,1,20,0.05,0x904c03a8,0x782601d4,0,2,,2,3,20000000,False,False,1000000,1500,2097152,"0xa00001,0x1400002,0x2800004,0x5000008,0xa000010,0x14000020,0x28000040,0x50000080,0xa0000100,0x40a00200,0x81400400,0x2200800,0x4401000,0x8802000,0x11004000,0x22008000,0x44010000,0x88020000,0x10a40000,0x21480000,0x42900000","0x240a01,0x481402,0x942205,0x108440a,0x2108814,0x4011028,0x8022050,0x100440a0,0x20088140,0x40110280,0x80020500",systematic cyclic code from degree-11 polynomial 0x805
742,natural,n32_k21_crc_defined_linear_R2_3,38,6178623475320798476,0,0,crc_defined_linear,R2_3,32,21,0.65625,1,20,0.05,0xa721f9ce,0x5b91e9ce,20,2,,2,3,20000000,False,False,1000000,1500,2097152,"0xa00001,0x1400002,0x2800004,0x5000008,0xa000010,0x14000020,0x28000040,0x50000080,0xa0000100,0x40a00200,0x81400400,0x2200800,0x4401000,0x8802000,0x11004000,0x22008000,0x44010000,0x88020000,0x10a40000,0x21480000,0x42900000","0x240a01,0x481402,0x942205,0x108440a,0x2108814,0x4011028,0x8022050,0x100440a0,0x20088140,0x40110280,0x80020500",systematic cyclic code from degree-11 polynomial 0x805
743,natural,n32_k21_crc_defined_linear_R2_3,39,3806192829605955848,0,0,crc_defined_linear,R2_3,32,21,0.65625,1,20,0.05,0x219b8448,0x239b8448,31,1,,2,2,20000000,False,False,1000000,1500,2097152,"0xa00001,0x1400002,0x2800004,0x5000008,0xa000010,0x14000020,0x28000040,0x50000080,0xa0000100,0x40a00200,0x81400400,0x2200800,0x4401000,0x8802000,0x11004000,0x22008000,0x44010000,0x88020000,0x10a40000,0x21480000,0x42900000","0x240a01,0x481402,0x942205,0x108440a,0x2108814,0x4011028,0x8022050,0x100440a0,0x20088140,0x40110280,0x80020500",systematic cyclic code from degree-11 polynomial 0x805
744,natural,n32_k21_crc_defined_linear_R2_3,40,14369668992400593918,0,0,crc_defined_linear,R2_3,32,21,0.65625,1,20,0.05,0x7ef44534,0x3ef44534,27,0,,2,1,20000000,False,False,1000000,1500,2097152,"0xa00001,0x1400002,0x2800004,0x5000008,0xa000010,0x14000020,0x28000040,0x50000080,0xa0000100,0x40a00200,0x81400400,0x2200800,0x4401000,0x8802000,0x11004000,0x22008000,0x44010000,0x88020000,0x10a40000,0x21480000,0x42900000","0x240a01,0x481402,0x942205,0x108440a,0x2108814,0x4011028,0x8022050,0x100440a0,0x20088140,0x40110280,0x80020500",systematic cyclic code from degree-11 polynomial 0x805
745,natural,n32_k21_crc_defined_linear_R2_3,41,13064597199686095492,0,0,crc_defined_linear,R2_3,32,21,0.65625,1,20,0.05,0xc32b1045,0x61958805,6,0,,2,1,20000000,False,False,1000000,1500,2097152,"0xa00001,0x1400002,0x2800004,0x5000008,0xa000010,0x14000020,0x28000040,0x50000080,0xa0000100,0x40a00200,0x81400400,0x2200800,0x4401000,0x8802000,0x11004000,0x22008000,0x44010000,0x88020000,0x10a40000,0x21480000,0x42900000","0x240a01,0x481402,0x942205,0x108440a,0x2108814,0x4011028,0x8022050,0x100440a0,0x20088140,0x40110280,0x80020500",systematic cyclic code from degree-11 polynomial 0x805
746,natural,n32_k21_crc_defined_linear_R2_3,42,13217142083546031424,0,0,crc_defined_linear,R2_3,32,21,0.65625,1,20,0.05,0x6483a955,0x7683e955,25,3,,2,4,20000000,False,False,1000000,1500,2097152,"0xa00001,0x1400002,0x2800004,0x5000008,0xa000010,0x14000020,0x28000040,0x50000080,0xa0000100,0x40a00200,0x81400400,0x2200800,0x4401000,0x8802000,0x11004000,0x22008000,0x44010000,0x88020000,0x10a40000,0x21480000,0x42900000","0x240a01,0x481402,0x942205,0x108440a,0x2108814,0x4011028,0x8022050,0x100440a0,0x20088140,0x40110280,0x80020500",systematic cyclic code from degree-11 polynomial 0x805
747,natural,n32_k21_crc_defined_linear_R2_3,43,133742094880056695,0,0,crc_defined_linear,R2_3,32,21,0.65625,1,20,0.05,0xed087b78,0x76c43dbc,0,1,,2,2,20000000,False,False,1000000,1500,2097152,"0xa00001,0x1400002,0x2800004,0x5000008,0xa000010,0x14000020,0x28000040,0x50000080,0xa0000100,0x40a00200,0x81400400,0x2200800,0x4401000,0x8802000,0x11004000,0x22008000,0x44010000,0x88020000,0x10a40000,0x21480000,0x42900000","0x240a01,0x481402,0x942205,0x108440a,0x2108814,0x4011028,0x8022050,0x100440a0,0x20088140,0x40110280,0x80020500",systematic cyclic code from degree-11 polynomial 0x805
748,natural,n32_k21_crc_defined_linear_R2_3,44,2714824798549299773,0,0,crc_defined_linear,R2_3,32,21,0.65625,1,20,0.05,0xabce5aa3,0x55cf5aa3,18,3,,2,4,20000000,False,False,1000000,1500,2097152,"0xa00001,0x1400002,0x2800004,0x5000008,0xa000010,0x14000020,0x28000040,0x50000080,0xa0000100,0x40a00200,0x81400400,0x2200800,0x4401000,0x8802000,0x11004000,0x22008000,0x44010000,0x88020000,0x10a40000,0x21480000,0x42900000","0x240a01,0x481402,0x942205,0x108440a,0x2108814,0x4011028,0x8022050,0x100440a0,0x20088140,0x40110280,0x80020500",systematic cyclic code from degree-11 polynomial 0x805
749,natural,n32_k21_crc_defined_linear_R2_3,45,16514599443364172393,0,0,crc_defined_linear,R2_3,32,21,0.65625,1,20,0.05,0x177c25b6,0xbbe25b6,17,0,,2,1,20000000,False,False,1000000,1500,2097152,"0xa00001,0x1400002,0x2800004,0x5000008,0xa000010,0x14000020,0x28000040,0x50000080,0xa0000100,0x40a00200,0x81400400,0x2200800,0x4401000,0x8802000,0x11004000,0x22008000,0x44010000,0x88020000,0x10a40000,0x21480000,0x42900000","0x240a01,0x481402,0x942205,0x108440a,0x2108814,0x4011028,0x8022050,0x100440a0,0x20088140,0x40110280,0x80020500",systematic cyclic code from degree-11 polynomial 0x805
750,natural,n32_k21_crc_defined_linear_R2_3,46,16603911848968028217,0,0,crc_defined_linear,R2_3,32,21,0.65625,1,20,0.05,0xe62894ff,0x730894f7,21,1,,2,2,20000000,False,False,1000000,1500,2097152,"0xa00001,0x1400002,0x2800004,0x5000008,0xa000010,0x14000020,0x28000040,0x50000080,0xa0000100,0x40a00200,0x81400400,0x2200800,0x4401000,0x8802000,0x11004000,0x22008000,0x44010000,0x88020000,0x10a40000,0x21480000,0x42900000","0x240a01,0x481402,0x942205,0x108440a,0x2108814,0x4011028,0x8022050,0x100440a0,0x20088140,0x40110280,0x80020500",systematic cyclic code from degree-11 polynomial 0x805
751,natural,n32_k21_crc_defined_linear_R2_3,47,18032256915003337543,0,0,crc_defined_linear,R2_3,32,21,0.65625,1,20,0.05,0xd06e05be,0x68ae25b6,22,3,,2,4,20000000,False,False,1000000,1500,2097152,"0xa00001,0x1400002,0x2800004,0x5000008,0xa000010,0x14000020,0x28000040,0x50000080,0xa0000100,0x40a00200,0x81400400,0x2200800,0x4401000,0x8802000,0x11004000,0x22008000,0x44010000,0x88020000,0x10a40000,0x21480000,0x42900000","0x240a01,0x481402,0x942205,0x108440a,0x2108814,0x4011028,0x8022050,0x100440a0,0x20088140,0x40110280,0x80020500",systematic cyclic code from degree-11 polynomial 0x805
752,natural,n32_k21_crc_defined_linear_R2_3,48,8015585549299950205,0,0,crc_defined_linear,R2_3,32,21,0.65625,1,20,0.05,0xc42c9e2a,0x6a165b2a,7,3,,2,4,20000000,False,False,1000000,1500,2097152,"0xa00001,0x1400002,0x2800004,0x5000008,0xa000010,0x14000020,0x28000040,0x50000080,0xa0000100,0x40a00200,0x81400400,0x2200800,0x4401000,0x8802000,0x11004000,0x22008000,0x44010000,0x88020000,0x10a40000,0x21480000,0x42900000","0x240a01,0x481402,0x942205,0x108440a,0x2108814,0x4011028,0x8022050,0x100440a0,0x20088140,0x40110280,0x80020500",systematic cyclic code from degree-11 polynomial 0x805
753,natural,n32_k21_crc_defined_linear_R2_3,49,9132538518085442224,0,0,crc_defined_linear,R2_3,32,21,0.65625,1,20,0.05,0x841dabc7,0x4e0e6b8f,14,5,,2,6,20000000,False,False,1000000,1500,2097152,"0xa00001,0x1400002,0x2800004,0x5000008,0xa000010,0x14000020,0x28000040,0x50000080,0xa0000100,0x40a00200,0x81400400,0x2200800,0x4401000,0x8802000,0x11004000,0x22008000,0x44010000,0x88020000,0x10a40000,0x21480000,0x42900000","0x240a01,0x481402,0x942205,0x108440a,0x2108814,0x4011028,0x8022050,0x100440a0,0x20088140,0x40110280,0x80020500",systematic cyclic code from degree-11 polynomial 0x805
754,natural,n32_k21_crc_defined_linear_R2_3,50,4802354568988153708,0,0,crc_defined_linear,R2_3,32,21,0.65625,1,20,0.05,0xb87f5578,0x5c3f5478,17,1,,2,2,20000000,False,False,1000000,1500,2097152,"0xa00001,0x1400002,0x2800004,0x5000008,0xa000010,0x14000020,0x28000040,0x50000080,0xa0000100,0x40a00200,0x81400400,0x2200800,0x4401000,0x8802000,0x11004000,0x22008000,0x44010000,0x88020000,0x10a40000,0x21480000,0x42900000","0x240a01,0x481402,0x942205,0x108440a,0x2108814,0x4011028,0x8022050,0x100440a0,0x20088140,0x40110280,0x80020500",systematic cyclic code from degree-11 polynomial 0x805
755,natural,n32_k21_crc_defined_linear_R2_3,51,12033160259189482807,0,0,crc_defined_linear,R2_3,32,21,0.65625,1,20,0.05,0x219c3f63,0x14ce1f63,9,1,,2,2,20000000,False,False,1000000,1500,2097152,"0xa00001,0x1400002,0x2800004,0x5000008,0xa000010,0x14000020,0x28000040,0x50000080,0xa0000100,0x40a00200,0x81400400,0x2200800,0x4401000,0x8802000,0x11004000,0x22008000,0x44010000,0x88020000,0x10a40000,0x21480000,0x42900000","0x240a01,0x481402,0x942205,0x108440a,0x2108814,0x4011028,0x8022050,0x100440a0,0x20088140,0x40110280,0x80020500",systematic cyclic code from degree-11 polynomial 0x805
756,natural,n32_k21_crc_defined_linear_R2_3,52,5122305440384015644,0,0,crc_defined_linear,R2_3,32,21,0.65625,1,20,0.05,0xb172a5d5,0x5839a4d5,16,2,,2,3,20000000,False,False,1000000,1500,2097152,"0xa00001,0x1400002,0x2800004,0x5000008,0xa000010,0x14000020,0x28000040,0x50000080,0xa0000100,0x40a00200,0x81400400,0x2200800,0x4401000,0x8802000,0x11004000,0x22008000,0x44010000,0x88020000,0x10a40000,0x21480000,0x42900000","0x240a01,0x481402,0x942205,0x108440a,0x2108814,0x4011028,0x8022050,0x100440a0,0x20088140,0x40110280,0x80020500",systematic cyclic code from degree-11 polynomial 0x805
757,natural,n32_k21_crc_defined_linear_R2_3,53,180191602988273756,0,0,crc_defined_linear,R2_3,32,21,0.65625,1,20,0.05,0xd7dad012,0x6fdad012,27,0,,2,1,20000000,False,False,1000000,1500,2097152,"0xa00001,0x1400002,0x2800004,0x5000008,0xa000010,0x14000020,0x28000040,0x50000080,0xa0000100,0x40a00200,0x81400400,0x2200800,0x4401000,0x8802000,0x11004000,0x22008000,0x44010000,0x88020000,0x10a40000,0x21480000,0x42900000","0x240a01,0x481402,0x942205,0x108440a,0x2108814,0x4011028,0x8022050,0x100440a0,0x20088140,0x40110280,0x80020500",systematic cyclic code from degree-11 polynomial 0x805
758,natural,n32_k21_crc_defined_linear_R2_3,54,9457273652510507328,0,0,crc_defined_linear,R2_3,32,21,0.65625,1,20,0.05,0x54027357,0x2a013bab,2,1,,2,2,20000000,False,False,1000000,1500,2097152,"0xa00001,0x1400002,0x2800004,0x5000008,0xa000010,0x14000020,0x28000040,0x50000080,0xa0000100,0x40a00200,0x81400400,0x2200800,0x4401000,0x8802000,0x11004000,0x22008000,0x44010000,0x88020000,0x10a40000,0x21480000,0x42900000","0x240a01,0x481402,0x942205,0x108440a,0x2108814,0x4011028,0x8022050,0x100440a0,0x20088140,0x40110280,0x80020500",systematic cyclic code from degree-11 polynomial 0x805
759,natural,n32_k21_crc_defined_linear_R2_3,55,17277621078300901176,0,0,crc_defined_linear,R2_3,32,21,0.65625,1,20,0.05,0x22d25ccf,0x11692e4f,6,0,,2,1,20000000,False,False,1000000,1500,2097152,"0xa00001,0x1400002,0x2800004,0x5000008,0xa000010,0x14000020,0x28000040,0x50000080,0xa0000100,0x40a00200,0x81400400,0x2200800,0x4401000,0x8802000,0x11004000,0x22008000,0x44010000,0x88020000,0x10a40000,0x21480000,0x42900000","0x240a01,0x481402,0x942205,0x108440a,0x2108814,0x4011028,0x8022050,0x100440a0,0x20088140,0x40110280,0x80020500",systematic cyclic code from degree-11 polynomial 0x805
760,natural,n32_k21_crc_defined_linear_R2_3,56,13624478672994652819,0,0,crc_defined_linear,R2_3,32,21,0.65625,1,20,0.05,0xd68ba283,0x6b0b8693,23,3,,2,4,20000000,False,False,1000000,1500,2097152,"0xa00001,0x1400002,0x2800004,0x5000008,0xa000010,0x14000020,0x28000040,0x50000080,0xa0000100,0x40a00200,0x81400400,0x2200800,0x4401000,0x8802000,0x11004000,0x22008000,0x44010000,0x88020000,0x10a40000,0x21480000,0x42900000","0x240a01,0x481402,0x942205,0x108440a,0x2108814,0x4011028,0x8022050,0x100440a0,0x20088140,0x40110280,0x80020500",systematic cyclic code from degree-11 polynomial 0x805
761,natural,n32_k21_crc_defined_linear_R2_3,57,5757561946990646101,0,0,crc_defined_linear,R2_3,32,21,0.65625,1,20,0.05,0xc6dc9bd7,0x7beecce7,4,5,,2,6,20000000,False,False,1000000,1500,2097152,"0xa00001,0x1400002,0x2800004,0x5000008,0xa000010,0x14000020,0x28000040,0x50000080,0xa0000100,0x40a00200,0x81400400,0x2200800,0x4401000,0x8802000,0x11004000,0x22008000,0x44010000,0x88020000,0x10a40000,0x21480000,0x42900000","0x240a01,0x481402,0x942205,0x108440a,0x2108814,0x4011028,0x8022050,0x100440a0,0x20088140,0x40110280,0x80020500",systematic cyclic code from degree-11 polynomial 0x805
762,natural,n32_k21_crc_defined_linear_R2_3,58,10729706217042687017,0,0,crc_defined_linear,R2_3,32,21,0.65625,1,20,0.05,0x7d02d9,0x3e857d,2,2,,2,3,20000000,False,False,1000000,1500,2097152,"0xa00001,0x1400002,0x2800004,0x5000008,0xa000010,0x14000020,0x28000040,0x50000080,0xa0000100,0x40a00200,0x81400400,0x2200800,0x4401000,0x8802000,0x11004000,0x22008000,0x44010000,0x88020000,0x10a40000,0x21480000,0x42900000","0x240a01,0x481402,0x942205,0x108440a,0x2108814,0x4011028,0x8022050,0x100440a0,0x20088140,0x40110280,0x80020500",systematic cyclic code from degree-11 polynomial 0x805
763,natural,n32_k21_crc_defined_linear_R2_3,59,8686672565938284312,0,0,crc_defined_linear,R2_3,32,21,0.65625,1,20,0.05,0x5a2d13b,0x5a2d93b,31,1,,2,2,20000000,False,False,1000000,1500,2097152,"0xa00001,0x1400002,0x2800004,0x5000008,0xa000010,0x14000020,0x28000040,0x50000080,0xa0000100,0x40a00200,0x81400400,0x2200800,0x4401000,0x8802000,0x11004000,0x22008000,0x44010000,0x88020000,0x10a40000,0x21480000,0x42900000","0x240a01,0x481402,0x942205,0x108440a,0x2108814,0x4011028,0x8022050,0x100440a0,0x20088140,0x40110280,0x80020500",systematic cyclic code from degree-11 polynomial 0x805
764,natural,n32_k21_crc_defined_linear_R2_3,60,15569315242774511294,0,0,crc_defined_linear,R2_3,32,21,0.65625,1,20,0.05,0xf9cd72,0x6f4cd72,16,4,,2,5,20000000,False,False,1000000,1500,2097152,"0xa00001,0x1400002,0x2800004,0x5000008,0xa000010,0x14000020,0x28000040,0x50000080,0xa0000100,0x40a00200,0x81400400,0x2200800,0x4401000,0x8802000,0x11004000,0x22008000,0x44010000,0x88020000,0x10a40000,0x21480000,0x42900000","0x240a01,0x481402,0x942205,0x108440a,0x2108814,0x4011028,0x8022050,0x100440a0,0x20088140,0x40110280,0x80020500",systematic cyclic code from degree-11 polynomial 0x805
765,natural,n32_k21_crc_defined_linear_R2_3,61,17643489809705627629,0,0,crc_defined_linear,R2_3,32,21,0.65625,1,20,0.05,0x2c1221b,0x162801b,9,2,,2,3,20000000,False,False,1000000,1500,2097152,"0xa00001,0x1400002,0x2800004,0x5000008,0xa000010,0x14000020,0x28000040,0x50000080,0xa0000100,0x40a00200,0x81400400,0x2200800,0x4401000,0x8802000,0x11004000,0x22008000,0x44010000,0x88020000,0x10a40000,0x21480000,0x42900000","0x240a01,0x481402,0x942205,0x108440a,0x2108814,0x4011028,0x8022050,0x100440a0,0x20088140,0x40110280,0x80020500",systematic cyclic code from degree-11 polynomial 0x805
766,natural,n32_k21_crc_defined_linear_R2_3,62,9733481845947103262,0,0,crc_defined_linear,R2_3,32,21,0.65625,1,20,0.05,0x8551f462,0x551f4e0,31,2,,2,3,20000000,False,False,1000000,1500,2097152,"0xa00001,0x1400002,0x2800004,0x5000008,0xa000010,0x14000020,0x28000040,0x50000080,0xa0000100,0x40a00200,0x81400400,0x2200800,0x4401000,0x8802000,0x11004000,0x22008000,0x44010000,0x88020000,0x10a40000,0x21480000,0x42900000","0x240a01,0x481402,0x942205,0x108440a,0x2108814,0x4011028,0x8022050,0x100440a0,0x20088140,0x40110280,0x80020500",systematic cyclic code from degree-11 polynomial 0x805
767,natural,n32_k21_crc_defined_linear_R2_3,63,16833511888312440357,0,0,crc_defined_linear,R2_3,32,21,0.65625,1,20,0.05,0xaa22940,0x5510940,13,0,,2,1,20000000,False,False,1000000,1500,2097152,"0xa00001,0x1400002,0x2800004,0x5000008,0xa000010,0x14000020,0x28000040,0x50000080,0xa0000100,0x40a00200,0x81400400,0x2200800,0x4401000,0x8802000,0x11004000,0x22008000,0x44010000,0x88020000,0x10a40000,0x21480000,0x42900000","0x240a01,0x481402,0x942205,0x108440a,0x2108814,0x4011028,0x8022050,0x100440a0,0x20088140,0x40110280,0x80020500",systematic cyclic code from degree-11 polynomial 0x805
768,natural,n32_k24_crc_defined_linear_R3_4,0,16354615002132540634,0,0,crc_defined_linear,R3_4,32,24,0.75,1,20,0.05,0x31fdce92,0x18feee92,12,0,,2,1,20000000,False,True,1000000,1500,16777216,"0x7000001,0xe000002,0x1c000004,0x38000008,0x70000010,0xe0000020,0xc7000040,0x89000080,0x15000100,0x2a000200,0x54000400,0xa8000800,0x57001000,0xae002000,0x5b004000,0xb6008000,0x6b010000,0xd6020000,0xab040000,0x51080000,0xa2100000,0x43200000,0x86400000,0xb800000","0x1ad51c1,0x2f7f243,0x442b547,0x8856a8e,0x100ad51c,0x2015aa38,0x402b5470,0x8056a8e0",systematic cyclic code from degree-8 polynomial 0x107
769,natural,n32_k24_crc_defined_linear_R3_4,1,11169740785873140180,0,0,crc_defined_linear,R3_4,32,24,0.75,1,20,0.05,0x60f5e543,0x3075e543,23,0,,2,1,20000000,False,True,1000000,1500,16777216,"0x7000001,0xe000002,0x1c000004,0x38000008,0x70000010,0xe0000020,0xc7000040,0x89000080,0x15000100,0x2a000200,0x54000400,0xa8000800,0x57001000,0xae002000,0x5b004000,0xb6008000,0x6b010000,0xd6020000,0xab040000,0x51080000,0xa2100000,0x43200000,0x86400000,0xb800000","0x1ad51c1,0x2f7f243,0x442b547,0x8856a8e,0x100ad51c,0x2015aa38,0x402b5470,0x8056a8e0",systematic cyclic code from degree-8 polynomial 0x107
770,natural,n32_k24_crc_defined_linear_R3_4,2,12422605372875811572,0,0,crc_defined_linear,R3_4,32,24,0.75,1,20,0.05,0x47a3b2f3,0x23d1d973,4,0,,2,1,20000000,False,True,1000000,1500,16777216,"0x7000001,0xe000002,0x1c000004,0x38000008,0x70000010,0xe0000020,0xc7000040,0x89000080,0x15000100,0x2a000200,0x54000400,0xa8000800,0x57001000,0xae002000,0x5b004000,0xb6008000,0x6b010000,0xd6020000,0xab040000,0x51080000,0xa2100000,0x43200000,0x86400000,0xb800000","0x1ad51c1,0x2f7f243,0x442b547,0x8856a8e,0x100ad51c,0x2015aa38,0x402b5470,0x8056a8e0",systematic cyclic code from degree-8 polynomial 0x107
771,natural,n32_k24_crc_defined_linear_R3_4,3,16899781896250478179,0,0,crc_defined_linear,R3_4,32,24,0.75,1,20,0.05,0x2c7c1ddb,0x161e0edb,5,2,,2,3,20000000,False,True,1000000,1500,16777216,"0x7000001,0xe000002,0x1c000004,0x38000008,0x70000010,0xe0000020,0xc7000040,0x89000080,0x15000100,0x2a000200,0x54000400,0xa8000800,0x57001000,0xae002000,0x5b004000,0xb6008000,0x6b010000,0xd6020000,0xab040000,0x51080000,0xa2100000,0x43200000,0x86400000,0xb800000","0x1ad51c1,0x2f7f243,0x442b547,0x8856a8e,0x100ad51c,0x2015aa38,0x402b5470,0x8056a8e0",systematic cyclic code from degree-8 polynomial 0x107
772,natural,n32_k24_crc_defined_linear_R3_4,4,13788618806344993102,0,0,crc_defined_linear,R3_4,32,24,0.75,1,20,0.05,0x85784dd9,0x42bc2669,3,1,,2,2,20000000,False,True,1000000,1500,16777216,"0x7000001,0xe000002,0x1c000004,0x38000008,0x70000010,0xe0000020,0xc7000040,0x89000080,0x15000100,0x2a000200,0x54000400,0xa8000800,0x57001000,0xae002000,0x5b004000,0xb6008000,0x6b010000,0xd6020000,0xab040000,0x51080000,0xa2100000,0x43200000,0x86400000,0xb800000","0x1ad51c1,0x2f7f243,0x442b547,0x8856a8e,0x100ad51c,0x2015aa38,0x402b5470,0x8056a8e0",systematic cyclic code from degree-8 polynomial 0x107
773,natural,n32_k24_crc_defined_linear_R3_4,5,14858862084069631929,0,0,crc_defined_linear,R3_4,32,24,0.75,1,20,0.05,0x966fbaf1,0x4f3ffaf0,20,3,,2,4,20000000,False,True,1000000,1500,16777216,"0x7000001,0xe000002,0x1c000004,0x38000008,0x70000010,0xe0000020,0xc7000040,0x89000080,0x15000100,0x2a000200,0x54000400,0xa8000800,0x57001000,0xae002000,0x5b004000,0xb6008000,0x6b010000,0xd6020000,0xab040000,0x51080000,0xa2100000,0x43200000,0x86400000,0xb800000","0x1ad51c1,0x2f7f243,0x442b547,0x8856a8e,0x100ad51c,0x2015aa38,0x402b5470,0x8056a8e0",systematic cyclic code from degree-8 polynomial 0x107
774,natural,n32_k24_crc_defined_linear_R3_4,6,17268323997477528486,0,0,crc_defined_linear,R3_4,32,24,0.75,1,20,0.05,0xb6e13877,0x566138f7,28,2,,2,3,20000000,False,True,1000000,1500,16777216,"0x7000001,0xe000002,0x1c000004,0x38000008,0x70000010,0xe0000020,0xc7000040,0x89000080,0x15000100,0x2a000200,0x54000400,0xa8000800,0x57001000,0xae002000,0x5b004000,0xb6008000,0x6b010000,0xd6020000,0xab040000,0x51080000,0xa2100000,0x43200000,0x86400000,0xb800000","0x1ad51c1,0x2f7f243,0x442b547,0x8856a8e,0x100ad51c,0x2015aa38,0x402b5470,0x8056a8e0",systematic cyclic code from degree-8 polynomial 0x107
775,natural,n32_k24_crc_defined_linear_R3_4,7,6328568570231714088,0,0,crc_defined_linear,R3_4,32,24,0.75,1,20,0.05,0x4e38c9e0,0x2718cbe0,20,1,,2,2,20000000,False,True,1000000,1500,16777216,"0x7000001,0xe000002,0x1c000004,0x38000008,0x70000010,0xe0000020,0xc7000040,0x89000080,0x15000100,0x2a000200,0x54000400,0xa8000800,0x57001000,0xae002000,0x5b004000,0xb6008000,0x6b010000,0xd6020000,0xab040000,0x51080000,0xa2100000,0x43200000,0x86400000,0xb800000","0x1ad51c1,0x2f7f243,0x442b547,0x8856a8e,0x100ad51c,0x2015aa38,0x402b5470,0x8056a8e0",systematic cyclic code from degree-8 polynomial 0x107
776,natural,n32_k24_crc_defined_linear_R3_4,8,12993470431535567893,0,0,crc_defined_linear,R3_4,32,24,0.75,1,20,0.05,0x3da25a0f,0x3ed3bd3f,6,6,,2,7,20000000,False,False,1000000,1500,16777216,"0x7000001,0xe000002,0x1c000004,0x38000008,0x70000010,0xe0000020,0xc7000040,0x89000080,0x15000100,0x2a000200,0x54000400,0xa8000800,0x57001000,0xae002000,0x5b004000,0xb6008000,0x6b010000,0xd6020000,0xab040000,0x51080000,0xa2100000,0x43200000,0x86400000,0xb800000","0x1ad51c1,0x2f7f243,0x442b547,0x8856a8e,0x100ad51c,0x2015aa38,0x402b5470,0x8056a8e0",systematic cyclic code from degree-8 polynomial 0x107
777,natural,n32_k24_crc_defined_linear_R3_4,9,17886379789711106676,0,0,crc_defined_linear,R3_4,32,24,0.75,1,20,0.05,0x71f66a0,0x387b2a0,9,1,,2,2,20000000,False,False,1000000,1500,16777216,"0x7000001,0xe000002,0x1c000004,0x38000008,0x70000010,0xe0000020,0xc7000040,0x89000080,0x15000100,0x2a000200,0x54000400,0xa8000800,0x57001000,0xae002000,0x5b004000,0xb6008000,0x6b010000,0xd6020000,0xab040000,0x51080000,0xa2100000,0x43200000,0x86400000,0xb800000","0x1ad51c1,0x2f7f243,0x442b547,0x8856a8e,0x100ad51c,0x2015aa38,0x402b5470,0x8056a8e0",systematic cyclic code from degree-8 polynomial 0x107
778,natural,n32_k24_crc_defined_linear_R3_4,10,17809327219432198940,0,0,crc_defined_linear,R3_4,32,24,0.75,1,20,0.05,0xcec4941f,0x762141f,15,2,,2,3,20000000,False,False,1000000,1500,16777216,"0x7000001,0xe000002,0x1c000004,0x38000008,0x70000010,0xe0000020,0xc7000040,0x89000080,0x15000100,0x2a000200,0x54000400,0xa8000800,0x57001000,0xae002000,0x5b004000,0xb6008000,0x6b010000,0xd6020000,0xab040000,0x51080000,0xa2100000,0x43200000,0x86400000,0xb800000","0x1ad51c1,0x2f7f243,0x442b547,0x8856a8e,0x100ad51c,0x2015aa38,0x402b5470,0x8056a8e0",systematic cyclic code from degree-8 polynomial 0x107
779,natural,n32_k24_crc_defined_linear_R3_4,11,12579984389074530311,0,0,crc_defined_linear,R3_4,32,24,0.75,1,20,0.05,0xffb1a275,0x5fd8d135,5,1,,2,2,20000000,False,False,1000000,1500,16777216,"0x7000001,0xe000002,0x1c000004,0x38000008,0x70000010,0xe0000020,0xc7000040,0x89000080,0x15000100,0x2a000200,0x54000400,0xa8000800,0x57001000,0xae002000,0x5b004000,0xb6008000,0x6b010000,0xd6020000,0xab040000,0x51080000,0xa2100000,0x43200000,0x86400000,0xb800000","0x1ad51c1,0x2f7f243,0x442b547,0x8856a8e,0x100ad51c,0x2015aa38,0x402b5470,0x8056a8e0",systematic cyclic code from degree-8 polynomial 0x107
780,natural,n32_k24_crc_defined_linear_R3_4,12,11728422843629008659,0,0,crc_defined_linear,R3_4,32,24,0.75,1,20,0.05,0x4efcfdd5,0x77a7ed5,6,2,,2,3,20000000,False,False,1000000,1500,16777216,"0x7000001,0xe000002,0x1c000004,0x38000008,0x70000010,0xe0000020,0xc7000040,0x89000080,0x15000100,0x2a000200,0x54000400,0xa8000800,0x57001000,0xae002000,0x5b004000,0xb6008000,0x6b010000,0xd6020000,0xab040000,0x51080000,0xa2100000,0x43200000,0x86400000,0xb800000","0x1ad51c1,0x2f7f243,0x442b547,0x8856a8e,0x100ad51c,0x2015aa38,0x402b5470,0x8056a8e0",systematic cyclic code from degree-8 polynomial 0x107
781,natural,n32_k24_crc_defined_linear_R3_4,13,4957903678159797289,0,0,crc_defined_linear,R3_4,32,24,0.75,1,20,0.05,0xac59ec6e,0x562cf637,3,1,,2,2,20000000,False,False,1000000,1500,16777216,"0x7000001,0xe000002,0x1c000004,0x38000008,0x70000010,0xe0000020,0xc7000040,0x89000080,0x15000100,0x2a000200,0x54000400,0xa8000800,0x57001000,0xae002000,0x5b004000,0xb6008000,0x6b010000,0xd6020000,0xab040000,0x51080000,0xa2100000,0x43200000,0x86400000,0xb800000","0x1ad51c1,0x2f7f243,0x442b547,0x8856a8e,0x100ad51c,0x2015aa38,0x402b5470,0x8056a8e0",systematic cyclic code from degree-8 polynomial 0x107
782,natural,n32_k24_crc_defined_linear_R3_4,14,15613256210233849283,0,0,crc_defined_linear,R3_4,32,24,0.75,1,20,0.05,0x5fca4519,0x2fe42289,3,1,,2,2,20000000,False,False,1000000,1500,16777216,"0x7000001,0xe000002,0x1c000004,0x38000008,0x70000010,0xe0000020,0xc7000040,0x89000080,0x15000100,0x2a000200,0x54000400,0xa8000800,0x57001000,0xae002000,0x5b004000,0xb6008000,0x6b010000,0xd6020000,0xab040000,0x51080000,0xa2100000,0x43200000,0x86400000,0xb800000","0x1ad51c1,0x2f7f243,0x442b547,0x8856a8e,0x100ad51c,0x2015aa38,0x402b5470,0x8056a8e0",systematic cyclic code from degree-8 polynomial 0x107
783,natural,n32_k24_crc_defined_linear_R3_4,15,14398506945668462777,0,0,crc_defined_linear,R3_4,32,24,0.75,1,20,0.05,0xdcb156ba,0x6e588bba,8,1,,2,2,20000000,False,False,1000000,1500,16777216,"0x7000001,0xe000002,0x1c000004,0x38000008,0x70000010,0xe0000020,0xc7000040,0x89000080,0x15000100,0x2a000200,0x54000400,0xa8000800,0x57001000,0xae002000,0x5b004000,0xb6008000,0x6b010000,0xd6020000,0xab040000,0x51080000,0xa2100000,0x43200000,0x86400000,0xb800000","0x1ad51c1,0x2f7f243,0x442b547,0x8856a8e,0x100ad51c,0x2015aa38,0x402b5470,0x8056a8e0",systematic cyclic code from degree-8 polynomial 0x107
784,natural,n32_k24_crc_defined_linear_R3_4,16,6293897824049754203,0,0,crc_defined_linear,R3_4,32,24,0.75,1,20,0.05,0x724b32f7,0x29259957,5,2,,2,3,20000000,False,False,1000000,1500,16777216,"0x7000001,0xe000002,0x1c000004,0x38000008,0x70000010,0xe0000020,0xc7000040,0x89000080,0x15000100,0x2a000200,0x54000400,0xa8000800,0x57001000,0xae002000,0x5b004000,0xb6008000,0x6b010000,0xd6020000,0xab040000,0x51080000,0xa2100000,0x43200000,0x86400000,0xb800000","0x1ad51c1,0x2f7f243,0x442b547,0x8856a8e,0x100ad51c,0x2015aa38,0x402b5470,0x8056a8e0",systematic cyclic code from degree-8 polynomial 0x107
785,natural,n32_k24_crc_defined_linear_R3_4,17,15711877943865377368,0,0,crc_defined_linear,R3_4,32,24,0.75,1,20,0.05,0x3d51b1bb,0x1ea8d8bb,7,0,,2,1,20000000,False,False,1000000,1500,16777216,"0x7000001,0xe000002,0x1c000004,0x38000008,0x70000010,0xe0000020,0xc7000040,0x89000080,0x15000100,0x2a000200,0x54000400,0xa8000800,0x57001000,0xae002000,0x5b004000,0xb6008000,0x6b010000,0xd6020000,0xab040000,0x51080000,0xa2100000,0x43200000,0x86400000,0xb800000","0x1ad51c1,0x2f7f243,0x442b547,0x8856a8e,0x100ad51c,0x2015aa38,0x402b5470,0x8056a8e0",systematic cyclic code from degree-8 polynomial 0x107
786,natural,n32_k24_crc_defined_linear_R3_4,18,10211577554744543523,0,0,crc_defined_linear,R3_4,32,24,0.75,1,20,0.05,0xb8cf1be4,0x5c679fe4,12,2,,2,3,20000000,False,False,1000000,1500,16777216,"0x7000001,0xe000002,0x1c000004,0x38000008,0x70000010,0xe0000020,0xc7000040,0x89000080,0x15000100,0x2a000200,0x54000400,0xa8000800,0x57001000,0xae002000,0x5b004000,0xb6008000,0x6b010000,0xd6020000,0xab040000,0x51080000,0xa2100000,0x43200000,0x86400000,0xb800000","0x1ad51c1,0x2f7f243,0x442b547,0x8856a8e,0x100ad51c,0x2015aa38,0x402b5470,0x8056a8e0",systematic cyclic code from degree-8 polynomial 0x107
787,natural,n32_k24_crc_defined_linear_R3_4,19,6244108521810316244,0,0,crc_defined_linear,R3_4,32,24,0.75,1,20,0.05,0x74ec291d,0x1a2c2b1d,22,3,,2,4,20000000,False,False,1000000,1500,16777216,"0x7000001,0xe000002,0x1c000004,0x38000008,0x70000010,0xe0000020,0xc7000040,0x89000080,0x15000100,0x2a000200,0x54000400,0xa8000800,0x57001000,0xae002000,0x5b004000,0xb6008000,0x6b010000,0xd6020000,0xab040000,0x51080000,0xa2100000,0x43200000,0x86400000,0xb800000","0x1ad51c1,0x2f7f243,0x442b547,0x8856a8e,0x100ad51c,0x2015aa38,0x402b5470,0x8056a8e0",systematic cyclic code from degree-8 polynomial 0x107
788,natural,n32_k24_crc_defined_linear_R3_4,20,9027049010851018034,0,0,crc_defined_linear,R3_4,32,24,0.75,1,20,0.05,0xd518215e,0x6acc215e,17,1,,2,2,20000000,False,False,1000000,1500,16777216,"0x7000001,0xe000002,0x1c000004,0x38000008,0x70000010,0xe0000020,0xc7000040,0x89000080,0x15000100,0x2a000200,0x54000400,0xa8000800,0x57001000,0xae002000,0x5b004000,0xb6008000,0x6b010000,0xd6020000,0xab040000,0x51080000,0xa2100000,0x43200000,0x86400000,0xb800000","0x1ad51c1,0x2f7f243,0x442b547,0x8856a8e,0x100ad51c,0x2015aa38,0x402b5470,0x8056a8e0",systematic cyclic code from degree-8 polynomial 0x107
789,natural,n32_k24_crc_defined_linear_R3_4,21,7878144529649299943,0,0,crc_defined_linear,R3_4,32,24,0.75,1,20,0.05,0xfee1c79c,0x7f54e3d0,5,4,,2,5,20000000,False,False,1000000,1500,16777216,"0x7000001,0xe000002,0x1c000004,0x38000008,0x70000010,0xe0000020,0xc7000040,0x89000080,0x15000100,0x2a000200,0x54000400,0xa8000800,0x57001000,0xae002000,0x5b004000,0xb6008000,0x6b010000,0xd6020000,0xab040000,0x51080000,0xa2100000,0x43200000,0x86400000,0xb800000","0x1ad51c1,0x2f7f243,0x442b547,0x8856a8e,0x100ad51c,0x2015aa38,0x402b5470,0x8056a8e0",systematic cyclic code from degree-8 polynomial 0x107
790,natural,n32_k24_crc_defined_linear_R3_4,22,2230169964745908793,0,0,crc_defined_linear,R3_4,32,24,0.75,1,20,0.05,0x9c310477,0x5c31047b,27,3,,2,4,20000000,False,False,1000000,1500,16777216,"0x7000001,0xe000002,0x1c000004,0x38000008,0x70000010,0xe0000020,0xc7000040,0x89000080,0x15000100,0x2a000200,0x54000400,0xa8000800,0x57001000,0xae002000,0x5b004000,0xb6008000,0x6b010000,0xd6020000,0xab040000,0x51080000,0xa2100000,0x43200000,0x86400000,0xb800000","0x1ad51c1,0x2f7f243,0x442b547,0x8856a8e,0x100ad51c,0x2015aa38,0x402b5470,0x8056a8e0",systematic cyclic code from degree-8 polynomial 0x107
791,natural,n32_k24_crc_defined_linear_R3_4,23,7568651633861901842,0,0,crc_defined_linear,R3_4,32,24,0.75,1,20,0.05,0x4acb8a8,0x4acb8a0,29,1,,2,2,20000000,False,False,1000000,1500,16777216,"0x7000001,0xe000002,0x1c000004,0x38000008,0x70000010,0xe0000020,0xc7000040,0x89000080,0x15000100,0x2a000200,0x54000400,0xa8000800,0x57001000,0xae002000,0x5b004000,0xb6008000,0x6b010000,0xd6020000,0xab040000,0x51080000,0xa2100000,0x43200000,0x86400000,0xb800000","0x1ad51c1,0x2f7f243,0x442b547,0x8856a8e,0x100ad51c,0x2015aa38,0x402b5470,0x8056a8e0",systematic cyclic code from degree-8 polynomial 0x107
792,natural,n32_k24_crc_defined_linear_R3_4,24,5597542773079580183,0,0,crc_defined_linear,R3_4,32,24,0.75,1,20,0.05,0x8d5cd22d,0x465cd22d,24,0,,2,1,20000000,False,False,1000000,1500,16777216,"0x7000001,0xe000002,0x1c000004,0x38000008,0x70000010,0xe0000020,0xc7000040,0x89000080,0x15000100,0x2a000200,0x54000400,0xa8000800,0x57001000,0xae002000,0x5b004000,0xb6008000,0x6b010000,0xd6020000,0xab040000,0x51080000,0xa2100000,0x43200000,0x86400000,0xb800000","0x1ad51c1,0x2f7f243,0x442b547,0x8856a8e,0x100ad51c,0x2015aa38,0x402b5470,0x8056a8e0",systematic cyclic code from degree-8 polynomial 0x107
793,natural,n32_k24_crc_defined_linear_R3_4,25,13186327410514889637,0,0,crc_defined_linear,R3_4,32,24,0.75,1,20,0.05,0xb7e559da,0x5bf2aeec,1,1,,2,2,20000000,False,False,1000000,1500,16777216,"0x7000001,0xe000002,0x1c000004,0x38000008,0x70000010,0xe0000020,0xc7000040,0x89000080,0x15000100,0x2a000200,0x54000400,0xa8000800,0x57001000,0xae002000,0x5b004000,0xb6008000,0x6b010000,0xd6020000,0xab040000,0x51080000,0xa2100000,0x43200000,0x86400000,0xb800000","0x1ad51c1,0x2f7f243,0x442b547,0x8856a8e,0x100ad51c,0x2015aa38,0x402b5470,0x8056a8e0",systematic cyclic code from degree-8 polynomial 0x107
794,natural,n32_k24_crc_defined_linear_R3_4,26,227815431125411340,0,0,crc_defined_linear,R3_4,32,24,0.75,1,20,0.05,0xe55e162c,0x72af2b0c,5,1,,2,2,20000000,False,False,1000000,1500,16777216,"0x7000001,0xe000002,0x1c000004,0x38000008,0x70000010,0xe0000020,0xc7000040,0x89000080,0x15000100,0x2a000200,0x54000400,0xa8000800,0x57001000,0xae002000,0x5b004000,0xb6008000,0x6b010000,0xd6020000,0xab040000,0x51080000,0xa2100000,0x43200000,0x86400000,0xb800000","0x1ad51c1,0x2f7f243,0x442b547,0x8856a8e,0x100ad51c,0x2015aa38,0x402b5470,0x8056a8e0",systematic cyclic code from degree-8 polynomial 0x107
795,natural,n32_k24_crc_defined_linear_R3_4,27,15169702849313640183,0,0,crc_defined_linear,R3_4,32,24,0.75,1,20,0.05,0x627b0d00,0x113d8c00,14,2,,2,3,20000000,False,False,1000000,1500,16777216,"0x7000001,0xe000002,0x1c000004,0x38000008,0x70000010,0xe0000020,0xc7000040,0x89000080,0x15000100,0x2a000200,0x54000400,0xa8000800,0x57001000,0xae002000,0x5b004000,0xb6008000,0x6b010000,0xd6020000,0xab040000,0x51080000,0xa2100000,0x43200000,0x86400000,0xb800000","0x1ad51c1,0x2f7f243,0x442b547,0x8856a8e,0x100ad51c,0x2015aa38,0x402b5470,0x8056a8e0",systematic cyclic code from degree-8 polynomial 0x107
796,natural,n32_k24_crc_defined_linear_R3_4,28,15202451560145153673,0,0,crc_defined_linear,R3_4,32,24,0.75,1,20,0.05,0x9cc5eeaf,0x4e61efaf,18,1,,2,2,20000000,False,False,1000000,1500,16777216,"0x7000001,0xe000002,0x1c000004,0x38000008,0x70000010,0xe0000020,0xc7000040,0x89000080,0x15000100,0x2a000200,0x54000400,0xa8000800,0x57001000,0xae002000,0x5b004000,0xb6008000,0x6b010000,0xd6020000,0xab040000,0x51080000,0xa2100000,0x43200000,0x86400000,0xb800000","0x1ad51c1,0x2f7f243,0x442b547,0x8856a8e,0x100ad51c,0x2015aa38,0x402b5470,0x8056a8e0",systematic cyclic code from degree-8 polynomial 0x107
797,natural,n32_k24_crc_defined_linear_R3_4,29,5154031333058274706,0,0,crc_defined_linear,R3_4,32,24,0.75,1,20,0.05,0xe73e92f9,0x739749f9,8,1,,2,2,20000000,False,False,1000000,1500,16777216,"0x7000001,0xe000002,0x1c000004,0x38000008,0x70000010,0xe0000020,0xc7000040,0x89000080,0x15000100,0x2a000200,0x54000400,0xa8000800,0x57001000,0xae002000,0x5b004000,0xb6008000,0x6b010000,0xd6020000,0xab040000,0x51080000,0xa2100000,0x43200000,0x86400000,0xb800000","0x1ad51c1,0x2f7f243,0x442b547,0x8856a8e,0x100ad51c,0x2015aa38,0x402b5470,0x8056a8e0",systematic cyclic code from degree-8 polynomial 0x107
798,natural,n32_k24_crc_defined_linear_R3_4,30,7120294183369539743,0,0,crc_defined_linear,R3_4,32,24,0.75,1,20,0.05,0xe288bba3,0x73545d53,4,3,,2,4,20000000,False,False,1000000,1500,16777216,"0x7000001,0xe000002,0x1c000004,0x38000008,0x70000010,0xe0000020,0xc7000040,0x89000080,0x15000100,0x2a000200,0x54000400,0xa8000800,0x57001000,0xae002000,0x5b004000,0xb6008000,0x6b010000,0xd6020000,0xab040000,0x51080000,0xa2100000,0x43200000,0x86400000,0xb800000","0x1ad51c1,0x2f7f243,0x442b547,0x8856a8e,0x100ad51c,0x2015aa38,0x402b5470,0x8056a8e0",systematic cyclic code from degree-8 polynomial 0x107
799,natural,n32_k24_crc_defined_linear_R3_4,31,4501129904467286438,0,0,crc_defined_linear,R3_4,32,24,0.75,1,20,0.05,0xf4e2bcaa,0x74e2acaa,28,1,,2,2,20000000,False,False,1000000,1500,16777216,"0x7000001,0xe000002,0x1c000004,0x38000008,0x70000010,0xe0000020,0xc7000040,0x89000080,0x15000100,0x2a000200,0x54000400,0xa8000800,0x57001000,0xae002000,0x5b004000,0xb6008000,0x6b010000,0xd6020000,0xab040000,0x51080000,0xa2100000,0x43200000,0x86400000,0xb800000","0x1ad51c1,0x2f7f243,0x442b547,0x8856a8e,0x100ad51c,0x2015aa38,0x402b5470,0x8056a8e0",systematic cyclic code from degree-8 polynomial 0x107
800,natural,n32_k24_crc_defined_linear_R3_4,32,8341303983143133444,0,0,crc_defined_linear,R3_4,32,24,0.75,1,20,0.05,0x46f6a11e,0x2376a11e,21,0,,2,1,20000000,False,False,1000000,1500,16777216,"0x7000001,0xe000002,0x1c000004,0x38000008,0x70000010,0xe0000020,0xc7000040,0x89000080,0x15000100,0x2a000200,0x54000400,0xa8000800,0x57001000,0xae002000,0x5b004000,0xb6008000,0x6b010000,0xd6020000,0xab040000,0x51080000,0xa2100000,0x43200000,0x86400000,0xb800000","0x1ad51c1,0x2f7f243,0x442b547,0x8856a8e,0x100ad51c,0x2015aa38,0x402b5470,0x8056a8e0",systematic cyclic code from degree-8 polynomial 0x107
801,natural,n32_k24_crc_defined_linear_R3_4,33,13929384838396533472,0,0,crc_defined_linear,R3_4,32,24,0.75,1,20,0.05,0x5e606d82,0x2f107782,9,2,,2,3,20000000,False,False,1000000,1500,16777216,"0x7000001,0xe000002,0x1c000004,0x38000008,0x70000010,0xe0000020,0xc7000040,0x89000080,0x15000100,0x2a000200,0x54000400,0xa8000800,0x57001000,0xae002000,0x5b004000,0xb6008000,0x6b010000,0xd6020000,0xab040000,0x51080000,0xa2100000,0x43200000,0x86400000,0xb800000","0x1ad51c1,0x2f7f243,0x442b547,0x8856a8e,0x100ad51c,0x2015aa38,0x402b5470,0x8056a8e0",systematic cyclic code from degree-8 polynomial 0x107
802,natural,n32_k24_crc_defined_linear_R3_4,34,2052065303422425520,0,0,crc_defined_linear,R3_4,32,24,0.75,1,20,0.05,0xc5d0a64,0x62e8d38,2,2,,2,3,20000000,False,False,1000000,1500,16777216,"0x7000001,0xe000002,0x1c000004,0x38000008,0x70000010,0xe0000020,0xc7000040,0x89000080,0x15000100,0x2a000200,0x54000400,0xa8000800,0x57001000,0xae002000,0x5b004000,0xb6008000,0x6b010000,0xd6020000,0xab040000,0x51080000,0xa2100000,0x43200000,0x86400000,0xb800000","0x1ad51c1,0x2f7f243,0x442b547,0x8856a8e,0x100ad51c,0x2015aa38,0x402b5470,0x8056a8e0",systematic cyclic code from degree-8 polynomial 0x107
803,natural,n32_k24_crc_defined_linear_R3_4,35,12493508753668845339,0,0,crc_defined_linear,R3_4,32,24,0.75,1,20,0.05,0xa66b6b4e,0x5335354e,8,1,,2,2,20000000,False,False,1000000,1500,16777216,"0x7000001,0xe000002,0x1c000004,0x38000008,0x70000010,0xe0000020,0xc7000040,0x89000080,0x15000100,0x2a000200,0x54000400,0xa8000800,0x57001000,0xae002000,0x5b004000,0xb6008000,0x6b010000,0xd6020000,0xab040000,0x51080000,0xa2100000,0x43200000,0x86400000,0xb800000","0x1ad51c1,0x2f7f243,0x442b547,0x8856a8e,0x100ad51c,0x2015aa38,0x402b5470,0x8056a8e0",systematic cyclic code from degree-8 polynomial 0x107
804,natural,n32_k24_crc_defined_linear_R3_4,36,2148503508067520868,0,0,crc_defined_linear,R3_4,32,24,0.75,1,20,0.05,0xba983fca,0x7a983fca,30,0,,2,1,20000000,False,False,1000000,1500,16777216,"0x7000001,0xe000002,0x1c000004,0x38000008,0x70000010,0xe0000020,0xc7000040,0x89000080,0x15000100,0x2a000200,0x54000400,0xa8000800,0x57001000,0xae002000,0x5b004000,0xb6008000,0x6b010000,0xd6020000,0xab040000,0x51080000,0xa2100000,0x43200000,0x86400000,0xb800000","0x1ad51c1,0x2f7f243,0x442b547,0x8856a8e,0x100ad51c,0x2015aa38,0x402b5470,0x8056a8e0",systematic cyclic code from degree-8 polynomial 0x107
805,natural,n32_k24_crc_defined_linear_R3_4,37,4794498268697773919,0,0,crc_defined_linear,R3_4,32,24,0.75,1,20,0.05,0x702365bd,0x181965b5,17,3,,2,4,20000000,False,False,1000000,1500,16777216,"0x7000001,0xe000002,0x1c000004,0x38000008,0x70000010,0xe0000020,0xc7000040,0x89000080,0x15000100,0x2a000200,0x54000400,0xa8000800,0x57001000,0xae002000,0x5b004000,0xb6008000,0x6b010000,0xd6020000,0xab040000,0x51080000,0xa2100000,0x43200000,0x86400000,0xb800000","0x1ad51c1,0x2f7f243,0x442b547,0x8856a8e,0x100ad51c,0x2015aa38,0x402b5470,0x8056a8e0",systematic cyclic code from degree-8 polynomial 0x107
806,natural,n32_k24_crc_defined_linear_R3_4,38,10927099856271004487,0,0,crc_defined_linear,R3_4,32,24,0.75,1,20,0.05,0x8b367ad3,0x459b3d67,4,1,,2,2,20000000,False,False,1000000,1500,16777216,"0x7000001,0xe000002,0x1c000004,0x38000008,0x70000010,0xe0000020,0xc7000040,0x89000080,0x15000100,0x2a000200,0x54000400,0xa8000800,0x57001000,0xae002000,0x5b004000,0xb6008000,0x6b010000,0xd6020000,0xab040000,0x51080000,0xa2100000,0x43200000,0x86400000,0xb800000","0x1ad51c1,0x2f7f243,0x442b547,0x8856a8e,0x100ad51c,0x2015aa38,0x402b5470,0x8056a8e0",systematic cyclic code from degree-8 polynomial 0x107
807,natural,n32_k24_crc_defined_linear_R3_4,39,5599512201421920200,0,0,crc_defined_linear,R3_4,32,24,0.75,1,20,0.05,0xd8e0fd96,0x6c707ed6,7,1,,2,2,20000000,False,False,1000000,1500,16777216,"0x7000001,0xe000002,0x1c000004,0x38000008,0x70000010,0xe0000020,0xc7000040,0x89000080,0x15000100,0x2a000200,0x54000400,0xa8000800,0x57001000,0xae002000,0x5b004000,0xb6008000,0x6b010000,0xd6020000,0xab040000,0x51080000,0xa2100000,0x43200000,0x86400000,0xb800000","0x1ad51c1,0x2f7f243,0x442b547,0x8856a8e,0x100ad51c,0x2015aa38,0x402b5470,0x8056a8e0",systematic cyclic code from degree-8 polynomial 0x107
808,natural,n32_k24_crc_defined_linear_R3_4,40,13027319456944095921,0,0,crc_defined_linear,R3_4,32,24,0.75,1,20,0.05,0xc4364e46,0x60da4e46,17,3,,2,4,20000000,False,False,1000000,1500,16777216,"0x7000001,0xe000002,0x1c000004,0x38000008,0x70000010,0xe0000020,0xc7000040,0x89000080,0x15000100,0x2a000200,0x54000400,0xa8000800,0x57001000,0xae002000,0x5b004000,0xb6008000,0x6b010000,0xd6020000,0xab040000,0x51080000,0xa2100000,0x43200000,0x86400000,0xb800000","0x1ad51c1,0x2f7f243,0x442b547,0x8856a8e,0x100ad51c,0x2015aa38,0x402b5470,0x8056a8e0",systematic cyclic code from degree-8 polynomial 0x107
809,natural,n32_k24_crc_defined_linear_R3_4,41,9577462178855834132,0,0,crc_defined_linear,R3_4,32,24,0.75,1,20,0.05,0x90eff575,0x4877f575,19,0,,2,1,20000000,False,False,1000000,1500,16777216,"0x7000001,0xe000002,0x1c000004,0x38000008,0x70000010,0xe0000020,0xc7000040,0x89000080,0x15000100,0x2a000200,0x54000400,0xa8000800,0x57001000,0xae002000,0x5b004000,0xb6008000,0x6b010000,0xd6020000,0xab040000,0x51080000,0xa2100000,0x43200000,0x86400000,0xb800000","0x1ad51c1,0x2f7f243,0x442b547,0x8856a8e,0x100ad51c,0x2015aa38,0x402b5470,0x8056a8e0",systematic cyclic code from degree-8 polynomial 0x107
810,natural,n32_k24_crc_defined_linear_R3_4,42,12487799218849608800,0,0,crc_defined_linear,R3_4,32,24,0.75,1,20,0.05,0xa6457e5d,0x43229e1d,11,3,,2,4,20000000,False,False,1000000,1500,16777216,"0x7000001,0xe000002,0x1c000004,0x38000008,0x70000010,0xe0000020,0xc7000040,0x89000080,0x15000100,0x2a000200,0x54000400,0xa8000800,0x57001000,0xae002000,0x5b004000,0xb6008000,0x6b010000,0xd6020000,0xab040000,0x51080000,0xa2100000,0x43200000,0x86400000,0xb800000","0x1ad51c1,0x2f7f243,0x442b547,0x8856a8e,0x100ad51c,0x2015aa38,0x402b5470,0x8056a8e0",systematic cyclic code from degree-8 polynomial 0x107
811,natural,n32_k24_crc_defined_linear_R3_4,43,3632588931041753789,0,0,crc_defined_linear,R3_4,32,24,0.75,1,20,0.05,0x6dd56a27,0x36eaf413,1,2,,2,3,20000000,False,False,1000000,1500,16777216,"0x7000001,0xe000002,0x1c000004,0x38000008,0x70000010,0xe0000020,0xc7000040,0x89000080,0x15000100,0x2a000200,0x54000400,0xa8000800,0x57001000,0xae002000,0x5b004000,0xb6008000,0x6b010000,0xd6020000,0xab040000,0x51080000,0xa2100000,0x43200000,0x86400000,0xb800000","0x1ad51c1,0x2f7f243,0x442b547,0x8856a8e,0x100ad51c,0x2015aa38,0x402b5470,0x8056a8e0",systematic cyclic code from degree-8 polynomial 0x107
812,natural,n32_k24_crc_defined_linear_R3_4,44,13526650702755685987,0,0,crc_defined_linear,R3_4,32,24,0.75,1,20,0.05,0x557d956c,0x32beca6c,8,2,,2,3,20000000,False,False,1000000,1500,16777216,"0x7000001,0xe000002,0x1c000004,0x38000008,0x70000010,0xe0000020,0xc7000040,0x89000080,0x15000100,0x2a000200,0x54000400,0xa8000800,0x57001000,0xae002000,0x5b004000,0xb6008000,0x6b010000,0xd6020000,0xab040000,0x51080000,0xa2100000,0x43200000,0x86400000,0xb800000","0x1ad51c1,0x2f7f243,0x442b547,0x8856a8e,0x100ad51c,0x2015aa38,0x402b5470,0x8056a8e0",systematic cyclic code from degree-8 polynomial 0x107
813,natural,n32_k24_crc_defined_linear_R3_4,45,13760422515736530048,0,0,crc_defined_linear,R3_4,32,24,0.75,1,20,0.05,0x32d2dced,0x19796e75,2,1,,2,2,20000000,False,False,1000000,1500,16777216,"0x7000001,0xe000002,0x1c000004,0x38000008,0x70000010,0xe0000020,0xc7000040,0x89000080,0x15000100,0x2a000200,0x54000400,0xa8000800,0x57001000,0xae002000,0x5b004000,0xb6008000,0x6b010000,0xd6020000,0xab040000,0x51080000,0xa2100000,0x43200000,0x86400000,0xb800000","0x1ad51c1,0x2f7f243,0x442b547,0x8856a8e,0x100ad51c,0x2015aa38,0x402b5470,0x8056a8e0",systematic cyclic code from degree-8 polynomial 0x107
814,natural,n32_k24_crc_defined_linear_R3_4,46,3722999003632117990,0,0,crc_defined_linear,R3_4,32,24,0.75,1,20,0.05,0x14b0a1ff,0xf5058df,1,5,,2,6,20000000,False,False,1000000,1500,16777216,"0x7000001,0xe000002,0x1c000004,0x38000008,0x70000010,0xe0000020,0xc7000040,0x89000080,0x15000100,0x2a000200,0x54000400,0xa8000800,0x57001000,0xae002000,0x5b004000,0xb6008000,0x6b010000,0xd6020000,0xab040000,0x51080000,0xa2100000,0x43200000,0x86400000,0xb800000","0x1ad51c1,0x2f7f243,0x442b547,0x8856a8e,0x100ad51c,0x2015aa38,0x402b5470,0x8056a8e0",systematic cyclic code from degree-8 polynomial 0x107
815,natural,n32_k24_crc_defined_linear_R3_4,47,17359364302072936117,0,0,crc_defined_linear,R3_4,32,24,0.75,1,20,0.05,0xf64ad1ab,0x7b42d1ab,23,1,,2,2,20000000,False,False,1000000,1500,16777216,"0x7000001,0xe000002,0x1c000004,0x38000008,0x70000010,0xe0000020,0xc7000040,0x89000080,0x15000100,0x2a000200,0x54000400,0xa8000800,0x57001000,0xae002000,0x5b004000,0xb6008000,0x6b010000,0xd6020000,0xab040000,0x51080000,0xa2100000,0x43200000,0x86400000,0xb800000","0x1ad51c1,0x2f7f243,0x442b547,0x8856a8e,0x100ad51c,0x2015aa38,0x402b5470,0x8056a8e0",systematic cyclic code from degree-8 polynomial 0x107
816,natural,n32_k24_crc_defined_linear_R3_4,48,13129725173714065880,0,0,crc_defined_linear,R3_4,32,24,0.75,1,20,0.05,0xd0fe1040,0x68f61040,26,1,,2,2,20000000,False,False,1000000,1500,16777216,"0x7000001,0xe000002,0x1c000004,0x38000008,0x70000010,0xe0000020,0xc7000040,0x89000080,0x15000100,0x2a000200,0x54000400,0xa8000800,0x57001000,0xae002000,0x5b004000,0xb6008000,0x6b010000,0xd6020000,0xab040000,0x51080000,0xa2100000,0x43200000,0x86400000,0xb800000","0x1ad51c1,0x2f7f243,0x442b547,0x8856a8e,0x100ad51c,0x2015aa38,0x402b5470,0x8056a8e0",systematic cyclic code from degree-8 polynomial 0x107
817,natural,n32_k24_crc_defined_linear_R3_4,49,11688774124570523490,0,0,crc_defined_linear,R3_4,32,24,0.75,1,20,0.05,0x4546eed7,0x22a37f6f,3,1,,2,2,20000000,False,False,1000000,1500,16777216,"0x7000001,0xe000002,0x1c000004,0x38000008,0x70000010,0xe0000020,0xc7000040,0x89000080,0x15000100,0x2a000200,0x54000400,0xa8000800,0x57001000,0xae002000,0x5b004000,0xb6008000,0x6b010000,0xd6020000,0xab040000,0x51080000,0xa2100000,0x43200000,0x86400000,0xb800000","0x1ad51c1,0x2f7f243,0x442b547,0x8856a8e,0x100ad51c,0x2015aa38,0x402b5470,0x8056a8e0",systematic cyclic code from degree-8 polynomial 0x107
818,natural,n32_k24_crc_defined_linear_R3_4,50,560233042794288262,0,0,crc_defined_linear,R3_4,32,24,0.75,1,20,0.05,0xc5079c43,0x62839943,17,2,,2,3,20000000,False,False,1000000,1500,16777216,"0x7000001,0xe000002,0x1c000004,0x38000008,0x70000010,0xe0000020,0xc7000040,0x89000080,0x15000100,0x2a000200,0x54000400,0xa8000800,0x57001000,0xae002000,0x5b004000,0xb6008000,0x6b010000,0xd6020000,0xab040000,0x51080000,0xa2100000,0x43200000,0x86400000,0xb800000","0x1ad51c1,0x2f7f243,0x442b547,0x8856a8e,0x100ad51c,0x2015aa38,0x402b5470,0x8056a8e0",systematic cyclic code from degree-8 polynomial 0x107
819,natural,n32_k24_crc_defined_linear_R3_4,51,8625559181097688076,0,0,crc_defined_linear,R3_4,32,24,0.75,1,20,0.05,0xd1957ef6,0x51956ff6,30,2,,2,3,20000000,False,False,1000000,1500,16777216,"0x7000001,0xe000002,0x1c000004,0x38000008,0x70000010,0xe0000020,0xc7000040,0x89000080,0x15000100,0x2a000200,0x54000400,0xa8000800,0x57001000,0xae002000,0x5b004000,0xb6008000,0x6b010000,0xd6020000,0xab040000,0x51080000,0xa2100000,0x43200000,0x86400000,0xb800000","0x1ad51c1,0x2f7f243,0x442b547,0x8856a8e,0x100ad51c,0x2015aa38,0x402b5470,0x8056a8e0",systematic cyclic code from degree-8 polynomial 0x107
820,natural,n32_k24_crc_defined_linear_R3_4,52,3804179077891207284,0,0,crc_defined_linear,R3_4,32,24,0.75,1,20,0.05,0xeafe1dde,0x6afe1dde,29,0,,2,1,20000000,False,False,1000000,1500,16777216,"0x7000001,0xe000002,0x1c000004,0x38000008,0x70000010,0xe0000020,0xc7000040,0x89000080,0x15000100,0x2a000200,0x54000400,0xa8000800,0x57001000,0xae002000,0x5b004000,0xb6008000,0x6b010000,0xd6020000,0xab040000,0x51080000,0xa2100000,0x43200000,0x86400000,0xb800000","0x1ad51c1,0x2f7f243,0x442b547,0x8856a8e,0x100ad51c,0x2015aa38,0x402b5470,0x8056a8e0",systematic cyclic code from degree-8 polynomial 0x107
821,natural,n32_k24_crc_defined_linear_R3_4,53,951877138469103805,0,0,crc_defined_linear,R3_4,32,24,0.75,1,20,0.05,0x8b32e60,0xc598e60,13,1,,2,2,20000000,False,False,1000000,1500,16777216,"0x7000001,0xe000002,0x1c000004,0x38000008,0x70000010,0xe0000020,0xc7000040,0x89000080,0x15000100,0x2a000200,0x54000400,0xa8000800,0x57001000,0xae002000,0x5b004000,0xb6008000,0x6b010000,0xd6020000,0xab040000,0x51080000,0xa2100000,0x43200000,0x86400000,0xb800000","0x1ad51c1,0x2f7f243,0x442b547,0x8856a8e,0x100ad51c,0x2015aa38,0x402b5470,0x8056a8e0",systematic cyclic code from degree-8 polynomial 0x107
822,natural,n32_k24_crc_defined_linear_R3_4,54,2586695728049825517,0,0,crc_defined_linear,R3_4,32,24,0.75,1,20,0.05,0x1395531,0x9caa99,1,0,,2,1,20000000,False,False,1000000,1500,16777216,"0x7000001,0xe000002,0x1c000004,0x38000008,0x70000010,0xe0000020,0xc7000040,0x89000080,0x15000100,0x2a000200,0x54000400,0xa8000800,0x57001000,0xae002000,0x5b004000,0xb6008000,0x6b010000,0xd6020000,0xab040000,0x51080000,0xa2100000,0x43200000,0x86400000,0xb800000","0x1ad51c1,0x2f7f243,0x442b547,0x8856a8e,0x100ad51c,0x2015aa38,0x402b5470,0x8056a8e0",systematic cyclic code from degree-8 polynomial 0x107
823,natural,n32_k24_crc_defined_linear_R3_4,55,8072334360367627759,0,0,crc_defined_linear,R3_4,32,24,0.75,1,20,0.05,0xb8cf3d16,0x58c73d16,27,1,,2,2,20000000,False,False,1000000,1500,16777216,"0x7000001,0xe000002,0x1c000004,0x38000008,0x70000010,0xe0000020,0xc7000040,0x89000080,0x15000100,0x2a000200,0x54000400,0xa8000800,0x57001000,0xae002000,0x5b004000,0xb6008000,0x6b010000,0xd6020000,0xab040000,0x51080000,0xa2100000,0x43200000,0x86400000,0xb800000","0x1ad51c1,0x2f7f243,0x442b547,0x8856a8e,0x100ad51c,0x2015aa38,0x402b5470,0x8056a8e0",systematic cyclic code from degree-8 polynomial 0x107
824,natural,n32_k24_crc_defined_linear_R3_4,56,1812850835354029090,0,0,crc_defined_linear,R3_4,32,24,0.75,1,20,0.05,0x5cb99bfc,0x2e1c9bfc,16,1,,2,2,20000000,False,False,1000000,1500,16777216,"0x7000001,0xe000002,0x1c000004,0x38000008,0x70000010,0xe0000020,0xc7000040,0x89000080,0x15000100,0x2a000200,0x54000400,0xa8000800,0x57001000,0xae002000,0x5b004000,0xb6008000,0x6b010000,0xd6020000,0xab040000,0x51080000,0xa2100000,0x43200000,0x86400000,0xb800000","0x1ad51c1,0x2f7f243,0x442b547,0x8856a8e,0x100ad51c,0x2015aa38,0x402b5470,0x8056a8e0",systematic cyclic code from degree-8 polynomial 0x107
825,natural,n32_k24_crc_defined_linear_R3_4,57,2041014579270713545,0,0,crc_defined_linear,R3_4,32,24,0.75,1,20,0.05,0xf48df76a,0x7a0df76e,23,1,,2,2,20000000,False,False,1000000,1500,16777216,"0x7000001,0xe000002,0x1c000004,0x38000008,0x70000010,0xe0000020,0xc7000040,0x89000080,0x15000100,0x2a000200,0x54000400,0xa8000800,0x57001000,0xae002000,0x5b004000,0xb6008000,0x6b010000,0xd6020000,0xab040000,0x51080000,0xa2100000,0x43200000,0x86400000,0xb800000","0x1ad51c1,0x2f7f243,0x442b547,0x8856a8e,0x100ad51c,0x2015aa38,0x402b5470,0x8056a8e0",systematic cyclic code from degree-8 polynomial 0x107
826,natural,n32_k24_crc_defined_linear_R3_4,58,101040210058946874,0,0,crc_defined_linear,R3_4,32,24,0.75,1,20,0.05,0xba361ced,0x5d1b4e75,3,1,,2,2,20000000,False,False,1000000,1500,16777216,"0x7000001,0xe000002,0x1c000004,0x38000008,0x70000010,0xe0000020,0xc7000040,0x89000080,0x15000100,0x2a000200,0x54000400,0xa8000800,0x57001000,0xae002000,0x5b004000,0xb6008000,0x6b010000,0xd6020000,0xab040000,0x51080000,0xa2100000,0x43200000,0x86400000,0xb800000","0x1ad51c1,0x2f7f243,0x442b547,0x8856a8e,0x100ad51c,0x2015aa38,0x402b5470,0x8056a8e0",systematic cyclic code from degree-8 polynomial 0x107
827,natural,n32_k24_crc_defined_linear_R3_4,59,14298267887628083660,0,0,crc_defined_linear,R3_4,32,24,0.75,1,20,0.05,0xca811ed7,0x75411cd7,20,2,,2,3,20000000,False,False,1000000,1500,16777216,"0x7000001,0xe000002,0x1c000004,0x38000008,0x70000010,0xe0000020,0xc7000040,0x89000080,0x15000100,0x2a000200,0x54000400,0xa8000800,0x57001000,0xae002000,0x5b004000,0xb6008000,0x6b010000,0xd6020000,0xab040000,0x51080000,0xa2100000,0x43200000,0x86400000,0xb800000","0x1ad51c1,0x2f7f243,0x442b547,0x8856a8e,0x100ad51c,0x2015aa38,0x402b5470,0x8056a8e0",systematic cyclic code from degree-8 polynomial 0x107
828,natural,n32_k24_crc_defined_linear_R3_4,60,1647179045787953191,0,0,crc_defined_linear,R3_4,32,24,0.75,1,20,0.05,0x1b96bca7,0xdd6bca6,21,1,,2,2,20000000,False,False,1000000,1500,16777216,"0x7000001,0xe000002,0x1c000004,0x38000008,0x70000010,0xe0000020,0xc7000040,0x89000080,0x15000100,0x2a000200,0x54000400,0xa8000800,0x57001000,0xae002000,0x5b004000,0xb6008000,0x6b010000,0xd6020000,0xab040000,0x51080000,0xa2100000,0x43200000,0x86400000,0xb800000","0x1ad51c1,0x2f7f243,0x442b547,0x8856a8e,0x100ad51c,0x2015aa38,0x402b5470,0x8056a8e0",systematic cyclic code from degree-8 polynomial 0x107
829,natural,n32_k24_crc_defined_linear_R3_4,61,13189411662166068525,0,0,crc_defined_linear,R3_4,32,24,0.75,1,20,0.05,0x199ba3a6,0x99be7a6,27,2,,2,3,20000000,False,False,1000000,1500,16777216,"0x7000001,0xe000002,0x1c000004,0x38000008,0x70000010,0xe0000020,0xc7000040,0x89000080,0x15000100,0x2a000200,0x54000400,0xa8000800,0x57001000,0xae002000,0x5b004000,0xb6008000,0x6b010000,0xd6020000,0xab040000,0x51080000,0xa2100000,0x43200000,0x86400000,0xb800000","0x1ad51c1,0x2f7f243,0x442b547,0x8856a8e,0x100ad51c,0x2015aa38,0x402b5470,0x8056a8e0",systematic cyclic code from degree-8 polynomial 0x107
830,natural,n32_k24_crc_defined_linear_R3_4,62,5490106558432709541,0,0,crc_defined_linear,R3_4,32,24,0.75,1,20,0.05,0x1eedd51,0xfedd51,20,0,,2,1,20000000,False,False,1000000,1500,16777216,"0x7000001,0xe000002,0x1c000004,0x38000008,0x70000010,0xe0000020,0xc7000040,0x89000080,0x15000100,0x2a000200,0x54000400,0xa8000800,0x57001000,0xae002000,0x5b004000,0xb6008000,0x6b010000,0xd6020000,0xab040000,0x51080000,0xa2100000,0x43200000,0x86400000,0xb800000","0x1ad51c1,0x2f7f243,0x442b547,0x8856a8e,0x100ad51c,0x2015aa38,0x402b5470,0x8056a8e0",systematic cyclic code from degree-8 polynomial 0x107
831,natural,n32_k24_crc_defined_linear_R3_4,63,6933579486495334342,0,0,crc_defined_linear,R3_4,32,24,0.75,1,20,0.05,0x7476873d,0x7a3a971d,18,3,,2,4,20000000,False,False,1000000,1500,16777216,"0x7000001,0xe000002,0x1c000004,0x38000008,0x70000010,0xe0000020,0xc7000040,0x89000080,0x15000100,0x2a000200,0x54000400,0xa8000800,0x57001000,0xae002000,0x5b004000,0xb6008000,0x6b010000,0xd6020000,0xab040000,0x51080000,0xa2100000,0x43200000,0x86400000,0xb800000","0x1ad51c1,0x2f7f243,0x442b547,0x8856a8e,0x100ad51c,0x2015aa38,0x402b5470,0x8056a8e0",systematic cyclic code from degree-8 polynomial 0x107
832,natural,n32_k26_extended_hamming_HAMMING,0,3703648322845918129,0,0,extended_hamming,HAMMING,32,26,0.8125,1,20,0.05,0x6a5cf33a,0x352e7998,3,1,,2,2,20000000,False,True,1000000,1500,67108864,"0xf,0x33,0x55,0x96,0x303,0x505,0x906,0x1111,0x2112,0x4114,0x8117,0x30003,0x50005,0x90006,0x110011,0x210012,0x410014,0x810017,0x1010101,0x2010102,0x4010104,0x8010107,0x10010110,0x20010113,0x40010115,0x80010116","0xaaaaaaaa,0xcccccccc,0xf0f0f0f0,0xff00ff00,0xffff0000,0xffffffff","standard extended Hamming [32,26,4] with systematic data-position basis"
833,natural,n32_k26_extended_hamming_HAMMING,1,8923198760304246058,0,0,extended_hamming,HAMMING,32,26,0.8125,1,20,0.05,0xd80c3511,0x6c045e91,8,4,,2,5,20000000,False,True,1000000,1500,67108864,"0xf,0x33,0x55,0x96,0x303,0x505,0x906,0x1111,0x2112,0x4114,0x8117,0x30003,0x50005,0x90006,0x110011,0x210012,0x410014,0x810017,0x1010101,0x2010102,0x4010104,0x8010107,0x10010110,0x20010113,0x40010115,0x80010116","0xaaaaaaaa,0xcccccccc,0xf0f0f0f0,0xff00ff00,0xffff0000,0xffffffff","standard extended Hamming [32,26,4] with systematic data-position basis"
834,natural,n32_k26_extended_hamming_HAMMING,2,15276785598810134057,0,0,extended_hamming,HAMMING,32,26,0.8125,1,20,0.05,0xac2eb10f,0x562eb10f,25,0,,2,1,20000000,False,True,1000000,1500,67108864,"0xf,0x33,0x55,0x96,0x303,0x505,0x906,0x1111,0x2112,0x4114,0x8117,0x30003,0x50005,0x90006,0x110011,0x210012,0x410014,0x810017,0x1010101,0x2010102,0x4010104,0x8010107,0x10010110,0x20010113,0x40010115,0x80010116","0xaaaaaaaa,0xcccccccc,0xf0f0f0f0,0xff00ff00,0xffff0000,0xffffffff","standard extended Hamming [32,26,4] with systematic data-position basis"
835,natural,n32_k26_extended_hamming_HAMMING,3,5433336826347710164,0,0,extended_hamming,HAMMING,32,26,0.8125,1,20,0.05,0x1124b287,0x89258a6,10,3,,2,4,20000000,False,True,1000000,1500,67108864,"0xf,0x33,0x55,0x96,0x303,0x505,0x906,0x1111,0x2112,0x4114,0x8117,0x30003,0x50005,0x90006,0x110011,0x210012,0x410014,0x810017,0x1010101,0x2010102,0x4010104,0x8010107,0x10010110,0x20010113,0x40010115,0x80010116","0xaaaaaaaa,0xcccccccc,0xf0f0f0f0,0xff00ff00,0xffff0000,0xffffffff","standard extended Hamming [32,26,4] with systematic data-position basis"
836,natural,n32_k26_extended_hamming_HAMMING,4,513052151694285695,0,0,extended_hamming,HAMMING,32,26,0.8125,1,20,0.05,0x7b30a6e2,0x3e88a6e2,19,3,,2,4,20000000,False,True,1000000,1500,67108864,"0xf,0x33,0x55,0x96,0x303,0x505,0x906,0x1111,0x2112,0x4114,0x8117,0x30003,0x50005,0x90006,0x110011,0x210012,0x410014,0x810017,0x1010101,0x2010102,0x4010104,0x8010107,0x10010110,0x20010113,0x40010115,0x80010116","0xaaaaaaaa,0xcccccccc,0xf0f0f0f0,0xff00ff00,0xffff0000,0xffffffff","standard extended Hamming [32,26,4] with systematic data-position basis"
837,natural,n32_k26_extended_hamming_HAMMING,5,4687303792236971192,0,0,extended_hamming,HAMMING,32,26,0.8125,1,20,0.05,0x124d00a0,0xa4d00b0,27,1,,2,2,20000000,False,True,1000000,1500,67108864,"0xf,0x33,0x55,0x96,0x303,0x505,0x906,0x1111,0x2112,0x4114,0x8117,0x30003,0x50005,0x90006,0x110011,0x210012,0x410014,0x810017,0x1010101,0x2010102,0x4010104,0x8010107,0x10010110,0x20010113,0x40010115,0x80010116","0xaaaaaaaa,0xcccccccc,0xf0f0f0f0,0xff00ff00,0xffff0000,0xffffffff","standard extended Hamming [32,26,4] with systematic data-position basis"
838,natural,n32_k26_extended_hamming_HAMMING,6,9291927220798846613,0,0,extended_hamming,HAMMING,32,26,0.8125,1,20,0.05,0xe7633541,0x73b19b41,9,0,,2,1,20000000,False,True,1000000,1500,67108864,"0xf,0x33,0x55,0x96,0x303,0x505,0x906,0x1111,0x2112,0x4114,0x8117,0x30003,0x50005,0x90006,0x110011,0x210012,0x410014,0x810017,0x1010101,0x2010102,0x4010104,0x8010107,0x10010110,0x20010113,0x40010115,0x80010116","0xaaaaaaaa,0xcccccccc,0xf0f0f0f0,0xff00ff00,0xffff0000,0xffffffff","standard extended Hamming [32,26,4] with systematic data-position basis"
839,natural,n32_k26_extended_hamming_HAMMING,7,3662998287977237895,0,0,extended_hamming,HAMMING,32,26,0.8125,1,20,0.05,0x2253d2f6,0x1253c2f4,28,2,,2,3,20000000,False,True,1000000,1500,67108864,"0xf,0x33,0x55,0x96,0x303,0x505,0x906,0x1111,0x2112,0x4114,0x8117,0x30003,0x50005,0x90006,0x110011,0x210012,0x410014,0x810017,0x1010101,0x2010102,0x4010104,0x8010107,0x10010110,0x20010113,0x40010115,0x80010116","0xaaaaaaaa,0xcccccccc,0xf0f0f0f0,0xff00ff00,0xffff0000,0xffffffff","standard extended Hamming [32,26,4] with systematic data-position basis"
840,natural,n32_k26_extended_hamming_HAMMING,8,8848449823656675960,0,0,extended_hamming,HAMMING,32,26,0.8125,1,20,0.05,0x7f5ed99e,0x7b5e799e,31,3,,2,4,20000000,False,False,1000000,1500,67108864,"0xf,0x33,0x55,0x96,0x303,0x505,0x906,0x1111,0x2112,0x4114,0x8117,0x30003,0x50005,0x90006,0x110011,0x210012,0x410014,0x810017,0x1010101,0x2010102,0x4010104,0x8010107,0x10010110,0x20010113,0x40010115,0x80010116","0xaaaaaaaa,0xcccccccc,0xf0f0f0f0,0xff00ff00,0xffff0000,0xffffffff","standard extended Hamming [32,26,4] with systematic data-position basis"
841,natural,n32_k26_extended_hamming_HAMMING,9,3524948174510305394,0,0,extended_hamming,HAMMING,32,26,0.8125,1,20,0.05,0xd4d15593,0x548155c3,30,4,,2,5,20000000,False,False,1000000,1500,67108864,"0xf,0x33,0x55,0x96,0x303,0x505,0x906,0x1111,0x2112,0x4114,0x8117,0x30003,0x50005,0x90006,0x110011,0x210012,0x410014,0x810017,0x1010101,0x2010102,0x4010104,0x8010107,0x10010110,0x20010113,0x40010115,0x80010116","0xaaaaaaaa,0xcccccccc,0xf0f0f0f0,0xff00ff00,0xffff0000,0xffffffff","standard extended Hamming [32,26,4] with systematic data-position basis"
842,natural,n32_k26_extended_hamming_HAMMING,10,9839203225209422039,0,0,extended_hamming,HAMMING,32,26,0.8125,1,20,0.05,0x922a9720,0x49151720,15,0,,2,1,20000000,False,False,1000000,1500,67108864,"0xf,0x33,0x55,0x96,0x303,0x505,0x906,0x1111,0x2112,0x4114,0x8117,0x30003,0x50005,0x90006,0x110011,0x210012,0x410014,0x810017,0x1010101,0x2010102,0x4010104,0x8010107,0x10010110,0x20010113,0x40010115,0x80010116","0xaaaaaaaa,0xcccccccc,0xf0f0f0f0,0xff00ff00,0xffff0000,0xffffffff","standard extended Hamming [32,26,4] with systematic data-position basis"
843,natural,n32_k26_extended_hamming_HAMMING,11,18175937700798932551,0,0,extended_hamming,HAMMING,32,26,0.8125,1,20,0.05,0x8bdd187d,0x456a8c3d,4,2,,2,3,20000000,False,False,1000000,1500,67108864,"0xf,0x33,0x55,0x96,0x303,0x505,0x906,0x1111,0x2112,0x4114,0x8117,0x30003,0x50005,0x90006,0x110011,0x210012,0x410014,0x810017,0x1010101,0x2010102,0x4010104,0x8010107,0x10010110,0x20010113,0x40010115,0x80010116","0xaaaaaaaa,0xcccccccc,0xf0f0f0f0,0xff00ff00,0xffff0000,0xffffffff","standard extended Hamming [32,26,4] with systematic data-position basis"
844,natural,n32_k26_extended_hamming_HAMMING,12,11870817359943143026,0,0,extended_hamming,HAMMING,32,26,0.8125,1,20,0.05,0x8a342901,0x651c2901,19,1,,2,2,20000000,False,False,1000000,1500,67108864,"0xf,0x33,0x55,0x96,0x303,0x505,0x906,0x1111,0x2112,0x4114,0x8117,0x30003,0x50005,0x90006,0x110011,0x210012,0x410014,0x810017,0x1010101,0x2010102,0x4010104,0x8010107,0x10010110,0x20010113,0x40010115,0x80010116","0xaaaaaaaa,0xcccccccc,0xf0f0f0f0,0xff00ff00,0xffff0000,0xffffffff","standard extended Hamming [32,26,4] with systematic data-position basis"
845,natural,n32_k26_extended_hamming_HAMMING,13,4207536693725397902,0,0,extended_hamming,HAMMING,32,26,0.8125,1,20,0.05,0x435bbaf7,0x35bbaff,30,1,,2,2,20000000,False,False,1000000,1500,67108864,"0xf,0x33,0x55,0x96,0x303,0x505,0x906,0x1111,0x2112,0x4114,0x8117,0x30003,0x50005,0x90006,0x110011,0x210012,0x410014,0x810017,0x1010101,0x2010102,0x4010104,0x8010107,0x10010110,0x20010113,0x40010115,0x80010116","0xaaaaaaaa,0xcccccccc,0xf0f0f0f0,0xff00ff00,0xffff0000,0xffffffff","standard extended Hamming [32,26,4] with systematic data-position basis"
846,natural,n32_k26_extended_hamming_HAMMING,14,3565868017850564139,0,0,extended_hamming,HAMMING,32,26,0.8125,1,20,0.05,0x45cdf880,0x25cd7880,26,2,,2,3,20000000,False,False,1000000,1500,67108864,"0xf,0x33,0x55,0x96,0x303,0x505,0x906,0x1111,0x2112,0x4114,0x8117,0x30003,0x50005,0x90006,0x110011,0x210012,0x410014,0x810017,0x1010101,0x2010102,0x4010104,0x8010107,0x10010110,0x20010113,0x40010115,0x80010116","0xaaaaaaaa,0xcccccccc,0xf0f0f0f0,0xff00ff00,0xffff0000,0xffffffff","standard extended Hamming [32,26,4] with systematic data-position basis"
847,natural,n32_k26_extended_hamming_HAMMING,15,10307665304059671088,0,0,extended_hamming,HAMMING,32,26,0.8125,1,20,0.05,0x9b7054bf,0x4db854bf,19,0,,2,1,20000000,False,False,1000000,1500,67108864,"0xf,0x33,0x55,0x96,0x303,0x505,0x906,0x1111,0x2112,0x4114,0x8117,0x30003,0x50005,0x90006,0x110011,0x210012,0x410014,0x810017,0x1010101,0x2010102,0x4010104,0x8010107,0x10010110,0x20010113,0x40010115,0x80010116","0xaaaaaaaa,0xcccccccc,0xf0f0f0f0,0xff00ff00,0xffff0000,0xffffffff","standard extended Hamming [32,26,4] with systematic data-position basis"
848,natural,n32_k26_extended_hamming_HAMMING,16,6125382834402868767,0,0,extended_hamming,HAMMING,32,26,0.8125,1,20,0.05,0x1e9ab4f3,0xe9ab5f3,27,1,,2,2,20000000,False,False,1000000,1500,67108864,"0xf,0x33,0x55,0x96,0x303,0x505,0x906,0x1111,0x2112,0x4114,0x8117,0x30003,0x50005,0x90006,0x110011,0x210012,0x410014,0x810017,0x1010101,0x2010102,0x4010104,0x8010107,0x10010110,0x20010113,0x40010115,0x80010116","0xaaaaaaaa,0xcccccccc,0xf0f0f0f0,0xff00ff00,0xffff0000,0xffffffff","standard extended Hamming [32,26,4] with systematic data-position basis"
849,natural,n32_k26_extended_hamming_HAMMING,17,8915886592237240978,0,0,extended_hamming,HAMMING,32,26,0.8125,1,20,0.05,0xaa8ed400,0x5486d400,25,1,,2,2,20000000,False,False,1000000,1500,67108864,"0xf,0x33,0x55,0x96,0x303,0x505,0x906,0x1111,0x2112,0x4114,0x8117,0x30003,0x50005,0x90006,0x110011,0x210012,0x410014,0x810017,0x1010101,0x2010102,0x4010104,0x8010107,0x10010110,0x20010113,0x40010115,0x80010116","0xaaaaaaaa,0xcccccccc,0xf0f0f0f0,0xff00ff00,0xffff0000,0xffffffff","standard extended Hamming [32,26,4] with systematic data-position basis"
850,natural,n32_k26_extended_hamming_HAMMING,18,15124800940350806545,0,0,extended_hamming,HAMMING,32,26,0.8125,1,20,0.05,0x554d17f0,0x2a8d13f0,22,1,,2,2,20000000,False,False,1000000,1500,67108864,"0xf,0x33,0x55,0x96,0x303,0x505,0x906,0x1111,0x2112,0x4114,0x8117,0x30003,0x50005,0x90006,0x110011,0x210012,0x410014,0x810017,0x1010101,0x2010102,0x4010104,0x8010107,0x10010110,0x20010113,0x40010115,0x80010116","0xaaaaaaaa,0xcccccccc,0xf0f0f0f0,0xff00ff00,0xffff0000,0xffffffff","standard extended Hamming [32,26,4] with systematic data-position basis"
851,natural,n32_k26_extended_hamming_HAMMING,19,15546907349557226832,0,0,extended_hamming,HAMMING,32,26,0.8125,1,20,0.05,0xa4456bec,0x5021ebec,18,2,,2,3,20000000,False,False,1000000,1500,67108864,"0xf,0x33,0x55,0x96,0x303,0x505,0x906,0x1111,0x2112,0x4114,0x8117,0x30003,0x50005,0x90006,0x110011,0x210012,0x410014,0x810017,0x1010101,0x2010102,0x4010104,0x8010107,0x10010110,0x20010113,0x40010115,0x80010116","0xaaaaaaaa,0xcccccccc,0xf0f0f0f0,0xff00ff00,0xffff0000,0xffffffff","standard extended Hamming [32,26,4] with systematic data-position basis"
852,natural,n32_k26_extended_hamming_HAMMING,20,9398479133957011330,0,0,extended_hamming,HAMMING,32,26,0.8125,1,20,0.05,0x88c35a78,0x4441da7b,15,3,,2,4,20000000,False,False,1000000,1500,67108864,"0xf,0x33,0x55,0x96,0x303,0x505,0x906,0x1111,0x2112,0x4114,0x8117,0x30003,0x50005,0x90006,0x110011,0x210012,0x410014,0x810017,0x1010101,0x2010102,0x4010104,0x8010107,0x10010110,0x20010113,0x40010115,0x80010116","0xaaaaaaaa,0xcccccccc,0xf0f0f0f0,0xff00ff00,0xffff0000,0xffffffff","standard extended Hamming [32,26,4] with systematic data-position basis"
853,natural,n32_k26_extended_hamming_HAMMING,21,9935244539985278262,0,0,extended_hamming,HAMMING,32,26,0.8125,1,20,0.05,0xa4a446b6,0x5254c6b6,19,1,,2,2,20000000,False,False,1000000,1500,67108864,"0xf,0x33,0x55,0x96,0x303,0x505,0x906,0x1111,0x2112,0x4114,0x8117,0x30003,0x50005,0x90006,0x110011,0x210012,0x410014,0x810017,0x1010101,0x2010102,0x4010104,0x8010107,0x10010110,0x20010113,0x40010115,0x80010116","0xaaaaaaaa,0xcccccccc,0xf0f0f0f0,0xff00ff00,0xffff0000,0xffffffff","standard extended Hamming [32,26,4] with systematic data-position basis"
854,natural,n32_k26_extended_hamming_HAMMING,22,6366789666292080241,0,0,extended_hamming,HAMMING,32,26,0.8125,1,20,0.05,0xccedaad1,0x7676aad1,16,1,,2,2,20000000,False,False,1000000,1500,67108864,"0xf,0x33,0x55,0x96,0x303,0x505,0x906,0x1111,0x2112,0x4114,0x8117,0x30003,0x50005,0x90006,0x110011,0x210012,0x410014,0x810017,0x1010101,0x2010102,0x4010104,0x8010107,0x10010110,0x20010113,0x40010115,0x80010116","0xaaaaaaaa,0xcccccccc,0xf0f0f0f0,0xff00ff00,0xffff0000,0xffffffff","standard extended Hamming [32,26,4] with systematic data-position basis"
855,natural,n32_k26_extended_hamming_HAMMING,23,1381237084532316257,0,0,extended_hamming,HAMMING,32,26,0.8125,1,20,0.05,0x556a5a6a,0x2ab52d33,3,1,,2,2,20000000,False,False,1000000,1500,67108864,"0xf,0x33,0x55,0x96,0x303,0x505,0x906,0x1111,0x2112,0x4114,0x8117,0x30003,0x50005,0x90006,0x110011,0x210012,0x410014,0x810017,0x1010101,0x2010102,0x4010104,0x8010107,0x10010110,0x20010113,0x40010115,0x80010116","0xaaaaaaaa,0xcccccccc,0xf0f0f0f0,0xff00ff00,0xffff0000,0xffffffff","standard extended Hamming [32,26,4] with systematic data-position basis"
856,natural,n32_k26_extended_hamming_HAMMING,24,12468673342795165674,0,0,extended_hamming,HAMMING,32,26,0.8125,1,20,0.05,0x84e8e8d1,0x42744468,0,2,,2,3,20000000,False,False,1000000,1500,67108864,"0xf,0x33,0x55,0x96,0x303,0x505,0x906,0x1111,0x2112,0x4114,0x8117,0x30003,0x50005,0x90006,0x110011,0x210012,0x410014,0x810017,0x1010101,0x2010102,0x4010104,0x8010107,0x10010110,0x20010113,0x40010115,0x80010116","0xaaaaaaaa,0xcccccccc,0xf0f0f0f0,0xff00ff00,0xffff0000,0xffffffff","standard extended Hamming [32,26,4] with systematic data-position basis"
857,natural,n32_k26_extended_hamming_HAMMING,25,3650116625949710582,0,0,extended_hamming,HAMMING,32,26,0.8125,1,20,0.05,0x7ab6da2a,0x3d5b6a2a,12,0,,2,1,20000000,False,False,1000000,1500,67108864,"0xf,0x33,0x55,0x96,0x303,0x505,0x906,0x1111,0x2112,0x4114,0x8117,0x30003,0x50005,0x90006,0x110011,0x210012,0x410014,0x810017,0x1010101,0x2010102,0x4010104,0x8010107,0x10010110,0x20010113,0x40010115,0x80010116","0xaaaaaaaa,0xcccccccc,0xf0f0f0f0,0xff00ff00,0xffff0000,0xffffffff","standard extended Hamming [32,26,4] with systematic data-position basis"
858,natural,n32_k26_extended_hamming_HAMMING,26,4260723048596508947,0,0,extended_hamming,HAMMING,32,26,0.8125,1,20,0.05,0x48d29a96,0x26695396,14,3,,2,4,20000000,False,False,1000000,1500,67108864,"0xf,0x33,0x55,0x96,0x303,0x505,0x906,0x1111,0x2112,0x4114,0x8117,0x30003,0x50005,0x90006,0x110011,0x210012,0x410014,0x810017,0x1010101,0x2010102,0x4010104,0x8010107,0x10010110,0x20010113,0x40010115,0x80010116","0xaaaaaaaa,0xcccccccc,0xf0f0f0f0,0xff00ff00,0xffff0000,0xffffffff","standard extended Hamming [32,26,4] with systematic data-position basis"
859,natural,n32_k26_extended_hamming_HAMMING,27,14644384339875421063,0,0,extended_hamming,HAMMING,32,26,0.8125,1,20,0.05,0x3834379e,0x4c1a13de,6,3,,2,4,20000000,False,False,1000000,1500,67108864,"0xf,0x33,0x55,0x96,0x303,0x505,0x906,0x1111,0x2112,0x4114,0x8117,0x30003,0x50005,0x90006,0x110011,0x210012,0x410014,0x810017,0x1010101,0x2010102,0x4010104,0x8010107,0x10010110,0x20010113,0x40010115,0x80010116","0xaaaaaaaa,0xcccccccc,0xf0f0f0f0,0xff00ff00,0xffff0000,0xffffffff","standard extended Hamming [32,26,4] with systematic data-position basis"
860,natural,n32_k26_extended_hamming_HAMMING,28,11954559933504291930,0,0,extended_hamming,HAMMING,32,26,0.8125,1,20,0.05,0x12ee030f,0x977030f,19,1,,2,2,20000000,False,False,1000000,1500,67108864,"0xf,0x33,0x55,0x96,0x303,0x505,0x906,0x1111,0x2112,0x4114,0x8117,0x30003,0x50005,0x90006,0x110011,0x210012,0x410014,0x810017,0x1010101,0x2010102,0x4010104,0x8010107,0x10010110,0x20010113,0x40010115,0x80010116","0xaaaaaaaa,0xcccccccc,0xf0f0f0f0,0xff00ff00,0xffff0000,0xffffffff","standard extended Hamming [32,26,4] with systematic data-position basis"
861,natural,n32_k26_extended_hamming_HAMMING,29,2279779199460699728,0,0,extended_hamming,HAMMING,32,26,0.8125,1,20,0.05,0xaa9c1ee4,0x2a9c1ee4,31,0,,2,1,20000000,False,False,1000000,1500,67108864,"0xf,0x33,0x55,0x96,0x303,0x505,0x906,0x1111,0x2112,0x4114,0x8117,0x30003,0x50005,0x90006,0x110011,0x210012,0x410014,0x810017,0x1010101,0x2010102,0x4010104,0x8010107,0x10010110,0x20010113,0x40010115,0x80010116","0xaaaaaaaa,0xcccccccc,0xf0f0f0f0,0xff00ff00,0xffff0000,0xffffffff","standard extended Hamming [32,26,4] with systematic data-position basis"
862,natural,n32_k26_extended_hamming_HAMMING,30,16591306374933397813,0,0,extended_hamming,HAMMING,32,26,0.8125,1,20,0.05,0xda0b46f1,0x6d0346f1,19,0,,2,1,20000000,False,False,1000000,1500,67108864,"0xf,0x33,0x55,0x96,0x303,0x505,0x906,0x1111,0x2112,0x4114,0x8117,0x30003,0x50005,0x90006,0x110011,0x210012,0x410014,0x810017,0x1010101,0x2010102,0x4010104,0x8010107,0x10010110,0x20010113,0x40010115,0x80010116","0xaaaaaaaa,0xcccccccc,0xf0f0f0f0,0xff00ff00,0xffff0000,0xffffffff","standard extended Hamming [32,26,4] with systematic data-position basis"
863,natural,n32_k26_extended_hamming_HAMMING,31,3899868161734440473,0,0,extended_hamming,HAMMING,32,26,0.8125,1,20,0.05,0x6e572a2f,0x6e572aaf,31,1,,2,2,20000000,False,False,1000000,1500,67108864,"0xf,0x33,0x55,0x96,0x303,0x505,0x906,0x1111,0x2112,0x4114,0x8117,0x30003,0x50005,0x90006,0x110011,0x210012,0x410014,0x810017,0x1010101,0x2010102,0x4010104,0x8010107,0x10010110,0x20010113,0x40010115,0x80010116","0xaaaaaaaa,0xcccccccc,0xf0f0f0f0,0xff00ff00,0xffff0000,0xffffffff","standard extended Hamming [32,26,4] with systematic data-position basis"
864,natural,n32_k26_extended_hamming_HAMMING,32,5938891224434383812,0,0,extended_hamming,HAMMING,32,26,0.8125,1,20,0.05,0x7dca4700,0x7e652600,13,3,,2,4,20000000,False,False,1000000,1500,67108864,"0xf,0x33,0x55,0x96,0x303,0x505,0x906,0x1111,0x2112,0x4114,0x8117,0x30003,0x50005,0x90006,0x110011,0x210012,0x410014,0x810017,0x1010101,0x2010102,0x4010104,0x8010107,0x10010110,0x20010113,0x40010115,0x80010116","0xaaaaaaaa,0xcccccccc,0xf0f0f0f0,0xff00ff00,0xffff0000,0xffffffff","standard extended Hamming [32,26,4] with systematic data-position basis"
865,natural,n32_k26_extended_hamming_HAMMING,33,761644755636951914,0,0,extended_hamming,HAMMING,32,26,0.8125,1,20,0.05,0x4c235851,0x26137851,19,1,,2,2,20000000,False,False,1000000,1500,67108864,"0xf,0x33,0x55,0x96,0x303,0x505,0x906,0x1111,0x2112,0x4114,0x8117,0x30003,0x50005,0x90006,0x110011,0x210012,0x410014,0x810017,0x1010101,0x2010102,0x4010104,0x8010107,0x10010110,0x20010113,0x40010115,0x80010116","0xaaaaaaaa,0xcccccccc,0xf0f0f0f0,0xff00ff00,0xffff0000,0xffffffff","standard extended Hamming [32,26,4] with systematic data-position basis"
866,natural,n32_k26_extended_hamming_HAMMING,34,15984496474861352603,0,0,extended_hamming,HAMMING,32,26,0.8125,1,20,0.05,0xbbad632,0xabad63a,31,2,,2,3,20000000,False,False,1000000,1500,67108864,"0xf,0x33,0x55,0x96,0x303,0x505,0x906,0x1111,0x2112,0x4114,0x8117,0x30003,0x50005,0x90006,0x110011,0x210012,0x410014,0x810017,0x1010101,0x2010102,0x4010104,0x8010107,0x10010110,0x20010113,0x40010115,0x80010116","0xaaaaaaaa,0xcccccccc,0xf0f0f0f0,0xff00ff00,0xffff0000,0xffffffff","standard extended Hamming [32,26,4] with systematic data-position basis"
867,natural,n32_k26_extended_hamming_HAMMING,35,3374048646657731616,0,0,extended_hamming,HAMMING,32,26,0.8125,1,20,0.05,0x902bed9a,0x682bcdba,25,3,,2,4,20000000,False,False,1000000,1500,67108864,"0xf,0x33,0x55,0x96,0x303,0x505,0x906,0x1111,0x2112,0x4114,0x8117,0x30003,0x50005,0x90006,0x110011,0x210012,0x410014,0x810017,0x1010101,0x2010102,0x4010104,0x8010107,0x10010110,0x20010113,0x40010115,0x80010116","0xaaaaaaaa,0xcccccccc,0xf0f0f0f0,0xff00ff00,0xffff0000,0xffffffff","standard extended Hamming [32,26,4] with systematic data-position basis"
868,natural,n32_k26_extended_hamming_HAMMING,36,17800965528619076749,0,0,extended_hamming,HAMMING,32,26,0.8125,1,20,0.05,0x8e90dbca,0x4750dbea,19,3,,2,4,20000000,False,False,1000000,1500,67108864,"0xf,0x33,0x55,0x96,0x303,0x505,0x906,0x1111,0x2112,0x4114,0x8117,0x30003,0x50005,0x90006,0x110011,0x210012,0x410014,0x810017,0x1010101,0x2010102,0x4010104,0x8010107,0x10010110,0x20010113,0x40010115,0x80010116","0xaaaaaaaa,0xcccccccc,0xf0f0f0f0,0xff00ff00,0xffff0000,0xffffffff","standard extended Hamming [32,26,4] with systematic data-position basis"
869,natural,n32_k26_extended_hamming_HAMMING,37,16789495940885062310,0,0,extended_hamming,HAMMING,32,26,0.8125,1,20,0.05,0x4bca534b,0x25e52b4f,10,1,,2,2,20000000,False,False,1000000,1500,67108864,"0xf,0x33,0x55,0x96,0x303,0x505,0x906,0x1111,0x2112,0x4114,0x8117,0x30003,0x50005,0x90006,0x110011,0x210012,0x410014,0x810017,0x1010101,0x2010102,0x4010104,0x8010107,0x10010110,0x20010113,0x40010115,0x80010116","0xaaaaaaaa,0xcccccccc,0xf0f0f0f0,0xff00ff00,0xffff0000,0xffffffff","standard extended Hamming [32,26,4] with systematic data-position basis"
870,natural,n32_k26_extended_hamming_HAMMING,38,16429130670242890558,0,0,extended_hamming,HAMMING,32,26,0.8125,1,20,0.05,0xa45eecbc,0x502f76dc,3,2,,2,3,20000000,False,False,1000000,1500,67108864,"0xf,0x33,0x55,0x96,0x303,0x505,0x906,0x1111,0x2112,0x4114,0x8117,0x30003,0x50005,0x90006,0x110011,0x210012,0x410014,0x810017,0x1010101,0x2010102,0x4010104,0x8010107,0x10010110,0x20010113,0x40010115,0x80010116","0xaaaaaaaa,0xcccccccc,0xf0f0f0f0,0xff00ff00,0xffff0000,0xffffffff","standard extended Hamming [32,26,4] with systematic data-position basis"
871,natural,n32_k26_extended_hamming_HAMMING,39,10778298258044112641,0,0,extended_hamming,HAMMING,32,26,0.8125,1,20,0.05,0xe803275a,0x340090ad,0,4,,2,5,20000000,False,False,1000000,1500,67108864,"0xf,0x33,0x55,0x96,0x303,0x505,0x906,0x1111,0x2112,0x4114,0x8117,0x30003,0x50005,0x90006,0x110011,0x210012,0x410014,0x810017,0x1010101,0x2010102,0x4010104,0x8010107,0x10010110,0x20010113,0x40010115,0x80010116","0xaaaaaaaa,0xcccccccc,0xf0f0f0f0,0xff00ff00,0xffff0000,0xffffffff","standard extended Hamming [32,26,4] with systematic data-position basis"
872,natural,n32_k26_extended_hamming_HAMMING,40,15006628949213005747,0,0,extended_hamming,HAMMING,32,26,0.8125,1,20,0.05,0xdaad7061,0x6d53b060,13,3,,2,4,20000000,False,False,1000000,1500,67108864,"0xf,0x33,0x55,0x96,0x303,0x505,0x906,0x1111,0x2112,0x4114,0x8117,0x30003,0x50005,0x90006,0x110011,0x210012,0x410014,0x810017,0x1010101,0x2010102,0x4010104,0x8010107,0x10010110,0x20010113,0x40010115,0x80010116","0xaaaaaaaa,0xcccccccc,0xf0f0f0f0,0xff00ff00,0xffff0000,0xffffffff","standard extended Hamming [32,26,4] with systematic data-position basis"
873,natural,n32_k26_extended_hamming_HAMMING,41,6144774033503705147,0,0,extended_hamming,HAMMING,32,26,0.8125,1,20,0.05,0x1058e53b,0x97c733b,9,3,,2,4,20000000,False,False,1000000,1500,67108864,"0xf,0x33,0x55,0x96,0x303,0x505,0x906,0x1111,0x2112,0x4114,0x8117,0x30003,0x50005,0x90006,0x110011,0x210012,0x410014,0x810017,0x1010101,0x2010102,0x4010104,0x8010107,0x10010110,0x20010113,0x40010115,0x80010116","0xaaaaaaaa,0xcccccccc,0xf0f0f0f0,0xff00ff00,0xffff0000,0xffffffff","standard extended Hamming [32,26,4] with systematic data-position basis"
874,natural,n32_k26_extended_hamming_HAMMING,42,13354926268920951474,0,0,extended_hamming,HAMMING,32,26,0.8125,1,20,0.05,0x70ad466b,0x3a55462b,19,2,,2,3,20000000,False,False,1000000,1500,67108864,"0xf,0x33,0x55,0x96,0x303,0x505,0x906,0x1111,0x2112,0x4114,0x8117,0x30003,0x50005,0x90006,0x110011,0x210012,0x410014,0x810017,0x1010101,0x2010102,0x4010104,0x8010107,0x10010110,0x20010113,0x40010115,0x80010116","0xaaaaaaaa,0xcccccccc,0xf0f0f0f0,0xff00ff00,0xffff0000,0xffffffff","standard extended Hamming [32,26,4] with systematic data-position basis"
875,natural,n32_k26_extended_hamming_HAMMING,43,17853882217052996035,0,0,extended_hamming,HAMMING,32,26,0.8125,1,20,0.05,0x5a53442b,0x2f53462f,23,3,,2,4,20000000,False,False,1000000,1500,67108864,"0xf,0x33,0x55,0x96,0x303,0x505,0x906,0x1111,0x2112,0x4114,0x8117,0x30003,0x50005,0x90006,0x110011,0x210012,0x410014,0x810017,0x1010101,0x2010102,0x4010104,0x8010107,0x10010110,0x20010113,0x40010115,0x80010116","0xaaaaaaaa,0xcccccccc,0xf0f0f0f0,0xff00ff00,0xffff0000,0xffffffff","standard extended Hamming [32,26,4] with systematic data-position basis"
876,natural,n32_k26_extended_hamming_HAMMING,44,2230939800524399584,0,0,extended_hamming,HAMMING,32,26,0.8125,1,20,0.05,0x7de4663c,0x3ef2b33c,7,1,,2,2,20000000,False,False,1000000,1500,67108864,"0xf,0x33,0x55,0x96,0x303,0x505,0x906,0x1111,0x2112,0x4114,0x8117,0x30003,0x50005,0x90006,0x110011,0x210012,0x410014,0x810017,0x1010101,0x2010102,0x4010104,0x8010107,0x10010110,0x20010113,0x40010115,0x80010116","0xaaaaaaaa,0xcccccccc,0xf0f0f0f0,0xff00ff00,0xffff0000,0xffffffff","standard extended Hamming [32,26,4] with systematic data-position basis"
877,natural,n32_k26_extended_hamming_HAMMING,45,1143135940289244374,0,0,extended_hamming,HAMMING,32,26,0.8125,1,20,0.05,0xb668f8bf,0x5b28f83f,22,1,,2,2,20000000,False,False,1000000,1500,67108864,"0xf,0x33,0x55,0x96,0x303,0x505,0x906,0x1111,0x2112,0x4114,0x8117,0x30003,0x50005,0x90006,0x110011,0x210012,0x410014,0x810017,0x1010101,0x2010102,0x4010104,0x8010107,0x10010110,0x20010113,0x40010115,0x80010116","0xaaaaaaaa,0xcccccccc,0xf0f0f0f0,0xff00ff00,0xffff0000,0xffffffff","standard extended Hamming [32,26,4] with systematic data-position basis"
878,natural,n32_k26_extended_hamming_HAMMING,46,2210696164962248358,0,0,extended_hamming,HAMMING,32,26,0.8125,1,20,0.05,0x62e6d098,0x31736858,6,0,,2,1,20000000,False,False,1000000,1500,67108864,"0xf,0x33,0x55,0x96,0x303,0x505,0x906,0x1111,0x2112,0x4114,0x8117,0x30003,0x50005,0x90006,0x110011,0x210012,0x410014,0x810017,0x1010101,0x2010102,0x4010104,0x8010107,0x10010110,0x20010113,0x40010115,0x80010116","0xaaaaaaaa,0xcccccccc,0xf0f0f0f0,0xff00ff00,0xffff0000,0xffffffff","standard extended Hamming [32,26,4] with systematic data-position basis"
879,natural,n32_k26_extended_hamming_HAMMING,47,5574086721916609293,0,0,extended_hamming,HAMMING,32,26,0.8125,1,20,0.05,0xdaad9215,0x6d52c317,12,3,,2,4,20000000,False,False,1000000,1500,67108864,"0xf,0x33,0x55,0x96,0x303,0x505,0x906,0x1111,0x2112,0x4114,0x8117,0x30003,0x50005,0x90006,0x110011,0x210012,0x410014,0x810017,0x1010101,0x2010102,0x4010104,0x8010107,0x10010110,0x20010113,0x40010115,0x80010116","0xaaaaaaaa,0xcccccccc,0xf0f0f0f0,0xff00ff00,0xffff0000,0xffffffff","standard extended Hamming [32,26,4] with systematic data-position basis"
880,natural,n32_k26_extended_hamming_HAMMING,48,791972902985383968,0,0,extended_hamming,HAMMING,32,26,0.8125,1,20,0.05,0xc36f5fcf,0x61b79fcf,14,0,,2,1,20000000,False,False,1000000,1500,67108864,"0xf,0x33,0x55,0x96,0x303,0x505,0x906,0x1111,0x2112,0x4114,0x8117,0x30003,0x50005,0x90006,0x110011,0x210012,0x410014,0x810017,0x1010101,0x2010102,0x4010104,0x8010107,0x10010110,0x20010113,0x40010115,0x80010116","0xaaaaaaaa,0xcccccccc,0xf0f0f0f0,0xff00ff00,0xffff0000,0xffffffff","standard extended Hamming [32,26,4] with systematic data-position basis"
881,natural,n32_k26_extended_hamming_HAMMING,49,9748949083428567882,0,0,extended_hamming,HAMMING,32,26,0.8125,1,20,0.05,0x4031c8e3,0x5031c8c3,31,2,,2,3,20000000,False,False,1000000,1500,67108864,"0xf,0x33,0x55,0x96,0x303,0x505,0x906,0x1111,0x2112,0x4114,0x8117,0x30003,0x50005,0x90006,0x110011,0x210012,0x410014,0x810017,0x1010101,0x2010102,0x4010104,0x8010107,0x10010110,0x20010113,0x40010115,0x80010116","0xaaaaaaaa,0xcccccccc,0xf0f0f0f0,0xff00ff00,0xffff0000,0xffffffff","standard extended Hamming [32,26,4] with systematic data-position basis"
882,natural,n32_k26_extended_hamming_HAMMING,50,309975121803641105,0,0,extended_hamming,HAMMING,32,26,0.8125,1,20,0.05,0x6e9b79ea,0x374dbcfa,4,0,,2,1,20000000,False,False,1000000,1500,67108864,"0xf,0x33,0x55,0x96,0x303,0x505,0x906,0x1111,0x2112,0x4114,0x8117,0x30003,0x50005,0x90006,0x110011,0x210012,0x410014,0x810017,0x1010101,0x2010102,0x4010104,0x8010107,0x10010110,0x20010113,0x40010115,0x80010116","0xaaaaaaaa,0xcccccccc,0xf0f0f0f0,0xff00ff00,0xffff0000,0xffffffff","standard extended Hamming [32,26,4] with systematic data-position basis"
883,natural,n32_k26_extended_hamming_HAMMING,51,10809723206149644123,0,0,extended_hamming,HAMMING,32,26,0.8125,1,20,0.05,0x8139f6b1,0x4099f6b1,20,0,,2,1,20000000,False,False,1000000,1500,67108864,"0xf,0x33,0x55,0x96,0x303,0x505,0x906,0x1111,0x2112,0x4114,0x8117,0x30003,0x50005,0x90006,0x110011,0x210012,0x410014,0x810017,0x1010101,0x2010102,0x4010104,0x8010107,0x10010110,0x20010113,0x40010115,0x80010116","0xaaaaaaaa,0xcccccccc,0xf0f0f0f0,0xff00ff00,0xffff0000,0xffffffff","standard extended Hamming [32,26,4] with systematic data-position basis"
884,natural,n32_k26_extended_hamming_HAMMING,52,5315041651004931063,0,0,extended_hamming,HAMMING,32,26,0.8125,1,20,0.05,0x874ed47b,0x474ed47b,28,0,,2,1,20000000,False,False,1000000,1500,67108864,"0xf,0x33,0x55,0x96,0x303,0x505,0x906,0x1111,0x2112,0x4114,0x8117,0x30003,0x50005,0x90006,0x110011,0x210012,0x410014,0x810017,0x1010101,0x2010102,0x4010104,0x8010107,0x10010110,0x20010113,0x40010115,0x80010116","0xaaaaaaaa,0xcccccccc,0xf0f0f0f0,0xff00ff00,0xffff0000,0xffffffff","standard extended Hamming [32,26,4] with systematic data-position basis"
885,natural,n32_k26_extended_hamming_HAMMING,53,16451721292233836182,0,0,extended_hamming,HAMMING,32,26,0.8125,1,20,0.05,0x91043258,0x48013248,18,3,,2,4,20000000,False,False,1000000,1500,67108864,"0xf,0x33,0x55,0x96,0x303,0x505,0x906,0x1111,0x2112,0x4114,0x8117,0x30003,0x50005,0x90006,0x110011,0x210012,0x410014,0x810017,0x1010101,0x2010102,0x4010104,0x8010107,0x10010110,0x20010113,0x40010115,0x80010116","0xaaaaaaaa,0xcccccccc,0xf0f0f0f0,0xff00ff00,0xffff0000,0xffffffff","standard extended Hamming [32,26,4] with systematic data-position basis"
886,natural,n32_k26_extended_hamming_HAMMING,54,4888776502982434850,0,0,extended_hamming,HAMMING,32,26,0.8125,1,20,0.05,0x29da2fe,0x10fb0fe,16,4,,2,5,20000000,False,False,1000000,1500,67108864,"0xf,0x33,0x55,0x96,0x303,0x505,0x906,0x1111,0x2112,0x4114,0x8117,0x30003,0x50005,0x90006,0x110011,0x210012,0x410014,0x810017,0x1010101,0x2010102,0x4010104,0x8010107,0x10010110,0x20010113,0x40010115,0x80010116","0xaaaaaaaa,0xcccccccc,0xf0f0f0f0,0xff00ff00,0xffff0000,0xffffffff","standard extended Hamming [32,26,4] with systematic data-position basis"
887,natural,n32_k26_extended_hamming_HAMMING,55,15041428689883742975,0,0,extended_hamming,HAMMING,32,26,0.8125,1,20,0.05,0xde999c4d,0x6f584e27,1,3,,2,4,20000000,False,False,1000000,1500,67108864,"0xf,0x33,0x55,0x96,0x303,0x505,0x906,0x1111,0x2112,0x4114,0x8117,0x30003,0x50005,0x90006,0x110011,0x210012,0x410014,0x810017,0x1010101,0x2010102,0x4010104,0x8010107,0x10010110,0x20010113,0x40010115,0x80010116","0xaaaaaaaa,0xcccccccc,0xf0f0f0f0,0xff00ff00,0xffff0000,0xffffffff","standard extended Hamming [32,26,4] with systematic data-position basis"
888,natural,n32_k26_extended_hamming_HAMMING,56,2255964342296484827,0,0,extended_hamming,HAMMING,32,26,0.8125,1,20,0.05,0xb8e77b4d,0x5c63bdad,4,1,,2,2,20000000,False,False,1000000,1500,67108864,"0xf,0x33,0x55,0x96,0x303,0x505,0x906,0x1111,0x2112,0x4114,0x8117,0x30003,0x50005,0x90006,0x110011,0x210012,0x410014,0x810017,0x1010101,0x2010102,0x4010104,0x8010107,0x10010110,0x20010113,0x40010115,0x80010116","0xaaaaaaaa,0xcccccccc,0xf0f0f0f0,0xff00ff00,0xffff0000,0xffffffff","standard extended Hamming [32,26,4] with systematic data-position basis"
889,natural,n32_k26_extended_hamming_HAMMING,57,15541313210372861554,0,0,extended_hamming,HAMMING,32,26,0.8125,1,20,0.05,0xa44643f4,0x522321f4,8,0,,2,1,20000000,False,False,1000000,1500,67108864,"0xf,0x33,0x55,0x96,0x303,0x505,0x906,0x1111,0x2112,0x4114,0x8117,0x30003,0x50005,0x90006,0x110011,0x210012,0x410014,0x810017,0x1010101,0x2010102,0x4010104,0x8010107,0x10010110,0x20010113,0x40010115,0x80010116","0xaaaaaaaa,0xcccccccc,0xf0f0f0f0,0xff00ff00,0xffff0000,0xffffffff","standard extended Hamming [32,26,4] with systematic data-position basis"
890,natural,n32_k26_extended_hamming_HAMMING,58,14244783414774452866,0,0,extended_hamming,HAMMING,32,26,0.8125,1,20,0.05,0xcf9c2224,0x67883220,23,4,,2,5,20000000,False,False,1000000,1500,67108864,"0xf,0x33,0x55,0x96,0x303,0x505,0x906,0x1111,0x2112,0x4114,0x8117,0x30003,0x50005,0x90006,0x110011,0x210012,0x410014,0x810017,0x1010101,0x2010102,0x4010104,0x8010107,0x10010110,0x20010113,0x40010115,0x80010116","0xaaaaaaaa,0xcccccccc,0xf0f0f0f0,0xff00ff00,0xffff0000,0xffffffff","standard extended Hamming [32,26,4] with systematic data-position basis"
891,natural,n32_k26_extended_hamming_HAMMING,59,7616812714266569913,0,0,extended_hamming,HAMMING,32,26,0.8125,1,20,0.05,0x129ce800,0x97ce800,22,1,,2,2,20000000,False,False,1000000,1500,67108864,"0xf,0x33,0x55,0x96,0x303,0x505,0x906,0x1111,0x2112,0x4114,0x8117,0x30003,0x50005,0x90006,0x110011,0x210012,0x410014,0x810017,0x1010101,0x2010102,0x4010104,0x8010107,0x10010110,0x20010113,0x40010115,0x80010116","0xaaaaaaaa,0xcccccccc,0xf0f0f0f0,0xff00ff00,0xffff0000,0xffffffff","standard extended Hamming [32,26,4] with systematic data-position basis"
892,natural,n32_k26_extended_hamming_HAMMING,60,17270714267854074372,0,0,extended_hamming,HAMMING,32,26,0.8125,1,20,0.05,0xcd5e20da,0x66af106a,4,0,,2,1,20000000,False,False,1000000,1500,67108864,"0xf,0x33,0x55,0x96,0x303,0x505,0x906,0x1111,0x2112,0x4114,0x8117,0x30003,0x50005,0x90006,0x110011,0x210012,0x410014,0x810017,0x1010101,0x2010102,0x4010104,0x8010107,0x10010110,0x20010113,0x40010115,0x80010116","0xaaaaaaaa,0xcccccccc,0xf0f0f0f0,0xff00ff00,0xffff0000,0xffffffff","standard extended Hamming [32,26,4] with systematic data-position basis"
893,natural,n32_k26_extended_hamming_HAMMING,61,1863826157303820000,0,0,extended_hamming,HAMMING,32,26,0.8125,1,20,0.05,0xeeee12de,0x777712da,13,1,,2,2,20000000,False,False,1000000,1500,67108864,"0xf,0x33,0x55,0x96,0x303,0x505,0x906,0x1111,0x2112,0x4114,0x8117,0x30003,0x50005,0x90006,0x110011,0x210012,0x410014,0x810017,0x1010101,0x2010102,0x4010104,0x8010107,0x10010110,0x20010113,0x40010115,0x80010116","0xaaaaaaaa,0xcccccccc,0xf0f0f0f0,0xff00ff00,0xffff0000,0xffffffff","standard extended Hamming [32,26,4] with systematic data-position basis"
894,natural,n32_k26_extended_hamming_HAMMING,62,9390703755325744677,0,0,extended_hamming,HAMMING,32,26,0.8125,1,20,0.05,0x2c731fbf,0x16399fbf,13,0,,2,1,20000000,False,False,1000000,1500,67108864,"0xf,0x33,0x55,0x96,0x303,0x505,0x906,0x1111,0x2112,0x4114,0x8117,0x30003,0x50005,0x90006,0x110011,0x210012,0x410014,0x810017,0x1010101,0x2010102,0x4010104,0x8010107,0x10010110,0x20010113,0x40010115,0x80010116","0xaaaaaaaa,0xcccccccc,0xf0f0f0f0,0xff00ff00,0xffff0000,0xffffffff","standard extended Hamming [32,26,4] with systematic data-position basis"
895,natural,n32_k26_extended_hamming_HAMMING,63,15006170393612361210,0,0,extended_hamming,HAMMING,32,26,0.8125,1,20,0.05,0xefb689ec,0x75db24f6,0,3,,2,4,20000000,False,False,1000000,1500,67108864,"0xf,0x33,0x55,0x96,0x303,0x505,0x906,0x1111,0x2112,0x4114,0x8117,0x30003,0x50005,0x90006,0x110011,0x210012,0x410014,0x810017,0x1010101,0x2010102,0x4010104,0x8010107,0x10010110,0x20010113,0x40010115,0x80010116","0xaaaaaaaa,0xcccccccc,0xf0f0f0f0,0xff00ff00,0xffff0000,0xffffffff","standard extended Hamming [32,26,4] with systematic data-position basis"
896,stress,n32_k21_random_systematic_linear_R2_3,0,17652795004432866020,0,9870783766797209143,random_systematic_linear,R2_3,32,21,0.65625,1,20,0.05,0xd07076d3,0x68383b6b,3,0,0,2,1,20000000,True,True,1000000,1500,2097152,"0x72000001,0x31200002,0xe0000004,0xe9600008,0x91000010,0x40a00020,0x27800040,0x49800080,0xdb600100,0xa5800200,0xe5c00400,0xe9800800,0xba001000,0xf4402000,0x8404000,0x79208000,0xfee10000,0x5de20000,0xe9240000,0x39280000,0x6a100000","0x2f812a,0x436508,0x830ee0,0x10e8fda,0x2111141,0x4032640,0x81fd988,0x100bb113,0x201dbe4f,0x4017adad,0x80053f1c",dense systematic parity map; seed=9870783766797209143
897,stress,n32_k21_random_systematic_linear_R2_3,1,8201483166672143088,1,879842654954723455,random_systematic_linear,R2_3,32,21,0.65625,1,20,0.05,0x4025ad2c,0x2025ad2c,28,0,0,2,1,20000000,True,True,1000000,1500,2097152,"0x800001,0x14600002,0x1e00004,0x7a00008,0xbbc00010,0x10e00020,0x8e200040,0x27600080,0xea600100,0xa1e00200,0xe4800400,0x13400800,0x56601000,0xe6c02000,0xcfc04000,0xacc08000,0x2c010000,0x84a20000,0x2d240000,0x4dc80000,0x5d700000","0x3613ee,0x58fbb6,0x8ae63d,0x11c4a9c,0x20079d8,0x41ff4ca,0x81dc150,0x10101832,0x2005a790,0x40187500,0x8002e750",dense systematic parity map; seed=879842654954723455
898,stress,n32_k21_random_systematic_linear_R2_3,2,11660740576019992402,2,4754826715964368624,random_systematic_linear,R2_3,32,21,0.65625,1,20,0.05,0xa36487b5,0x236487b5,31,0,0,2,1,20000000,True,True,1000000,1500,2097152,"0xa3800001,0x35c00002,0xa6c00004,0x4da00008,0xcb400010,0x9f400020,0x8a800040,0x19a00080,0x74200100,0xf9a00200,0x3c00400,0xf6800800,0x66001000,0x4b402000,0x64c04000,0xc1a08000,0x29210000,0x91a20000,0xa4640000,0xb5e80000,0xaab00000","0x3f8388,0x4c6436,0x9acecf,0x10ba6bb,0x2103c75,0x40c592e,0x81122f8,0x100a0ba2,0x201d5b07,0x4000fb18,0x801e8a75",dense systematic parity map; seed=4754826715964368624
899,stress,n32_k21_random_systematic_linear_R2_3,3,6289475714092488746,3,4541330032479931411,random_systematic_linear,R2_3,32,21,0.65625,1,20,0.05,0x1bdc1aaa,0xdec1aaa,19,0,0,2,1,20000000,True,True,1000000,1500,2097152,"0x65200001,0xc2a00002,0xe6c00004,0x21e00008,0xfe200010,0xfc000020,0xa7200040,0x80200080,0xda400100,0x71600200,0x5c800400,0x11a00800,0xc4c01000,0xca202000,0x6fc04000,0x3b608000,0x3d610000,0x5f620000,0xb0040000,0xcee80000,0x5e500000","0x2baadb,0x5bd30c,0x885c0e,0x103ca49,0x21ae156,0x41b5475,0x81be530,0x10178f30,0x2005c27d,0x401a7737,0x800c31f6",dense systematic parity map; seed=4541330032479931411
900,stress,n32_k21_random_systematic_linear_R2_3,4,8444362289340170205,0,9870783766797209143,random_systematic_linear,R2_3,32,21,0.65625,1,20,0.05,0xce590a6,0x47290a6,15,1,1,2,2,20000000,True,True,1000000,1500,2097152,"0x72000001,0x31200002,0xe0000004,0xe9600008,0x91000010,0x40a00020,0x27800040,0x49800080,0xdb600100,0xa5800200,0xe5c00400,0xe9800800,0xba001000,0xf4402000,0x8404000,0x79208000,0xfee10000,0x5de20000,0xe9240000,0x39280000,0x6a100000","0x2f812a,0x436508,0x830ee0,0x10e8fda,0x2111141,0x4032640,0x81fd988,0x100bb113,0x201dbe4f,0x4017adad,0x80053f1c",dense systematic parity map; seed=9870783766797209143
901,stress,n32_k21_random_systematic_linear_R2_3,5,18381203277840199426,1,879842654954723455,random_systematic_linear,R2_3,32,21,0.65625,1,20,0.05,0x527e7d48,0x93f3ea4,0,1,1,2,2,20000000,True,True,1000000,1500,2097152,"0x800001,0x14600002,0x1e00004,0x7a00008,0xbbc00010,0x10e00020,0x8e200040,0x27600080,0xea600100,0xa1e00200,0xe4800400,0x13400800,0x56601000,0xe6c02000,0xcfc04000,0xacc08000,0x2c010000,0x84a20000,0x2d240000,0x4dc80000,0x5d700000","0x3613ee,0x58fbb6,0x8ae63d,0x11c4a9c,0x20079d8,0x41ff4ca,0x81dc150,0x10101832,0x2005a790,0x40187500,0x8002e750",dense systematic parity map; seed=879842654954723455
902,stress,n32_k21_random_systematic_linear_R2_3,6,8085340362790686021,2,4754826715964368624,random_systematic_linear,R2_3,32,21,0.65625,1,20,0.05,0x297ca4,0x14bda4,13,1,1,2,2,20000000,True,True,1000000,1500,2097152,"0xa3800001,0x35c00002,0xa6c00004,0x4da00008,0xcb400010,0x9f400020,0x8a800040,0x19a00080,0x74200100,0xf9a00200,0x3c00400,0xf6800800,0x66001000,0x4b402000,0x64c04000,0xc1a08000,0x29210000,0x91a20000,0xa4640000,0xb5e80000,0xaab00000","0x3f8388,0x4c6436,0x9acecf,0x10ba6bb,0x2103c75,0x40c592e,0x81122f8,0x100a0ba2,0x201d5b07,0x4000fb18,0x801e8a75",dense systematic parity map; seed=4754826715964368624
903,stress,n32_k21_random_systematic_linear_R2_3,7,17669925612690929103,3,4541330032479931411,random_systematic_linear,R2_3,32,21,0.65625,1,20,0.05,0x51631616,0x2cb19616,13,1,1,2,2,20000000,True,True,1000000,1500,2097152,"0x65200001,0xc2a00002,0xe6c00004,0x21e00008,0xfe200010,0xfc000020,0xa7200040,0x80200080,0xda400100,0x71600200,0x5c800400,0x11a00800,0xc4c01000,0xca202000,0x6fc04000,0x3b608000,0x3d610000,0x5f620000,0xb0040000,0xcee80000,0x5e500000","0x2baadb,0x5bd30c,0x885c0e,0x103ca49,0x21ae156,0x41b5475,0x81be530,0x10178f30,0x2005c27d,0x401a7737,0x800c31f6",dense systematic parity map; seed=4541330032479931411
904,stress,n32_k21_random_systematic_linear_R2_3,8,15208678945962388379,0,9870783766797209143,random_systematic_linear,R2_3,32,21,0.65625,1,20,0.05,0xf7a27ba1,0x7be23b81,22,2,2,2,3,20000000,False,False,1000000,1500,2097152,"0x72000001,0x31200002,0xe0000004,0xe9600008,0x91000010,0x40a00020,0x27800040,0x49800080,0xdb600100,0xa5800200,0xe5c00400,0xe9800800,0xba001000,0xf4402000,0x8404000,0x79208000,0xfee10000,0x5de20000,0xe9240000,0x39280000,0x6a100000","0x2f812a,0x436508,0x830ee0,0x10e8fda,0x2111141,0x4032640,0x81fd988,0x100bb113,0x201dbe4f,0x4017adad,0x80053f1c",dense systematic parity map; seed=9870783766797209143
905,stress,n32_k21_random_systematic_linear_R2_3,9,3239289332924865271,1,879842654954723455,random_systematic_linear,R2_3,32,21,0.65625,1,20,0.05,0x8fce3e6a,0x47ee0e6a,20,2,2,2,3,20000000,False,False,1000000,1500,2097152,"0x800001,0x14600002,0x1e00004,0x7a00008,0xbbc00010,0x10e00020,0x8e200040,0x27600080,0xea600100,0xa1e00200,0xe4800400,0x13400800,0x56601000,0xe6c02000,0xcfc04000,0xacc08000,0x2c010000,0x84a20000,0x2d240000,0x4dc80000,0x5d700000","0x3613ee,0x58fbb6,0x8ae63d,0x11c4a9c,0x20079d8,0x41ff4ca,0x81dc150,0x10101832,0x2005a790,0x40187500,0x8002e750",dense systematic parity map; seed=879842654954723455
906,stress,n32_k21_random_systematic_linear_R2_3,10,1222020892529613044,2,4754826715964368624,random_systematic_linear,R2_3,32,21,0.65625,1,20,0.05,0xa4f50f17,0x523a8f1f,15,2,2,2,3,20000000,False,False,1000000,1500,2097152,"0xa3800001,0x35c00002,0xa6c00004,0x4da00008,0xcb400010,0x9f400020,0x8a800040,0x19a00080,0x74200100,0xf9a00200,0x3c00400,0xf6800800,0x66001000,0x4b402000,0x64c04000,0xc1a08000,0x29210000,0x91a20000,0xa4640000,0xb5e80000,0xaab00000","0x3f8388,0x4c6436,0x9acecf,0x10ba6bb,0x2103c75,0x40c592e,0x81122f8,0x100a0ba2,0x201d5b07,0x4000fb18,0x801e8a75",dense systematic parity map; seed=4754826715964368624
907,stress,n32_k21_random_systematic_linear_R2_3,11,17511033714507845556,3,4541330032479931411,random_systematic_linear,R2_3,32,21,0.65625,1,20,0.05,0x963279e4,0x5b193ef0,2,2,2,2,3,20000000,False,False,1000000,1500,2097152,"0x65200001,0xc2a00002,0xe6c00004,0x21e00008,0xfe200010,0xfc000020,0xa7200040,0x80200080,0xda400100,0x71600200,0x5c800400,0x11a00800,0xc4c01000,0xca202000,0x6fc04000,0x3b608000,0x3d610000,0x5f620000,0xb0040000,0xcee80000,0x5e500000","0x2baadb,0x5bd30c,0x885c0e,0x103ca49,0x21ae156,0x41b5475,0x81be530,0x10178f30,0x2005c27d,0x401a7737,0x800c31f6",dense systematic parity map; seed=4541330032479931411
908,stress,n32_k21_random_systematic_linear_R2_3,12,2267164121992313625,0,9870783766797209143,random_systematic_linear,R2_3,32,21,0.65625,1,20,0.05,0x2cc92e50,0x1665b670,10,3,3,2,4,20000000,False,False,1000000,1500,2097152,"0x72000001,0x31200002,0xe0000004,0xe9600008,0x91000010,0x40a00020,0x27800040,0x49800080,0xdb600100,0xa5800200,0xe5c00400,0xe9800800,0xba001000,0xf4402000,0x8404000,0x79208000,0xfee10000,0x5de20000,0xe9240000,0x39280000,0x6a100000","0x2f812a,0x436508,0x830ee0,0x10e8fda,0x2111141,0x4032640,0x81fd988,0x100bb113,0x201dbe4f,0x4017adad,0x80053f1c",dense systematic parity map; seed=9870783766797209143
909,stress,n32_k21_random_systematic_linear_R2_3,13,11759135683805367428,1,879842654954723455,random_systematic_linear,R2_3,32,21,0.65625,1,20,0.05,0x91526e7f,0x4ca9667f,14,3,3,2,4,20000000,False,False,1000000,1500,2097152,"0x800001,0x14600002,0x1e00004,0x7a00008,0xbbc00010,0x10e00020,0x8e200040,0x27600080,0xea600100,0xa1e00200,0xe4800400,0x13400800,0x56601000,0xe6c02000,0xcfc04000,0xacc08000,0x2c010000,0x84a20000,0x2d240000,0x4dc80000,0x5d700000","0x3613ee,0x58fbb6,0x8ae63d,0x11c4a9c,0x20079d8,0x41ff4ca,0x81dc150,0x10101832,0x2005a790,0x40187500,0x8002e750",dense systematic parity map; seed=879842654954723455
910,stress,n32_k21_random_systematic_linear_R2_3,14,1283996364841004810,2,4754826715964368624,random_systematic_linear,R2_3,32,21,0.65625,1,20,0.05,0x30fba8ca,0x87da8ca,19,3,3,2,4,20000000,False,False,1000000,1500,2097152,"0xa3800001,0x35c00002,0xa6c00004,0x4da00008,0xcb400010,0x9f400020,0x8a800040,0x19a00080,0x74200100,0xf9a00200,0x3c00400,0xf6800800,0x66001000,0x4b402000,0x64c04000,0xc1a08000,0x29210000,0x91a20000,0xa4640000,0xb5e80000,0xaab00000","0x3f8388,0x4c6436,0x9acecf,0x10ba6bb,0x2103c75,0x40c592e,0x81122f8,0x100a0ba2,0x201d5b07,0x4000fb18,0x801e8a75",dense systematic parity map; seed=4754826715964368624
911,stress,n32_k21_random_systematic_linear_R2_3,15,14294083530330646142,3,4541330032479931411,random_systematic_linear,R2_3,32,21,0.65625,1,20,0.05,0x4f1130,0x22270930,10,3,3,2,4,20000000,False,False,1000000,1500,2097152,"0x65200001,0xc2a00002,0xe6c00004,0x21e00008,0xfe200010,0xfc000020,0xa7200040,0x80200080,0xda400100,0x71600200,0x5c800400,0x11a00800,0xc4c01000,0xca202000,0x6fc04000,0x3b608000,0x3d610000,0x5f620000,0xb0040000,0xcee80000,0x5e500000","0x2baadb,0x5bd30c,0x885c0e,0x103ca49,0x21ae156,0x41b5475,0x81be530,0x10178f30,0x2005c27d,0x401a7737,0x800c31f6",dense systematic parity map; seed=4541330032479931411
912,stress,n32_k21_random_systematic_linear_R2_3,16,421045915046503106,0,9870783766797209143,random_systematic_linear,R2_3,32,21,0.65625,1,20,0.05,0xb84e83bb,0x544e0bb9,26,4,4,2,5,20000000,False,False,1000000,1500,2097152,"0x72000001,0x31200002,0xe0000004,0xe9600008,0x91000010,0x40a00020,0x27800040,0x49800080,0xdb600100,0xa5800200,0xe5c00400,0xe9800800,0xba001000,0xf4402000,0x8404000,0x79208000,0xfee10000,0x5de20000,0xe9240000,0x39280000,0x6a100000","0x2f812a,0x436508,0x830ee0,0x10e8fda,0x2111141,0x4032640,0x81fd988,0x100bb113,0x201dbe4f,0x4017adad,0x80053f1c",dense systematic parity map; seed=9870783766797209143
913,stress,n32_k21_random_systematic_linear_R2_3,17,3459913398596790499,1,879842654954723455,random_systematic_linear,R2_3,32,21,0.65625,1,20,0.05,0x511b8919,0x6c8dd959,13,4,4,2,5,20000000,False,False,1000000,1500,2097152,"0x800001,0x14600002,0x1e00004,0x7a00008,0xbbc00010,0x10e00020,0x8e200040,0x27600080,0xea600100,0xa1e00200,0xe4800400,0x13400800,0x56601000,0xe6c02000,0xcfc04000,0xacc08000,0x2c010000,0x84a20000,0x2d240000,0x4dc80000,0x5d700000","0x3613ee,0x58fbb6,0x8ae63d,0x11c4a9c,0x20079d8,0x41ff4ca,0x81dc150,0x10101832,0x2005a790,0x40187500,0x8002e750",dense systematic parity map; seed=879842654954723455
914,stress,n32_k21_random_systematic_linear_R2_3,18,18434643810469961085,2,4754826715964368624,random_systematic_linear,R2_3,32,21,0.65625,1,20,0.05,0xe3f84232,0x31784e32,19,4,4,2,5,20000000,False,False,1000000,1500,2097152,"0xa3800001,0x35c00002,0xa6c00004,0x4da00008,0xcb400010,0x9f400020,0x8a800040,0x19a00080,0x74200100,0xf9a00200,0x3c00400,0xf6800800,0x66001000,0x4b402000,0x64c04000,0xc1a08000,0x29210000,0x91a20000,0xa4640000,0xb5e80000,0xaab00000","0x3f8388,0x4c6436,0x9acecf,0x10ba6bb,0x2103c75,0x40c592e,0x81122f8,0x100a0ba2,0x201d5b07,0x4000fb18,0x801e8a75",dense systematic parity map; seed=4754826715964368624
915,stress,n32_k21_random_systematic_linear_R2_3,19,2756712690777852510,3,4541330032479931411,random_systematic_linear,R2_3,32,21,0.65625,1,20,0.05,0xd94a78ea,0x64a1f8ea,17,4,4,2,5,20000000,False,False,1000000,1500,2097152,"0x65200001,0xc2a00002,0xe6c00004,0x21e00008,0xfe200010,0xfc000020,0xa7200040,0x80200080,0xda400100,0x71600200,0x5c800400,0x11a00800,0xc4c01000,0xca202000,0x6fc04000,0x3b608000,0x3d610000,0x5f620000,0xb0040000,0xcee80000,0x5e500000","0x2baadb,0x5bd30c,0x885c0e,0x103ca49,0x21ae156,0x41b5475,0x81be530,0x10178f30,0x2005c27d,0x401a7737,0x800c31f6",dense systematic parity map; seed=4541330032479931411
916,stress,n32_k24_random_systematic_linear_R3_4,0,5540115007148569388,0,13148762976802034727,random_systematic_linear,R3_4,32,24,0.75,1,20,0.05,0x364c59f8,0x1e4c59f8,27,0,0,2,1,20000000,False,True,1000000,1500,16777216,"0x3000001,0x9e000002,0x1c000004,0xf1000008,0xfe000010,0xb000020,0xf5000040,0xa3000080,0xa8000100,0x84000200,0x9d000400,0x14000800,0xdd001000,0x12002000,0x2c004000,0x77008000,0x35010000,0x17020000,0x37040000,0x9f080000,0x73100000,0x17200000,0x81400000,0x8f800000","0x1ff94e9,0x2bea0b3,0x4afde56,0x8885536,0x103fbc5e,0x2015c1d8,0x40109058,0x80c817da",dense systematic parity map; seed=13148762976802034727
917,stress,n32_k24_random_systematic_linear_R3_4,1,17403912873140613951,1,1121212559055557001,random_systematic_linear,R3_4,32,24,0.75,1,20,0.05,0x728f44b7,0x394744b7,17,0,0,2,1,20000000,False,True,1000000,1500,16777216,"0xbd000001,0x94000002,0x1e000004,0x4b000008,0xc7000010,0x3a000020,0xc1000040,0xe5000080,0x55000100,0xe0000200,0x6d000400,0x5c000800,0xce001000,0xfc002000,0xde004000,0xeb008000,0xed010000,0xe8020000,0x2a040000,0x4d080000,0x6b100000,0x98200000,0x7400000,0x8c800000","0x15985d9,0x254d03c,0x4c97d97,0x8bffc2d,0x10206927,0x2017a6a1,0x401bffd8,0x80a3f2d3",dense systematic parity map; seed=1121212559055557001
918,stress,n32_k24_random_systematic_linear_R3_4,2,2641245822461744389,2,5176584072621387539,random_systematic_linear,R3_4,32,24,0.75,1,20,0.05,0x343a8a18,0x1a3a8a18,22,0,0,2,1,20000000,False,True,1000000,1500,16777216,"0x5c000001,0x33000002,0xe6000004,0xe3000008,0xc2000010,0x39000020,0xc6000040,0xbe000080,0xd000100,0x8b000200,0x15000400,0xe000800,0x55001000,0xce002000,0x97004000,0xc4008000,0xe2010000,0xb8020000,0x36040000,0xa6080000,0xf8100000,0xb2200000,0x69400000,0xc5800000","0x1c0572a,0x22d6ade,0x48cfdc5,0x8522ba1,0x103654a3,0x207f00ae,0x40d1b05d,0x80bbe2dc",dense systematic parity map; seed=5176584072621387539
919,stress,n32_k24_random_systematic_linear_R3_4,3,14044432264769666640,3,15586299980911434873,random_systematic_linear,R3_4,32,24,0.75,1,20,0.05,0x16f66bfe,0x6f66bfe,28,0,0,2,1,20000000,False,True,1000000,1500,16777216,"0x49000001,0x2,0xe3000004,0xb8000008,0xc1000010,0x8d000020,0xd8000040,0xbf000080,0x3a000100,0xf1000200,0xe5000400,0xd5000800,0x44001000,0xfe002000,0xb3004000,0xc3008000,0xcc010000,0xc4020000,0xce040000,0x9b080000,0x57100000,0x49200000,0x91400000,0xb0800000","0x178ceb5,0x21ce184,0x4173ca0,0x82d21e9,0x10d86bc8,0x2080678c,0x4037be55,0x80cfeefc",dense systematic parity map; seed=15586299980911434873
920,stress,n32_k24_random_systematic_linear_R3_4,4,7340278962492062473,0,13148762976802034727,random_systematic_linear,R3_4,32,24,0.75,1,20,0.05,0xf79c178b,0x7bbc178b,24,1,1,2,2,20000000,False,True,1000000,1500,16777216,"0x3000001,0x9e000002,0x1c000004,0xf1000008,0xfe000010,0xb000020,0xf5000040,0xa3000080,0xa8000100,0x84000200,0x9d000400,0x14000800,0xdd001000,0x12002000,0x2c004000,0x77008000,0x35010000,0x17020000,0x37040000,0x9f080000,0x73100000,0x17200000,0x81400000,0x8f800000","0x1ff94e9,0x2bea0b3,0x4afde56,0x8885536,0x103fbc5e,0x2015c1d8,0x40109058,0x80c817da",dense systematic parity map; seed=13148762976802034727
921,stress,n32_k24_random_systematic_linear_R3_4,5,5444552871516547651,1,1121212559055557001,random_systematic_linear,R3_4,32,24,0.75,1,20,0.05,0x5f47c4b7,0x2fa3c4b5,18,1,1,2,2,20000000,False,True,1000000,1500,16777216,"0xbd000001,0x94000002,0x1e000004,0x4b000008,0xc7000010,0x3a000020,0xc1000040,0xe5000080,0x55000100,0xe0000200,0x6d000400,0x5c000800,0xce001000,0xfc002000,0xde004000,0xeb008000,0xed010000,0xe8020000,0x2a040000,0x4d080000,0x6b100000,0x98200000,0x7400000,0x8c800000","0x15985d9,0x254d03c,0x4c97d97,0x8bffc2d,0x10206927,0x2017a6a1,0x401bffd8,0x80a3f2d3",dense systematic parity map; seed=1121212559055557001
922,stress,n32_k24_random_systematic_linear_R3_4,6,7904553895448361205,2,5176584072621387539,random_systematic_linear,R3_4,32,24,0.75,1,20,0.05,0xf6fb27ae,0x7b3b27ae,23,1,1,2,2,20000000,False,True,1000000,1500,16777216,"0x5c000001,0x33000002,0xe6000004,0xe3000008,0xc2000010,0x39000020,0xc6000040,0xbe000080,0xd000100,0x8b000200,0x15000400,0xe000800,0x55001000,0xce002000,0x97004000,0xc4008000,0xe2010000,0xb8020000,0x36040000,0xa6080000,0xf8100000,0xb2200000,0x69400000,0xc5800000","0x1c0572a,0x22d6ade,0x48cfdc5,0x8522ba1,0x103654a3,0x207f00ae,0x40d1b05d,0x80bbe2dc",dense systematic parity map; seed=5176584072621387539
923,stress,n32_k24_random_systematic_linear_R3_4,7,6704953253697074767,3,15586299980911434873,random_systematic_linear,R3_4,32,24,0.75,1,20,0.05,0xa2215833,0x5110acb3,8,1,1,2,2,20000000,False,True,1000000,1500,16777216,"0x49000001,0x2,0xe3000004,0xb8000008,0xc1000010,0x8d000020,0xd8000040,0xbf000080,0x3a000100,0xf1000200,0xe5000400,0xd5000800,0x44001000,0xfe002000,0xb3004000,0xc3008000,0xcc010000,0xc4020000,0xce040000,0x9b080000,0x57100000,0x49200000,0x91400000,0xb0800000","0x178ceb5,0x21ce184,0x4173ca0,0x82d21e9,0x10d86bc8,0x2080678c,0x4037be55,0x80cfeefc",dense systematic parity map; seed=15586299980911434873
924,stress,n32_k24_random_systematic_linear_R3_4,8,15697857872206906263,0,13148762976802034727,random_systematic_linear,R3_4,32,24,0.75,1,20,0.05,0x83defadc,0x41ef749c,9,2,2,2,3,20000000,False,False,1000000,1500,16777216,"0x3000001,0x9e000002,0x1c000004,0xf1000008,0xfe000010,0xb000020,0xf5000040,0xa3000080,0xa8000100,0x84000200,0x9d000400,0x14000800,0xdd001000,0x12002000,0x2c004000,0x77008000,0x35010000,0x17020000,0x37040000,0x9f080000,0x73100000,0x17200000,0x81400000,0x8f800000","0x1ff94e9,0x2bea0b3,0x4afde56,0x8885536,0x103fbc5e,0x2015c1d8,0x40109058,0x80c817da",dense systematic parity map; seed=13148762976802034727
925,stress,n32_k24_random_systematic_linear_R3_4,9,15050690836486810105,1,1121212559055557001,random_systematic_linear,R3_4,32,24,0.75,1,20,0.05,0x8449142,0x4a59142,19,2,2,2,3,20000000,False,False,1000000,1500,16777216,"0xbd000001,0x94000002,0x1e000004,0x4b000008,0xc7000010,0x3a000020,0xc1000040,0xe5000080,0x55000100,0xe0000200,0x6d000400,0x5c000800,0xce001000,0xfc002000,0xde004000,0xeb008000,0xed010000,0xe8020000,0x2a040000,0x4d080000,0x6b100000,0x98200000,0x7400000,0x8c800000","0x15985d9,0x254d03c,0x4c97d97,0x8bffc2d,0x10206927,0x2017a6a1,0x401bffd8,0x80a3f2d3",dense systematic parity map; seed=1121212559055557001
926,stress,n32_k24_random_systematic_linear_R3_4,10,9478497627964135426,2,5176584072621387539,random_systematic_linear,R3_4,32,24,0.75,1,20,0.05,0x5402e4a8,0x2a0074a0,11,2,2,2,3,20000000,False,False,1000000,1500,16777216,"0x5c000001,0x33000002,0xe6000004,0xe3000008,0xc2000010,0x39000020,0xc6000040,0xbe000080,0xd000100,0x8b000200,0x15000400,0xe000800,0x55001000,0xce002000,0x97004000,0xc4008000,0xe2010000,0xb8020000,0x36040000,0xa6080000,0xf8100000,0xb2200000,0x69400000,0xc5800000","0x1c0572a,0x22d6ade,0x48cfdc5,0x8522ba1,0x103654a3,0x207f00ae,0x40d1b05d,0x80bbe2dc",dense systematic parity map; seed=5176584072621387539
927,stress,n32_k24_random_systematic_linear_R3_4,11,14885443294506916399,3,15586299980911434873,random_systematic_linear,R3_4,32,24,0.75,1,20,0.05,0x5650d5a3,0x6e10d5a3,27,2,2,2,3,20000000,False,False,1000000,1500,16777216,"0x49000001,0x2,0xe3000004,0xb8000008,0xc1000010,0x8d000020,0xd8000040,0xbf000080,0x3a000100,0xf1000200,0xe5000400,0xd5000800,0x44001000,0xfe002000,0xb3004000,0xc3008000,0xcc010000,0xc4020000,0xce040000,0x9b080000,0x57100000,0x49200000,0x91400000,0xb0800000","0x178ceb5,0x21ce184,0x4173ca0,0x82d21e9,0x10d86bc8,0x2080678c,0x4037be55,0x80cfeefc",dense systematic parity map; seed=15586299980911434873
928,stress,n32_k24_random_systematic_linear_R3_4,12,6137447328135353259,0,13148762976802034727,random_systematic_linear,R3_4,32,24,0.75,1,20,0.05,0xe21db8f1,0x652ed8f1,13,3,3,2,4,20000000,False,False,1000000,1500,16777216,"0x3000001,0x9e000002,0x1c000004,0xf1000008,0xfe000010,0xb000020,0xf5000040,0xa3000080,0xa8000100,0x84000200,0x9d000400,0x14000800,0xdd001000,0x12002000,0x2c004000,0x77008000,0x35010000,0x17020000,0x37040000,0x9f080000,0x73100000,0x17200000,0x81400000,0x8f800000","0x1ff94e9,0x2bea0b3,0x4afde56,0x8885536,0x103fbc5e,0x2015c1d8,0x40109058,0x80c817da",dense systematic parity map; seed=13148762976802034727
929,stress,n32_k24_random_systematic_linear_R3_4,13,9834489952882755821,1,1121212559055557001,random_systematic_linear,R3_4,32,24,0.75,1,20,0.05,0x3c6db017,0x346fb01f,31,3,3,2,4,20000000,False,False,1000000,1500,16777216,"0xbd000001,0x94000002,0x1e000004,0x4b000008,0xc7000010,0x3a000020,0xc1000040,0xe5000080,0x55000100,0xe0000200,0x6d000400,0x5c000800,0xce001000,0xfc002000,0xde004000,0xeb008000,0xed010000,0xe8020000,0x2a040000,0x4d080000,0x6b100000,0x98200000,0x7400000,0x8c800000","0x15985d9,0x254d03c,0x4c97d97,0x8bffc2d,0x10206927,0x2017a6a1,0x401bffd8,0x80a3f2d3",dense systematic parity map; seed=1121212559055557001
930,stress,n32_k24_random_systematic_linear_R3_4,14,6624278370991493611,2,5176584072621387539,random_systematic_linear,R3_4,32,24,0.75,1,20,0.05,0xfd700ece,0x66b80776,2,3,3,2,4,20000000,False,False,1000000,1500,16777216,"0x5c000001,0x33000002,0xe6000004,0xe3000008,0xc2000010,0x39000020,0xc6000040,0xbe000080,0xd000100,0x8b000200,0x15000400,0xe000800,0x55001000,0xce002000,0x97004000,0xc4008000,0xe2010000,0xb8020000,0x36040000,0xa6080000,0xf8100000,0xb2200000,0x69400000,0xc5800000","0x1c0572a,0x22d6ade,0x48cfdc5,0x8522ba1,0x103654a3,0x207f00ae,0x40d1b05d,0x80bbe2dc",dense systematic parity map; seed=5176584072621387539
931,stress,n32_k24_random_systematic_linear_R3_4,15,16973792725899006060,3,15586299980911434873,random_systematic_linear,R3_4,32,24,0.75,1,20,0.05,0x9e33a392,0x4f13e3b2,14,3,3,2,4,20000000,False,False,1000000,1500,16777216,"0x49000001,0x2,0xe3000004,0xb8000008,0xc1000010,0x8d000020,0xd8000040,0xbf000080,0x3a000100,0xf1000200,0xe5000400,0xd5000800,0x44001000,0xfe002000,0xb3004000,0xc3008000,0xcc010000,0xc4020000,0xce040000,0x9b080000,0x57100000,0x49200000,0x91400000,0xb0800000","0x178ceb5,0x21ce184,0x4173ca0,0x82d21e9,0x10d86bc8,0x2080678c,0x4037be55,0x80cfeefc",dense systematic parity map; seed=15586299980911434873
932,stress,n32_k24_random_systematic_linear_R3_4,16,12216614068871579570,0,13148762976802034727,random_systematic_linear,R3_4,32,24,0.75,1,20,0.05,0xdff5ca66,0x6ff55ee6,26,4,4,2,5,20000000,False,False,1000000,1500,16777216,"0x3000001,0x9e000002,0x1c000004,0xf1000008,0xfe000010,0xb000020,0xf5000040,0xa3000080,0xa8000100,0x84000200,0x9d000400,0x14000800,0xdd001000,0x12002000,0x2c004000,0x77008000,0x35010000,0x17020000,0x37040000,0x9f080000,0x73100000,0x17200000,0x81400000,0x8f800000","0x1ff94e9,0x2bea0b3,0x4afde56,0x8885536,0x103fbc5e,0x2015c1d8,0x40109058,0x80c817da",dense systematic parity map; seed=13148762976802034727
933,stress,n32_k24_random_systematic_linear_R3_4,17,16037665393106553670,1,1121212559055557001,random_systematic_linear,R3_4,32,24,0.75,1,20,0.05,0x6fb78c64,0x17dec660,7,4,4,2,5,20000000,False,False,1000000,1500,16777216,"0xbd000001,0x94000002,0x1e000004,0x4b000008,0xc7000010,0x3a000020,0xc1000040,0xe5000080,0x55000100,0xe0000200,0x6d000400,0x5c000800,0xce001000,0xfc002000,0xde004000,0xeb008000,0xed010000,0xe8020000,0x2a040000,0x4d080000,0x6b100000,0x98200000,0x7400000,0x8c800000","0x15985d9,0x254d03c,0x4c97d97,0x8bffc2d,0x10206927,0x2017a6a1,0x401bffd8,0x80a3f2d3",dense systematic parity map; seed=1121212559055557001
934,stress,n32_k24_random_systematic_linear_R3_4,18,13833922614860085075,2,5176584072621387539,random_systematic_linear,R3_4,32,24,0.75,1,20,0.05,0xdd5462ca,0x6caa42d8,17,4,4,2,5,20000000,False,False,1000000,1500,16777216,"0x5c000001,0x33000002,0xe6000004,0xe3000008,0xc2000010,0x39000020,0xc6000040,0xbe000080,0xd000100,0x8b000200,0x15000400,0xe000800,0x55001000,0xce002000,0x97004000,0xc4008000,0xe2010000,0xb8020000,0x36040000,0xa6080000,0xf8100000,0xb2200000,0x69400000,0xc5800000","0x1c0572a,0x22d6ade,0x48cfdc5,0x8522ba1,0x103654a3,0x207f00ae,0x40d1b05d,0x80bbe2dc",dense systematic parity map; seed=5176584072621387539
935,stress,n32_k24_random_systematic_linear_R3_4,19,7302745939453461241,3,15586299980911434873,random_systematic_linear,R3_4,32,24,0.75,1,20,0.05,0xf6b5a913,0x73d3c913,13,4,4,2,5,20000000,False,False,1000000,1500,16777216,"0x49000001,0x2,0xe3000004,0xb8000008,0xc1000010,0x8d000020,0xd8000040,0xbf000080,0x3a000100,0xf1000200,0xe5000400,0xd5000800,0x44001000,0xfe002000,0xb3004000,0xc3008000,0xcc010000,0xc4020000,0xce040000,0x9b080000,0x57100000,0x49200000,0x91400000,0xb0800000","0x178ceb5,0x21ce184,0x4173ca0,0x82d21e9,0x10d86bc8,0x2080678c,0x4037be55,0x80cfeefc",dense systematic parity map; seed=15586299980911434873
936,stress,n32_k21_crc_defined_linear_R2_3,0,8043155900054625538,0,0,crc_defined_linear,R2_3,32,21,0.65625,1,20,0.05,0xc3788954,0x61b88954,20,0,0,2,1,20000000,True,True,1000000,1500,2097152,"0xa00001,0x1400002,0x2800004,0x5000008,0xa000010,0x14000020,0x28000040,0x50000080,0xa0000100,0x40a00200,0x81400400,0x2200800,0x4401000,0x8802000,0x11004000,0x22008000,0x44010000,0x88020000,0x10a40000,0x21480000,0x42900000","0x240a01,0x481402,0x942205,0x108440a,0x2108814,0x4011028,0x8022050,0x100440a0,0x20088140,0x40110280,0x80020500",systematic cyclic code from degree-11 polynomial 0x805
937,stress,n32_k21_crc_defined_linear_R2_3,1,12001767219813556052,0,0,crc_defined_linear,R2_3,32,21,0.65625,1,20,0.05,0xbf2db9a5,0x5f96b9a5,15,0,0,2,1,20000000,True,True,1000000,1500,2097152,"0xa00001,0x1400002,0x2800004,0x5000008,0xa000010,0x14000020,0x28000040,0x50000080,0xa0000100,0x40a00200,0x81400400,0x2200800,0x4401000,0x8802000,0x11004000,0x22008000,0x44010000,0x88020000,0x10a40000,0x21480000,0x42900000","0x240a01,0x481402,0x942205,0x108440a,0x2108814,0x4011028,0x8022050,0x100440a0,0x20088140,0x40110280,0x80020500",systematic cyclic code from degree-11 polynomial 0x805
938,stress,n32_k21_crc_defined_linear_R2_3,2,15442887708385986580,0,0,crc_defined_linear,R2_3,32,21,0.65625,1,20,0.05,0xaebd6eac,0x575eb6ac,11,0,0,2,1,20000000,True,True,1000000,1500,2097152,"0xa00001,0x1400002,0x2800004,0x5000008,0xa000010,0x14000020,0x28000040,0x50000080,0xa0000100,0x40a00200,0x81400400,0x2200800,0x4401000,0x8802000,0x11004000,0x22008000,0x44010000,0x88020000,0x10a40000,0x21480000,0x42900000","0x240a01,0x481402,0x942205,0x108440a,0x2108814,0x4011028,0x8022050,0x100440a0,0x20088140,0x40110280,0x80020500",systematic cyclic code from degree-11 polynomial 0x805
939,stress,n32_k21_crc_defined_linear_R2_3,3,17541459256892764798,0,0,crc_defined_linear,R2_3,32,21,0.65625,1,20,0.05,0x527f0e4e,0x293f0e4e,17,0,0,2,1,20000000,True,True,1000000,1500,2097152,"0xa00001,0x1400002,0x2800004,0x5000008,0xa000010,0x14000020,0x28000040,0x50000080,0xa0000100,0x40a00200,0x81400400,0x2200800,0x4401000,0x8802000,0x11004000,0x22008000,0x44010000,0x88020000,0x10a40000,0x21480000,0x42900000","0x240a01,0x481402,0x942205,0x108440a,0x2108814,0x4011028,0x8022050,0x100440a0,0x20088140,0x40110280,0x80020500",systematic cyclic code from degree-11 polynomial 0x805
940,stress,n32_k21_crc_defined_linear_R2_3,4,7362169953154830832,0,0,crc_defined_linear,R2_3,32,21,0.65625,1,20,0.05,0x458a533d,0x22cd2b3d,10,1,1,2,2,20000000,True,True,1000000,1500,2097152,"0xa00001,0x1400002,0x2800004,0x5000008,0xa000010,0x14000020,0x28000040,0x50000080,0xa0000100,0x40a00200,0x81400400,0x2200800,0x4401000,0x8802000,0x11004000,0x22008000,0x44010000,0x88020000,0x10a40000,0x21480000,0x42900000","0x240a01,0x481402,0x942205,0x108440a,0x2108814,0x4011028,0x8022050,0x100440a0,0x20088140,0x40110280,0x80020500",systematic cyclic code from degree-11 polynomial 0x805
941,stress,n32_k21_crc_defined_linear_R2_3,5,11296140281888316260,0,0,crc_defined_linear,R2_3,32,21,0.65625,1,20,0.05,0x26f6b9d5,0x13f4b9d5,24,1,1,2,2,20000000,True,True,1000000,1500,2097152,"0xa00001,0x1400002,0x2800004,0x5000008,0xa000010,0x14000020,0x28000040,0x50000080,0xa0000100,0x40a00200,0x81400400,0x2200800,0x4401000,0x8802000,0x11004000,0x22008000,0x44010000,0x88020000,0x10a40000,0x21480000,0x42900000","0x240a01,0x481402,0x942205,0x108440a,0x2108814,0x4011028,0x8022050,0x100440a0,0x20088140,0x40110280,0x80020500",systematic cyclic code from degree-11 polynomial 0x805
942,stress,n32_k21_crc_defined_linear_R2_3,6,4672651718308603433,0,0,crc_defined_linear,R2_3,32,21,0.65625,1,20,0.05,0xa6934068,0x57934068,27,1,1,2,2,20000000,True,True,1000000,1500,2097152,"0xa00001,0x1400002,0x2800004,0x5000008,0xa000010,0x14000020,0x28000040,0x50000080,0xa0000100,0x40a00200,0x81400400,0x2200800,0x4401000,0x8802000,0x11004000,0x22008000,0x44010000,0x88020000,0x10a40000,0x21480000,0x42900000","0x240a01,0x481402,0x942205,0x108440a,0x2108814,0x4011028,0x8022050,0x100440a0,0x20088140,0x40110280,0x80020500",systematic cyclic code from degree-11 polynomial 0x805
943,stress,n32_k21_crc_defined_linear_R2_3,7,14285635619598491347,0,0,crc_defined_linear,R2_3,32,21,0.65625,1,20,0.05,0xff2b9075,0x7f2b9275,24,1,1,2,2,20000000,True,True,1000000,1500,2097152,"0xa00001,0x1400002,0x2800004,0x5000008,0xa000010,0x14000020,0x28000040,0x50000080,0xa0000100,0x40a00200,0x81400400,0x2200800,0x4401000,0x8802000,0x11004000,0x22008000,0x44010000,0x88020000,0x10a40000,0x21480000,0x42900000","0x240a01,0x481402,0x942205,0x108440a,0x2108814,0x4011028,0x8022050,0x100440a0,0x20088140,0x40110280,0x80020500",systematic cyclic code from degree-11 polynomial 0x805
944,stress,n32_k21_crc_defined_linear_R2_3,8,10622989991305892279,0,0,crc_defined_linear,R2_3,32,21,0.65625,1,20,0.05,0x9990be70,0x4cb0fe70,24,2,2,2,3,20000000,False,False,1000000,1500,2097152,"0xa00001,0x1400002,0x2800004,0x5000008,0xa000010,0x14000020,0x28000040,0x50000080,0xa0000100,0x40a00200,0x81400400,0x2200800,0x4401000,0x8802000,0x11004000,0x22008000,0x44010000,0x88020000,0x10a40000,0x21480000,0x42900000","0x240a01,0x481402,0x942205,0x108440a,0x2108814,0x4011028,0x8022050,0x100440a0,0x20088140,0x40110280,0x80020500",systematic cyclic code from degree-11 polynomial 0x805
945,stress,n32_k21_crc_defined_linear_R2_3,9,6368272490768549237,0,0,crc_defined_linear,R2_3,32,21,0.65625,1,20,0.05,0x5ece4324,0x2ede43a4,26,2,2,2,3,20000000,False,False,1000000,1500,2097152,"0xa00001,0x1400002,0x2800004,0x5000008,0xa000010,0x14000020,0x28000040,0x50000080,0xa0000100,0x40a00200,0x81400400,0x2200800,0x4401000,0x8802000,0x11004000,0x22008000,0x44010000,0x88020000,0x10a40000,0x21480000,0x42900000","0x240a01,0x481402,0x942205,0x108440a,0x2108814,0x4011028,0x8022050,0x100440a0,0x20088140,0x40110280,0x80020500",systematic cyclic code from degree-11 polynomial 0x805
946,stress,n32_k21_crc_defined_linear_R2_3,10,11002464012121698373,0,0,crc_defined_linear,R2_3,32,21,0.65625,1,20,0.05,0xb93eed91,0x6c9eed91,17,2,2,2,3,20000000,False,False,1000000,1500,2097152,"0xa00001,0x1400002,0x2800004,0x5000008,0xa000010,0x14000020,0x28000040,0x50000080,0xa0000100,0x40a00200,0x81400400,0x2200800,0x4401000,0x8802000,0x11004000,0x22008000,0x44010000,0x88020000,0x10a40000,0x21480000,0x42900000","0x240a01,0x481402,0x942205,0x108440a,0x2108814,0x4011028,0x8022050,0x100440a0,0x20088140,0x40110280,0x80020500",systematic cyclic code from degree-11 polynomial 0x805
947,stress,n32_k21_crc_defined_linear_R2_3,11,7398181119776302704,0,0,crc_defined_linear,R2_3,32,21,0.65625,1,20,0.05,0x8bc8bc0d,0x4bc8bcad,28,2,2,2,3,20000000,False,False,1000000,1500,2097152,"0xa00001,0x1400002,0x2800004,0x5000008,0xa000010,0x14000020,0x28000040,0x50000080,0xa0000100,0x40a00200,0x81400400,0x2200800,0x4401000,0x8802000,0x11004000,0x22008000,0x44010000,0x88020000,0x10a40000,0x21480000,0x42900000","0x240a01,0x481402,0x942205,0x108440a,0x2108814,0x4011028,0x8022050,0x100440a0,0x20088140,0x40110280,0x80020500",systematic cyclic code from degree-11 polynomial 0x805
948,stress,n32_k21_crc_defined_linear_R2_3,12,7524529670144066529,0,0,crc_defined_linear,R2_3,32,21,0.65625,1,20,0.05,0xa56a32aa,0x52b272a2,18,3,3,2,4,20000000,False,False,1000000,1500,2097152,"0xa00001,0x1400002,0x2800004,0x5000008,0xa000010,0x14000020,0x28000040,0x50000080,0xa0000100,0x40a00200,0x81400400,0x2200800,0x4401000,0x8802000,0x11004000,0x22008000,0x44010000,0x88020000,0x10a40000,0x21480000,0x42900000","0x240a01,0x481402,0x942205,0x108440a,0x2108814,0x4011028,0x8022050,0x100440a0,0x20088140,0x40110280,0x80020500",systematic cyclic code from degree-11 polynomial 0x805
949,stress,n32_k21_crc_defined_linear_R2_3,13,5412619565807519082,0,0,crc_defined_linear,R2_3,32,21,0.65625,1,20,0.05,0xc511fe2,0x7551ff2,25,3,3,2,4,20000000,False,False,1000000,1500,2097152,"0xa00001,0x1400002,0x2800004,0x5000008,0xa000010,0x14000020,0x28000040,0x50000080,0xa0000100,0x40a00200,0x81400400,0x2200800,0x4401000,0x8802000,0x11004000,0x22008000,0x44010000,0x88020000,0x10a40000,0x21480000,0x42900000","0x240a01,0x481402,0x942205,0x108440a,0x2108814,0x4011028,0x8022050,0x100440a0,0x20088140,0x40110280,0x80020500",systematic cyclic code from degree-11 polynomial 0x805
950,stress,n32_k21_crc_defined_linear_R2_3,14,16419434070272660531,0,0,crc_defined_linear,R2_3,32,21,0.65625,1,20,0.05,0x956129c6,0x4ad015c6,9,3,3,2,4,20000000,False,False,1000000,1500,2097152,"0xa00001,0x1400002,0x2800004,0x5000008,0xa000010,0x14000020,0x28000040,0x50000080,0xa0000100,0x40a00200,0x81400400,0x2200800,0x4401000,0x8802000,0x11004000,0x22008000,0x44010000,0x88020000,0x10a40000,0x21480000,0x42900000","0x240a01,0x481402,0x942205,0x108440a,0x2108814,0x4011028,0x8022050,0x100440a0,0x20088140,0x40110280,0x80020500",systematic cyclic code from degree-11 polynomial 0x805
951,stress,n32_k21_crc_defined_linear_R2_3,15,15234683929231063367,0,0,crc_defined_linear,R2_3,32,21,0.65625,1,20,0.05,0x39e09a9d,0x1cf0badc,18,3,3,2,4,20000000,False,False,1000000,1500,2097152,"0xa00001,0x1400002,0x2800004,0x5000008,0xa000010,0x14000020,0x28000040,0x50000080,0xa0000100,0x40a00200,0x81400400,0x2200800,0x4401000,0x8802000,0x11004000,0x22008000,0x44010000,0x88020000,0x10a40000,0x21480000,0x42900000","0x240a01,0x481402,0x942205,0x108440a,0x2108814,0x4011028,0x8022050,0x100440a0,0x20088140,0x40110280,0x80020500",systematic cyclic code from degree-11 polynomial 0x805
952,stress,n32_k21_crc_defined_linear_R2_3,16,212569066910698196,0,0,crc_defined_linear,R2_3,32,21,0.65625,1,20,0.05,0x9d4b55a0,0x4e95aaa6,7,4,4,2,5,20000000,False,False,1000000,1500,2097152,"0xa00001,0x1400002,0x2800004,0x5000008,0xa000010,0x14000020,0x28000040,0x50000080,0xa0000100,0x40a00200,0x81400400,0x2200800,0x4401000,0x8802000,0x11004000,0x22008000,0x44010000,0x88020000,0x10a40000,0x21480000,0x42900000","0x240a01,0x481402,0x942205,0x108440a,0x2108814,0x4011028,0x8022050,0x100440a0,0x20088140,0x40110280,0x80020500",systematic cyclic code from degree-11 polynomial 0x805
953,stress,n32_k21_crc_defined_linear_R2_3,17,11769666247308108425,0,0,crc_defined_linear,R2_3,32,21,0.65625,1,20,0.05,0xc03cf6b7,0x600a78b6,9,4,4,2,5,20000000,False,False,1000000,1500,2097152,"0xa00001,0x1400002,0x2800004,0x5000008,0xa000010,0x14000020,0x28000040,0x50000080,0xa0000100,0x40a00200,0x81400400,0x2200800,0x4401000,0x8802000,0x11004000,0x22008000,0x44010000,0x88020000,0x10a40000,0x21480000,0x42900000","0x240a01,0x481402,0x942205,0x108440a,0x2108814,0x4011028,0x8022050,0x100440a0,0x20088140,0x40110280,0x80020500",systematic cyclic code from degree-11 polynomial 0x805
954,stress,n32_k21_crc_defined_linear_R2_3,18,3690268698577925512,0,0,crc_defined_linear,R2_3,32,21,0.65625,1,20,0.05,0xded05bec,0x6f105ba9,23,4,4,2,5,20000000,False,False,1000000,1500,2097152,"0xa00001,0x1400002,0x2800004,0x5000008,0xa000010,0x14000020,0x28000040,0x50000080,0xa0000100,0x40a00200,0x81400400,0x2200800,0x4401000,0x8802000,0x11004000,0x22008000,0x44010000,0x88020000,0x10a40000,0x21480000,0x42900000","0x240a01,0x481402,0x942205,0x108440a,0x2108814,0x4011028,0x8022050,0x100440a0,0x20088140,0x40110280,0x80020500",systematic cyclic code from degree-11 polynomial 0x805
955,stress,n32_k21_crc_defined_linear_R2_3,19,17843941271115891524,0,0,crc_defined_linear,R2_3,32,21,0.65625,1,20,0.05,0xc48a7582,0x66613dc2,11,4,4,2,5,20000000,False,False,1000000,1500,2097152,"0xa00001,0x1400002,0x2800004,0x5000008,0xa000010,0x14000020,0x28000040,0x50000080,0xa0000100,0x40a00200,0x81400400,0x2200800,0x4401000,0x8802000,0x11004000,0x22008000,0x44010000,0x88020000,0x10a40000,0x21480000,0x42900000","0x240a01,0x481402,0x942205,0x108440a,0x2108814,0x4011028,0x8022050,0x100440a0,0x20088140,0x40110280,0x80020500",systematic cyclic code from degree-11 polynomial 0x805
956,stress,n32_k24_crc_defined_linear_R3_4,0,1499819422527220431,0,0,crc_defined_linear,R3_4,32,24,0.75,1,20,0.05,0x1748636f,0xba431bf,4,0,0,2,1,20000000,False,True,1000000,1500,16777216,"0x7000001,0xe000002,0x1c000004,0x38000008,0x70000010,0xe0000020,0xc7000040,0x89000080,0x15000100,0x2a000200,0x54000400,0xa8000800,0x57001000,0xae002000,0x5b004000,0xb6008000,0x6b010000,0xd6020000,0xab040000,0x51080000,0xa2100000,0x43200000,0x86400000,0xb800000","0x1ad51c1,0x2f7f243,0x442b547,0x8856a8e,0x100ad51c,0x2015aa38,0x402b5470,0x8056a8e0",systematic cyclic code from degree-8 polynomial 0x107
957,stress,n32_k24_crc_defined_linear_R3_4,1,10815340348624511533,0,0,crc_defined_linear,R3_4,32,24,0.75,1,20,0.05,0x5477e669,0x2a3bf669,12,0,0,2,1,20000000,False,True,1000000,1500,16777216,"0x7000001,0xe000002,0x1c000004,0x38000008,0x70000010,0xe0000020,0xc7000040,0x89000080,0x15000100,0x2a000200,0x54000400,0xa8000800,0x57001000,0xae002000,0x5b004000,0xb6008000,0x6b010000,0xd6020000,0xab040000,0x51080000,0xa2100000,0x43200000,0x86400000,0xb800000","0x1ad51c1,0x2f7f243,0x442b547,0x8856a8e,0x100ad51c,0x2015aa38,0x402b5470,0x8056a8e0",systematic cyclic code from degree-8 polynomial 0x107
958,stress,n32_k24_crc_defined_linear_R3_4,2,2113982337700500754,0,0,crc_defined_linear,R3_4,32,24,0.75,1,20,0.05,0x658f32fc,0x328f32fc,23,0,0,2,1,20000000,False,True,1000000,1500,16777216,"0x7000001,0xe000002,0x1c000004,0x38000008,0x70000010,0xe0000020,0xc7000040,0x89000080,0x15000100,0x2a000200,0x54000400,0xa8000800,0x57001000,0xae002000,0x5b004000,0xb6008000,0x6b010000,0xd6020000,0xab040000,0x51080000,0xa2100000,0x43200000,0x86400000,0xb800000","0x1ad51c1,0x2f7f243,0x442b547,0x8856a8e,0x100ad51c,0x2015aa38,0x402b5470,0x8056a8e0",systematic cyclic code from degree-8 polynomial 0x107
959,stress,n32_k24_crc_defined_linear_R3_4,3,1993689572452973459,0,0,crc_defined_linear,R3_4,32,24,0.75,1,20,0.05,0x280605de,0x140605de,22,0,0,2,1,20000000,False,True,1000000,1500,16777216,"0x7000001,0xe000002,0x1c000004,0x38000008,0x70000010,0xe0000020,0xc7000040,0x89000080,0x15000100,0x2a000200,0x54000400,0xa8000800,0x57001000,0xae002000,0x5b004000,0xb6008000,0x6b010000,0xd6020000,0xab040000,0x51080000,0xa2100000,0x43200000,0x86400000,0xb800000","0x1ad51c1,0x2f7f243,0x442b547,0x8856a8e,0x100ad51c,0x2015aa38,0x402b5470,0x8056a8e0",systematic cyclic code from degree-8 polynomial 0x107
960,stress,n32_k24_crc_defined_linear_R3_4,4,15837215963198446247,0,0,crc_defined_linear,R3_4,32,24,0.75,1,20,0.05,0xf9ed7b5c,0x7cf7bdae,1,1,1,2,2,20000000,False,True,1000000,1500,16777216,"0x7000001,0xe000002,0x1c000004,0x38000008,0x70000010,0xe0000020,0xc7000040,0x89000080,0x15000100,0x2a000200,0x54000400,0xa8000800,0x57001000,0xae002000,0x5b004000,0xb6008000,0x6b010000,0xd6020000,0xab040000,0x51080000,0xa2100000,0x43200000,0x86400000,0xb800000","0x1ad51c1,0x2f7f243,0x442b547,0x8856a8e,0x100ad51c,0x2015aa38,0x402b5470,0x8056a8e0",systematic cyclic code from degree-8 polynomial 0x107
961,stress,n32_k24_crc_defined_linear_R3_4,5,8261306653007476252,0,0,crc_defined_linear,R3_4,32,24,0.75,1,20,0.05,0xfa8ef97d,0x7d47795d,12,1,1,2,2,20000000,False,True,1000000,1500,16777216,"0x7000001,0xe000002,0x1c000004,0x38000008,0x70000010,0xe0000020,0xc7000040,0x89000080,0x15000100,0x2a000200,0x54000400,0xa8000800,0x57001000,0xae002000,0x5b004000,0xb6008000,0x6b010000,0xd6020000,0xab040000,0x51080000,0xa2100000,0x43200000,0x86400000,0xb800000","0x1ad51c1,0x2f7f243,0x442b547,0x8856a8e,0x100ad51c,0x2015aa38,0x402b5470,0x8056a8e0",systematic cyclic code from degree-8 polynomial 0x107
962,stress,n32_k24_crc_defined_linear_R3_4,6,2093305311720329597,0,0,crc_defined_linear,R3_4,32,24,0.75,1,20,0.05,0x817c42cd,0x17c42dd,31,1,1,2,2,20000000,False,True,1000000,1500,16777216,"0x7000001,0xe000002,0x1c000004,0x38000008,0x70000010,0xe0000020,0xc7000040,0x89000080,0x15000100,0x2a000200,0x54000400,0xa8000800,0x57001000,0xae002000,0x5b004000,0xb6008000,0x6b010000,0xd6020000,0xab040000,0x51080000,0xa2100000,0x43200000,0x86400000,0xb800000","0x1ad51c1,0x2f7f243,0x442b547,0x8856a8e,0x100ad51c,0x2015aa38,0x402b5470,0x8056a8e0",systematic cyclic code from degree-8 polynomial 0x107
963,stress,n32_k24_crc_defined_linear_R3_4,7,8988294485786744744,0,0,crc_defined_linear,R3_4,32,24,0.75,1,20,0.05,0xc244a092,0x61a25052,5,1,1,2,2,20000000,False,True,1000000,1500,16777216,"0x7000001,0xe000002,0x1c000004,0x38000008,0x70000010,0xe0000020,0xc7000040,0x89000080,0x15000100,0x2a000200,0x54000400,0xa8000800,0x57001000,0xae002000,0x5b004000,0xb6008000,0x6b010000,0xd6020000,0xab040000,0x51080000,0xa2100000,0x43200000,0x86400000,0xb800000","0x1ad51c1,0x2f7f243,0x442b547,0x8856a8e,0x100ad51c,0x2015aa38,0x402b5470,0x8056a8e0",systematic cyclic code from degree-8 polynomial 0x107
964,stress,n32_k24_crc_defined_linear_R3_4,8,7237999039548805623,0,0,crc_defined_linear,R3_4,32,24,0.75,1,20,0.05,0x80bddb2a,0x40bd7b2a,24,2,2,2,3,20000000,False,False,1000000,1500,16777216,"0x7000001,0xe000002,0x1c000004,0x38000008,0x70000010,0xe0000020,0xc7000040,0x89000080,0x15000100,0x2a000200,0x54000400,0xa8000800,0x57001000,0xae002000,0x5b004000,0xb6008000,0x6b010000,0xd6020000,0xab040000,0x51080000,0xa2100000,0x43200000,0x86400000,0xb800000","0x1ad51c1,0x2f7f243,0x442b547,0x8856a8e,0x100ad51c,0x2015aa38,0x402b5470,0x8056a8e0",systematic cyclic code from degree-8 polynomial 0x107
965,stress,n32_k24_crc_defined_linear_R3_4,9,15753670911129128197,0,0,crc_defined_linear,R3_4,32,24,0.75,1,20,0.05,0xbe799e9f,0x5e789e8f,27,2,2,2,3,20000000,False,False,1000000,1500,16777216,"0x7000001,0xe000002,0x1c000004,0x38000008,0x70000010,0xe0000020,0xc7000040,0x89000080,0x15000100,0x2a000200,0x54000400,0xa8000800,0x57001000,0xae002000,0x5b004000,0xb6008000,0x6b010000,0xd6020000,0xab040000,0x51080000,0xa2100000,0x43200000,0x86400000,0xb800000","0x1ad51c1,0x2f7f243,0x442b547,0x8856a8e,0x100ad51c,0x2015aa38,0x402b5470,0x8056a8e0",systematic cyclic code from degree-8 polynomial 0x107
966,stress,n32_k24_crc_defined_linear_R3_4,10,17180138048260004921,0,0,crc_defined_linear,R3_4,32,24,0.75,1,20,0.05,0x3266e34b,0x19337348,10,2,2,2,3,20000000,False,False,1000000,1500,16777216,"0x7000001,0xe000002,0x1c000004,0x38000008,0x70000010,0xe0000020,0xc7000040,0x89000080,0x15000100,0x2a000200,0x54000400,0xa8000800,0x57001000,0xae002000,0x5b004000,0xb6008000,0x6b010000,0xd6020000,0xab040000,0x51080000,0xa2100000,0x43200000,0x86400000,0xb800000","0x1ad51c1,0x2f7f243,0x442b547,0x8856a8e,0x100ad51c,0x2015aa38,0x402b5470,0x8056a8e0",systematic cyclic code from degree-8 polynomial 0x107
967,stress,n32_k24_crc_defined_linear_R3_4,11,4037567232050936391,0,0,crc_defined_linear,R3_4,32,24,0.75,1,20,0.05,0x6e09d630,0x3701d638,18,2,2,2,3,20000000,False,False,1000000,1500,16777216,"0x7000001,0xe000002,0x1c000004,0x38000008,0x70000010,0xe0000020,0xc7000040,0x89000080,0x15000100,0x2a000200,0x54000400,0xa8000800,0x57001000,0xae002000,0x5b004000,0xb6008000,0x6b010000,0xd6020000,0xab040000,0x51080000,0xa2100000,0x43200000,0x86400000,0xb800000","0x1ad51c1,0x2f7f243,0x442b547,0x8856a8e,0x100ad51c,0x2015aa38,0x402b5470,0x8056a8e0",systematic cyclic code from degree-8 polynomial 0x107
968,stress,n32_k24_crc_defined_linear_R3_4,12,13225149216257263299,0,0,crc_defined_linear,R3_4,32,24,0.75,1,20,0.05,0xb3436e54,0x79a76654,20,3,3,2,4,20000000,False,False,1000000,1500,16777216,"0x7000001,0xe000002,0x1c000004,0x38000008,0x70000010,0xe0000020,0xc7000040,0x89000080,0x15000100,0x2a000200,0x54000400,0xa8000800,0x57001000,0xae002000,0x5b004000,0xb6008000,0x6b010000,0xd6020000,0xab040000,0x51080000,0xa2100000,0x43200000,0x86400000,0xb800000","0x1ad51c1,0x2f7f243,0x442b547,0x8856a8e,0x100ad51c,0x2015aa38,0x402b5470,0x8056a8e0",systematic cyclic code from degree-8 polynomial 0x107
969,stress,n32_k24_crc_defined_linear_R3_4,13,7048148146122851040,0,0,crc_defined_linear,R3_4,32,24,0.75,1,20,0.05,0x29cc120d,0x14f60907,6,3,3,2,4,20000000,False,False,1000000,1500,16777216,"0x7000001,0xe000002,0x1c000004,0x38000008,0x70000010,0xe0000020,0xc7000040,0x89000080,0x15000100,0x2a000200,0x54000400,0xa8000800,0x57001000,0xae002000,0x5b004000,0xb6008000,0x6b010000,0xd6020000,0xab040000,0x51080000,0xa2100000,0x43200000,0x86400000,0xb800000","0x1ad51c1,0x2f7f243,0x442b547,0x8856a8e,0x100ad51c,0x2015aa38,0x402b5470,0x8056a8e0",systematic cyclic code from degree-8 polynomial 0x107
970,stress,n32_k24_crc_defined_linear_R3_4,14,5808550798311725106,0,0,crc_defined_linear,R3_4,32,24,0.75,1,20,0.05,0xd7c96fa9,0x6ae16eab,19,3,3,2,4,20000000,False,False,1000000,1500,16777216,"0x7000001,0xe000002,0x1c000004,0x38000008,0x70000010,0xe0000020,0xc7000040,0x89000080,0x15000100,0x2a000200,0x54000400,0xa8000800,0x57001000,0xae002000,0x5b004000,0xb6008000,0x6b010000,0xd6020000,0xab040000,0x51080000,0xa2100000,0x43200000,0x86400000,0xb800000","0x1ad51c1,0x2f7f243,0x442b547,0x8856a8e,0x100ad51c,0x2015aa38,0x402b5470,0x8056a8e0",systematic cyclic code from degree-8 polynomial 0x107
971,stress,n32_k24_crc_defined_linear_R3_4,15,5624012894339011312,0,0,crc_defined_linear,R3_4,32,24,0.75,1,20,0.05,0x3706cbd2,0x1d06cfd2,29,3,3,2,4,20000000,False,False,1000000,1500,16777216,"0x7000001,0xe000002,0x1c000004,0x38000008,0x70000010,0xe0000020,0xc7000040,0x89000080,0x15000100,0x2a000200,0x54000400,0xa8000800,0x57001000,0xae002000,0x5b004000,0xb6008000,0x6b010000,0xd6020000,0xab040000,0x51080000,0xa2100000,0x43200000,0x86400000,0xb800000","0x1ad51c1,0x2f7f243,0x442b547,0x8856a8e,0x100ad51c,0x2015aa38,0x402b5470,0x8056a8e0",systematic cyclic code from degree-8 polynomial 0x107
972,stress,n32_k24_crc_defined_linear_R3_4,16,14883394613257824513,0,0,crc_defined_linear,R3_4,32,24,0.75,1,20,0.05,0x89150cb2,0x488e865c,1,4,4,2,5,20000000,False,False,1000000,1500,16777216,"0x7000001,0xe000002,0x1c000004,0x38000008,0x70000010,0xe0000020,0xc7000040,0x89000080,0x15000100,0x2a000200,0x54000400,0xa8000800,0x57001000,0xae002000,0x5b004000,0xb6008000,0x6b010000,0xd6020000,0xab040000,0x51080000,0xa2100000,0x43200000,0x86400000,0xb800000","0x1ad51c1,0x2f7f243,0x442b547,0x8856a8e,0x100ad51c,0x2015aa38,0x402b5470,0x8056a8e0",systematic cyclic code from degree-8 polynomial 0x107
973,stress,n32_k24_crc_defined_linear_R3_4,17,3182951924597407888,0,0,crc_defined_linear,R3_4,32,24,0.75,1,20,0.05,0x271a5519,0x13085589,24,4,4,2,5,20000000,False,False,1000000,1500,16777216,"0x7000001,0xe000002,0x1c000004,0x38000008,0x70000010,0xe0000020,0xc7000040,0x89000080,0x15000100,0x2a000200,0x54000400,0xa8000800,0x57001000,0xae002000,0x5b004000,0xb6008000,0x6b010000,0xd6020000,0xab040000,0x51080000,0xa2100000,0x43200000,0x86400000,0xb800000","0x1ad51c1,0x2f7f243,0x442b547,0x8856a8e,0x100ad51c,0x2015aa38,0x402b5470,0x8056a8e0",systematic cyclic code from degree-8 polynomial 0x107
974,stress,n32_k24_crc_defined_linear_R3_4,18,2040541366072041631,0,0,crc_defined_linear,R3_4,32,24,0.75,1,20,0.05,0xfbf030a1,0x7dfa58a4,8,4,4,2,5,20000000,False,False,1000000,1500,16777216,"0x7000001,0xe000002,0x1c000004,0x38000008,0x70000010,0xe0000020,0xc7000040,0x89000080,0x15000100,0x2a000200,0x54000400,0xa8000800,0x57001000,0xae002000,0x5b004000,0xb6008000,0x6b010000,0xd6020000,0xab040000,0x51080000,0xa2100000,0x43200000,0x86400000,0xb800000","0x1ad51c1,0x2f7f243,0x442b547,0x8856a8e,0x100ad51c,0x2015aa38,0x402b5470,0x8056a8e0",systematic cyclic code from degree-8 polynomial 0x107
975,stress,n32_k24_crc_defined_linear_R3_4,19,13291754188333155186,0,0,crc_defined_linear,R3_4,32,24,0.75,1,20,0.05,0x792b012d,0x3fb3012d,26,4,4,2,5,20000000,False,False,1000000,1500,16777216,"0x7000001,0xe000002,0x1c000004,0x38000008,0x70000010,0xe0000020,0xc7000040,0x89000080,0x15000100,0x2a000200,0x54000400,0xa8000800,0x57001000,0xae002000,0x5b004000,0xb6008000,0x6b010000,0xd6020000,0xab040000,0x51080000,0xa2100000,0x43200000,0x86400000,0xb800000","0x1ad51c1,0x2f7f243,0x442b547,0x8856a8e,0x100ad51c,0x2015aa38,0x402b5470,0x8056a8e0",systematic cyclic code from degree-8 polynomial 0x107
976,stress,n32_k26_extended_hamming_HAMMING,0,12595145376246771999,0,0,extended_hamming,HAMMING,32,26,0.8125,1,20,0.05,0xe84ec563,0x744ec563,23,0,0,2,1,20000000,False,True,1000000,1500,67108864,"0xf,0x33,0x55,0x96,0x303,0x505,0x906,0x1111,0x2112,0x4114,0x8117,0x30003,0x50005,0x90006,0x110011,0x210012,0x410014,0x810017,0x1010101,0x2010102,0x4010104,0x8010107,0x10010110,0x20010113,0x40010115,0x80010116","0xaaaaaaaa,0xcccccccc,0xf0f0f0f0,0xff00ff00,0xffff0000,0xffffffff","standard extended Hamming [32,26,4] with systematic data-position basis"
977,stress,n32_k26_extended_hamming_HAMMING,1,13884867212903764947,0,0,extended_hamming,HAMMING,32,26,0.8125,1,20,0.05,0x5770a816,0x2bb82816,15,0,0,2,1,20000000,False,True,1000000,1500,67108864,"0xf,0x33,0x55,0x96,0x303,0x505,0x906,0x1111,0x2112,0x4114,0x8117,0x30003,0x50005,0x90006,0x110011,0x210012,0x410014,0x810017,0x1010101,0x2010102,0x4010104,0x8010107,0x10010110,0x20010113,0x40010115,0x80010116","0xaaaaaaaa,0xcccccccc,0xf0f0f0f0,0xff00ff00,0xffff0000,0xffffffff","standard extended Hamming [32,26,4] with systematic data-position basis"
978,stress,n32_k26_extended_hamming_HAMMING,2,892901322199843947,0,0,extended_hamming,HAMMING,32,26,0.8125,1,20,0.05,0xfd943efd,0x7eca1efd,13,0,0,2,1,20000000,False,True,1000000,1500,67108864,"0xf,0x33,0x55,0x96,0x303,0x505,0x906,0x1111,0x2112,0x4114,0x8117,0x30003,0x50005,0x90006,0x110011,0x210012,0x410014,0x810017,0x1010101,0x2010102,0x4010104,0x8010107,0x10010110,0x20010113,0x40010115,0x80010116","0xaaaaaaaa,0xcccccccc,0xf0f0f0f0,0xff00ff00,0xffff0000,0xffffffff","standard extended Hamming [32,26,4] with systematic data-position basis"
979,stress,n32_k26_extended_hamming_HAMMING,3,10483132768353628373,0,0,extended_hamming,HAMMING,32,26,0.8125,1,20,0.05,0x24b1ee48,0x14b1ee48,27,0,0,2,1,20000000,False,True,1000000,1500,67108864,"0xf,0x33,0x55,0x96,0x303,0x505,0x906,0x1111,0x2112,0x4114,0x8117,0x30003,0x50005,0x90006,0x110011,0x210012,0x410014,0x810017,0x1010101,0x2010102,0x4010104,0x8010107,0x10010110,0x20010113,0x40010115,0x80010116","0xaaaaaaaa,0xcccccccc,0xf0f0f0f0,0xff00ff00,0xffff0000,0xffffffff","standard extended Hamming [32,26,4] with systematic data-position basis"
980,stress,n32_k26_extended_hamming_HAMMING,4,12232076672529934688,0,0,extended_hamming,HAMMING,32,26,0.8125,1,20,0.05,0x38b031d,0x1c5c31d,12,1,1,2,2,20000000,False,True,1000000,1500,67108864,"0xf,0x33,0x55,0x96,0x303,0x505,0x906,0x1111,0x2112,0x4114,0x8117,0x30003,0x50005,0x90006,0x110011,0x210012,0x410014,0x810017,0x1010101,0x2010102,0x4010104,0x8010107,0x10010110,0x20010113,0x40010115,0x80010116","0xaaaaaaaa,0xcccccccc,0xf0f0f0f0,0xff00ff00,0xffff0000,0xffffffff","standard extended Hamming [32,26,4] with systematic data-position basis"
981,stress,n32_k26_extended_hamming_HAMMING,5,1725711848454110186,0,0,extended_hamming,HAMMING,32,26,0.8125,1,20,0.05,0x499b2604,0x24cd9306,7,1,1,2,2,20000000,False,True,1000000,1500,67108864,"0xf,0x33,0x55,0x96,0x303,0x505,0x906,0x1111,0x2112,0x4114,0x8117,0x30003,0x50005,0x90006,0x110011,0x210012,0x410014,0x810017,0x1010101,0x2010102,0x4010104,0x8010107,0x10010110,0x20010113,0x40010115,0x80010116","0xaaaaaaaa,0xcccccccc,0xf0f0f0f0,0xff00ff00,0xffff0000,0xffffffff","standard extended Hamming [32,26,4] with systematic data-position basis"
982,stress,n32_k26_extended_hamming_HAMMING,6,258140557197605822,0,0,extended_hamming,HAMMING,32,26,0.8125,1,20,0.05,0xdde18b84,0x6ef04584,8,1,1,2,2,20000000,False,True,1000000,1500,67108864,"0xf,0x33,0x55,0x96,0x303,0x505,0x906,0x1111,0x2112,0x4114,0x8117,0x30003,0x50005,0x90006,0x110011,0x210012,0x410014,0x810017,0x1010101,0x2010102,0x4010104,0x8010107,0x10010110,0x20010113,0x40010115,0x80010116","0xaaaaaaaa,0xcccccccc,0xf0f0f0f0,0xff00ff00,0xffff0000,0xffffffff","standard extended Hamming [32,26,4] with systematic data-position basis"
983,stress,n32_k26_extended_hamming_HAMMING,7,8471777096327521531,0,0,extended_hamming,HAMMING,32,26,0.8125,1,20,0.05,0x18fcf0d7,0x18fcf0f7,30,1,1,2,2,20000000,False,True,1000000,1500,67108864,"0xf,0x33,0x55,0x96,0x303,0x505,0x906,0x1111,0x2112,0x4114,0x8117,0x30003,0x50005,0x90006,0x110011,0x210012,0x410014,0x810017,0x1010101,0x2010102,0x4010104,0x8010107,0x10010110,0x20010113,0x40010115,0x80010116","0xaaaaaaaa,0xcccccccc,0xf0f0f0f0,0xff00ff00,0xffff0000,0xffffffff","standard extended Hamming [32,26,4] with systematic data-position basis"
984,stress,n32_k26_extended_hamming_HAMMING,8,7790348736659334387,0,0,extended_hamming,HAMMING,32,26,0.8125,1,20,0.05,0xdd5c3c4d,0x6ea43c49,18,2,2,2,3,20000000,False,False,1000000,1500,67108864,"0xf,0x33,0x55,0x96,0x303,0x505,0x906,0x1111,0x2112,0x4114,0x8117,0x30003,0x50005,0x90006,0x110011,0x210012,0x410014,0x810017,0x1010101,0x2010102,0x4010104,0x8010107,0x10010110,0x20010113,0x40010115,0x80010116","0xaaaaaaaa,0xcccccccc,0xf0f0f0f0,0xff00ff00,0xffff0000,0xffffffff","standard extended Hamming [32,26,4] with systematic data-position basis"
985,stress,n32_k26_extended_hamming_HAMMING,9,18185061411506567829,0,0,extended_hamming,HAMMING,32,26,0.8125,1,20,0.05,0x319e0ef4,0x18cf05fa,1,2,2,2,3,20000000,False,False,1000000,1500,67108864,"0xf,0x33,0x55,0x96,0x303,0x505,0x906,0x1111,0x2112,0x4114,0x8117,0x30003,0x50005,0x90006,0x110011,0x210012,0x410014,0x810017,0x1010101,0x2010102,0x4010104,0x8010107,0x10010110,0x20010113,0x40010115,0x80010116","0xaaaaaaaa,0xcccccccc,0xf0f0f0f0,0xff00ff00,0xffff0000,0xffffffff","standard extended Hamming [32,26,4] with systematic data-position basis"
986,stress,n32_k26_extended_hamming_HAMMING,10,3285318969839366069,0,0,extended_hamming,HAMMING,32,26,0.8125,1,20,0.05,0x892032a8,0x449022a0,14,2,2,2,3,20000000,False,False,1000000,1500,67108864,"0xf,0x33,0x55,0x96,0x303,0x505,0x906,0x1111,0x2112,0x4114,0x8117,0x30003,0x50005,0x90006,0x110011,0x210012,0x410014,0x810017,0x1010101,0x2010102,0x4010104,0x8010107,0x10010110,0x20010113,0x40010115,0x80010116","0xaaaaaaaa,0xcccccccc,0xf0f0f0f0,0xff00ff00,0xffff0000,0xffffffff","standard extended Hamming [32,26,4] with systematic data-position basis"
987,stress,n32_k26_extended_hamming_HAMMING,11,522641055678338983,0,0,extended_hamming,HAMMING,32,26,0.8125,1,20,0.05,0xfa691e72,0x5f691e72,23,2,2,2,3,20000000,False,False,1000000,1500,67108864,"0xf,0x33,0x55,0x96,0x303,0x505,0x906,0x1111,0x2112,0x4114,0x8117,0x30003,0x50005,0x90006,0x110011,0x210012,0x410014,0x810017,0x1010101,0x2010102,0x4010104,0x8010107,0x10010110,0x20010113,0x40010115,0x80010116","0xaaaaaaaa,0xcccccccc,0xf0f0f0f0,0xff00ff00,0xffff0000,0xffffffff","standard extended Hamming [32,26,4] with systematic data-position basis"
988,stress,n32_k26_extended_hamming_HAMMING,12,17168749801758607778,0,0,extended_hamming,HAMMING,32,26,0.8125,1,20,0.05,0x55145fee,0x220e2fee,6,3,3,2,4,20000000,False,False,1000000,1500,67108864,"0xf,0x33,0x55,0x96,0x303,0x505,0x906,0x1111,0x2112,0x4114,0x8117,0x30003,0x50005,0x90006,0x110011,0x210012,0x410014,0x810017,0x1010101,0x2010102,0x4010104,0x8010107,0x10010110,0x20010113,0x40010115,0x80010116","0xaaaaaaaa,0xcccccccc,0xf0f0f0f0,0xff00ff00,0xffff0000,0xffffffff","standard extended Hamming [32,26,4] with systematic data-position basis"
989,stress,n32_k26_extended_hamming_HAMMING,13,18410617933432107379,0,0,extended_hamming,HAMMING,32,26,0.8125,1,20,0.05,0x5b8f4ca4,0x2de7b464,6,3,3,2,4,20000000,False,False,1000000,1500,67108864,"0xf,0x33,0x55,0x96,0x303,0x505,0x906,0x1111,0x2112,0x4114,0x8117,0x30003,0x50005,0x90006,0x110011,0x210012,0x410014,0x810017,0x1010101,0x2010102,0x4010104,0x8010107,0x10010110,0x20010113,0x40010115,0x80010116","0xaaaaaaaa,0xcccccccc,0xf0f0f0f0,0xff00ff00,0xffff0000,0xffffffff","standard extended Hamming [32,26,4] with systematic data-position basis"
990,stress,n32_k26_extended_hamming_HAMMING,14,12731842024825962250,0,0,extended_hamming,HAMMING,32,26,0.8125,1,20,0.05,0xaa877153,0xe877353,31,3,3,2,4,20000000,False,False,1000000,1500,67108864,"0xf,0x33,0x55,0x96,0x303,0x505,0x906,0x1111,0x2112,0x4114,0x8117,0x30003,0x50005,0x90006,0x110011,0x210012,0x410014,0x810017,0x1010101,0x2010102,0x4010104,0x8010107,0x10010110,0x20010113,0x40010115,0x80010116","0xaaaaaaaa,0xcccccccc,0xf0f0f0f0,0xff00ff00,0xffff0000,0xffffffff","standard extended Hamming [32,26,4] with systematic data-position basis"
991,stress,n32_k26_extended_hamming_HAMMING,15,1808341154324231691,0,0,extended_hamming,HAMMING,32,26,0.8125,1,20,0.05,0x336fedeb,0x1b7f675,1,3,3,2,4,20000000,False,False,1000000,1500,67108864,"0xf,0x33,0x55,0x96,0x303,0x505,0x906,0x1111,0x2112,0x4114,0x8117,0x30003,0x50005,0x90006,0x110011,0x210012,0x410014,0x810017,0x1010101,0x2010102,0x4010104,0x8010107,0x10010110,0x20010113,0x40010115,0x80010116","0xaaaaaaaa,0xcccccccc,0xf0f0f0f0,0xff00ff00,0xffff0000,0xffffffff","standard extended Hamming [32,26,4] with systematic data-position basis"
992,stress,n32_k26_extended_hamming_HAMMING,16,12941426947169019830,0,0,extended_hamming,HAMMING,32,26,0.8125,1,20,0.05,0x612f681a,0x112f611b,27,4,4,2,5,20000000,False,False,1000000,1500,67108864,"0xf,0x33,0x55,0x96,0x303,0x505,0x906,0x1111,0x2112,0x4114,0x8117,0x30003,0x50005,0x90006,0x110011,0x210012,0x410014,0x810017,0x1010101,0x2010102,0x4010104,0x8010107,0x10010110,0x20010113,0x40010115,0x80010116","0xaaaaaaaa,0xcccccccc,0xf0f0f0f0,0xff00ff00,0xffff0000,0xffffffff","standard extended Hamming [32,26,4] with systematic data-position basis"
993,stress,n32_k26_extended_hamming_HAMMING,17,1519176081735511645,0,0,extended_hamming,HAMMING,32,26,0.8125,1,20,0.05,0x5d19b694,0x2e8cd835,9,4,4,2,5,20000000,False,False,1000000,1500,67108864,"0xf,0x33,0x55,0x96,0x303,0x505,0x906,0x1111,0x2112,0x4114,0x8117,0x30003,0x50005,0x90006,0x110011,0x210012,0x410014,0x810017,0x1010101,0x2010102,0x4010104,0x8010107,0x10010110,0x20010113,0x40010115,0x80010116","0xaaaaaaaa,0xcccccccc,0xf0f0f0f0,0xff00ff00,0xffff0000,0xffffffff","standard extended Hamming [32,26,4] with systematic data-position basis"
994,stress,n32_k26_extended_hamming_HAMMING,18,1059295345848261370,0,0,extended_hamming,HAMMING,32,26,0.8125,1,20,0.05,0xe5d9a1c7,0x63d9a946,25,4,4,2,5,20000000,False,False,1000000,1500,67108864,"0xf,0x33,0x55,0x96,0x303,0x505,0x906,0x1111,0x2112,0x4114,0x8117,0x30003,0x50005,0x90006,0x110011,0x210012,0x410014,0x810017,0x1010101,0x2010102,0x4010104,0x8010107,0x10010110,0x20010113,0x40010115,0x80010116","0xaaaaaaaa,0xcccccccc,0xf0f0f0f0,0xff00ff00,0xffff0000,0xffffffff","standard extended Hamming [32,26,4] with systematic data-position basis"
995,stress,n32_k26_extended_hamming_HAMMING,19,15696469789518501876,0,0,extended_hamming,HAMMING,32,26,0.8125,1,20,0.05,0x3c8e6a1b,0x1646211b,8,4,4,2,5,20000000,False,False,1000000,1500,67108864,"0xf,0x33,0x55,0x96,0x303,0x505,0x906,0x1111,0x2112,0x4114,0x8117,0x30003,0x50005,0x90006,0x110011,0x210012,0x410014,0x810017,0x1010101,0x2010102,0x4010104,0x8010107,0x10010110,0x20010113,0x40010115,0x80010116","0xaaaaaaaa,0xcccccccc,0xf0f0f0f0,0xff00ff00,0xffff0000,0xffffffff","standard extended Hamming [32,26,4] with systematic data-position basis"
